datetime,bon_inflow,tda_inflow,jda_inflow,mcn_inflow
2018-09-07 00:00:00,105.091,101.074,97.247,96.451
2018-09-07 01:00:00,105.091,101.074,97.247,96.451
2018-09-07 02:00:00,105.091,101.074,97.247,96.451
2018-09-07 03:00:00,105.091,101.074,97.247,96.451
2018-09-07 04:00:00,105.091,101.074,97.247,96.451
2018-09-07 05:00:00,95.162,100.632,102.715,109.771
2018-09-07 06:00:00,95.162,100.632,102.715,109.771
2018-09-07 07:00:00,95.162,100.632,102.715,109.771
2018-09-07 08:00:00,95.162,100.632,102.715,109.771
2018-09-07 09:00:00,95.162,100.632,102.715,109.771
2018-09-07 10:00:00,95.162,100.632,102.715,109.771
2018-09-07 11:00:00,112.005,106.924,104.633,100.75
2018-09-07 12:00:00,112.005,106.924,104.633,100.75
2018-09-07 13:00:00,112.005,106.924,104.633,100.75
2018-09-07 14:00:00,112.005,106.924,104.633,100.75
2018-09-07 15:00:00,112.005,106.924,104.633,100.75
2018-09-07 16:00:00,112.005,106.924,104.633,100.75
2018-09-07 17:00:00,103.349,97.662,92.455,89.716
2018-09-07 18:00:00,103.349,97.662,92.455,89.716
2018-09-07 19:00:00,103.349,97.662,92.455,89.716
2018-09-07 20:00:00,103.349,97.662,92.455,89.716
2018-09-07 21:00:00,103.349,97.662,92.455,89.716
2018-09-07 22:00:00,103.349,97.662,92.455,89.716
2018-09-07 23:00:00,94.837,90.764,87.173,91.885
2018-09-08 00:00:00,94.837,90.764,87.173,91.885
2018-09-08 01:00:00,94.837,90.764,87.173,91.885
2018-09-08 02:00:00,94.837,90.764,87.173,91.885
2018-09-08 03:00:00,94.837,90.764,87.173,91.885
2018-09-08 04:00:00,94.837,90.764,87.173,91.885
2018-09-08 05:00:00,93.935,93.037,90.981,97.601
2018-09-08 06:00:00,93.935,93.037,90.981,97.601
2018-09-08 07:00:00,93.935,93.037,90.981,97.601
2018-09-08 08:00:00,93.935,93.037,90.981,97.601
2018-09-08 09:00:00,93.935,93.037,90.981,97.601
2018-09-08 10:00:00,93.935,93.037,90.981,97.601
2018-09-08 11:00:00,95.993,92.819,88.66,92.321
2018-09-08 12:00:00,95.993,92.819,88.66,92.321
2018-09-08 13:00:00,95.993,92.819,88.66,92.321
2018-09-08 14:00:00,95.993,92.819,88.66,92.321
2018-09-08 15:00:00,95.993,92.819,88.66,92.321
2018-09-08 16:00:00,95.993,92.819,88.66,92.321
2018-09-08 17:00:00,92.246,89.3,86.068,89.515
2018-09-08 18:00:00,92.246,89.3,86.068,89.515
2018-09-08 19:00:00,92.246,89.3,86.068,89.515
2018-09-08 20:00:00,92.246,89.3,86.068,89.515
2018-09-08 21:00:00,92.246,89.3,86.068,89.515
2018-09-08 22:00:00,92.246,89.3,86.068,89.515
2018-09-08 23:00:00,90.021,87.776,84.792,89.562
2018-09-09 00:00:00,90.021,87.776,84.792,89.562
2018-09-09 01:00:00,90.021,87.776,84.792,89.562
2018-09-09 02:00:00,90.021,87.776,84.792,89.562
2018-09-09 03:00:00,90.021,87.776,84.792,89.562
2018-09-09 04:00:00,90.021,87.776,84.792,89.562
2018-09-09 05:00:00,89.354,87.62,84.875,88.912
2018-09-09 06:00:00,89.354,87.62,84.875,88.912
2018-09-09 07:00:00,89.354,87.62,84.875,88.912
2018-09-09 08:00:00,89.354,87.62,84.875,88.912
2018-09-09 09:00:00,89.354,87.62,84.875,88.912
2018-09-09 10:00:00,89.354,87.62,84.875,88.912
2018-09-09 11:00:00,83.219,81.89,78.582,81.254
2018-09-09 12:00:00,83.219,81.89,78.582,81.254
2018-09-09 13:00:00,83.219,81.89,78.582,81.254
2018-09-09 14:00:00,83.219,81.89,78.582,81.254
2018-09-09 15:00:00,83.219,81.89,78.582,81.254
2018-09-09 16:00:00,83.219,81.89,78.582,81.254
2018-09-09 17:00:00,85.55,85.0,82.778,83.474
2018-09-09 18:00:00,85.55,85.0,82.778,83.474
2018-09-09 19:00:00,85.55,85.0,82.778,83.474
2018-09-09 20:00:00,85.55,85.0,82.778,83.474
2018-09-09 21:00:00,85.55,85.0,82.778,83.474
2018-09-09 22:00:00,85.55,85.0,82.778,83.474
2018-09-09 23:00:00,88.029,87.14,84.573,84.504
2018-09-10 00:00:00,88.029,87.14,84.573,84.504
2018-09-10 01:00:00,88.029,87.14,84.573,84.504
2018-09-10 02:00:00,88.029,87.14,84.573,84.504
2018-09-10 03:00:00,88.029,87.14,84.573,84.504
2018-09-10 04:00:00,88.029,87.14,84.573,84.504
2018-09-10 05:00:00,89.718,88.605,86.006,86.494
2018-09-10 06:00:00,89.718,88.605,86.006,86.494
2018-09-10 07:00:00,89.718,88.605,86.006,86.494
2018-09-10 08:00:00,89.718,88.605,86.006,86.494
2018-09-10 09:00:00,89.718,88.605,86.006,86.494
2018-09-10 10:00:00,89.718,88.605,86.006,86.494
2018-09-10 11:00:00,84.487,86.1,85.0,95.324
2018-09-10 12:00:00,84.487,86.1,85.0,95.324
2018-09-10 13:00:00,84.487,86.1,85.0,95.324
2018-09-10 14:00:00,84.487,86.1,85.0,95.324
2018-09-10 15:00:00,84.487,86.1,85.0,95.324
2018-09-10 16:00:00,84.487,86.1,85.0,95.324
2018-09-10 17:00:00,95.948,98.574,97.612,97.298
2018-09-10 18:00:00,95.948,98.574,97.612,97.298
2018-09-10 19:00:00,95.948,98.574,97.612,97.298
2018-09-10 20:00:00,95.948,98.574,97.612,97.298
2018-09-10 21:00:00,95.948,98.574,97.612,97.298
2018-09-10 22:00:00,95.948,98.574,97.612,97.298
2018-09-10 23:00:00,103.412,103.314,100.784,101.887
2018-09-11 00:00:00,103.412,103.314,100.784,101.887
2018-09-11 01:00:00,103.412,103.314,100.784,101.887
2018-09-11 02:00:00,103.412,103.314,100.784,101.887
2018-09-11 03:00:00,103.412,103.314,100.784,101.887
2018-09-11 04:00:00,103.412,103.314,100.784,101.887
2018-09-11 05:00:00,106.94,106.224,103.643,102.524
2018-09-11 06:00:00,106.94,106.224,103.643,102.524
2018-09-11 07:00:00,106.94,106.224,103.643,102.524
2018-09-11 08:00:00,106.94,106.224,103.643,102.524
2018-09-11 09:00:00,106.94,106.224,103.643,102.524
2018-09-11 10:00:00,106.94,106.224,103.643,102.524
2018-09-11 11:00:00,95.293,89.889,85.133,93.004
2018-09-11 12:00:00,95.293,89.889,85.133,93.004
2018-09-11 13:00:00,95.293,89.889,85.133,93.004
2018-09-11 14:00:00,95.293,89.889,85.133,93.004
2018-09-11 15:00:00,95.293,89.889,85.133,93.004
2018-09-11 16:00:00,95.293,89.889,85.133,93.004
2018-09-11 17:00:00,89.346,86.466,83.105,86.677
2018-09-11 18:00:00,89.346,86.466,83.105,86.677
2018-09-11 19:00:00,89.346,86.466,83.105,86.677
2018-09-11 20:00:00,89.346,86.466,83.105,86.677
2018-09-11 21:00:00,89.346,86.466,83.105,86.677
2018-09-11 22:00:00,89.346,86.466,83.105,86.677
2018-09-11 23:00:00,86.266,83.568,80.041,87.006
2018-09-12 00:00:00,86.266,83.568,80.041,87.006
2018-09-12 01:00:00,86.266,83.568,80.041,87.006
2018-09-12 02:00:00,86.266,83.568,80.041,87.006
2018-09-12 03:00:00,86.266,83.568,80.041,87.006
2018-09-12 04:00:00,86.266,83.568,80.041,87.006
2018-09-12 05:00:00,86.008,84.795,82.028,90.401
2018-09-12 06:00:00,86.008,84.795,82.028,90.401
2018-09-12 07:00:00,86.008,84.795,82.028,90.401
2018-09-12 08:00:00,86.008,84.795,82.028,90.401
2018-09-12 09:00:00,86.008,84.795,82.028,90.401
2018-09-12 10:00:00,86.008,84.795,82.028,90.401
2018-09-12 11:00:00,93.173,92.441,91.11,87.24
2018-09-12 12:00:00,93.173,92.441,91.11,87.24
2018-09-12 13:00:00,93.173,92.441,91.11,87.24
2018-09-12 14:00:00,93.173,92.441,91.11,87.24
2018-09-12 15:00:00,93.173,92.441,91.11,87.24
2018-09-12 16:00:00,93.173,92.441,91.11,87.24
2018-09-12 17:00:00,92.977,90.726,87.116,87.839
2018-09-12 18:00:00,92.977,90.726,87.116,87.839
2018-09-12 19:00:00,92.977,90.726,87.116,87.839
2018-09-12 20:00:00,92.977,90.726,87.116,87.839
2018-09-12 21:00:00,92.977,90.726,87.116,87.839
2018-09-12 22:00:00,92.977,90.726,87.116,87.839
2018-09-12 23:00:00,92.796,91.374,88.622,90.682
2018-09-13 00:00:00,92.796,91.374,88.622,90.682
2018-09-13 01:00:00,92.796,91.374,88.622,90.682
2018-09-13 02:00:00,92.796,91.374,88.622,90.682
2018-09-13 03:00:00,92.796,91.374,88.622,90.682
2018-09-13 04:00:00,92.796,91.374,88.622,90.682
2018-09-13 05:00:00,90.289,87.251,85.607,81.356
2018-09-13 06:00:00,90.289,87.251,85.607,81.356
2018-09-13 07:00:00,90.289,87.251,85.607,81.356
2018-09-13 08:00:00,90.289,87.251,85.607,81.356
2018-09-13 09:00:00,90.289,87.251,85.607,81.356
2018-09-13 10:00:00,90.289,87.251,85.607,81.356
2018-09-13 11:00:00,84.081,86.065,84.029,80.736
2018-09-13 12:00:00,84.081,86.065,84.029,80.736
2018-09-13 13:00:00,84.081,86.065,84.029,80.736
2018-09-13 14:00:00,84.081,86.065,84.029,80.736
2018-09-13 15:00:00,84.081,86.065,84.029,80.736
2018-09-13 16:00:00,84.081,86.065,84.029,80.736
2018-09-13 17:00:00,86.999,84.927,81.511,85.078
2018-09-13 18:00:00,86.999,84.927,81.511,85.078
2018-09-13 19:00:00,86.999,84.927,81.511,85.078
2018-09-13 20:00:00,86.999,84.927,81.511,85.078
2018-09-13 21:00:00,86.999,84.927,81.511,85.078
2018-09-13 22:00:00,86.999,84.927,81.511,85.078
2018-09-13 23:00:00,88.642,88.131,85.793,89.256
2018-09-14 00:00:00,88.642,88.131,85.793,89.256
2018-09-14 01:00:00,88.642,88.131,85.793,89.256
2018-09-14 02:00:00,88.642,88.131,85.793,89.256
2018-09-14 03:00:00,88.642,88.131,85.793,89.256
2018-09-14 04:00:00,88.642,88.131,85.793,89.256
2018-09-14 05:00:00,80.801,83.443,83.94,103.317
2018-09-14 06:00:00,80.801,83.443,83.94,103.317
2018-09-14 07:00:00,80.801,83.443,83.94,103.317
2018-09-14 08:00:00,80.801,83.443,83.94,103.317
2018-09-14 09:00:00,80.801,83.443,83.94,103.317
2018-09-14 10:00:00,80.801,83.443,83.94,103.317
2018-09-14 11:00:00,112.041,106.427,102.708,94.863
2018-09-14 12:00:00,112.041,106.427,102.708,94.863
2018-09-14 13:00:00,112.041,106.427,102.708,94.863
2018-09-14 14:00:00,112.041,106.427,102.708,94.863
2018-09-14 15:00:00,112.041,106.427,102.708,94.863
2018-09-14 16:00:00,112.041,106.427,102.708,94.863
2018-09-14 17:00:00,99.384,93.352,87.81,88.004
2018-09-14 18:00:00,99.384,93.352,87.81,88.004
2018-09-14 19:00:00,99.384,93.352,87.81,88.004
2018-09-14 20:00:00,99.384,93.352,87.81,88.004
2018-09-14 21:00:00,99.384,93.352,87.81,88.004
2018-09-14 22:00:00,99.384,93.352,87.81,88.004
2018-09-14 23:00:00,91.24,87.586,83.804,87.571
2018-09-15 00:00:00,91.24,87.586,83.804,87.571
2018-09-15 01:00:00,91.24,87.586,83.804,87.571
2018-09-15 02:00:00,91.24,87.586,83.804,87.571
2018-09-15 03:00:00,91.24,87.586,83.804,87.571
2018-09-15 04:00:00,91.24,87.586,83.804,87.571
2018-09-15 05:00:00,88.768,86.89,83.626,87.171
2018-09-15 06:00:00,88.768,86.89,83.626,87.171
2018-09-15 07:00:00,88.768,86.89,83.626,87.171
2018-09-15 08:00:00,88.768,86.89,83.626,87.171
2018-09-15 09:00:00,88.768,86.89,83.626,87.171
2018-09-15 10:00:00,88.768,86.89,83.626,87.171
2018-09-15 11:00:00,97.247,95.121,90.963,88.732
2018-09-15 12:00:00,97.247,95.121,90.963,88.732
2018-09-15 13:00:00,97.247,95.121,90.963,88.732
2018-09-15 14:00:00,97.247,95.121,90.963,88.732
2018-09-15 15:00:00,97.247,95.121,90.963,88.732
2018-09-15 16:00:00,97.247,95.121,90.963,88.732
2018-09-15 17:00:00,96.948,95.435,92.574,90.275
2018-09-15 18:00:00,96.948,95.435,92.574,90.275
2018-09-15 19:00:00,96.948,95.435,92.574,90.275
2018-09-15 20:00:00,96.948,95.435,92.574,90.275
2018-09-15 21:00:00,96.948,95.435,92.574,90.275
2018-09-15 22:00:00,96.948,95.435,92.574,90.275
2018-09-15 23:00:00,97.349,95.887,92.646,88.559
2018-09-16 00:00:00,97.349,95.887,92.646,88.559
2018-09-16 01:00:00,97.349,95.887,92.646,88.559
2018-09-16 02:00:00,97.349,95.887,92.646,88.559
2018-09-16 03:00:00,97.349,95.887,92.646,88.559
2018-09-16 04:00:00,97.349,95.887,92.646,88.559
2018-09-16 05:00:00,95.968,93.56,89.776,84.278
2018-09-16 06:00:00,95.968,93.56,89.776,84.278
2018-09-16 07:00:00,95.968,93.56,89.776,84.278
2018-09-16 08:00:00,95.968,93.56,89.776,84.278
2018-09-16 09:00:00,95.968,93.56,89.776,84.278
2018-09-16 10:00:00,95.968,93.56,89.776,84.278
2018-09-16 11:00:00,89.677,89.542,86.705,89.931
2018-09-16 12:00:00,89.677,89.542,86.705,89.931
2018-09-16 13:00:00,89.677,89.542,86.705,89.931
2018-09-16 14:00:00,89.677,89.542,86.705,89.931
2018-09-16 15:00:00,89.677,89.542,86.705,89.931
2018-09-16 16:00:00,89.677,89.542,86.705,89.931
2018-09-16 17:00:00,89.589,87.1,83.428,84.55
2018-09-16 18:00:00,89.589,87.1,83.428,84.55
2018-09-16 19:00:00,89.589,87.1,83.428,84.55
2018-09-16 20:00:00,89.589,87.1,83.428,84.55
2018-09-16 21:00:00,89.589,87.1,83.428,84.55
2018-09-16 22:00:00,89.589,87.1,83.428,84.55
2018-09-16 23:00:00,86.508,83.641,79.803,82.64
2018-09-17 00:00:00,86.508,83.641,79.803,82.64
2018-09-17 01:00:00,86.508,83.641,79.803,82.64
2018-09-17 02:00:00,86.508,83.641,79.803,82.64
2018-09-17 03:00:00,86.508,83.641,79.803,82.64
2018-09-17 04:00:00,86.508,83.641,79.803,82.64
2018-09-17 05:00:00,84.792,82.868,79.55,84.211
2018-09-17 06:00:00,84.792,82.868,79.55,84.211
2018-09-17 07:00:00,84.792,82.868,79.55,84.211
2018-09-17 08:00:00,84.792,82.868,79.55,84.211
2018-09-17 09:00:00,84.792,82.868,79.55,84.211
2018-09-17 10:00:00,84.792,82.868,79.55,84.211
2018-09-17 11:00:00,91.349,85.028,80.279,79.189
2018-09-17 12:00:00,91.349,85.028,80.279,79.189
2018-09-17 13:00:00,91.349,85.028,80.279,79.189
2018-09-17 14:00:00,91.349,85.028,80.279,79.189
2018-09-17 15:00:00,91.349,85.028,80.279,79.189
2018-09-17 16:00:00,91.349,85.028,80.279,79.189
2018-09-17 17:00:00,86.556,84.806,81.996,86.288
2018-09-17 18:00:00,86.556,84.806,81.996,86.288
2018-09-17 19:00:00,86.556,84.806,81.996,86.288
2018-09-17 20:00:00,86.556,84.806,81.996,86.288
2018-09-17 21:00:00,86.556,84.806,81.996,86.288
2018-09-17 22:00:00,86.556,84.806,81.996,86.288
2018-09-17 23:00:00,89.739,89.891,87.699,89.199
2018-09-18 00:00:00,89.739,89.891,87.699,89.199
2018-09-18 01:00:00,89.739,89.891,87.699,89.199
2018-09-18 02:00:00,89.739,89.891,87.699,89.199
2018-09-18 03:00:00,89.739,89.891,87.699,89.199
2018-09-18 04:00:00,89.739,89.891,87.699,89.199
2018-09-18 05:00:00,90.914,97.997,99.45,102.8
2018-09-18 06:00:00,90.914,97.997,99.45,102.8
2018-09-18 07:00:00,90.914,97.997,99.45,102.8
2018-09-18 08:00:00,90.914,97.997,99.45,102.8
2018-09-18 09:00:00,90.914,97.997,99.45,102.8
2018-09-18 10:00:00,90.914,97.997,99.45,102.8
2018-09-18 11:00:00,90.366,97.945,96.563,98.929
2018-09-18 12:00:00,90.366,97.945,96.563,98.929
2018-09-18 13:00:00,90.366,97.945,96.563,98.929
2018-09-18 14:00:00,90.366,97.945,96.563,98.929
2018-09-18 15:00:00,90.366,97.945,96.563,98.929
2018-09-18 16:00:00,90.366,97.945,96.563,98.929
2018-09-18 17:00:00,99.358,97.581,94.074,90.148
2018-09-18 18:00:00,99.358,97.581,94.074,90.148
2018-09-18 19:00:00,99.358,97.581,94.074,90.148
2018-09-18 20:00:00,99.358,97.581,94.074,90.148
2018-09-18 21:00:00,99.358,97.581,94.074,90.148
2018-09-18 22:00:00,99.358,97.581,94.074,90.148
2018-09-18 23:00:00,95.632,92.11,87.95,87.161
2018-09-19 00:00:00,95.632,92.11,87.95,87.161
2018-09-19 01:00:00,95.632,92.11,87.95,87.161
2018-09-19 02:00:00,95.632,92.11,87.95,87.161
2018-09-19 03:00:00,95.632,92.11,87.95,87.161
2018-09-19 04:00:00,95.632,92.11,87.95,87.161
2018-09-19 05:00:00,92.767,90.61,87.274,89.673
2018-09-19 06:00:00,92.767,90.61,87.274,89.673
2018-09-19 07:00:00,92.767,90.61,87.274,89.673
2018-09-19 08:00:00,92.767,90.61,87.274,89.673
2018-09-19 09:00:00,92.767,90.61,87.274,89.673
2018-09-19 10:00:00,92.767,90.61,87.274,89.673
2018-09-19 11:00:00,86.072,92.063,94.232,102.205
2018-09-19 12:00:00,86.072,92.063,94.232,102.205
2018-09-19 13:00:00,86.072,92.063,94.232,102.205
2018-09-19 14:00:00,86.072,92.063,94.232,102.205
2018-09-19 15:00:00,86.072,92.063,94.232,102.205
2018-09-19 16:00:00,86.072,92.063,94.232,102.205
2018-09-19 17:00:00,100.136,101.78,99.643,94.182
2018-09-19 18:00:00,100.136,101.78,99.643,94.182
2018-09-19 19:00:00,100.136,101.78,99.643,94.182
2018-09-19 20:00:00,100.136,101.78,99.643,94.182
2018-09-19 21:00:00,100.136,101.78,99.643,94.182
2018-09-19 22:00:00,100.136,101.78,99.643,94.182
2018-09-19 23:00:00,100.637,97.631,93.53,90.217
2018-09-20 00:00:00,100.637,97.631,93.53,90.217
2018-09-20 01:00:00,100.637,97.631,93.53,90.217
2018-09-20 02:00:00,100.637,97.631,93.53,90.217
2018-09-20 03:00:00,100.637,97.631,93.53,90.217
2018-09-20 04:00:00,100.637,97.631,93.53,90.217
2018-09-20 05:00:00,97.216,94.567,90.983,89.754
2018-09-20 06:00:00,97.216,94.567,90.983,89.754
2018-09-20 07:00:00,97.216,94.567,90.983,89.754
2018-09-20 08:00:00,97.216,94.567,90.983,89.754
2018-09-20 09:00:00,97.216,94.567,90.983,89.754
2018-09-20 10:00:00,97.216,94.567,90.983,89.754
2018-09-20 11:00:00,71.771,70.82,69.046,75.549
2018-09-20 12:00:00,71.771,70.82,69.046,75.549
2018-09-20 13:00:00,71.771,70.82,69.046,75.549
2018-09-20 14:00:00,71.771,70.82,69.046,75.549
2018-09-20 15:00:00,71.771,70.82,69.046,75.549
2018-09-20 16:00:00,71.771,70.82,69.046,75.549
2018-09-20 17:00:00,76.525,77.374,75.459,73.221
2018-09-20 18:00:00,76.525,77.374,75.459,73.221
2018-09-20 19:00:00,76.525,77.374,75.459,73.221
2018-09-20 20:00:00,76.525,77.374,75.459,73.221
2018-09-20 21:00:00,76.525,77.374,75.459,73.221
2018-09-20 22:00:00,76.525,77.374,75.459,73.221
2018-09-20 23:00:00,79.279,77.846,74.693,74.482
2018-09-21 00:00:00,79.279,77.846,74.693,74.482
2018-09-21 01:00:00,79.279,77.846,74.693,74.482
2018-09-21 02:00:00,79.279,77.846,74.693,74.482
2018-09-21 03:00:00,79.279,77.846,74.693,74.482
2018-09-21 04:00:00,79.279,77.846,74.693,74.482
2018-09-21 05:00:00,75.938,76.539,75.258,76.055
2018-09-21 06:00:00,75.938,76.539,75.258,76.055
2018-09-21 07:00:00,75.938,76.539,75.258,76.055
2018-09-21 08:00:00,75.938,76.539,75.258,76.055
2018-09-21 09:00:00,75.938,76.539,75.258,76.055
2018-09-21 10:00:00,75.938,76.539,75.258,76.055
2018-09-21 11:00:00,86.703,83.687,80.437,75.844
2018-09-21 12:00:00,86.703,83.687,80.437,75.844
2018-09-21 13:00:00,86.703,83.687,80.437,75.844
2018-09-21 14:00:00,86.703,83.687,80.437,75.844
2018-09-21 15:00:00,86.703,83.687,80.437,75.844
2018-09-21 16:00:00,86.703,83.687,80.437,75.844
2018-09-21 17:00:00,83.294,80.571,76.989,75.941
2018-09-21 18:00:00,83.294,80.571,76.989,75.941
2018-09-21 19:00:00,83.294,80.571,76.989,75.941
2018-09-21 20:00:00,83.294,80.571,76.989,75.941
2018-09-21 21:00:00,83.294,80.571,76.989,75.941
2018-09-21 22:00:00,83.294,80.571,76.989,75.941
2018-09-21 23:00:00,82.252,80.718,77.801,78.061
2018-09-22 00:00:00,82.252,80.718,77.801,78.061
2018-09-22 01:00:00,82.252,80.718,77.801,78.061
2018-09-22 02:00:00,82.252,80.718,77.801,78.061
2018-09-22 03:00:00,82.252,80.718,77.801,78.061
2018-09-22 04:00:00,82.252,80.718,77.801,78.061
2018-09-22 05:00:00,83.585,82.719,79.949,80.291
2018-09-22 06:00:00,83.585,82.719,79.949,80.291
2018-09-22 07:00:00,83.585,82.719,79.949,80.291
2018-09-22 08:00:00,83.585,82.719,79.949,80.291
2018-09-22 09:00:00,83.585,82.719,79.949,80.291
2018-09-22 10:00:00,83.585,82.719,79.949,80.291
2018-09-22 11:00:00,84.61,84.45,81.855,80.263
2018-09-22 12:00:00,84.61,84.45,81.855,80.263
2018-09-22 13:00:00,84.61,84.45,81.855,80.263
2018-09-22 14:00:00,84.61,84.45,81.855,80.263
2018-09-22 15:00:00,84.61,84.45,81.855,80.263
2018-09-22 16:00:00,84.61,84.45,81.855,80.263
2018-09-22 17:00:00,85.878,84.17,80.995,79.33
2018-09-22 18:00:00,85.878,84.17,80.995,79.33
2018-09-22 19:00:00,85.878,84.17,80.995,79.33
2018-09-22 20:00:00,85.878,84.17,80.995,79.33
2018-09-22 21:00:00,85.878,84.17,80.995,79.33
2018-09-22 22:00:00,85.878,84.17,80.995,79.33
2018-09-22 23:00:00,85.598,83.849,80.714,80.043
2018-09-23 00:00:00,85.598,83.849,80.714,80.043
2018-09-23 01:00:00,85.598,83.849,80.714,80.043
2018-09-23 02:00:00,85.598,83.849,80.714,80.043
2018-09-23 03:00:00,85.598,83.849,80.714,80.043
2018-09-23 04:00:00,85.598,83.849,80.714,80.043
2018-09-23 05:00:00,72.448,73.792,73.386,72.564
2018-09-23 06:00:00,72.448,73.792,73.386,72.564
2018-09-23 07:00:00,72.448,73.792,73.386,72.564
2018-09-23 08:00:00,72.448,73.792,73.386,72.564
2018-09-23 09:00:00,72.448,73.792,73.386,72.564
2018-09-23 10:00:00,72.448,73.792,73.386,72.564
2018-09-23 11:00:00,77.84,77.629,74.905,75.804
2018-09-23 12:00:00,77.84,77.629,74.905,75.804
2018-09-23 13:00:00,77.84,77.629,74.905,75.804
2018-09-23 14:00:00,77.84,77.629,74.905,75.804
2018-09-23 15:00:00,77.84,77.629,74.905,75.804
2018-09-23 16:00:00,77.84,77.629,74.905,75.804
2018-09-23 17:00:00,80.824,80.068,77.521,77.342
2018-09-23 18:00:00,80.824,80.068,77.521,77.342
2018-09-23 19:00:00,80.824,80.068,77.521,77.342
2018-09-23 20:00:00,80.824,80.068,77.521,77.342
2018-09-23 21:00:00,80.824,80.068,77.521,77.342
2018-09-23 22:00:00,80.824,80.068,77.521,77.342
2018-09-23 23:00:00,82.952,82.041,79.311,79.47
2018-09-24 00:00:00,82.952,82.041,79.311,79.47
2018-09-24 01:00:00,82.952,82.041,79.311,79.47
2018-09-24 02:00:00,82.952,82.041,79.311,79.47
2018-09-24 03:00:00,82.952,82.041,79.311,79.47
2018-09-24 04:00:00,82.952,82.041,79.311,79.47
2018-09-24 05:00:00,85.121,84.375,81.73,82.347
2018-09-24 06:00:00,85.121,84.375,81.73,82.347
2018-09-24 07:00:00,85.121,84.375,81.73,82.347
2018-09-24 08:00:00,85.121,84.375,81.73,82.347
2018-09-24 09:00:00,85.121,84.375,81.73,82.347
2018-09-24 10:00:00,85.121,84.375,81.73,82.347
2018-09-24 11:00:00,79.838,80.609,75.614,81.817
2018-09-24 12:00:00,79.838,80.609,75.614,81.817
2018-09-24 13:00:00,79.838,80.609,75.614,81.817
2018-09-24 14:00:00,79.838,80.609,75.614,81.817
2018-09-24 15:00:00,79.838,80.609,75.614,81.817
2018-09-24 16:00:00,79.838,80.609,75.614,81.817
2018-09-24 17:00:00,85.387,85.569,84.063,84.763
2018-09-24 18:00:00,85.387,85.569,84.063,84.763
2018-09-24 19:00:00,85.387,85.569,84.063,84.763
2018-09-24 20:00:00,85.387,85.569,84.063,84.763
2018-09-24 21:00:00,85.387,85.569,84.063,84.763
2018-09-24 22:00:00,85.387,85.569,84.063,84.763
2018-09-24 23:00:00,90.194,90.236,87.941,89.726
2018-09-25 00:00:00,90.194,90.236,87.941,89.726
2018-09-25 01:00:00,90.194,90.236,87.941,89.726
2018-09-25 02:00:00,90.194,90.236,87.941,89.726
2018-09-25 03:00:00,90.194,90.236,87.941,89.726
2018-09-25 04:00:00,90.194,90.236,87.941,89.726
2018-09-25 05:00:00,103.877,101.04,97.66,111.321
2018-09-25 06:00:00,103.877,101.04,97.66,111.321
2018-09-25 07:00:00,103.877,101.04,97.66,111.321
2018-09-25 08:00:00,103.877,101.04,97.66,111.321
2018-09-25 09:00:00,103.877,101.04,97.66,111.321
2018-09-25 10:00:00,103.877,101.04,97.66,111.321
2018-09-25 11:00:00,111.067,113.651,113.353,113.726
2018-09-25 12:00:00,111.067,113.651,113.353,113.726
2018-09-25 13:00:00,111.067,113.651,113.353,113.726
2018-09-25 14:00:00,111.067,113.651,113.353,113.726
2018-09-25 15:00:00,111.067,113.651,113.353,113.726
2018-09-25 16:00:00,111.067,113.651,113.353,113.726
2018-09-25 17:00:00,115.537,111.801,107.755,102.741
2018-09-25 18:00:00,115.537,111.801,107.755,102.741
2018-09-25 19:00:00,115.537,111.801,107.755,102.741
2018-09-25 20:00:00,115.537,111.801,107.755,102.741
2018-09-25 21:00:00,115.537,111.801,107.755,102.741
2018-09-25 22:00:00,115.537,111.801,107.755,102.741
2018-09-25 23:00:00,109.783,106.409,102.67,99.492
2018-09-26 00:00:00,109.783,106.409,102.67,99.492
2018-09-26 01:00:00,109.783,106.409,102.67,99.492
2018-09-26 02:00:00,109.783,106.409,102.67,99.492
2018-09-26 03:00:00,109.783,106.409,102.67,99.492
2018-09-26 04:00:00,109.783,106.409,102.67,99.492
2018-09-26 05:00:00,114.366,119.875,122.74,108.948
2018-09-26 06:00:00,114.366,119.875,122.74,108.948
2018-09-26 07:00:00,114.366,119.875,122.74,108.948
2018-09-26 08:00:00,114.366,119.875,122.74,108.948
2018-09-26 09:00:00,114.366,119.875,122.74,108.948
2018-09-26 10:00:00,114.366,119.875,122.74,108.948
2018-09-26 11:00:00,107.97,105.757,103.495,99.927
2018-09-26 12:00:00,107.97,105.757,103.495,99.927
2018-09-26 13:00:00,107.97,105.757,103.495,99.927
2018-09-26 14:00:00,107.97,105.757,103.495,99.927
2018-09-26 15:00:00,107.97,105.757,103.495,99.927
2018-09-26 16:00:00,107.97,105.757,103.495,99.927
2018-09-26 17:00:00,104.564,101.585,97.792,91.592
2018-09-26 18:00:00,104.564,101.585,97.792,91.592
2018-09-26 19:00:00,104.564,101.585,97.792,91.592
2018-09-26 20:00:00,104.564,101.585,97.792,91.592
2018-09-26 21:00:00,104.564,101.585,97.792,91.592
2018-09-26 22:00:00,104.564,101.585,97.792,91.592
2018-09-26 23:00:00,100.067,96.919,93.284,92.303
2018-09-27 00:00:00,100.067,96.919,93.284,92.303
2018-09-27 01:00:00,100.067,96.919,93.284,92.303
2018-09-27 02:00:00,100.067,96.919,93.284,92.303
2018-09-27 03:00:00,100.067,96.919,93.284,92.303
2018-09-27 04:00:00,100.067,96.919,93.284,92.303
2018-09-27 05:00:00,94.428,97.789,98.09,101.489
2018-09-27 06:00:00,94.428,97.789,98.09,101.489
2018-09-27 07:00:00,94.428,97.789,98.09,101.489
2018-09-27 08:00:00,94.428,97.789,98.09,101.489
2018-09-27 09:00:00,94.428,97.789,98.09,101.489
2018-09-27 10:00:00,94.428,97.789,98.09,101.489
2018-09-27 11:00:00,103.928,104.623,102.485,100.807
2018-09-27 12:00:00,103.928,104.623,102.485,100.807
2018-09-27 13:00:00,103.928,104.623,102.485,100.807
2018-09-27 14:00:00,103.928,104.623,102.485,100.807
2018-09-27 15:00:00,103.928,104.623,102.485,100.807
2018-09-27 16:00:00,103.928,104.623,102.485,100.807
2018-09-27 17:00:00,100.299,98.503,95.568,89.887
2018-09-27 18:00:00,100.299,98.503,95.568,89.887
2018-09-27 19:00:00,100.299,98.503,95.568,89.887
2018-09-27 20:00:00,100.299,98.503,95.568,89.887
2018-09-27 21:00:00,100.299,98.503,95.568,89.887
2018-09-27 22:00:00,100.299,98.503,95.568,89.887
2018-09-27 23:00:00,98.181,95.615,92.16,91.909
2018-09-28 00:00:00,98.181,95.615,92.16,91.909
2018-09-28 01:00:00,98.181,95.615,92.16,91.909
2018-09-28 02:00:00,98.181,95.615,92.16,91.909
2018-09-28 03:00:00,98.181,95.615,92.16,91.909
2018-09-28 04:00:00,98.181,95.615,92.16,91.909
2018-09-28 05:00:00,88.211,91.212,91.973,86.409
2018-09-28 06:00:00,88.211,91.212,91.973,86.409
2018-09-28 07:00:00,88.211,91.212,91.973,86.409
2018-09-28 08:00:00,88.211,91.212,91.973,86.409
2018-09-28 09:00:00,88.211,91.212,91.973,86.409
2018-09-28 10:00:00,88.211,91.212,91.973,86.409
2018-09-28 11:00:00,92.69,91.032,87.365,85.174
2018-09-28 12:00:00,92.69,91.032,87.365,85.174
2018-09-28 13:00:00,92.69,91.032,87.365,85.174
2018-09-28 14:00:00,92.69,91.032,87.365,85.174
2018-09-28 15:00:00,92.69,91.032,87.365,85.174
2018-09-28 16:00:00,92.69,91.032,87.365,85.174
2018-09-28 17:00:00,90.164,87.473,84.016,80.208
2018-09-28 18:00:00,90.164,87.473,84.016,80.208
2018-09-28 19:00:00,90.164,87.473,84.016,80.208
2018-09-28 20:00:00,90.164,87.473,84.016,80.208
2018-09-28 21:00:00,90.164,87.473,84.016,80.208
2018-09-28 22:00:00,90.164,87.473,84.016,80.208
2018-09-28 23:00:00,88.108,85.986,82.906,83.269
2018-09-29 00:00:00,88.108,85.986,82.906,83.269
2018-09-29 01:00:00,88.108,85.986,82.906,83.269
2018-09-29 02:00:00,88.108,85.986,82.906,83.269
2018-09-29 03:00:00,88.108,85.986,82.906,83.269
2018-09-29 04:00:00,88.108,85.986,82.906,83.269
2018-09-29 05:00:00,83.674,87.002,85.571,91.871
2018-09-29 06:00:00,83.674,87.002,85.571,91.871
2018-09-29 07:00:00,83.674,87.002,85.571,91.871
2018-09-29 08:00:00,83.674,87.002,85.571,91.871
2018-09-29 09:00:00,83.674,87.002,85.571,91.871
2018-09-29 10:00:00,83.674,87.002,85.571,91.871
2018-09-29 11:00:00,90.598,95.768,94.371,95.035
2018-09-29 12:00:00,90.598,95.768,94.371,95.035
2018-09-29 13:00:00,90.598,95.768,94.371,95.035
2018-09-29 14:00:00,90.598,95.768,94.371,95.035
2018-09-29 15:00:00,90.598,95.768,94.371,95.035
2018-09-29 16:00:00,90.598,95.768,94.371,95.035
2018-09-29 17:00:00,98.098,96.861,93.923,88.791
2018-09-29 18:00:00,98.098,96.861,93.923,88.791
2018-09-29 19:00:00,98.098,96.861,93.923,88.791
2018-09-29 20:00:00,98.098,96.861,93.923,88.791
2018-09-29 21:00:00,98.098,96.861,93.923,88.791
2018-09-29 22:00:00,98.098,96.861,93.923,88.791
2018-09-29 23:00:00,95.796,92.802,89.119,85.792
2018-09-30 00:00:00,95.796,92.802,89.119,85.792
2018-09-30 01:00:00,95.796,92.802,89.119,85.792
2018-09-30 02:00:00,95.796,92.802,89.119,85.792
2018-09-30 03:00:00,95.796,92.802,89.119,85.792
2018-09-30 04:00:00,95.796,92.802,89.119,85.792
2018-09-30 05:00:00,76.095,75.6,74.663,68.352
2018-09-30 06:00:00,76.095,75.6,74.663,68.352
2018-09-30 07:00:00,76.095,75.6,74.663,68.352
2018-09-30 08:00:00,76.095,75.6,74.663,68.352
2018-09-30 09:00:00,76.095,75.6,74.663,68.352
2018-09-30 10:00:00,76.095,75.6,74.663,68.352
2018-09-30 11:00:00,85.055,81.719,79.411,66.009
2018-09-30 12:00:00,85.055,81.719,79.411,66.009
2018-09-30 13:00:00,85.055,81.719,79.411,66.009
2018-09-30 14:00:00,85.055,81.719,79.411,66.009
2018-09-30 15:00:00,85.055,81.719,79.411,66.009
2018-09-30 16:00:00,85.055,81.719,79.411,66.009
2018-09-30 17:00:00,77.362,72.229,67.421,64.842
2018-09-30 18:00:00,77.362,72.229,67.421,64.842
2018-09-30 19:00:00,77.362,72.229,67.421,64.842
2018-09-30 20:00:00,77.362,72.229,67.421,64.842
2018-09-30 21:00:00,77.362,72.229,67.421,64.842
2018-09-30 22:00:00,77.362,72.229,67.421,64.842
2018-09-30 23:00:00,73.128,71.113,68.462,70.378
2018-10-01 00:00:00,73.128,71.113,68.462,70.378
2018-10-01 01:00:00,73.128,71.113,68.462,70.378
2018-10-01 02:00:00,73.128,71.113,68.462,70.378
2018-10-01 03:00:00,73.128,71.113,68.462,70.378
2018-10-01 04:00:00,73.128,71.113,68.462,70.378
2018-10-01 05:00:00,76.781,80.888,75.527,82.574
2018-10-01 06:00:00,76.781,80.888,75.527,82.574
2018-10-01 07:00:00,76.781,80.888,75.527,82.574
2018-10-01 08:00:00,76.781,80.888,75.527,82.574
2018-10-01 09:00:00,76.781,80.888,75.527,82.574
2018-10-01 10:00:00,76.781,80.888,75.527,82.574
2018-10-01 11:00:00,87.774,83.908,81.784,91.198
2018-10-01 12:00:00,87.774,83.908,81.784,91.198
2018-10-01 13:00:00,87.774,83.908,81.784,91.198
2018-10-01 14:00:00,87.774,83.908,81.784,91.198
2018-10-01 15:00:00,87.774,83.908,81.784,91.198
2018-10-01 16:00:00,87.774,83.908,81.784,91.198
2018-10-01 17:00:00,92.076,94.021,92.998,92.055
2018-10-01 18:00:00,92.076,94.021,92.998,92.055
2018-10-01 19:00:00,92.076,94.021,92.998,92.055
2018-10-01 20:00:00,92.076,94.021,92.998,92.055
2018-10-01 21:00:00,92.076,94.021,92.998,92.055
2018-10-01 22:00:00,92.076,94.021,92.998,92.055
2018-10-01 23:00:00,97.051,96.201,93.352,91.316
2018-10-02 00:00:00,97.051,96.201,93.352,91.316
2018-10-02 01:00:00,97.051,96.201,93.352,91.316
2018-10-02 02:00:00,97.051,96.201,93.352,91.316
2018-10-02 03:00:00,97.051,96.201,93.352,91.316
2018-10-02 04:00:00,97.051,96.201,93.352,91.316
2018-10-02 05:00:00,77.187,82.418,84.036,83.508
2018-10-02 06:00:00,77.187,82.418,84.036,83.508
2018-10-02 07:00:00,77.187,82.418,84.036,83.508
2018-10-02 08:00:00,77.187,82.418,84.036,83.508
2018-10-02 09:00:00,77.187,82.418,84.036,83.508
2018-10-02 10:00:00,77.187,82.418,84.036,83.508
2018-10-02 11:00:00,78.993,81.076,81.296,78.555
2018-10-02 12:00:00,78.993,81.076,81.296,78.555
2018-10-02 13:00:00,78.993,81.076,81.296,78.555
2018-10-02 14:00:00,78.993,81.076,81.296,78.555
2018-10-02 15:00:00,78.993,81.076,81.296,78.555
2018-10-02 16:00:00,78.993,81.076,81.296,78.555
2018-10-02 17:00:00,84.049,83.208,80.066,78.097
2018-10-02 18:00:00,84.049,83.208,80.066,78.097
2018-10-02 19:00:00,84.049,83.208,80.066,78.097
2018-10-02 20:00:00,84.049,83.208,80.066,78.097
2018-10-02 21:00:00,84.049,83.208,80.066,78.097
2018-10-02 22:00:00,84.049,83.208,80.066,78.097
2018-10-02 23:00:00,85.406,84.124,81.427,82.252
2018-10-03 00:00:00,85.406,84.124,81.427,82.252
2018-10-03 01:00:00,85.406,84.124,81.427,82.252
2018-10-03 02:00:00,85.406,84.124,81.427,82.252
2018-10-03 03:00:00,85.406,84.124,81.427,82.252
2018-10-03 04:00:00,85.406,84.124,81.427,82.252
2018-10-03 05:00:00,74.214,78.463,77.833,76.468
2018-10-03 06:00:00,74.214,78.463,77.833,76.468
2018-10-03 07:00:00,74.214,78.463,77.833,76.468
2018-10-03 08:00:00,74.214,78.463,77.833,76.468
2018-10-03 09:00:00,74.214,78.463,77.833,76.468
2018-10-03 10:00:00,74.214,78.463,77.833,76.468
2018-10-03 11:00:00,87.262,87.342,84.998,81.084
2018-10-03 12:00:00,87.262,87.342,84.998,81.084
2018-10-03 13:00:00,87.262,87.342,84.998,81.084
2018-10-03 14:00:00,87.262,87.342,84.998,81.084
2018-10-03 15:00:00,87.262,87.342,84.998,81.084
2018-10-03 16:00:00,87.262,87.342,84.998,81.084
2018-10-03 17:00:00,89.227,87.77,84.822,85.864
2018-10-03 18:00:00,89.227,87.77,84.822,85.864
2018-10-03 19:00:00,89.227,87.77,84.822,85.864
2018-10-03 20:00:00,89.227,87.77,84.822,85.864
2018-10-03 21:00:00,89.227,87.77,84.822,85.864
2018-10-03 22:00:00,89.227,87.77,84.822,85.864
2018-10-03 23:00:00,91.226,90.627,88.294,87.515
2018-10-04 00:00:00,91.226,90.627,88.294,87.515
2018-10-04 01:00:00,91.226,90.627,88.294,87.515
2018-10-04 02:00:00,91.226,90.627,88.294,87.515
2018-10-04 03:00:00,91.226,90.627,88.294,87.515
2018-10-04 04:00:00,91.226,90.627,88.294,87.515
2018-10-04 05:00:00,97.298,102.153,103.284,109.081
2018-10-04 06:00:00,97.298,102.153,103.284,109.081
2018-10-04 07:00:00,97.298,102.153,103.284,109.081
2018-10-04 08:00:00,97.298,102.153,103.284,109.081
2018-10-04 09:00:00,97.298,102.153,103.284,109.081
2018-10-04 10:00:00,97.298,102.153,103.284,109.081
2018-10-04 11:00:00,106.457,107.89,106.952,114.067
2018-10-04 12:00:00,106.457,107.89,106.952,114.067
2018-10-04 13:00:00,106.457,107.89,106.952,114.067
2018-10-04 14:00:00,106.457,107.89,106.952,114.067
2018-10-04 15:00:00,106.457,107.89,106.952,114.067
2018-10-04 16:00:00,106.457,107.89,106.952,114.067
2018-10-04 17:00:00,114.949,116.058,114.377,110.564
2018-10-04 18:00:00,114.949,116.058,114.377,110.564
2018-10-04 19:00:00,114.949,116.058,114.377,110.564
2018-10-04 20:00:00,114.949,116.058,114.377,110.564
2018-10-04 21:00:00,114.949,116.058,114.377,110.564
2018-10-04 22:00:00,114.949,116.058,114.377,110.564
2018-10-04 23:00:00,115.417,112.727,108.954,102.159
2018-10-05 00:00:00,115.417,112.727,108.954,102.159
2018-10-05 01:00:00,115.417,112.727,108.954,102.159
2018-10-05 02:00:00,115.417,112.727,108.954,102.159
2018-10-05 03:00:00,115.417,112.727,108.954,102.159
2018-10-05 04:00:00,115.417,112.727,108.954,102.159
2018-10-05 05:00:00,93.035,96.85,97.947,90.673
2018-10-05 06:00:00,93.035,96.85,97.947,90.673
2018-10-05 07:00:00,93.035,96.85,97.947,90.673
2018-10-05 08:00:00,93.035,96.85,97.947,90.673
2018-10-05 09:00:00,93.035,96.85,97.947,90.673
2018-10-05 10:00:00,93.035,96.85,97.947,90.673
2018-10-05 11:00:00,95.361,94.747,92.972,80.171
2018-10-05 12:00:00,95.361,94.747,92.972,80.171
2018-10-05 13:00:00,95.361,94.747,92.972,80.171
2018-10-05 14:00:00,95.361,94.747,92.972,80.171
2018-10-05 15:00:00,95.361,94.747,92.972,80.171
2018-10-05 16:00:00,95.361,94.747,92.972,80.171
2018-10-05 17:00:00,89.836,84.734,79.661,73.379
2018-10-05 18:00:00,89.836,84.734,79.661,73.379
2018-10-05 19:00:00,89.836,84.734,79.661,73.379
2018-10-05 20:00:00,89.836,84.734,79.661,73.379
2018-10-05 21:00:00,89.836,84.734,79.661,73.379
2018-10-05 22:00:00,89.836,84.734,79.661,73.379
2018-10-05 23:00:00,82.643,78.959,75.396,73.318
2018-10-06 00:00:00,82.643,78.959,75.396,73.318
2018-10-06 01:00:00,82.643,78.959,75.396,73.318
2018-10-06 02:00:00,82.643,78.959,75.396,73.318
2018-10-06 03:00:00,82.643,78.959,75.396,73.318
2018-10-06 04:00:00,82.643,78.959,75.396,73.318
2018-10-06 05:00:00,80.817,79.4,76.79,77.24
2018-10-06 06:00:00,80.817,79.4,76.79,77.24
2018-10-06 07:00:00,80.817,79.4,76.79,77.24
2018-10-06 08:00:00,80.817,79.4,76.79,77.24
2018-10-06 09:00:00,80.817,79.4,76.79,77.24
2018-10-06 10:00:00,80.817,79.4,76.79,77.24
2018-10-06 11:00:00,80.661,79.53,77.302,64.258
2018-10-06 12:00:00,80.661,79.53,77.302,64.258
2018-10-06 13:00:00,80.661,79.53,77.302,64.258
2018-10-06 14:00:00,80.661,79.53,77.302,64.258
2018-10-06 15:00:00,80.661,79.53,77.302,64.258
2018-10-06 16:00:00,80.661,79.53,77.302,64.258
2018-10-06 17:00:00,81.384,79.541,76.56,67.1
2018-10-06 18:00:00,81.384,79.541,76.56,67.1
2018-10-06 19:00:00,81.384,79.541,76.56,67.1
2018-10-06 20:00:00,81.384,79.541,76.56,67.1
2018-10-06 21:00:00,81.384,79.541,76.56,67.1
2018-10-06 22:00:00,81.384,79.541,76.56,67.1
2018-10-06 23:00:00,80.933,78.792,75.826,68.77
2018-10-07 00:00:00,80.933,78.792,75.826,68.77
2018-10-07 01:00:00,80.933,78.792,75.826,68.77
2018-10-07 02:00:00,80.933,78.792,75.826,68.77
2018-10-07 03:00:00,80.933,78.792,75.826,68.77
2018-10-07 04:00:00,80.933,78.792,75.826,68.77
2018-10-07 05:00:00,74.327,76.947,76.635,80.006
2018-10-07 06:00:00,74.327,76.947,76.635,80.006
2018-10-07 07:00:00,74.327,76.947,76.635,80.006
2018-10-07 08:00:00,74.327,76.947,76.635,80.006
2018-10-07 09:00:00,74.327,76.947,76.635,80.006
2018-10-07 10:00:00,74.327,76.947,76.635,80.006
2018-10-07 11:00:00,81.19,81.916,80.924,77.873
2018-10-07 12:00:00,81.19,81.916,80.924,77.873
2018-10-07 13:00:00,81.19,81.916,80.924,77.873
2018-10-07 14:00:00,81.19,81.916,80.924,77.873
2018-10-07 15:00:00,81.19,81.916,80.924,77.873
2018-10-07 16:00:00,81.19,81.916,80.924,77.873
2018-10-07 17:00:00,82.508,80.134,76.577,68.952
2018-10-07 18:00:00,82.508,80.134,76.577,68.952
2018-10-07 19:00:00,82.508,80.134,76.577,68.952
2018-10-07 20:00:00,82.508,80.134,76.577,68.952
2018-10-07 21:00:00,82.508,80.134,76.577,68.952
2018-10-07 22:00:00,82.508,80.134,76.577,68.952
2018-10-07 23:00:00,78.271,74.476,70.654,67.54
2018-10-08 00:00:00,78.271,74.476,70.654,67.54
2018-10-08 01:00:00,78.271,74.476,70.654,67.54
2018-10-08 02:00:00,78.271,74.476,70.654,67.54
2018-10-08 03:00:00,78.271,74.476,70.654,67.54
2018-10-08 04:00:00,78.271,74.476,70.654,67.54
2018-10-08 05:00:00,76.256,74.664,72.058,73.822
2018-10-08 06:00:00,76.256,74.664,72.058,73.822
2018-10-08 07:00:00,76.256,74.664,72.058,73.822
2018-10-08 08:00:00,76.256,74.664,72.058,73.822
2018-10-08 09:00:00,76.256,74.664,72.058,73.822
2018-10-08 10:00:00,76.256,74.664,72.058,73.822
2018-10-08 11:00:00,72.023,66.202,61.059,56.78
2018-10-08 12:00:00,72.023,66.202,61.059,56.78
2018-10-08 13:00:00,72.023,66.202,61.059,56.78
2018-10-08 14:00:00,72.023,66.202,61.059,56.78
2018-10-08 15:00:00,72.023,66.202,61.059,56.78
2018-10-08 16:00:00,72.023,66.202,61.059,56.78
2018-10-08 17:00:00,66.862,64.576,61.921,64.65
2018-10-08 18:00:00,66.862,64.576,61.921,64.65
2018-10-08 19:00:00,66.862,64.576,61.921,64.65
2018-10-08 20:00:00,66.862,64.576,61.921,64.65
2018-10-08 21:00:00,66.862,64.576,61.921,64.65
2018-10-08 22:00:00,66.862,64.576,61.921,64.65
2018-10-08 23:00:00,70.586,71.666,70.262,74.002
2018-10-09 00:00:00,70.586,71.666,70.262,74.002
2018-10-09 01:00:00,70.586,71.666,70.262,74.002
2018-10-09 02:00:00,70.586,71.666,70.262,74.002
2018-10-09 03:00:00,70.586,71.666,70.262,74.002
2018-10-09 04:00:00,70.586,71.666,70.262,74.002
2018-10-09 05:00:00,78.957,80.565,79.273,82.143
2018-10-09 06:00:00,78.957,80.565,79.273,82.143
2018-10-09 07:00:00,78.957,80.565,79.273,82.143
2018-10-09 08:00:00,78.957,80.565,79.273,82.143
2018-10-09 09:00:00,78.957,80.565,79.273,82.143
2018-10-09 10:00:00,78.957,80.565,79.273,82.143
2018-10-09 11:00:00,85.082,83.564,80.712,90.997
2018-10-09 12:00:00,85.082,83.564,80.712,90.997
2018-10-09 13:00:00,85.082,83.564,80.712,90.997
2018-10-09 14:00:00,85.082,83.564,80.712,90.997
2018-10-09 15:00:00,85.082,83.564,80.712,90.997
2018-10-09 16:00:00,85.082,83.564,80.712,90.997
2018-10-09 17:00:00,91.022,92.37,91.348,86.655
2018-10-09 18:00:00,91.022,92.37,91.348,86.655
2018-10-09 19:00:00,91.022,92.37,91.348,86.655
2018-10-09 20:00:00,91.022,92.37,91.348,86.655
2018-10-09 21:00:00,91.022,92.37,91.348,86.655
2018-10-09 22:00:00,91.022,92.37,91.348,86.655
2018-10-09 23:00:00,94.46,92.796,89.732,88.418
2018-10-10 00:00:00,94.46,92.796,89.732,88.418
2018-10-10 01:00:00,94.46,92.796,89.732,88.418
2018-10-10 02:00:00,94.46,92.796,89.732,88.418
2018-10-10 03:00:00,94.46,92.796,89.732,88.418
2018-10-10 04:00:00,94.46,92.796,89.732,88.418
2018-10-10 05:00:00,96.224,82.113,93.042,78.947
2018-10-10 06:00:00,96.224,82.113,93.042,78.947
2018-10-10 07:00:00,96.224,82.113,93.042,78.947
2018-10-10 08:00:00,96.224,82.113,93.042,78.947
2018-10-10 09:00:00,96.224,82.113,93.042,78.947
2018-10-10 10:00:00,96.224,82.113,93.042,78.947
2018-10-10 11:00:00,86.062,89.612,87.734,85.74
2018-10-10 12:00:00,86.062,89.612,87.734,85.74
2018-10-10 13:00:00,86.062,89.612,87.734,85.74
2018-10-10 14:00:00,86.062,89.612,87.734,85.74
2018-10-10 15:00:00,86.062,89.612,87.734,85.74
2018-10-10 16:00:00,86.062,89.612,87.734,85.74
2018-10-10 17:00:00,94.142,93.829,91.613,94.316
2018-10-10 18:00:00,94.142,93.829,91.613,94.316
2018-10-10 19:00:00,94.142,93.829,91.613,94.316
2018-10-10 20:00:00,94.142,93.829,91.613,94.316
2018-10-10 21:00:00,94.142,93.829,91.613,94.316
2018-10-10 22:00:00,94.142,93.829,91.613,94.316
2018-10-10 23:00:00,100.289,100.917,99.375,100.842
2018-10-11 00:00:00,100.289,100.917,99.375,100.842
2018-10-11 01:00:00,100.289,100.917,99.375,100.842
2018-10-11 02:00:00,100.289,100.917,99.375,100.842
2018-10-11 03:00:00,100.289,100.917,99.375,100.842
2018-10-11 04:00:00,100.289,100.917,99.375,100.842
2018-10-11 05:00:00,105.865,105.743,103.666,101.921
2018-10-11 06:00:00,105.865,105.743,103.666,101.921
2018-10-11 07:00:00,105.865,105.743,103.666,101.921
2018-10-11 08:00:00,105.865,105.743,103.666,101.921
2018-10-11 09:00:00,105.865,105.743,103.666,101.921
2018-10-11 10:00:00,105.865,105.743,103.666,101.921
2018-10-11 11:00:00,108.451,112.379,113.214,117.676
2018-10-11 12:00:00,108.451,112.379,113.214,117.676
2018-10-11 13:00:00,108.451,112.379,113.214,117.676
2018-10-11 14:00:00,108.451,112.379,113.214,117.676
2018-10-11 15:00:00,108.451,112.379,113.214,117.676
2018-10-11 16:00:00,108.451,112.379,113.214,117.676
2018-10-11 17:00:00,120.333,121.709,119.923,117.217
2018-10-11 18:00:00,120.333,121.709,119.923,117.217
2018-10-11 19:00:00,120.333,121.709,119.923,117.217
2018-10-11 20:00:00,120.333,121.709,119.923,117.217
2018-10-11 21:00:00,120.333,121.709,119.923,117.217
2018-10-11 22:00:00,120.333,121.709,119.923,117.217
2018-10-11 23:00:00,123.13,121.324,118.159,113.391
2018-10-12 00:00:00,123.13,121.324,118.159,113.391
2018-10-12 01:00:00,123.13,121.324,118.159,113.391
2018-10-12 02:00:00,123.13,121.324,118.159,113.391
2018-10-12 03:00:00,123.13,121.324,118.159,113.391
2018-10-12 04:00:00,123.13,121.324,118.159,113.391
2018-10-12 05:00:00,95.298,100.761,103.854,90.206
2018-10-12 06:00:00,95.298,100.761,103.854,90.206
2018-10-12 07:00:00,95.298,100.761,103.854,90.206
2018-10-12 08:00:00,95.298,100.761,103.854,90.206
2018-10-12 09:00:00,95.298,100.761,103.854,90.206
2018-10-12 10:00:00,95.298,100.761,103.854,90.206
2018-10-12 11:00:00,102.268,102.862,102.547,89.49
2018-10-12 12:00:00,102.268,102.862,102.547,89.49
2018-10-12 13:00:00,102.268,102.862,102.547,89.49
2018-10-12 14:00:00,102.268,102.862,102.547,89.49
2018-10-12 15:00:00,102.268,102.862,102.547,89.49
2018-10-12 16:00:00,102.268,102.862,102.547,89.49
2018-10-12 17:00:00,102.245,99.481,95.155,96.465
2018-10-12 18:00:00,102.245,99.481,95.155,96.465
2018-10-12 19:00:00,102.245,99.481,95.155,96.465
2018-10-12 20:00:00,102.245,99.481,95.155,96.465
2018-10-12 21:00:00,102.245,99.481,95.155,96.465
2018-10-12 22:00:00,102.245,99.481,95.155,96.465
2018-10-12 23:00:00,103.373,102.878,100.834,100.756
2018-10-13 00:00:00,103.373,102.878,100.834,100.756
2018-10-13 01:00:00,103.373,102.878,100.834,100.756
2018-10-13 02:00:00,103.373,102.878,100.834,100.756
2018-10-13 03:00:00,103.373,102.878,100.834,100.756
2018-10-13 04:00:00,103.373,102.878,100.834,100.756
2018-10-13 05:00:00,88.0,89.552,88.562,87.313
2018-10-13 06:00:00,88.0,89.552,88.562,87.313
2018-10-13 07:00:00,88.0,89.552,88.562,87.313
2018-10-13 08:00:00,88.0,89.552,88.562,87.313
2018-10-13 09:00:00,88.0,89.552,88.562,87.313
2018-10-13 10:00:00,88.0,89.552,88.562,87.313
2018-10-13 11:00:00,93.227,92.721,89.875,87.307
2018-10-13 12:00:00,93.227,92.721,89.875,87.307
2018-10-13 13:00:00,93.227,92.721,89.875,87.307
2018-10-13 14:00:00,93.227,92.721,89.875,87.307
2018-10-13 15:00:00,93.227,92.721,89.875,87.307
2018-10-13 16:00:00,93.227,92.721,89.875,87.307
2018-10-13 17:00:00,96.985,95.67,92.499,92.984
2018-10-13 18:00:00,96.985,95.67,92.499,92.984
2018-10-13 19:00:00,96.985,95.67,92.499,92.984
2018-10-13 20:00:00,96.985,95.67,92.499,92.984
2018-10-13 21:00:00,96.985,95.67,92.499,92.984
2018-10-13 22:00:00,96.985,95.67,92.499,92.984
2018-10-13 23:00:00,99.764,99.413,97.311,97.229
2018-10-14 00:00:00,99.764,99.413,97.311,97.229
2018-10-14 01:00:00,99.764,99.413,97.311,97.229
2018-10-14 02:00:00,99.764,99.413,97.311,97.229
2018-10-14 03:00:00,99.764,99.413,97.311,97.229
2018-10-14 04:00:00,99.764,99.413,97.311,97.229
2018-10-14 05:00:00,88.598,90.712,89.136,84.506
2018-10-14 06:00:00,88.598,90.712,89.136,84.506
2018-10-14 07:00:00,88.598,90.712,89.136,84.506
2018-10-14 08:00:00,88.598,90.712,89.136,84.506
2018-10-14 09:00:00,88.598,90.712,89.136,84.506
2018-10-14 10:00:00,88.598,90.712,89.136,84.506
2018-10-14 11:00:00,92.128,90.448,87.098,84.42
2018-10-14 12:00:00,92.128,90.448,87.098,84.42
2018-10-14 13:00:00,92.128,90.448,87.098,84.42
2018-10-14 14:00:00,92.128,90.448,87.098,84.42
2018-10-14 15:00:00,92.128,90.448,87.098,84.42
2018-10-14 16:00:00,92.128,90.448,87.098,84.42
2018-10-14 17:00:00,86.06,83.847,80.995,74.076
2018-10-14 18:00:00,86.06,83.847,80.995,74.076
2018-10-14 19:00:00,86.06,83.847,80.995,74.076
2018-10-14 20:00:00,86.06,83.847,80.995,74.076
2018-10-14 21:00:00,86.06,83.847,80.995,74.076
2018-10-14 22:00:00,86.06,83.847,80.995,74.076
2018-10-14 23:00:00,82.564,79.34,75.572,70.891
2018-10-15 00:00:00,82.564,79.34,75.572,70.891
2018-10-15 01:00:00,82.564,79.34,75.572,70.891
2018-10-15 02:00:00,82.564,79.34,75.572,70.891
2018-10-15 03:00:00,82.564,79.34,75.572,70.891
2018-10-15 04:00:00,82.564,79.34,75.572,70.891
2018-10-15 05:00:00,79.81,77.584,74.685,73.919
2018-10-15 06:00:00,79.81,77.584,74.685,73.919
2018-10-15 07:00:00,79.81,77.584,74.685,73.919
2018-10-15 08:00:00,79.81,77.584,74.685,73.919
2018-10-15 09:00:00,79.81,77.584,74.685,73.919
2018-10-15 10:00:00,79.81,77.584,74.685,73.919
2018-10-15 11:00:00,105.129,94.863,87.943,90.024
2018-10-15 12:00:00,105.129,94.863,87.943,90.024
2018-10-15 13:00:00,105.129,94.863,87.943,90.024
2018-10-15 14:00:00,105.129,94.863,87.943,90.024
2018-10-15 15:00:00,105.129,94.863,87.943,90.024
2018-10-15 16:00:00,105.129,94.863,87.943,90.024
2018-10-15 17:00:00,96.483,94.919,93.035,91.032
2018-10-15 18:00:00,96.483,94.919,93.035,91.032
2018-10-15 19:00:00,96.483,94.919,93.035,91.032
2018-10-15 20:00:00,96.483,94.919,93.035,91.032
2018-10-15 21:00:00,96.483,94.919,93.035,91.032
2018-10-15 22:00:00,96.483,94.919,93.035,91.032
2018-10-15 23:00:00,96.921,95.56,92.842,88.959
2018-10-16 00:00:00,96.921,95.56,92.842,88.959
2018-10-16 01:00:00,96.921,95.56,92.842,88.959
2018-10-16 02:00:00,96.921,95.56,92.842,88.959
2018-10-16 03:00:00,96.921,95.56,92.842,88.959
2018-10-16 04:00:00,96.921,95.56,92.842,88.959
2018-10-16 05:00:00,94.855,97.629,97.811,92.705
2018-10-16 06:00:00,94.855,97.629,97.811,92.705
2018-10-16 07:00:00,94.855,97.629,97.811,92.705
2018-10-16 08:00:00,94.855,97.629,97.811,92.705
2018-10-16 09:00:00,94.855,97.629,97.811,92.705
2018-10-16 10:00:00,94.855,97.629,97.811,92.705
2018-10-16 11:00:00,95.747,93.03,90.501,92.686
2018-10-16 12:00:00,95.747,93.03,90.501,92.686
2018-10-16 13:00:00,95.747,93.03,90.501,92.686
2018-10-16 14:00:00,95.747,93.03,90.501,92.686
2018-10-16 15:00:00,95.747,93.03,90.501,92.686
2018-10-16 16:00:00,95.747,93.03,90.501,92.686
2018-10-16 17:00:00,96.753,96.299,94.187,89.985
2018-10-16 18:00:00,96.753,96.299,94.187,89.985
2018-10-16 19:00:00,96.753,96.299,94.187,89.985
2018-10-16 20:00:00,96.753,96.299,94.187,89.985
2018-10-16 21:00:00,96.753,96.299,94.187,89.985
2018-10-16 22:00:00,96.753,96.299,94.187,89.985
2018-10-16 23:00:00,97.657,95.974,93.076,90.931
2018-10-17 00:00:00,97.657,95.974,93.076,90.931
2018-10-17 01:00:00,97.657,95.974,93.076,90.931
2018-10-17 02:00:00,97.657,95.974,93.076,90.931
2018-10-17 03:00:00,97.657,95.974,93.076,90.931
2018-10-17 04:00:00,97.657,95.974,93.076,90.931
2018-10-17 05:00:00,84.285,85.722,85.478,78.696
2018-10-17 06:00:00,84.285,85.722,85.478,78.696
2018-10-17 07:00:00,84.285,85.722,85.478,78.696
2018-10-17 08:00:00,84.285,85.722,85.478,78.696
2018-10-17 09:00:00,84.285,85.722,85.478,78.696
2018-10-17 10:00:00,84.285,85.722,85.478,78.696
2018-10-17 11:00:00,87.278,78.958,72.916,77.536
2018-10-17 12:00:00,87.278,78.958,72.916,77.536
2018-10-17 13:00:00,87.278,78.958,72.916,77.536
2018-10-17 14:00:00,87.278,78.958,72.916,77.536
2018-10-17 15:00:00,87.278,78.958,72.916,77.536
2018-10-17 16:00:00,87.278,78.958,72.916,77.536
2018-10-17 17:00:00,82.514,82.089,80.469,78.531
2018-10-17 18:00:00,82.514,82.089,80.469,78.531
2018-10-17 19:00:00,82.514,82.089,80.469,78.531
2018-10-17 20:00:00,82.514,82.089,80.469,78.531
2018-10-17 21:00:00,82.514,82.089,80.469,78.531
2018-10-17 22:00:00,82.514,82.089,80.469,78.531
2018-10-17 23:00:00,85.534,85.027,82.503,81.795
2018-10-18 00:00:00,85.534,85.027,82.503,81.795
2018-10-18 01:00:00,85.534,85.027,82.503,81.795
2018-10-18 02:00:00,85.534,85.027,82.503,81.795
2018-10-18 03:00:00,85.534,85.027,82.503,81.795
2018-10-18 04:00:00,85.534,85.027,82.503,81.795
2018-10-18 05:00:00,74.829,78.793,79.647,77.577
2018-10-18 06:00:00,74.829,78.793,79.647,77.577
2018-10-18 07:00:00,74.829,78.793,79.647,77.577
2018-10-18 08:00:00,74.829,78.793,79.647,77.577
2018-10-18 09:00:00,74.829,78.793,79.647,77.577
2018-10-18 10:00:00,74.829,78.793,79.647,77.577
2018-10-18 11:00:00,83.705,81.47,79.672,77.053
2018-10-18 12:00:00,83.705,81.47,79.672,77.053
2018-10-18 13:00:00,83.705,81.47,79.672,77.053
2018-10-18 14:00:00,83.705,81.47,79.672,77.053
2018-10-18 15:00:00,83.705,81.47,79.672,77.053
2018-10-18 16:00:00,83.705,81.47,79.672,77.053
2018-10-18 17:00:00,84.141,83.226,80.334,78.505
2018-10-18 18:00:00,84.141,83.226,80.334,78.505
2018-10-18 19:00:00,84.141,83.226,80.334,78.505
2018-10-18 20:00:00,84.141,83.226,80.334,78.505
2018-10-18 21:00:00,84.141,83.226,80.334,78.505
2018-10-18 22:00:00,84.141,83.226,80.334,78.505
2018-10-18 23:00:00,85.972,85.101,82.58,82.009
2018-10-19 00:00:00,85.972,85.101,82.58,82.009
2018-10-19 01:00:00,85.972,85.101,82.58,82.009
2018-10-19 02:00:00,85.972,85.101,82.58,82.009
2018-10-19 03:00:00,85.972,85.101,82.58,82.009
2018-10-19 04:00:00,85.972,85.101,82.58,82.009
2018-10-19 05:00:00,82.326,84.713,85.321,91.281
2018-10-19 06:00:00,82.326,84.713,85.321,91.281
2018-10-19 07:00:00,82.326,84.713,85.321,91.281
2018-10-19 08:00:00,82.326,84.713,85.321,91.281
2018-10-19 09:00:00,82.326,84.713,85.321,91.281
2018-10-19 10:00:00,82.326,84.713,85.321,91.281
2018-10-19 11:00:00,97.282,96.211,95.118,90.218
2018-10-19 12:00:00,97.282,96.211,95.118,90.218
2018-10-19 13:00:00,97.282,96.211,95.118,90.218
2018-10-19 14:00:00,97.282,96.211,95.118,90.218
2018-10-19 15:00:00,97.282,96.211,95.118,90.218
2018-10-19 16:00:00,97.282,96.211,95.118,90.218
2018-10-19 17:00:00,96.692,94.607,90.95,85.219
2018-10-19 18:00:00,96.692,94.607,90.95,85.219
2018-10-19 19:00:00,96.692,94.607,90.95,85.219
2018-10-19 20:00:00,96.692,94.607,90.95,85.219
2018-10-19 21:00:00,96.692,94.607,90.95,85.219
2018-10-19 22:00:00,96.692,94.607,90.95,85.219
2018-10-19 23:00:00,93.533,90.617,87.102,82.984
2018-10-20 00:00:00,93.533,90.617,87.102,82.984
2018-10-20 01:00:00,93.533,90.617,87.102,82.984
2018-10-20 02:00:00,93.533,90.617,87.102,82.984
2018-10-20 03:00:00,93.533,90.617,87.102,82.984
2018-10-20 04:00:00,93.533,90.617,87.102,82.984
2018-10-20 05:00:00,80.262,86.343,88.742,83.206
2018-10-20 06:00:00,80.262,86.343,88.742,83.206
2018-10-20 07:00:00,80.262,86.343,88.742,83.206
2018-10-20 08:00:00,80.262,86.343,88.742,83.206
2018-10-20 09:00:00,80.262,86.343,88.742,83.206
2018-10-20 10:00:00,80.262,86.343,88.742,83.206
2018-10-20 11:00:00,76.026,75.717,86.897,83.82
2018-10-20 12:00:00,76.026,75.717,86.897,83.82
2018-10-20 13:00:00,76.026,75.717,86.897,83.82
2018-10-20 14:00:00,76.026,75.717,86.897,83.82
2018-10-20 15:00:00,76.026,75.717,86.897,83.82
2018-10-20 16:00:00,76.026,75.717,86.897,83.82
2018-10-20 17:00:00,83.959,86.242,85.207,80.971
2018-10-20 18:00:00,83.959,86.242,85.207,80.971
2018-10-20 19:00:00,83.959,86.242,85.207,80.971
2018-10-20 20:00:00,83.959,86.242,85.207,80.971
2018-10-20 21:00:00,83.959,86.242,85.207,80.971
2018-10-20 22:00:00,83.959,86.242,85.207,80.971
2018-10-20 23:00:00,88.056,86.667,83.586,80.549
2018-10-21 00:00:00,88.056,86.667,83.586,80.549
2018-10-21 01:00:00,88.056,86.667,83.586,80.549
2018-10-21 02:00:00,88.056,86.667,83.586,80.549
2018-10-21 03:00:00,88.056,86.667,83.586,80.549
2018-10-21 04:00:00,88.056,86.667,83.586,80.549
2018-10-21 05:00:00,74.232,74.395,72.778,74.08
2018-10-21 06:00:00,74.232,74.395,72.778,74.08
2018-10-21 07:00:00,74.232,74.395,72.778,74.08
2018-10-21 08:00:00,74.232,74.395,72.778,74.08
2018-10-21 09:00:00,74.232,74.395,72.778,74.08
2018-10-21 10:00:00,74.232,74.395,72.778,74.08
2018-10-21 11:00:00,79.037,79.321,77.091,74.915
2018-10-21 12:00:00,79.037,79.321,77.091,74.915
2018-10-21 13:00:00,79.037,79.321,77.091,74.915
2018-10-21 14:00:00,79.037,79.321,77.091,74.915
2018-10-21 15:00:00,79.037,79.321,77.091,74.915
2018-10-21 16:00:00,79.037,79.321,77.091,74.915
2018-10-21 17:00:00,77.215,76.439,73.754,71.087
2018-10-21 18:00:00,77.215,76.439,73.754,71.087
2018-10-21 19:00:00,77.215,76.439,73.754,71.087
2018-10-21 20:00:00,77.215,76.439,73.754,71.087
2018-10-21 21:00:00,77.215,76.439,73.754,71.087
2018-10-21 22:00:00,77.215,76.439,73.754,71.087
2018-10-21 23:00:00,80.218,79.981,77.665,80.951
2018-10-22 00:00:00,80.218,79.981,77.665,80.951
2018-10-22 01:00:00,80.218,79.981,77.665,80.951
2018-10-22 02:00:00,80.218,79.981,77.665,80.951
2018-10-22 03:00:00,80.218,79.981,77.665,80.951
2018-10-22 04:00:00,80.218,79.981,77.665,80.951
2018-10-22 05:00:00,87.958,89.995,88.922,94.176
2018-10-22 06:00:00,87.958,89.995,88.922,94.176
2018-10-22 07:00:00,87.958,89.995,88.922,94.176
2018-10-22 08:00:00,87.958,89.995,88.922,94.176
2018-10-22 09:00:00,87.958,89.995,88.922,94.176
2018-10-22 10:00:00,87.958,89.995,88.922,94.176
2018-10-22 11:00:00,95.81,87.576,80.635,90.776
2018-10-22 12:00:00,95.81,87.576,80.635,90.776
2018-10-22 13:00:00,95.81,87.576,80.635,90.776
2018-10-22 14:00:00,95.81,87.576,80.635,90.776
2018-10-22 15:00:00,95.81,87.576,80.635,90.776
2018-10-22 16:00:00,95.81,87.576,80.635,90.776
2018-10-22 17:00:00,94.853,96.276,95.837,96.754
2018-10-22 18:00:00,94.853,96.276,95.837,96.754
2018-10-22 19:00:00,94.853,96.276,95.837,96.754
2018-10-22 20:00:00,94.853,96.276,95.837,96.754
2018-10-22 21:00:00,94.853,96.276,95.837,96.754
2018-10-22 22:00:00,94.853,96.276,95.837,96.754
2018-10-22 23:00:00,102.997,103.967,102.084,102.903
2018-10-23 00:00:00,102.997,103.967,102.084,102.903
2018-10-23 01:00:00,102.997,103.967,102.084,102.903
2018-10-23 02:00:00,102.997,103.967,102.084,102.903
2018-10-23 03:00:00,102.997,103.967,102.084,102.903
2018-10-23 04:00:00,102.997,103.967,102.084,102.903
2018-10-23 05:00:00,89.963,95.745,96.577,91.395
2018-10-23 06:00:00,89.963,95.745,96.577,91.395
2018-10-23 07:00:00,89.963,95.745,96.577,91.395
2018-10-23 08:00:00,89.963,95.745,96.577,91.395
2018-10-23 09:00:00,89.963,95.745,96.577,91.395
2018-10-23 10:00:00,89.963,95.745,96.577,91.395
2018-10-23 11:00:00,102.784,99.295,95.068,102.215
2018-10-23 12:00:00,102.784,99.295,95.068,102.215
2018-10-23 13:00:00,102.784,99.295,95.068,102.215
2018-10-23 14:00:00,102.784,99.295,95.068,102.215
2018-10-23 15:00:00,102.784,99.295,95.068,102.215
2018-10-23 16:00:00,102.784,99.295,95.068,102.215
2018-10-23 17:00:00,106.22,107.256,106.151,105.172
2018-10-23 18:00:00,106.22,107.256,106.151,105.172
2018-10-23 19:00:00,106.22,107.256,106.151,105.172
2018-10-23 20:00:00,106.22,107.256,106.151,105.172
2018-10-23 21:00:00,106.22,107.256,106.151,105.172
2018-10-23 22:00:00,106.22,107.256,106.151,105.172
2018-10-23 23:00:00,110.976,110.414,107.782,104.769
2018-10-24 00:00:00,110.976,110.414,107.782,104.769
2018-10-24 01:00:00,110.976,110.414,107.782,104.769
2018-10-24 02:00:00,110.976,110.414,107.782,104.769
2018-10-24 03:00:00,110.976,110.414,107.782,104.769
2018-10-24 04:00:00,110.976,110.414,107.782,104.769
2018-10-24 05:00:00,108.352,108.665,107.442,107.352
2018-10-24 06:00:00,108.352,108.665,107.442,107.352
2018-10-24 07:00:00,108.352,108.665,107.442,107.352
2018-10-24 08:00:00,108.352,108.665,107.442,107.352
2018-10-24 09:00:00,108.352,108.665,107.442,107.352
2018-10-24 10:00:00,108.352,108.665,107.442,107.352
2018-10-24 11:00:00,114.654,107.262,100.735,116.949
2018-10-24 12:00:00,114.654,107.262,100.735,116.949
2018-10-24 13:00:00,114.654,107.262,100.735,116.949
2018-10-24 14:00:00,114.654,107.262,100.735,116.949
2018-10-24 15:00:00,114.654,107.262,100.735,116.949
2018-10-24 16:00:00,114.654,107.262,100.735,116.949
2018-10-24 17:00:00,115.798,117.609,117.397,111.826
2018-10-24 18:00:00,115.798,117.609,117.397,111.826
2018-10-24 19:00:00,115.798,117.609,117.397,111.826
2018-10-24 20:00:00,115.798,117.609,117.397,111.826
2018-10-24 21:00:00,115.798,117.609,117.397,111.826
2018-10-24 22:00:00,115.798,117.609,117.397,111.826
2018-10-24 23:00:00,117.313,114.768,110.769,102.495
2018-10-25 00:00:00,117.313,114.768,110.769,102.495
2018-10-25 01:00:00,117.313,114.768,110.769,102.495
2018-10-25 02:00:00,117.313,114.768,110.769,102.495
2018-10-25 03:00:00,117.313,114.768,110.769,102.495
2018-10-25 04:00:00,117.313,114.768,110.769,102.495
2018-10-25 05:00:00,112.252,108.61,104.751,101.008
2018-10-25 06:00:00,112.252,108.61,104.751,101.008
2018-10-25 07:00:00,112.252,108.61,104.751,101.008
2018-10-25 08:00:00,112.252,108.61,104.751,101.008
2018-10-25 09:00:00,112.252,108.61,104.751,101.008
2018-10-25 10:00:00,112.252,108.61,104.751,101.008
2018-10-25 11:00:00,113.289,104.111,96.652,87.699
2018-10-25 12:00:00,113.289,104.111,96.652,87.699
2018-10-25 13:00:00,113.289,104.111,96.652,87.699
2018-10-25 14:00:00,113.289,104.111,96.652,87.699
2018-10-25 15:00:00,113.289,104.111,96.652,87.699
2018-10-25 16:00:00,113.289,104.111,96.652,87.699
2018-10-25 17:00:00,100.79,96.695,93.228,94.042
2018-10-25 18:00:00,100.79,96.695,93.228,94.042
2018-10-25 19:00:00,100.79,96.695,93.228,94.042
2018-10-25 20:00:00,100.79,96.695,93.228,94.042
2018-10-25 21:00:00,100.79,96.695,93.228,94.042
2018-10-25 22:00:00,100.79,96.695,93.228,94.042
2018-10-25 23:00:00,101.699,101.782,100.047,101.714
2018-10-26 00:00:00,101.699,101.782,100.047,101.714
2018-10-26 01:00:00,101.699,101.782,100.047,101.714
2018-10-26 02:00:00,101.699,101.782,100.047,101.714
2018-10-26 03:00:00,101.699,101.782,100.047,101.714
2018-10-26 04:00:00,101.699,101.782,100.047,101.714
2018-10-26 05:00:00,98.249,97.985,96.315,98.299
2018-10-26 06:00:00,98.249,97.985,96.315,98.299
2018-10-26 07:00:00,98.249,97.985,96.315,98.299
2018-10-26 08:00:00,98.249,97.985,96.315,98.299
2018-10-26 09:00:00,98.249,97.985,96.315,98.299
2018-10-26 10:00:00,98.249,97.985,96.315,98.299
2018-10-26 11:00:00,123.733,113.171,106.07,108.51
2018-10-26 12:00:00,123.733,113.171,106.07,108.51
2018-10-26 13:00:00,123.733,113.171,106.07,108.51
2018-10-26 14:00:00,123.733,113.171,106.07,108.51
2018-10-26 15:00:00,123.733,113.171,106.07,108.51
2018-10-26 16:00:00,123.733,113.171,106.07,108.51
2018-10-26 17:00:00,115.099,113.53,111.503,108.944
2018-10-26 18:00:00,115.099,113.53,111.503,108.944
2018-10-26 19:00:00,115.099,113.53,111.503,108.944
2018-10-26 20:00:00,115.099,113.53,111.503,108.944
2018-10-26 21:00:00,115.099,113.53,111.503,108.944
2018-10-26 22:00:00,115.099,113.53,111.503,108.944
2018-10-26 23:00:00,115.106,113.198,110.082,104.817
2018-10-27 00:00:00,115.106,113.198,110.082,104.817
2018-10-27 01:00:00,115.106,113.198,110.082,104.817
2018-10-27 02:00:00,115.106,113.198,110.082,104.817
2018-10-27 03:00:00,115.106,113.198,110.082,104.817
2018-10-27 04:00:00,115.106,113.198,110.082,104.817
2018-10-27 05:00:00,113.067,110.132,106.76,102.534
2018-10-27 06:00:00,113.067,110.132,106.76,102.534
2018-10-27 07:00:00,113.067,110.132,106.76,102.534
2018-10-27 08:00:00,113.067,110.132,106.76,102.534
2018-10-27 09:00:00,113.067,110.132,106.76,102.534
2018-10-27 10:00:00,113.067,110.132,106.76,102.534
2018-10-27 11:00:00,97.453,95.51,91.426,96.442
2018-10-27 12:00:00,97.453,95.51,91.426,96.442
2018-10-27 13:00:00,97.453,95.51,91.426,96.442
2018-10-27 14:00:00,97.453,95.51,91.426,96.442
2018-10-27 15:00:00,97.453,95.51,91.426,96.442
2018-10-27 16:00:00,97.453,95.51,91.426,96.442
2018-10-27 17:00:00,101.287,101.392,99.8,97.742
2018-10-27 18:00:00,101.287,101.392,99.8,97.742
2018-10-27 19:00:00,101.287,101.392,99.8,97.742
2018-10-27 20:00:00,101.287,101.392,99.8,97.742
2018-10-27 21:00:00,101.287,101.392,99.8,97.742
2018-10-27 22:00:00,101.287,101.392,99.8,97.742
2018-10-27 23:00:00,105.035,104.113,101.438,99.609
2018-10-28 00:00:00,105.035,104.113,101.438,99.609
2018-10-28 01:00:00,105.035,104.113,101.438,99.609
2018-10-28 02:00:00,105.035,104.113,101.438,99.609
2018-10-28 03:00:00,105.035,104.113,101.438,99.609
2018-10-28 04:00:00,105.035,104.113,101.438,99.609
2018-10-28 05:00:00,107.097,105.716,103.157,101.118
2018-10-28 06:00:00,107.097,105.716,103.157,101.118
2018-10-28 07:00:00,107.097,105.716,103.157,101.118
2018-10-28 08:00:00,107.097,105.716,103.157,101.118
2018-10-28 09:00:00,107.097,105.716,103.157,101.118
2018-10-28 10:00:00,107.097,105.716,103.157,101.118
2018-10-28 11:00:00,91.459,93.268,92.282,89.755
2018-10-28 12:00:00,91.459,93.268,92.282,89.755
2018-10-28 13:00:00,91.459,93.268,92.282,89.755
2018-10-28 14:00:00,91.459,93.268,92.282,89.755
2018-10-28 15:00:00,91.459,93.268,92.282,89.755
2018-10-28 16:00:00,91.459,93.268,92.282,89.755
2018-10-28 17:00:00,96.209,94.417,91.206,86.048
2018-10-28 18:00:00,96.209,94.417,91.206,86.048
2018-10-28 19:00:00,96.209,94.417,91.206,86.048
2018-10-28 20:00:00,96.209,94.417,91.206,86.048
2018-10-28 21:00:00,96.209,94.417,91.206,86.048
2018-10-28 22:00:00,96.209,94.417,91.206,86.048
2018-10-28 23:00:00,96.173,93.576,90.482,89.566
2018-10-29 00:00:00,96.173,93.576,90.482,89.566
2018-10-29 01:00:00,96.173,93.576,90.482,89.566
2018-10-29 02:00:00,96.173,93.576,90.482,89.566
2018-10-29 03:00:00,96.173,93.576,90.482,89.566
2018-10-29 04:00:00,96.173,93.576,90.482,89.566
2018-10-29 05:00:00,98.81,98.035,96.086,98.214
2018-10-29 06:00:00,98.81,98.035,96.086,98.214
2018-10-29 07:00:00,98.81,98.035,96.086,98.214
2018-10-29 08:00:00,98.81,98.035,96.086,98.214
2018-10-29 09:00:00,98.81,98.035,96.086,98.214
2018-10-29 10:00:00,98.81,98.035,96.086,98.214
2018-10-29 11:00:00,99.265,91.613,84.395,89.511
2018-10-29 12:00:00,99.265,91.613,84.395,89.511
2018-10-29 13:00:00,99.265,91.613,84.395,89.511
2018-10-29 14:00:00,99.265,91.613,84.395,89.511
2018-10-29 15:00:00,99.265,91.613,84.395,89.511
2018-10-29 16:00:00,99.265,91.613,84.395,89.511
2018-10-29 17:00:00,95.373,93.912,92.202,89.978
2018-10-29 18:00:00,95.373,93.912,92.202,89.978
2018-10-29 19:00:00,95.373,93.912,92.202,89.978
2018-10-29 20:00:00,95.373,93.912,92.202,89.978
2018-10-29 21:00:00,95.373,93.912,92.202,89.978
2018-10-29 22:00:00,95.373,93.912,92.202,89.978
2018-10-29 23:00:00,98.321,97.153,94.555,94.169
2018-10-30 00:00:00,98.321,97.153,94.555,94.169
2018-10-30 01:00:00,98.321,97.153,94.555,94.169
2018-10-30 02:00:00,98.321,97.153,94.555,94.169
2018-10-30 03:00:00,98.321,97.153,94.555,94.169
2018-10-30 04:00:00,98.321,97.153,94.555,94.169
2018-10-30 05:00:00,82.392,87.975,87.716,83.853
2018-10-30 06:00:00,82.392,87.975,87.716,83.853
2018-10-30 07:00:00,82.392,87.975,87.716,83.853
2018-10-30 08:00:00,82.392,87.975,87.716,83.853
2018-10-30 09:00:00,82.392,87.975,87.716,83.853
2018-10-30 10:00:00,82.392,87.975,87.716,83.853
2018-10-30 11:00:00,92.231,87.28,81.515,86.335
2018-10-30 12:00:00,92.231,87.28,81.515,86.335
2018-10-30 13:00:00,92.231,87.28,81.515,86.335
2018-10-30 14:00:00,92.231,87.28,81.515,86.335
2018-10-30 15:00:00,92.231,87.28,81.515,86.335
2018-10-30 16:00:00,92.231,87.28,81.515,86.335
2018-10-30 17:00:00,92.82,92.649,91.195,91.251
2018-10-30 18:00:00,92.82,92.649,91.195,91.251
2018-10-30 19:00:00,92.82,92.649,91.195,91.251
2018-10-30 20:00:00,92.82,92.649,91.195,91.251
2018-10-30 21:00:00,92.82,92.649,91.195,91.251
2018-10-30 22:00:00,92.82,92.649,91.195,91.251
2018-10-30 23:00:00,99.621,100.204,98.35,101.205
2018-10-31 00:00:00,99.621,100.204,98.35,101.205
2018-10-31 01:00:00,99.621,100.204,98.35,101.205
2018-10-31 02:00:00,99.621,100.204,98.35,101.205
2018-10-31 03:00:00,99.621,100.204,98.35,101.205
2018-10-31 04:00:00,99.621,100.204,98.35,101.205
2018-10-31 05:00:00,88.125,97.993,102.492,108.221
2018-10-31 06:00:00,88.125,97.993,102.492,108.221
2018-10-31 07:00:00,88.125,97.993,102.492,108.221
2018-10-31 08:00:00,88.125,97.993,102.492,108.221
2018-10-31 09:00:00,88.125,97.993,102.492,108.221
2018-10-31 10:00:00,88.125,97.993,102.492,108.221
2018-10-31 11:00:00,112.72,116.347,116.271,114.595
2018-10-31 12:00:00,112.72,116.347,116.271,114.595
2018-10-31 13:00:00,112.72,116.347,116.271,114.595
2018-10-31 14:00:00,112.72,116.347,116.271,114.595
2018-10-31 15:00:00,112.72,116.347,116.271,114.595
2018-10-31 16:00:00,112.72,116.347,116.271,114.595
2018-10-31 17:00:00,120.244,119.407,116.338,111.493
2018-10-31 18:00:00,120.244,119.407,116.338,111.493
2018-10-31 19:00:00,120.244,119.407,116.338,111.493
2018-10-31 20:00:00,120.244,119.407,116.338,111.493
2018-10-31 21:00:00,120.244,119.407,116.338,111.493
2018-10-31 22:00:00,120.244,119.407,116.338,111.493
2018-10-31 23:00:00,119.731,117.154,113.655,109.276
2018-11-01 00:00:00,119.731,117.154,113.655,109.276
2018-11-01 01:00:00,119.731,117.154,113.655,109.276
2018-11-01 02:00:00,119.731,117.154,113.655,109.276
2018-11-01 03:00:00,119.731,117.154,113.655,109.276
2018-11-01 04:00:00,119.731,117.154,113.655,109.276
2018-11-01 05:00:00,97.151,112.91,119.98,111.168
2018-11-01 06:00:00,97.151,112.91,119.98,111.168
2018-11-01 07:00:00,97.151,112.91,119.98,111.168
2018-11-01 08:00:00,97.151,112.91,119.98,111.168
2018-11-01 09:00:00,97.151,112.91,119.98,111.168
2018-11-01 10:00:00,97.151,112.91,119.98,111.168
2018-11-01 11:00:00,114.425,114.949,114.723,112.723
2018-11-01 12:00:00,114.425,114.949,114.723,112.723
2018-11-01 13:00:00,114.425,114.949,114.723,112.723
2018-11-01 14:00:00,114.425,114.949,114.723,112.723
2018-11-01 15:00:00,114.425,114.949,114.723,112.723
2018-11-01 16:00:00,114.425,114.949,114.723,112.723
2018-11-01 17:00:00,119.218,118.013,110.623,100.305
2018-11-01 18:00:00,119.218,118.013,110.623,100.305
2018-11-01 19:00:00,119.218,118.013,110.623,100.305
2018-11-01 20:00:00,119.218,118.013,110.623,100.305
2018-11-01 21:00:00,119.218,118.013,110.623,100.305
2018-11-01 22:00:00,119.218,118.013,110.623,100.305
2018-11-01 23:00:00,120.272,118.046,97.385,85.61
2018-11-02 00:00:00,120.272,118.046,97.385,85.61
2018-11-02 01:00:00,120.272,118.046,97.385,85.61
2018-11-02 02:00:00,120.272,118.046,97.385,85.61
2018-11-02 03:00:00,120.272,118.046,97.385,85.61
2018-11-02 04:00:00,120.272,118.046,97.385,85.61
2018-11-02 05:00:00,120.423,118.043,86.546,79.756
2018-11-02 06:00:00,120.423,118.043,86.546,79.756
2018-11-02 07:00:00,120.423,118.043,86.546,79.756
2018-11-02 08:00:00,120.423,118.043,86.546,79.756
2018-11-02 09:00:00,120.423,118.043,86.546,79.756
2018-11-02 10:00:00,120.423,118.043,86.546,79.756
2018-11-02 11:00:00,117.519,118.169,106.683,112.843
2018-11-02 12:00:00,117.519,118.169,106.683,112.843
2018-11-02 13:00:00,117.519,118.169,106.683,112.843
2018-11-02 14:00:00,117.519,118.169,106.683,112.843
2018-11-02 15:00:00,117.519,118.169,106.683,112.843
2018-11-02 16:00:00,117.519,118.169,106.683,112.843
2018-11-02 17:00:00,132.442,123.85,105.591,111.068
2018-11-02 18:00:00,132.442,123.85,105.591,111.068
2018-11-02 19:00:00,132.442,123.85,105.591,111.068
2018-11-02 20:00:00,132.442,123.85,105.591,111.068
2018-11-02 21:00:00,132.442,123.85,105.591,111.068
2018-11-02 22:00:00,132.442,123.85,105.591,111.068
2018-11-02 23:00:00,122.624,118.234,114.85,112.743
2018-11-03 00:00:00,122.624,118.234,114.85,112.743
2018-11-03 01:00:00,122.624,118.234,114.85,112.743
2018-11-03 02:00:00,122.624,118.234,114.85,112.743
2018-11-03 03:00:00,122.624,118.234,114.85,112.743
2018-11-03 04:00:00,122.624,118.234,114.85,112.743
2018-11-03 05:00:00,121.192,118.193,119.948,122.28
2018-11-03 06:00:00,121.192,118.193,119.948,122.28
2018-11-03 07:00:00,121.192,118.193,119.948,122.28
2018-11-03 08:00:00,121.192,118.193,119.948,122.28
2018-11-03 09:00:00,121.192,118.193,119.948,122.28
2018-11-03 10:00:00,121.192,118.193,119.948,122.28
2018-11-03 11:00:00,105.635,98.97,91.851,92.733
2018-11-03 12:00:00,105.635,98.97,91.851,92.733
2018-11-03 13:00:00,105.635,98.97,91.851,92.733
2018-11-03 14:00:00,105.635,98.97,91.851,92.733
2018-11-03 15:00:00,105.635,98.97,91.851,92.733
2018-11-03 16:00:00,105.635,98.97,91.851,92.733
2018-11-03 17:00:00,107.492,102.321,97.958,99.959
2018-11-03 18:00:00,107.492,102.321,97.958,99.959
2018-11-03 19:00:00,107.492,102.321,97.958,99.959
2018-11-03 20:00:00,107.492,102.321,97.958,99.959
2018-11-03 21:00:00,107.492,102.321,97.958,99.959
2018-11-03 22:00:00,107.492,102.321,97.958,99.959
2018-11-03 23:00:00,109.14,109.298,107.679,110.37
2018-11-04 00:00:00,109.14,109.298,107.679,110.37
2018-11-04 01:00:00,109.14,109.298,107.679,110.37
2018-11-04 02:00:00,109.14,109.298,107.679,110.37
2018-11-04 03:00:00,109.14,109.298,107.679,110.37
2018-11-04 04:00:00,109.14,109.298,107.679,110.37
2018-11-04 05:00:00,118.495,119.931,118.5,121.939
2018-11-04 06:00:00,118.495,119.931,118.5,121.939
2018-11-04 07:00:00,118.495,119.931,118.5,121.939
2018-11-04 08:00:00,118.495,119.931,118.5,121.939
2018-11-04 09:00:00,118.495,119.931,118.5,121.939
2018-11-04 10:00:00,118.495,119.931,118.5,121.939
2018-11-04 11:00:00,127.364,128.888,126.497,133.784
2018-11-04 12:00:00,127.364,128.888,126.497,133.784
2018-11-04 13:00:00,127.364,128.888,126.497,133.784
2018-11-04 14:00:00,127.364,128.888,126.497,133.784
2018-11-04 15:00:00,127.364,128.888,126.497,133.784
2018-11-04 16:00:00,127.364,128.888,126.497,133.784
2018-11-04 17:00:00,128.522,126.427,122.567,120.278
2018-11-04 18:00:00,128.522,126.427,122.567,120.278
2018-11-04 19:00:00,128.522,126.427,122.567,120.278
2018-11-04 20:00:00,128.522,126.427,122.567,120.278
2018-11-04 21:00:00,128.522,126.427,122.567,120.278
2018-11-04 22:00:00,128.522,126.427,122.567,120.278
2018-11-04 23:00:00,126.213,122.674,119.057,109.432
2018-11-05 00:00:00,126.213,122.674,119.057,109.432
2018-11-05 01:00:00,126.213,122.674,119.057,109.432
2018-11-05 02:00:00,126.213,122.674,119.057,109.432
2018-11-05 03:00:00,126.213,122.674,119.057,109.432
2018-11-05 04:00:00,126.213,122.674,119.057,109.432
2018-11-05 05:00:00,122.522,118.22,114.379,113.211
2018-11-05 06:00:00,122.522,118.22,114.379,113.211
2018-11-05 07:00:00,122.522,118.22,114.379,113.211
2018-11-05 08:00:00,122.522,118.22,114.379,113.211
2018-11-05 09:00:00,122.522,118.22,114.379,113.211
2018-11-05 10:00:00,122.522,118.22,114.379,113.211
2018-11-05 11:00:00,131.394,132.419,132.688,145.37
2018-11-05 12:00:00,131.394,132.419,132.688,145.37
2018-11-05 13:00:00,131.394,132.419,132.688,145.37
2018-11-05 14:00:00,131.394,132.419,132.688,145.37
2018-11-05 15:00:00,131.394,132.419,132.688,145.37
2018-11-05 16:00:00,131.394,132.419,132.688,145.37
2018-11-05 17:00:00,137.979,136.831,136.382,134.383
2018-11-05 18:00:00,137.979,136.831,136.382,134.383
2018-11-05 19:00:00,137.979,136.831,136.382,134.383
2018-11-05 20:00:00,137.979,136.831,136.382,134.383
2018-11-05 21:00:00,137.979,136.831,136.382,134.383
2018-11-05 22:00:00,137.979,136.831,136.382,134.383
2018-11-05 23:00:00,135.464,131.397,129.874,115.542
2018-11-06 00:00:00,135.464,131.397,129.874,115.542
2018-11-06 01:00:00,135.464,131.397,129.874,115.542
2018-11-06 02:00:00,135.464,131.397,129.874,115.542
2018-11-06 03:00:00,135.464,131.397,129.874,115.542
2018-11-06 04:00:00,135.464,131.397,129.874,115.542
2018-11-06 05:00:00,110.43,118.756,123.665,109.124
2018-11-06 06:00:00,110.43,118.756,123.665,109.124
2018-11-06 07:00:00,110.43,118.756,123.665,109.124
2018-11-06 08:00:00,110.43,118.756,123.665,109.124
2018-11-06 09:00:00,110.43,118.756,123.665,109.124
2018-11-06 10:00:00,110.43,118.756,123.665,109.124
2018-11-06 11:00:00,121.977,120.037,117.035,119.939
2018-11-06 12:00:00,121.977,120.037,117.035,119.939
2018-11-06 13:00:00,121.977,120.037,117.035,119.939
2018-11-06 14:00:00,121.977,120.037,117.035,119.939
2018-11-06 15:00:00,121.977,120.037,117.035,119.939
2018-11-06 16:00:00,121.977,120.037,117.035,119.939
2018-11-06 17:00:00,126.679,119.761,116.19,113.639
2018-11-06 18:00:00,126.679,119.761,116.19,113.639
2018-11-06 19:00:00,126.679,119.761,116.19,113.639
2018-11-06 20:00:00,126.679,119.761,116.19,113.639
2018-11-06 21:00:00,126.679,119.761,116.19,113.639
2018-11-06 22:00:00,126.679,119.761,116.19,113.639
2018-11-06 23:00:00,120.431,117.206,116.582,112.893
2018-11-07 00:00:00,120.431,117.206,116.582,112.893
2018-11-07 01:00:00,120.431,117.206,116.582,112.893
2018-11-07 02:00:00,120.431,117.206,116.582,112.893
2018-11-07 03:00:00,120.431,117.206,116.582,112.893
2018-11-07 04:00:00,120.431,117.206,116.582,112.893
2018-11-07 05:00:00,121.582,120.286,120.861,124.197
2018-11-07 06:00:00,121.582,120.286,120.861,124.197
2018-11-07 07:00:00,121.582,120.286,120.861,124.197
2018-11-07 08:00:00,121.582,120.286,120.861,124.197
2018-11-07 09:00:00,121.582,120.286,120.861,124.197
2018-11-07 10:00:00,121.582,120.286,120.861,124.197
2018-11-07 11:00:00,119.873,120.7,121.907,126.9
2018-11-07 12:00:00,119.873,120.7,121.907,126.9
2018-11-07 13:00:00,119.873,120.7,121.907,126.9
2018-11-07 14:00:00,119.873,120.7,121.907,126.9
2018-11-07 15:00:00,119.873,120.7,121.907,126.9
2018-11-07 16:00:00,119.873,120.7,121.907,126.9
2018-11-07 17:00:00,121.963,122.153,124.985,121.202
2018-11-07 18:00:00,121.963,122.153,124.985,121.202
2018-11-07 19:00:00,121.963,122.153,124.985,121.202
2018-11-07 20:00:00,121.963,122.153,124.985,121.202
2018-11-07 21:00:00,121.963,122.153,124.985,121.202
2018-11-07 22:00:00,121.963,122.153,124.985,121.202
2018-11-07 23:00:00,124.481,122.44,124.182,120.509
2018-11-08 00:00:00,124.481,122.44,124.182,120.509
2018-11-08 01:00:00,124.481,122.44,124.182,120.509
2018-11-08 02:00:00,124.481,122.44,124.182,120.509
2018-11-08 03:00:00,124.481,122.44,124.182,120.509
2018-11-08 04:00:00,124.481,122.44,124.182,120.509
2018-11-08 05:00:00,111.671,119.378,126.521,134.262
2018-11-08 06:00:00,111.671,119.378,126.521,134.262
2018-11-08 07:00:00,111.671,119.378,126.521,134.262
2018-11-08 08:00:00,111.671,119.378,126.521,134.262
2018-11-08 09:00:00,111.671,119.378,126.521,134.262
2018-11-08 10:00:00,111.671,119.378,126.521,134.262
2018-11-08 11:00:00,136.559,141.833,147.084,158.196
2018-11-08 12:00:00,136.559,141.833,147.084,158.196
2018-11-08 13:00:00,136.559,141.833,147.084,158.196
2018-11-08 14:00:00,136.559,141.833,147.084,158.196
2018-11-08 15:00:00,136.559,141.833,147.084,158.196
2018-11-08 16:00:00,136.559,141.833,147.084,158.196
2018-11-08 17:00:00,146.637,147.399,150.85,141.292
2018-11-08 18:00:00,146.637,147.399,150.85,141.292
2018-11-08 19:00:00,146.637,147.399,150.85,141.292
2018-11-08 20:00:00,146.637,147.399,150.85,141.292
2018-11-08 21:00:00,146.637,147.399,150.85,141.292
2018-11-08 22:00:00,146.637,147.399,150.85,141.292
2018-11-08 23:00:00,142.716,137.55,137.38,123.438
2018-11-09 00:00:00,142.716,137.55,137.38,123.438
2018-11-09 01:00:00,142.716,137.55,137.38,123.438
2018-11-09 02:00:00,142.716,137.55,137.38,123.438
2018-11-09 03:00:00,142.716,137.55,137.38,123.438
2018-11-09 04:00:00,142.716,137.55,137.38,123.438
2018-11-09 05:00:00,130.882,124.757,124.605,117.97
2018-11-09 06:00:00,130.882,124.757,124.605,117.97
2018-11-09 07:00:00,130.882,124.757,124.605,117.97
2018-11-09 08:00:00,130.882,124.757,124.605,117.97
2018-11-09 09:00:00,130.882,124.757,124.605,117.97
2018-11-09 10:00:00,130.882,124.757,124.605,117.97
2018-11-09 11:00:00,146.213,141.449,136.926,143.255
2018-11-09 12:00:00,146.213,141.449,136.926,143.255
2018-11-09 13:00:00,146.213,141.449,136.926,143.255
2018-11-09 14:00:00,146.213,141.449,136.926,143.255
2018-11-09 15:00:00,146.213,141.449,136.926,143.255
2018-11-09 16:00:00,146.213,141.449,136.926,143.255
2018-11-09 17:00:00,138.161,127.724,121.307,132.39
2018-11-09 18:00:00,138.161,127.724,121.307,132.39
2018-11-09 19:00:00,138.161,127.724,121.307,132.39
2018-11-09 20:00:00,138.161,127.724,121.307,132.39
2018-11-09 21:00:00,138.161,127.724,121.307,132.39
2018-11-09 22:00:00,138.161,127.724,121.307,132.39
2018-11-09 23:00:00,132.107,131.44,129.877,118.782
2018-11-10 00:00:00,132.107,131.44,129.877,118.782
2018-11-10 01:00:00,132.107,131.44,129.877,118.782
2018-11-10 02:00:00,132.107,131.44,129.877,118.782
2018-11-10 03:00:00,132.107,131.44,129.877,118.782
2018-11-10 04:00:00,132.107,131.44,129.877,118.782
2018-11-10 05:00:00,129.577,125.9,121.582,117.34
2018-11-10 06:00:00,129.577,125.9,121.582,117.34
2018-11-10 07:00:00,129.577,125.9,121.582,117.34
2018-11-10 08:00:00,129.577,125.9,121.582,117.34
2018-11-10 09:00:00,129.577,125.9,121.582,117.34
2018-11-10 10:00:00,129.577,125.9,121.582,117.34
2018-11-10 11:00:00,141.782,147.855,147.634,159.203
2018-11-10 12:00:00,141.782,147.855,147.634,159.203
2018-11-10 13:00:00,141.782,147.855,147.634,159.203
2018-11-10 14:00:00,141.782,147.855,147.634,159.203
2018-11-10 15:00:00,141.782,147.855,147.634,159.203
2018-11-10 16:00:00,141.782,147.855,147.634,159.203
2018-11-10 17:00:00,150.173,142.882,138.982,135.952
2018-11-10 18:00:00,150.173,142.882,138.982,135.952
2018-11-10 19:00:00,150.173,142.882,138.982,135.952
2018-11-10 20:00:00,150.173,142.882,138.982,135.952
2018-11-10 21:00:00,150.173,142.882,138.982,135.952
2018-11-10 22:00:00,150.173,142.882,138.982,135.952
2018-11-10 23:00:00,138.378,133.539,128.998,111.043
2018-11-11 00:00:00,138.378,133.539,128.998,111.043
2018-11-11 01:00:00,138.378,133.539,128.998,111.043
2018-11-11 02:00:00,138.378,133.539,128.998,111.043
2018-11-11 03:00:00,138.378,133.539,128.998,111.043
2018-11-11 04:00:00,138.378,133.539,128.998,111.043
2018-11-11 05:00:00,124.82,117.917,112.206,105.507
2018-11-11 06:00:00,124.82,117.917,112.206,105.507
2018-11-11 07:00:00,124.82,117.917,112.206,105.507
2018-11-11 08:00:00,124.82,117.917,112.206,105.507
2018-11-11 09:00:00,124.82,117.917,112.206,105.507
2018-11-11 10:00:00,124.82,117.917,112.206,105.507
2018-11-11 11:00:00,139.99,132.388,125.613,155.076
2018-11-11 12:00:00,139.99,132.388,125.613,155.076
2018-11-11 13:00:00,139.99,132.388,125.613,155.076
2018-11-11 14:00:00,139.99,132.388,125.613,155.076
2018-11-11 15:00:00,139.99,132.388,125.613,155.076
2018-11-11 16:00:00,139.99,132.388,125.613,155.076
2018-11-11 17:00:00,155.75,156.451,155.094,135.572
2018-11-11 18:00:00,155.75,156.451,155.094,135.572
2018-11-11 19:00:00,155.75,156.451,155.094,135.572
2018-11-11 20:00:00,155.75,156.451,155.094,135.572
2018-11-11 21:00:00,155.75,156.451,155.094,135.572
2018-11-11 22:00:00,155.75,156.451,155.094,135.572
2018-11-11 23:00:00,144.669,136.447,129.463,112.119
2018-11-12 00:00:00,144.669,136.447,129.463,112.119
2018-11-12 01:00:00,144.669,136.447,129.463,112.119
2018-11-12 02:00:00,144.669,136.447,129.463,112.119
2018-11-12 03:00:00,144.669,136.447,129.463,112.119
2018-11-12 04:00:00,144.669,136.447,129.463,112.119
2018-11-12 05:00:00,127.225,139.853,143.401,128.147
2018-11-12 06:00:00,127.225,139.853,143.401,128.147
2018-11-12 07:00:00,127.225,139.853,143.401,128.147
2018-11-12 08:00:00,127.225,139.853,143.401,128.147
2018-11-12 09:00:00,127.225,139.853,143.401,128.147
2018-11-12 10:00:00,127.225,139.853,143.401,128.147
2018-11-12 11:00:00,135.513,121.612,112.487,143.577
2018-11-12 12:00:00,135.513,121.612,112.487,143.577
2018-11-12 13:00:00,135.513,121.612,112.487,143.577
2018-11-12 14:00:00,135.513,121.612,112.487,143.577
2018-11-12 15:00:00,135.513,121.612,112.487,143.577
2018-11-12 16:00:00,135.513,121.612,112.487,143.577
2018-11-12 17:00:00,136.679,141.433,143.475,136.47
2018-11-12 18:00:00,136.679,141.433,143.475,136.47
2018-11-12 19:00:00,136.679,141.433,143.475,136.47
2018-11-12 20:00:00,136.679,141.433,143.475,136.47
2018-11-12 21:00:00,136.679,141.433,143.475,136.47
2018-11-12 22:00:00,136.679,141.433,143.475,136.47
2018-11-12 23:00:00,142.305,140.209,136.137,127.395
2018-11-13 00:00:00,142.305,140.209,136.137,127.395
2018-11-13 01:00:00,142.305,140.209,136.137,127.395
2018-11-13 02:00:00,142.305,140.209,136.137,127.395
2018-11-13 03:00:00,142.305,140.209,136.137,127.395
2018-11-13 04:00:00,142.305,140.209,136.137,127.395
2018-11-13 05:00:00,138.618,135.35,131.678,129.538
2018-11-13 06:00:00,138.618,135.35,131.678,129.538
2018-11-13 07:00:00,138.618,135.35,131.678,129.538
2018-11-13 08:00:00,138.618,135.35,131.678,129.538
2018-11-13 09:00:00,138.618,135.35,131.678,129.538
2018-11-13 10:00:00,138.618,135.35,131.678,129.538
2018-11-13 11:00:00,158.829,131.126,116.364,138.226
2018-11-13 12:00:00,158.829,131.126,116.364,138.226
2018-11-13 13:00:00,158.829,131.126,116.364,138.226
2018-11-13 14:00:00,158.829,131.126,116.364,138.226
2018-11-13 15:00:00,158.829,131.126,116.364,138.226
2018-11-13 16:00:00,158.829,131.126,116.364,138.226
2018-11-13 17:00:00,137.415,137.662,138.153,128.606
2018-11-13 18:00:00,137.415,137.662,138.153,128.606
2018-11-13 19:00:00,137.415,137.662,138.153,128.606
2018-11-13 20:00:00,137.415,137.662,138.153,128.606
2018-11-13 21:00:00,137.415,137.662,138.153,128.606
2018-11-13 22:00:00,137.415,137.662,138.153,128.606
2018-11-13 23:00:00,135.76,132.344,127.822,118.441
2018-11-14 00:00:00,135.76,132.344,127.822,118.441
2018-11-14 01:00:00,135.76,132.344,127.822,118.441
2018-11-14 02:00:00,135.76,132.344,127.822,118.441
2018-11-14 03:00:00,135.76,132.344,127.822,118.441
2018-11-14 04:00:00,135.76,132.344,127.822,118.441
2018-11-14 05:00:00,114.537,119.646,120.774,115.536
2018-11-14 06:00:00,114.537,119.646,120.774,115.536
2018-11-14 07:00:00,114.537,119.646,120.774,115.536
2018-11-14 08:00:00,114.537,119.646,120.774,115.536
2018-11-14 09:00:00,114.537,119.646,120.774,115.536
2018-11-14 10:00:00,114.537,119.646,120.774,115.536
2018-11-14 11:00:00,133.329,124.021,117.42,127.521
2018-11-14 12:00:00,133.329,124.021,117.42,127.521
2018-11-14 13:00:00,133.329,124.021,117.42,127.521
2018-11-14 14:00:00,133.329,124.021,117.42,127.521
2018-11-14 15:00:00,133.329,124.021,117.42,127.521
2018-11-14 16:00:00,133.329,124.021,117.42,127.521
2018-11-14 17:00:00,129.815,130.177,129.251,124.122
2018-11-14 18:00:00,129.815,130.177,129.251,124.122
2018-11-14 19:00:00,129.815,130.177,129.251,124.122
2018-11-14 20:00:00,129.815,130.177,129.251,124.122
2018-11-14 21:00:00,129.815,130.177,129.251,124.122
2018-11-14 22:00:00,129.815,130.177,129.251,124.122
2018-11-14 23:00:00,130.494,128.198,124.572,117.148
2018-11-15 00:00:00,130.494,128.198,124.572,117.148
2018-11-15 01:00:00,130.494,128.198,124.572,117.148
2018-11-15 02:00:00,130.494,128.198,124.572,117.148
2018-11-15 03:00:00,130.494,128.198,124.572,117.148
2018-11-15 04:00:00,130.494,128.198,124.572,117.148
2018-11-15 05:00:00,127.012,123.987,120.369,116.807
2018-11-15 06:00:00,127.012,123.987,120.369,116.807
2018-11-15 07:00:00,127.012,123.987,120.369,116.807
2018-11-15 08:00:00,127.012,123.987,120.369,116.807
2018-11-15 09:00:00,127.012,123.987,120.369,116.807
2018-11-15 10:00:00,127.012,123.987,120.369,116.807
2018-11-15 11:00:00,135.045,128.853,122.854,129.789
2018-11-15 12:00:00,135.045,128.853,122.854,129.789
2018-11-15 13:00:00,135.045,128.853,122.854,129.789
2018-11-15 14:00:00,135.045,128.853,122.854,129.789
2018-11-15 15:00:00,135.045,128.853,122.854,129.789
2018-11-15 16:00:00,135.045,128.853,122.854,129.789
2018-11-15 17:00:00,131.231,130.448,128.768,120.648
2018-11-15 18:00:00,131.231,130.448,128.768,120.648
2018-11-15 19:00:00,131.231,130.448,128.768,120.648
2018-11-15 20:00:00,131.231,130.448,128.768,120.648
2018-11-15 21:00:00,131.231,130.448,128.768,120.648
2018-11-15 22:00:00,131.231,130.448,128.768,120.648
2018-11-15 23:00:00,128.713,125.4,121.303,114.026
2018-11-16 00:00:00,128.713,125.4,121.303,114.026
2018-11-16 01:00:00,128.713,125.4,121.303,114.026
2018-11-16 02:00:00,128.713,125.4,121.303,114.026
2018-11-16 03:00:00,128.713,125.4,121.303,114.026
2018-11-16 04:00:00,128.713,125.4,121.303,114.026
2018-11-16 05:00:00,124.814,122.069,118.679,117.042
2018-11-16 06:00:00,124.814,122.069,118.679,117.042
2018-11-16 07:00:00,124.814,122.069,118.679,117.042
2018-11-16 08:00:00,124.814,122.069,118.679,117.042
2018-11-16 09:00:00,124.814,122.069,118.679,117.042
2018-11-16 10:00:00,124.814,122.069,118.679,117.042
2018-11-16 11:00:00,134.58,137.155,135.678,141.879
2018-11-16 12:00:00,134.58,137.155,135.678,141.879
2018-11-16 13:00:00,134.58,137.155,135.678,141.879
2018-11-16 14:00:00,134.58,137.155,135.678,141.879
2018-11-16 15:00:00,134.58,137.155,135.678,141.879
2018-11-16 16:00:00,134.58,137.155,135.678,141.879
2018-11-16 17:00:00,136.422,133.548,132.68,120.841
2018-11-16 18:00:00,136.422,133.548,132.68,120.841
2018-11-16 19:00:00,136.422,133.548,132.68,120.841
2018-11-16 20:00:00,136.422,133.548,132.68,120.841
2018-11-16 21:00:00,136.422,133.548,132.68,120.841
2018-11-16 22:00:00,136.422,133.548,132.68,120.841
2018-11-16 23:00:00,128.044,122.93,117.669,104.754
2018-11-17 00:00:00,128.044,122.93,117.669,104.754
2018-11-17 01:00:00,128.044,122.93,117.669,104.754
2018-11-17 02:00:00,128.044,122.93,117.669,104.754
2018-11-17 03:00:00,128.044,122.93,117.669,104.754
2018-11-17 04:00:00,128.044,122.93,117.669,104.754
2018-11-17 05:00:00,117.909,113.011,108.714,105.787
2018-11-17 06:00:00,117.909,113.011,108.714,105.787
2018-11-17 07:00:00,117.909,113.011,108.714,105.787
2018-11-17 08:00:00,117.909,113.011,108.714,105.787
2018-11-17 09:00:00,117.909,113.011,108.714,105.787
2018-11-17 10:00:00,117.909,113.011,108.714,105.787
2018-11-17 11:00:00,125.079,124.065,122.422,124.378
2018-11-17 12:00:00,125.079,124.065,122.422,124.378
2018-11-17 13:00:00,125.079,124.065,122.422,124.378
2018-11-17 14:00:00,125.079,124.065,122.422,124.378
2018-11-17 15:00:00,125.079,124.065,122.422,124.378
2018-11-17 16:00:00,125.079,124.065,122.422,124.378
2018-11-17 17:00:00,128.073,127.608,125.273,118.339
2018-11-17 18:00:00,128.073,127.608,125.273,118.339
2018-11-17 19:00:00,128.073,127.608,125.273,118.339
2018-11-17 20:00:00,128.073,127.608,125.273,118.339
2018-11-17 21:00:00,128.073,127.608,125.273,118.339
2018-11-17 22:00:00,128.073,127.608,125.273,118.339
2018-11-17 23:00:00,126.123,122.979,119.161,111.884
2018-11-18 00:00:00,126.123,122.979,119.161,111.884
2018-11-18 01:00:00,126.123,122.979,119.161,111.884
2018-11-18 02:00:00,126.123,122.979,119.161,111.884
2018-11-18 03:00:00,126.123,122.979,119.161,111.884
2018-11-18 04:00:00,126.123,122.979,119.161,111.884
2018-11-18 05:00:00,122.242,119.465,116.071,113.519
2018-11-18 06:00:00,122.242,119.465,116.071,113.519
2018-11-18 07:00:00,122.242,119.465,116.071,113.519
2018-11-18 08:00:00,122.242,119.465,116.071,113.519
2018-11-18 09:00:00,122.242,119.465,116.071,113.519
2018-11-18 10:00:00,122.242,119.465,116.071,113.519
2018-11-18 11:00:00,129.572,125.655,121.543,153.371
2018-11-18 12:00:00,129.572,125.655,121.543,153.371
2018-11-18 13:00:00,129.572,125.655,121.543,153.371
2018-11-18 14:00:00,129.572,125.655,121.543,153.371
2018-11-18 15:00:00,129.572,125.655,121.543,153.371
2018-11-18 16:00:00,129.572,125.655,121.543,153.371
2018-11-18 17:00:00,136.55,130.72,126.505,126.768
2018-11-18 18:00:00,136.55,130.72,126.505,126.768
2018-11-18 19:00:00,136.55,130.72,126.505,126.768
2018-11-18 20:00:00,136.55,130.72,126.505,126.768
2018-11-18 21:00:00,136.55,130.72,126.505,126.768
2018-11-18 22:00:00,136.55,130.72,126.505,126.768
2018-11-18 23:00:00,128.198,124.59,120.928,104.435
2018-11-19 00:00:00,128.198,124.59,120.928,104.435
2018-11-19 01:00:00,128.198,124.59,120.928,104.435
2018-11-19 02:00:00,128.198,124.59,120.928,104.435
2018-11-19 03:00:00,128.198,124.59,120.928,104.435
2018-11-19 04:00:00,128.198,124.59,120.928,104.435
2018-11-19 05:00:00,120.236,115.725,111.327,112.186
2018-11-19 06:00:00,120.236,115.725,111.327,112.186
2018-11-19 07:00:00,120.236,115.725,111.327,112.186
2018-11-19 08:00:00,120.236,115.725,111.327,112.186
2018-11-19 09:00:00,120.236,115.725,111.327,112.186
2018-11-19 10:00:00,120.236,115.725,111.327,112.186
2018-11-19 11:00:00,141.04,129.223,121.373,141.677
2018-11-19 12:00:00,141.04,129.223,121.373,141.677
2018-11-19 13:00:00,141.04,129.223,121.373,141.677
2018-11-19 14:00:00,141.04,129.223,121.373,141.677
2018-11-19 15:00:00,141.04,129.223,121.373,141.677
2018-11-19 16:00:00,141.04,129.223,121.373,141.677
2018-11-19 17:00:00,138.365,140.438,140.801,131.881
2018-11-19 18:00:00,138.365,140.438,140.801,131.881
2018-11-19 19:00:00,138.365,140.438,140.801,131.881
2018-11-19 20:00:00,138.365,140.438,140.801,131.881
2018-11-19 21:00:00,138.365,140.438,140.801,131.881
2018-11-19 22:00:00,138.365,140.438,140.801,131.881
2018-11-19 23:00:00,138.464,135.159,130.839,120.659
2018-11-20 00:00:00,138.464,135.159,130.839,120.659
2018-11-20 01:00:00,138.464,135.159,130.839,120.659
2018-11-20 02:00:00,138.464,135.159,130.839,120.659
2018-11-20 03:00:00,138.464,135.159,130.839,120.659
2018-11-20 04:00:00,138.464,135.159,130.839,120.659
2018-11-20 05:00:00,119.623,128.378,132.219,124.481
2018-11-20 06:00:00,119.623,128.378,132.219,124.481
2018-11-20 07:00:00,119.623,128.378,132.219,124.481
2018-11-20 08:00:00,119.623,128.378,132.219,124.481
2018-11-20 09:00:00,119.623,128.378,132.219,124.481
2018-11-20 10:00:00,119.623,128.378,132.219,124.481
2018-11-20 11:00:00,134.273,130.082,125.568,142.798
2018-11-20 12:00:00,134.273,130.082,125.568,142.798
2018-11-20 13:00:00,134.273,130.082,125.568,142.798
2018-11-20 14:00:00,134.273,130.082,125.568,142.798
2018-11-20 15:00:00,134.273,130.082,125.568,142.798
2018-11-20 16:00:00,134.273,130.082,125.568,142.798
2018-11-20 17:00:00,140.671,143.443,143.629,137.07
2018-11-20 18:00:00,140.671,143.443,143.629,137.07
2018-11-20 19:00:00,140.671,143.443,143.629,137.07
2018-11-20 20:00:00,140.671,143.443,143.629,137.07
2018-11-20 21:00:00,140.671,143.443,143.629,137.07
2018-11-20 22:00:00,140.671,143.443,143.629,137.07
2018-11-20 23:00:00,141.93,138.873,134.724,122.792
2018-11-21 00:00:00,141.93,138.873,134.724,122.792
2018-11-21 01:00:00,141.93,138.873,134.724,122.792
2018-11-21 02:00:00,141.93,138.873,134.724,122.792
2018-11-21 03:00:00,141.93,138.873,134.724,122.792
2018-11-21 04:00:00,141.93,138.873,134.724,122.792
2018-11-21 05:00:00,133.546,128.634,124.09,117.345
2018-11-21 06:00:00,133.546,128.634,124.09,117.345
2018-11-21 07:00:00,133.546,128.634,124.09,117.345
2018-11-21 08:00:00,133.546,128.634,124.09,117.345
2018-11-21 09:00:00,133.546,128.634,124.09,117.345
2018-11-21 10:00:00,133.546,128.634,124.09,117.345
2018-11-21 11:00:00,137.966,140.278,139.185,162.09
2018-11-21 12:00:00,137.966,140.278,139.185,162.09
2018-11-21 13:00:00,137.966,140.278,139.185,162.09
2018-11-21 14:00:00,137.966,140.278,139.185,162.09
2018-11-21 15:00:00,137.966,140.278,139.185,162.09
2018-11-21 16:00:00,137.966,140.278,139.185,162.09
2018-11-21 17:00:00,155.06,159.788,160.437,150.446
2018-11-21 18:00:00,155.06,159.788,160.437,150.446
2018-11-21 19:00:00,155.06,159.788,160.437,150.446
2018-11-21 20:00:00,155.06,159.788,160.437,150.446
2018-11-21 21:00:00,155.06,159.788,160.437,150.446
2018-11-21 22:00:00,155.06,159.788,160.437,150.446
2018-11-21 23:00:00,156.208,152.206,147.473,134.305
2018-11-22 00:00:00,156.208,152.206,147.473,134.305
2018-11-22 01:00:00,156.208,152.206,147.473,134.305
2018-11-22 02:00:00,156.208,152.206,147.473,134.305
2018-11-22 03:00:00,156.208,152.206,147.473,134.305
2018-11-22 04:00:00,156.208,152.206,147.473,134.305
2018-11-22 05:00:00,118.725,133.56,140.122,142.338
2018-11-22 06:00:00,118.725,133.56,140.122,142.338
2018-11-22 07:00:00,118.725,133.56,140.122,142.338
2018-11-22 08:00:00,118.725,133.56,140.122,142.338
2018-11-22 09:00:00,118.725,133.56,140.122,142.338
2018-11-22 10:00:00,118.725,133.56,140.122,142.338
2018-11-22 11:00:00,147.192,151.384,150.324,153.798
2018-11-22 12:00:00,147.192,151.384,150.324,153.798
2018-11-22 13:00:00,147.192,151.384,150.324,153.798
2018-11-22 14:00:00,147.192,151.384,150.324,153.798
2018-11-22 15:00:00,147.192,151.384,150.324,153.798
2018-11-22 16:00:00,147.192,151.384,150.324,153.798
2018-11-22 17:00:00,147.438,147.594,145.969,123.13
2018-11-22 18:00:00,147.438,147.594,145.969,123.13
2018-11-22 19:00:00,147.438,147.594,145.969,123.13
2018-11-22 20:00:00,147.438,147.594,145.969,123.13
2018-11-22 21:00:00,147.438,147.594,145.969,123.13
2018-11-22 22:00:00,147.438,147.594,145.969,123.13
2018-11-22 23:00:00,134.659,126.0,119.128,104.595
2018-11-23 00:00:00,134.659,126.0,119.128,104.595
2018-11-23 01:00:00,134.659,126.0,119.128,104.595
2018-11-23 02:00:00,134.659,126.0,119.128,104.595
2018-11-23 03:00:00,134.659,126.0,119.128,104.595
2018-11-23 04:00:00,134.659,126.0,119.128,104.595
2018-11-23 05:00:00,117.943,124.817,126.812,117.178
2018-11-23 06:00:00,117.943,124.817,126.812,117.178
2018-11-23 07:00:00,117.943,124.817,126.812,117.178
2018-11-23 08:00:00,117.943,124.817,126.812,117.178
2018-11-23 09:00:00,117.943,124.817,126.812,117.178
2018-11-23 10:00:00,117.943,124.817,126.812,117.178
2018-11-23 11:00:00,127.993,126.97,123.956,124.968
2018-11-23 12:00:00,127.993,126.97,123.956,124.968
2018-11-23 13:00:00,127.993,126.97,123.956,124.968
2018-11-23 14:00:00,127.993,126.97,123.956,124.968
2018-11-23 15:00:00,127.993,126.97,123.956,124.968
2018-11-23 16:00:00,127.993,126.97,123.956,124.968
2018-11-23 17:00:00,121.708,121.705,120.083,112.913
2018-11-23 18:00:00,121.708,121.705,120.083,112.913
2018-11-23 19:00:00,121.708,121.705,120.083,112.913
2018-11-23 20:00:00,121.708,121.705,120.083,112.913
2018-11-23 21:00:00,121.708,121.705,120.083,112.913
2018-11-23 22:00:00,121.708,121.705,120.083,112.913
2018-11-23 23:00:00,121.986,119.23,115.904,111.505
2018-11-24 00:00:00,121.986,119.23,115.904,111.505
2018-11-24 01:00:00,121.986,119.23,115.904,111.505
2018-11-24 02:00:00,121.986,119.23,115.904,111.505
2018-11-24 03:00:00,121.986,119.23,115.904,111.505
2018-11-24 04:00:00,121.986,119.23,115.904,111.505
2018-11-24 05:00:00,120.856,118.372,115.526,112.601
2018-11-24 06:00:00,120.856,118.372,115.526,112.601
2018-11-24 07:00:00,120.856,118.372,115.526,112.601
2018-11-24 08:00:00,120.856,118.372,115.526,112.601
2018-11-24 09:00:00,120.856,118.372,115.526,112.601
2018-11-24 10:00:00,120.856,118.372,115.526,112.601
2018-11-24 11:00:00,133.936,136.814,136.264,139.752
2018-11-24 12:00:00,133.936,136.814,136.264,139.752
2018-11-24 13:00:00,133.936,136.814,136.264,139.752
2018-11-24 14:00:00,133.936,136.814,136.264,139.752
2018-11-24 15:00:00,133.936,136.814,136.264,139.752
2018-11-24 16:00:00,133.936,136.814,136.264,139.752
2018-11-24 17:00:00,140.384,140.435,139.659,116.557
2018-11-24 18:00:00,140.384,140.435,139.659,116.557
2018-11-24 19:00:00,140.384,140.435,139.659,116.557
2018-11-24 20:00:00,140.384,140.435,139.659,116.557
2018-11-24 21:00:00,140.384,140.435,139.659,116.557
2018-11-24 22:00:00,140.384,140.435,139.659,116.557
2018-11-24 23:00:00,129.808,121.781,115.252,104.207
2018-11-25 00:00:00,129.808,121.781,115.252,104.207
2018-11-25 01:00:00,129.808,121.781,115.252,104.207
2018-11-25 02:00:00,129.808,121.781,115.252,104.207
2018-11-25 03:00:00,129.808,121.781,115.252,104.207
2018-11-25 04:00:00,129.808,121.781,115.252,104.207
2018-11-25 05:00:00,117.42,112.524,108.82,106.397
2018-11-25 06:00:00,117.42,112.524,108.82,106.397
2018-11-25 07:00:00,117.42,112.524,108.82,106.397
2018-11-25 08:00:00,117.42,112.524,108.82,106.397
2018-11-25 09:00:00,117.42,112.524,108.82,106.397
2018-11-25 10:00:00,117.42,112.524,108.82,106.397
2018-11-25 11:00:00,130.461,129.624,126.8,130.416
2018-11-25 12:00:00,130.461,129.624,126.8,130.416
2018-11-25 13:00:00,130.461,129.624,126.8,130.416
2018-11-25 14:00:00,130.461,129.624,126.8,130.416
2018-11-25 15:00:00,130.461,129.624,126.8,130.416
2018-11-25 16:00:00,130.461,129.624,126.8,130.416
2018-11-25 17:00:00,118.997,122.928,123.994,114.296
2018-11-25 18:00:00,118.997,122.928,123.994,114.296
2018-11-25 19:00:00,118.997,122.928,123.994,114.296
2018-11-25 20:00:00,118.997,122.928,123.994,114.296
2018-11-25 21:00:00,118.997,122.928,123.994,114.296
2018-11-25 22:00:00,118.997,122.928,123.994,114.296
2018-11-25 23:00:00,121.217,117.777,113.387,103.244
2018-11-26 00:00:00,121.217,117.777,113.387,103.244
2018-11-26 01:00:00,121.217,117.777,113.387,103.244
2018-11-26 02:00:00,121.217,117.777,113.387,103.244
2018-11-26 03:00:00,121.217,117.777,113.387,103.244
2018-11-26 04:00:00,121.217,117.777,113.387,103.244
2018-11-26 05:00:00,115.073,111.183,107.408,104.325
2018-11-26 06:00:00,115.073,111.183,107.408,104.325
2018-11-26 07:00:00,115.073,111.183,107.408,104.325
2018-11-26 08:00:00,115.073,111.183,107.408,104.325
2018-11-26 09:00:00,115.073,111.183,107.408,104.325
2018-11-26 10:00:00,115.073,111.183,107.408,104.325
2018-11-26 11:00:00,116.489,112.356,108.826,112.97
2018-11-26 12:00:00,116.489,112.356,108.826,112.97
2018-11-26 13:00:00,116.489,112.356,108.826,112.97
2018-11-26 14:00:00,116.489,112.356,108.826,112.97
2018-11-26 15:00:00,116.489,112.356,108.826,112.97
2018-11-26 16:00:00,116.489,112.356,108.826,112.97
2018-11-26 17:00:00,120.664,122.283,121.871,123.851
2018-11-26 18:00:00,120.664,122.283,121.871,123.851
2018-11-26 19:00:00,120.664,122.283,121.871,123.851
2018-11-26 20:00:00,120.664,122.283,121.871,123.851
2018-11-26 21:00:00,120.664,122.283,121.871,123.851
2018-11-26 22:00:00,120.664,122.283,121.871,123.851
2018-11-26 23:00:00,127.661,127.766,125.899,120.169
2018-11-27 00:00:00,127.661,127.766,125.899,120.169
2018-11-27 01:00:00,127.661,127.766,125.899,120.169
2018-11-27 02:00:00,127.661,127.766,125.899,120.169
2018-11-27 03:00:00,127.661,127.766,125.899,120.169
2018-11-27 04:00:00,127.661,127.766,125.899,120.169
2018-11-27 05:00:00,127.347,117.867,120.099,118.641
2018-11-27 06:00:00,127.347,117.867,120.099,118.641
2018-11-27 07:00:00,127.347,117.867,120.099,118.641
2018-11-27 08:00:00,127.347,117.867,120.099,118.641
2018-11-27 09:00:00,127.347,117.867,120.099,118.641
2018-11-27 10:00:00,127.347,117.867,120.099,118.641
2018-11-27 11:00:00,123.302,123.38,121.082,115.883
2018-11-27 12:00:00,123.302,123.38,121.082,115.883
2018-11-27 13:00:00,123.302,123.38,121.082,115.883
2018-11-27 14:00:00,123.302,123.38,121.082,115.883
2018-11-27 15:00:00,123.302,123.38,121.082,115.883
2018-11-27 16:00:00,123.302,123.38,121.082,115.883
2018-11-27 17:00:00,124.971,120.119,116.905,115.877
2018-11-27 18:00:00,124.971,120.119,116.905,115.877
2018-11-27 19:00:00,124.971,120.119,116.905,115.877
2018-11-27 20:00:00,124.971,120.119,116.905,115.877
2018-11-27 21:00:00,124.971,120.119,116.905,115.877
2018-11-27 22:00:00,124.971,120.119,116.905,115.877
2018-11-27 23:00:00,122.833,120.138,117.819,111.883
2018-11-28 00:00:00,122.833,120.138,117.819,111.883
2018-11-28 01:00:00,122.833,120.138,117.819,111.883
2018-11-28 02:00:00,122.833,120.138,117.819,111.883
2018-11-28 03:00:00,122.833,120.138,117.819,111.883
2018-11-28 04:00:00,122.833,120.138,117.819,111.883
2018-11-28 05:00:00,96.745,104.05,108.162,101.845
2018-11-28 06:00:00,96.745,104.05,108.162,101.845
2018-11-28 07:00:00,96.745,104.05,108.162,101.845
2018-11-28 08:00:00,96.745,104.05,108.162,101.845
2018-11-28 09:00:00,96.745,104.05,108.162,101.845
2018-11-28 10:00:00,96.745,104.05,108.162,101.845
2018-11-28 11:00:00,109.203,107.183,104.592,99.643
2018-11-28 12:00:00,109.203,107.183,104.592,99.643
2018-11-28 13:00:00,109.203,107.183,104.592,99.643
2018-11-28 14:00:00,109.203,107.183,104.592,99.643
2018-11-28 15:00:00,109.203,107.183,104.592,99.643
2018-11-28 16:00:00,109.203,107.183,104.592,99.643
2018-11-28 17:00:00,114.847,107.575,103.618,92.945
2018-11-28 18:00:00,114.847,107.575,103.618,92.945
2018-11-28 19:00:00,114.847,107.575,103.618,92.945
2018-11-28 20:00:00,114.847,107.575,103.618,92.945
2018-11-28 21:00:00,114.847,107.575,103.618,92.945
2018-11-28 22:00:00,114.847,107.575,103.618,92.945
2018-11-28 23:00:00,105.624,100.504,97.263,94.2
2018-11-29 00:00:00,105.624,100.504,97.263,94.2
2018-11-29 01:00:00,105.624,100.504,97.263,94.2
2018-11-29 02:00:00,105.624,100.504,97.263,94.2
2018-11-29 03:00:00,105.624,100.504,97.263,94.2
2018-11-29 04:00:00,105.624,100.504,97.263,94.2
2018-11-29 05:00:00,104.263,102.139,100.479,100.334
2018-11-29 06:00:00,104.263,102.139,100.479,100.334
2018-11-29 07:00:00,104.263,102.139,100.479,100.334
2018-11-29 08:00:00,104.263,102.139,100.479,100.334
2018-11-29 09:00:00,104.263,102.139,100.479,100.334
2018-11-29 10:00:00,104.263,102.139,100.479,100.334
2018-11-29 11:00:00,119.017,114.527,112.065,111.9
2018-11-29 12:00:00,119.017,114.527,112.065,111.9
2018-11-29 13:00:00,119.017,114.527,112.065,111.9
2018-11-29 14:00:00,119.017,114.527,112.065,111.9
2018-11-29 15:00:00,119.017,114.527,112.065,111.9
2018-11-29 16:00:00,119.017,114.527,112.065,111.9
2018-11-29 17:00:00,133.527,130.73,128.176,118.341
2018-11-29 18:00:00,133.527,130.73,128.176,118.341
2018-11-29 19:00:00,133.527,130.73,128.176,118.341
2018-11-29 20:00:00,133.527,130.73,128.176,118.341
2018-11-29 21:00:00,133.527,130.73,128.176,118.341
2018-11-29 22:00:00,133.527,130.73,128.176,118.341
2018-11-29 23:00:00,130.821,126.983,124.175,122.959
2018-11-30 00:00:00,130.821,126.983,124.175,122.959
2018-11-30 01:00:00,130.821,126.983,124.175,122.959
2018-11-30 02:00:00,130.821,126.983,124.175,122.959
2018-11-30 03:00:00,130.821,126.983,124.175,122.959
2018-11-30 04:00:00,130.821,126.983,124.175,122.959
2018-11-30 05:00:00,114.359,125.28,130.657,138.836
2018-11-30 06:00:00,114.359,125.28,130.657,138.836
2018-11-30 07:00:00,114.359,125.28,130.657,138.836
2018-11-30 08:00:00,114.359,125.28,130.657,138.836
2018-11-30 09:00:00,114.359,125.28,130.657,138.836
2018-11-30 10:00:00,114.359,125.28,130.657,138.836
2018-11-30 11:00:00,138.325,141.029,140.435,133.699
2018-11-30 12:00:00,138.325,141.029,140.435,133.699
2018-11-30 13:00:00,138.325,141.029,140.435,133.699
2018-11-30 14:00:00,138.325,141.029,140.435,133.699
2018-11-30 15:00:00,138.325,141.029,140.435,133.699
2018-11-30 16:00:00,138.325,141.029,140.435,133.699
2018-11-30 17:00:00,133.596,131.58,129.09,116.936
2018-11-30 18:00:00,133.596,131.58,129.09,116.936
2018-11-30 19:00:00,133.596,131.58,129.09,116.936
2018-11-30 20:00:00,133.596,131.58,129.09,116.936
2018-11-30 21:00:00,133.596,131.58,129.09,116.936
2018-11-30 22:00:00,133.596,131.58,129.09,116.936
2018-11-30 23:00:00,127.493,122.04,118.086,110.039
2018-12-01 00:00:00,127.493,122.04,118.086,110.039
2018-12-01 01:00:00,127.493,122.04,118.086,110.039
2018-12-01 02:00:00,127.493,122.04,118.086,110.039
2018-12-01 03:00:00,127.493,122.04,118.086,110.039
2018-12-01 04:00:00,127.493,122.04,118.086,110.039
2018-12-01 05:00:00,121.246,117.316,114.687,111.642
2018-12-01 06:00:00,121.246,117.316,114.687,111.642
2018-12-01 07:00:00,121.246,117.316,114.687,111.642
2018-12-01 08:00:00,121.246,117.316,114.687,111.642
2018-12-01 09:00:00,121.246,117.316,114.687,111.642
2018-12-01 10:00:00,121.246,117.316,114.687,111.642
2018-12-01 11:00:00,112.744,107.772,103.809,99.502
2018-12-01 12:00:00,112.744,107.772,103.809,99.502
2018-12-01 13:00:00,112.744,107.772,103.809,99.502
2018-12-01 14:00:00,112.744,107.772,103.809,99.502
2018-12-01 15:00:00,112.744,107.772,103.809,99.502
2018-12-01 16:00:00,112.744,107.772,103.809,99.502
2018-12-01 17:00:00,117.025,113.689,113.106,92.364
2018-12-01 18:00:00,117.025,113.689,113.106,92.364
2018-12-01 19:00:00,117.025,113.689,113.106,92.364
2018-12-01 20:00:00,117.025,113.689,113.106,92.364
2018-12-01 21:00:00,117.025,113.689,113.106,92.364
2018-12-01 22:00:00,117.025,113.689,113.106,92.364
2018-12-01 23:00:00,109.587,104.211,99.637,99.86
2018-12-02 00:00:00,109.587,104.211,99.637,99.86
2018-12-02 01:00:00,109.587,104.211,99.637,99.86
2018-12-02 02:00:00,109.587,104.211,99.637,99.86
2018-12-02 03:00:00,109.587,104.211,99.637,99.86
2018-12-02 04:00:00,109.587,104.211,99.637,99.86
2018-12-02 05:00:00,105.028,102.709,100.819,89.443
2018-12-02 06:00:00,105.028,102.709,100.819,89.443
2018-12-02 07:00:00,105.028,102.709,100.819,89.443
2018-12-02 08:00:00,105.028,102.709,100.819,89.443
2018-12-02 09:00:00,105.028,102.709,100.819,89.443
2018-12-02 10:00:00,105.028,102.709,100.819,89.443
2018-12-02 11:00:00,102.594,99.306,96.132,95.864
2018-12-02 12:00:00,102.594,99.306,96.132,95.864
2018-12-02 13:00:00,102.594,99.306,96.132,95.864
2018-12-02 14:00:00,102.594,99.306,96.132,95.864
2018-12-02 15:00:00,102.594,99.306,96.132,95.864
2018-12-02 16:00:00,102.594,99.306,96.132,95.864
2018-12-02 17:00:00,115.491,101.96,94.067,94.524
2018-12-02 18:00:00,115.491,101.96,94.067,94.524
2018-12-02 19:00:00,115.491,101.96,94.067,94.524
2018-12-02 20:00:00,115.491,101.96,94.067,94.524
2018-12-02 21:00:00,115.491,101.96,94.067,94.524
2018-12-02 22:00:00,115.491,101.96,94.067,94.524
2018-12-02 23:00:00,104.303,102.352,101.239,101.223
2018-12-03 00:00:00,104.303,102.352,101.239,101.223
2018-12-03 01:00:00,104.303,102.352,101.239,101.223
2018-12-03 02:00:00,104.303,102.352,101.239,101.223
2018-12-03 03:00:00,104.303,102.352,101.239,101.223
2018-12-03 04:00:00,104.303,102.352,101.239,101.223
2018-12-03 05:00:00,110.311,111.211,110.549,114.063
2018-12-03 06:00:00,110.311,111.211,110.549,114.063
2018-12-03 07:00:00,110.311,111.211,110.549,114.063
2018-12-03 08:00:00,110.311,111.211,110.549,114.063
2018-12-03 09:00:00,110.311,111.211,110.549,114.063
2018-12-03 10:00:00,110.311,111.211,110.549,114.063
2018-12-03 11:00:00,121.93,125.741,126.246,126.05
2018-12-03 12:00:00,121.93,125.741,126.246,126.05
2018-12-03 13:00:00,121.93,125.741,126.246,126.05
2018-12-03 14:00:00,121.93,125.741,126.246,126.05
2018-12-03 15:00:00,121.93,125.741,126.246,126.05
2018-12-03 16:00:00,121.93,125.741,126.246,126.05
2018-12-03 17:00:00,129.494,126.441,126.33,126.94
2018-12-03 18:00:00,129.494,126.441,126.33,126.94
2018-12-03 19:00:00,129.494,126.441,126.33,126.94
2018-12-03 20:00:00,129.494,126.441,126.33,126.94
2018-12-03 21:00:00,129.494,126.441,126.33,126.94
2018-12-03 22:00:00,129.494,126.441,126.33,126.94
2018-12-03 23:00:00,130.596,129.684,127.758,119.471
2018-12-04 00:00:00,130.596,129.684,127.758,119.471
2018-12-04 01:00:00,130.596,129.684,127.758,119.471
2018-12-04 02:00:00,130.596,129.684,127.758,119.471
2018-12-04 03:00:00,130.596,129.684,127.758,119.471
2018-12-04 04:00:00,130.596,129.684,127.758,119.471
2018-12-04 05:00:00,118.35,127.637,131.006,120.919
2018-12-04 06:00:00,118.35,127.637,131.006,120.919
2018-12-04 07:00:00,118.35,127.637,131.006,120.919
2018-12-04 08:00:00,118.35,127.637,131.006,120.919
2018-12-04 09:00:00,118.35,127.637,131.006,120.919
2018-12-04 10:00:00,118.35,127.637,131.006,120.919
2018-12-04 11:00:00,130.507,129.185,126.14,123.777
2018-12-04 12:00:00,130.507,129.185,126.14,123.777
2018-12-04 13:00:00,130.507,129.185,126.14,123.777
2018-12-04 14:00:00,130.507,129.185,126.14,123.777
2018-12-04 15:00:00,130.507,129.185,126.14,123.777
2018-12-04 16:00:00,130.507,129.185,126.14,123.777
2018-12-04 17:00:00,137.885,132.676,129.7,127.567
2018-12-04 18:00:00,137.885,132.676,129.7,127.567
2018-12-04 19:00:00,137.885,132.676,129.7,127.567
2018-12-04 20:00:00,137.885,132.676,129.7,127.567
2018-12-04 21:00:00,137.885,132.676,129.7,127.567
2018-12-04 22:00:00,137.885,132.676,129.7,127.567
2018-12-04 23:00:00,134.809,133.17,131.193,126.776
2018-12-05 00:00:00,134.809,133.17,131.193,126.776
2018-12-05 01:00:00,134.809,133.17,131.193,126.776
2018-12-05 02:00:00,134.809,133.17,131.193,126.776
2018-12-05 03:00:00,134.809,133.17,131.193,126.776
2018-12-05 04:00:00,134.809,133.17,131.193,126.776
2018-12-05 05:00:00,135.686,134.256,132.352,130.664
2018-12-05 06:00:00,135.686,134.256,132.352,130.664
2018-12-05 07:00:00,135.686,134.256,132.352,130.664
2018-12-05 08:00:00,135.686,134.256,132.352,130.664
2018-12-05 09:00:00,135.686,134.256,132.352,130.664
2018-12-05 10:00:00,135.686,134.256,132.352,130.664
2018-12-05 11:00:00,139.228,134.99,132.942,128.173
2018-12-05 12:00:00,139.228,134.99,132.942,128.173
2018-12-05 13:00:00,139.228,134.99,132.942,128.173
2018-12-05 14:00:00,139.228,134.99,132.942,128.173
2018-12-05 15:00:00,139.228,134.99,132.942,128.173
2018-12-05 16:00:00,139.228,134.99,132.942,128.173
2018-12-05 17:00:00,137.561,136.203,134.223,133.233
2018-12-05 18:00:00,137.561,136.203,134.223,133.233
2018-12-05 19:00:00,137.561,136.203,134.223,133.233
2018-12-05 20:00:00,137.561,136.203,134.223,133.233
2018-12-05 21:00:00,137.561,136.203,134.223,133.233
2018-12-05 22:00:00,137.561,136.203,134.223,133.233
2018-12-05 23:00:00,139.566,138.618,137.013,132.967
2019-09-07 00:00:00,95.757,92.831,89.316,90.352
2019-09-07 01:00:00,95.757,92.831,89.316,90.352
2019-09-07 02:00:00,95.757,92.831,89.316,90.352
2019-09-07 03:00:00,95.757,92.831,89.316,90.352
2019-09-07 04:00:00,95.757,92.831,89.316,90.352
2019-09-07 05:00:00,82.056,87.101,89.425,96.322
2019-09-07 06:00:00,82.056,87.101,89.425,96.322
2019-09-07 07:00:00,82.056,87.101,89.425,96.322
2019-09-07 08:00:00,82.056,87.101,89.425,96.322
2019-09-07 09:00:00,82.056,87.101,89.425,96.322
2019-09-07 10:00:00,82.056,87.101,89.425,96.322
2019-09-07 11:00:00,93.688,93.48,92.157,93.294
2019-09-07 12:00:00,93.688,93.48,92.157,93.294
2019-09-07 13:00:00,93.688,93.48,92.157,93.294
2019-09-07 14:00:00,93.688,93.48,92.157,93.294
2019-09-07 15:00:00,93.688,93.48,92.157,93.294
2019-09-07 16:00:00,93.688,93.48,92.157,93.294
2019-09-07 17:00:00,94.713,93.096,90.014,83.499
2019-09-07 18:00:00,94.713,93.096,90.014,83.499
2019-09-07 19:00:00,94.713,93.096,90.014,83.499
2019-09-07 20:00:00,94.713,93.096,90.014,83.499
2019-09-07 21:00:00,94.713,93.096,90.014,83.499
2019-09-07 22:00:00,94.713,93.096,90.014,83.499
2019-09-07 23:00:00,90.822,87.327,83.539,81.435
2019-09-08 00:00:00,90.822,87.327,83.539,81.435
2019-09-08 01:00:00,90.822,87.327,83.539,81.435
2019-09-08 02:00:00,90.822,87.327,83.539,81.435
2019-09-08 03:00:00,90.822,87.327,83.539,81.435
2019-09-08 04:00:00,90.822,87.327,83.539,81.435
2019-09-08 05:00:00,75.93,78.364,78.602,83.335
2019-09-08 06:00:00,75.93,78.364,78.602,83.335
2019-09-08 07:00:00,75.93,78.364,78.602,83.335
2019-09-08 08:00:00,75.93,78.364,78.602,83.335
2019-09-08 09:00:00,75.93,78.364,78.602,83.335
2019-09-08 10:00:00,75.93,78.364,78.602,83.335
2019-09-08 11:00:00,75.493,72.337,70.288,81.283
2019-09-08 12:00:00,75.493,72.337,70.288,81.283
2019-09-08 13:00:00,75.493,72.337,70.288,81.283
2019-09-08 14:00:00,75.493,72.337,70.288,81.283
2019-09-08 15:00:00,75.493,72.337,70.288,81.283
2019-09-08 16:00:00,75.493,72.337,70.288,81.283
2019-09-08 17:00:00,79.23,80.768,79.453,74.949
2019-09-08 18:00:00,79.23,80.768,79.453,74.949
2019-09-08 19:00:00,79.23,80.768,79.453,74.949
2019-09-08 20:00:00,79.23,80.768,79.453,74.949
2019-09-08 21:00:00,79.23,80.768,79.453,74.949
2019-09-08 22:00:00,79.23,80.768,79.453,74.949
2019-09-08 23:00:00,79.903,76.777,72.85,66.95
2019-09-09 00:00:00,79.903,76.777,72.85,66.95
2019-09-09 01:00:00,79.903,76.777,72.85,66.95
2019-09-09 02:00:00,79.903,76.777,72.85,66.95
2019-09-09 03:00:00,79.903,76.777,72.85,66.95
2019-09-09 04:00:00,79.903,76.777,72.85,66.95
2019-09-09 05:00:00,74.341,70.084,66.193,62.247
2019-09-09 06:00:00,74.341,70.084,66.193,62.247
2019-09-09 07:00:00,74.341,70.084,66.193,62.247
2019-09-09 08:00:00,74.341,70.084,66.193,62.247
2019-09-09 09:00:00,74.341,70.084,66.193,62.247
2019-09-09 10:00:00,74.341,70.084,66.193,62.247
2019-09-09 11:00:00,74.086,74.358,73.27,71.9
2019-09-09 12:00:00,74.086,74.358,73.27,71.9
2019-09-09 13:00:00,74.086,74.358,73.27,71.9
2019-09-09 14:00:00,74.086,74.358,73.27,71.9
2019-09-09 15:00:00,74.086,74.358,73.27,71.9
2019-09-09 16:00:00,74.086,74.358,73.27,71.9
2019-09-09 17:00:00,76.297,74.787,71.603,68.75
2019-09-09 18:00:00,76.297,74.787,71.603,68.75
2019-09-09 19:00:00,76.297,74.787,71.603,68.75
2019-09-09 20:00:00,76.297,74.787,71.603,68.75
2019-09-09 21:00:00,76.297,74.787,71.603,68.75
2019-09-09 22:00:00,76.297,74.787,71.603,68.75
2019-09-09 23:00:00,75.169,72.721,69.488,68.243
2019-09-10 00:00:00,75.169,72.721,69.488,68.243
2019-09-10 01:00:00,75.169,72.721,69.488,68.243
2019-09-10 02:00:00,75.169,72.721,69.488,68.243
2019-09-10 03:00:00,75.169,72.721,69.488,68.243
2019-09-10 04:00:00,75.169,72.721,69.488,68.243
2019-09-10 05:00:00,74.599,69.643,67.958,68.388
2019-09-10 06:00:00,74.599,69.643,67.958,68.388
2019-09-10 07:00:00,74.599,69.643,67.958,68.388
2019-09-10 08:00:00,74.599,69.643,67.958,68.388
2019-09-10 09:00:00,74.599,69.643,67.958,68.388
2019-09-10 10:00:00,74.599,69.643,67.958,68.388
2019-09-10 11:00:00,68.849,68.498,65.868,72.968
2019-09-10 12:00:00,68.849,68.498,65.868,72.968
2019-09-10 13:00:00,68.849,68.498,65.868,72.968
2019-09-10 14:00:00,68.849,68.498,65.868,72.968
2019-09-10 15:00:00,68.849,68.498,65.868,72.968
2019-09-10 16:00:00,68.849,68.498,65.868,72.968
2019-09-10 17:00:00,75.342,76.968,75.534,77.818
2019-09-10 18:00:00,75.342,76.968,75.534,77.818
2019-09-10 19:00:00,75.342,76.968,75.534,77.818
2019-09-10 20:00:00,75.342,76.968,75.534,77.818
2019-09-10 21:00:00,75.342,76.968,75.534,77.818
2019-09-10 22:00:00,75.342,76.968,75.534,77.818
2019-09-10 23:00:00,82.208,82.805,80.632,82.888
2019-09-11 00:00:00,82.208,82.805,80.632,82.888
2019-09-11 01:00:00,82.208,82.805,80.632,82.888
2019-09-11 02:00:00,82.208,82.805,80.632,82.888
2019-09-11 03:00:00,82.208,82.805,80.632,82.888
2019-09-11 04:00:00,82.208,82.805,80.632,82.888
2019-09-11 05:00:00,80.051,86.046,87.705,96.498
2019-09-11 06:00:00,80.051,86.046,87.705,96.498
2019-09-11 07:00:00,80.051,86.046,87.705,96.498
2019-09-11 08:00:00,80.051,86.046,87.705,96.498
2019-09-11 09:00:00,80.051,86.046,87.705,96.498
2019-09-11 10:00:00,80.051,86.046,87.705,96.498
2019-09-11 11:00:00,82.891,85.504,85.531,93.056
2019-09-11 12:00:00,82.891,85.504,85.531,93.056
2019-09-11 13:00:00,82.891,85.504,85.531,93.056
2019-09-11 14:00:00,82.891,85.504,85.531,93.056
2019-09-11 15:00:00,82.891,85.504,85.531,93.056
2019-09-11 16:00:00,82.891,85.504,85.531,93.056
2019-09-11 17:00:00,90.899,91.519,89.007,81.238
2019-09-11 18:00:00,90.899,91.519,89.007,81.238
2019-09-11 19:00:00,90.899,91.519,89.007,81.238
2019-09-11 20:00:00,90.899,91.519,89.007,81.238
2019-09-11 21:00:00,90.899,91.519,89.007,81.238
2019-09-11 22:00:00,90.899,91.519,89.007,81.238
2019-09-11 23:00:00,88.824,85.042,80.598,77.023
2019-09-12 00:00:00,88.824,85.042,80.598,77.023
2019-09-12 01:00:00,88.824,85.042,80.598,77.023
2019-09-12 02:00:00,88.824,85.042,80.598,77.023
2019-09-12 03:00:00,88.824,85.042,80.598,77.023
2019-09-12 04:00:00,88.824,85.042,80.598,77.023
2019-09-12 05:00:00,85.233,83.045,79.961,82.076
2019-09-12 06:00:00,85.233,83.045,79.961,82.076
2019-09-12 07:00:00,85.233,83.045,79.961,82.076
2019-09-12 08:00:00,85.233,83.045,79.961,82.076
2019-09-12 09:00:00,85.233,83.045,79.961,82.076
2019-09-12 10:00:00,85.233,83.045,79.961,82.076
2019-09-12 11:00:00,95.223,89.601,84.776,97.307
2019-09-12 12:00:00,95.223,89.601,84.776,97.307
2019-09-12 13:00:00,95.223,89.601,84.776,97.307
2019-09-12 14:00:00,95.223,89.601,84.776,97.307
2019-09-12 15:00:00,95.223,89.601,84.776,97.307
2019-09-12 16:00:00,95.223,89.601,84.776,97.307
2019-09-12 17:00:00,97.829,99.468,98.421,95.529
2019-09-12 18:00:00,97.829,99.468,98.421,95.529
2019-09-12 19:00:00,97.829,99.468,98.421,95.529
2019-09-12 20:00:00,97.829,99.468,98.421,95.529
2019-09-12 21:00:00,97.829,99.468,98.421,95.529
2019-09-12 22:00:00,97.829,99.468,98.421,95.529
2019-09-12 23:00:00,100.344,98.593,94.858,91.654
2019-09-13 00:00:00,100.344,98.593,94.858,91.654
2019-09-13 01:00:00,100.344,98.593,94.858,91.654
2019-09-13 02:00:00,100.344,98.593,94.858,91.654
2019-09-13 03:00:00,100.344,98.593,94.858,91.654
2019-09-13 04:00:00,100.344,98.593,94.858,91.654
2019-09-13 05:00:00,89.678,91.734,90.637,96.998
2019-09-13 06:00:00,89.678,91.734,90.637,96.998
2019-09-13 07:00:00,89.678,91.734,90.637,96.998
2019-09-13 08:00:00,89.678,91.734,90.637,96.998
2019-09-13 09:00:00,89.678,91.734,90.637,96.998
2019-09-13 10:00:00,89.678,91.734,90.637,96.998
2019-09-13 11:00:00,91.087,95.13,95.109,85.477
2019-09-13 12:00:00,91.087,95.13,95.109,85.477
2019-09-13 13:00:00,91.087,95.13,95.109,85.477
2019-09-13 14:00:00,91.087,95.13,95.109,85.477
2019-09-13 15:00:00,91.087,95.13,95.109,85.477
2019-09-13 16:00:00,91.087,95.13,95.109,85.477
2019-09-13 17:00:00,92.313,88.567,83.392,77.663
2019-09-13 18:00:00,92.313,88.567,83.392,77.663
2019-09-13 19:00:00,92.313,88.567,83.392,77.663
2019-09-13 20:00:00,92.313,88.567,83.392,77.663
2019-09-13 21:00:00,92.313,88.567,83.392,77.663
2019-09-13 22:00:00,92.313,88.567,83.392,77.663
2019-09-13 23:00:00,86.59,83.212,79.347,79.463
2019-09-14 00:00:00,86.59,83.212,79.347,79.463
2019-09-14 01:00:00,86.59,83.212,79.347,79.463
2019-09-14 02:00:00,86.59,83.212,79.347,79.463
2019-09-14 03:00:00,86.59,83.212,79.347,79.463
2019-09-14 04:00:00,86.59,83.212,79.347,79.463
2019-09-14 05:00:00,85.783,84.921,82.272,84.368
2019-09-14 06:00:00,85.783,84.921,82.272,84.368
2019-09-14 07:00:00,85.783,84.921,82.272,84.368
2019-09-14 08:00:00,85.783,84.921,82.272,84.368
2019-09-14 09:00:00,85.783,84.921,82.272,84.368
2019-09-14 10:00:00,85.783,84.921,82.272,84.368
2019-09-14 11:00:00,90.044,88.965,85.095,85.814
2019-09-14 12:00:00,90.044,88.965,85.095,85.814
2019-09-14 13:00:00,90.044,88.965,85.095,85.814
2019-09-14 14:00:00,90.044,88.965,85.095,85.814
2019-09-14 15:00:00,90.044,88.965,85.095,85.814
2019-09-14 16:00:00,90.044,88.965,85.095,85.814
2019-09-14 17:00:00,91.29,90.262,87.364,87.562
2019-09-14 18:00:00,91.29,90.262,87.364,87.562
2019-09-14 19:00:00,91.29,90.262,87.364,87.562
2019-09-14 20:00:00,91.29,90.262,87.364,87.562
2019-09-14 21:00:00,91.29,90.262,87.364,87.562
2019-09-14 22:00:00,91.29,90.262,87.364,87.562
2019-09-14 23:00:00,92.5,91.45,88.392,87.497
2019-09-15 00:00:00,92.5,91.45,88.392,87.497
2019-09-15 01:00:00,92.5,91.45,88.392,87.497
2019-09-15 02:00:00,92.5,91.45,88.392,87.497
2019-09-15 03:00:00,92.5,91.45,88.392,87.497
2019-09-15 04:00:00,92.5,91.45,88.392,87.497
2019-09-15 05:00:00,92.532,90.88,87.523,85.402
2019-09-15 06:00:00,92.532,90.88,87.523,85.402
2019-09-15 07:00:00,92.532,90.88,87.523,85.402
2019-09-15 08:00:00,92.532,90.88,87.523,85.402
2019-09-15 09:00:00,92.532,90.88,87.523,85.402
2019-09-15 10:00:00,92.532,90.88,87.523,85.402
2019-09-15 11:00:00,87.074,87.763,85.359,86.494
2019-09-15 12:00:00,87.074,87.763,85.359,86.494
2019-09-15 13:00:00,87.074,87.763,85.359,86.494
2019-09-15 14:00:00,87.074,87.763,85.359,86.494
2019-09-15 15:00:00,87.074,87.763,85.359,86.494
2019-09-15 16:00:00,87.074,87.763,85.359,86.494
2019-09-15 17:00:00,91.246,90.797,87.835,87.752
2019-09-15 18:00:00,91.246,90.797,87.835,87.752
2019-09-15 19:00:00,91.246,90.797,87.835,87.752
2019-09-15 20:00:00,91.246,90.797,87.835,87.752
2019-09-15 21:00:00,91.246,90.797,87.835,87.752
2019-09-15 22:00:00,91.246,90.797,87.835,87.752
2019-09-15 23:00:00,93.301,92.302,89.196,89.2
2019-09-16 00:00:00,93.301,92.302,89.196,89.2
2019-09-16 01:00:00,93.301,92.302,89.196,89.2
2019-09-16 02:00:00,93.301,92.302,89.196,89.2
2019-09-16 03:00:00,93.301,92.302,89.196,89.2
2019-09-16 04:00:00,93.301,92.302,89.196,89.2
2019-09-16 05:00:00,94.485,93.252,90.074,89.246
2019-09-16 06:00:00,94.485,93.252,90.074,89.246
2019-09-16 07:00:00,94.485,93.252,90.074,89.246
2019-09-16 08:00:00,94.485,93.252,90.074,89.246
2019-09-16 09:00:00,94.485,93.252,90.074,89.246
2019-09-16 10:00:00,94.485,93.252,90.074,89.246
2019-09-16 11:00:00,89.876,94.1,93.304,95.432
2019-09-16 12:00:00,89.876,94.1,93.304,95.432
2019-09-16 13:00:00,89.876,94.1,93.304,95.432
2019-09-16 14:00:00,89.876,94.1,93.304,95.432
2019-09-16 15:00:00,89.876,94.1,93.304,95.432
2019-09-16 16:00:00,89.876,94.1,93.304,95.432
2019-09-16 17:00:00,98.859,100.505,98.145,97.447
2019-09-16 18:00:00,98.859,100.505,98.145,97.447
2019-09-16 19:00:00,98.859,100.505,98.145,97.447
2019-09-16 20:00:00,98.859,100.505,98.145,97.447
2019-09-16 21:00:00,98.859,100.505,98.145,97.447
2019-09-16 22:00:00,98.859,100.505,98.145,97.447
2019-09-16 23:00:00,102.455,101.146,97.602,95.589
2019-09-17 00:00:00,102.455,101.146,97.602,95.589
2019-09-17 01:00:00,102.455,101.146,97.602,95.589
2019-09-17 02:00:00,102.455,101.146,97.602,95.589
2019-09-17 03:00:00,102.455,101.146,97.602,95.589
2019-09-17 04:00:00,102.455,101.146,97.602,95.589
2019-09-17 05:00:00,97.451,100.864,98.068,103.008
2019-09-17 06:00:00,97.451,100.864,98.068,103.008
2019-09-17 07:00:00,97.451,100.864,98.068,103.008
2019-09-17 08:00:00,97.451,100.864,98.068,103.008
2019-09-17 09:00:00,97.451,100.864,98.068,103.008
2019-09-17 10:00:00,97.451,100.864,98.068,103.008
2019-09-17 11:00:00,109.957,108.739,104.58,101.297
2019-09-17 12:00:00,109.957,108.739,104.58,101.297
2019-09-17 13:00:00,109.957,108.739,104.58,101.297
2019-09-17 14:00:00,109.957,108.739,104.58,101.297
2019-09-17 15:00:00,109.957,108.739,104.58,101.297
2019-09-17 16:00:00,109.957,108.739,104.58,101.297
2019-09-17 17:00:00,104.948,100.777,95.936,85.936
2019-09-17 18:00:00,104.948,100.777,95.936,85.936
2019-09-17 19:00:00,104.948,100.777,95.936,85.936
2019-09-17 20:00:00,104.948,100.777,95.936,85.936
2019-09-17 21:00:00,104.948,100.777,95.936,85.936
2019-09-17 22:00:00,104.948,100.777,95.936,85.936
2019-09-17 23:00:00,94.74,89.267,83.866,77.813
2019-09-18 00:00:00,94.74,89.267,83.866,77.813
2019-09-18 01:00:00,94.74,89.267,83.866,77.813
2019-09-18 02:00:00,94.74,89.267,83.866,77.813
2019-09-18 03:00:00,94.74,89.267,83.866,77.813
2019-09-18 04:00:00,94.74,89.267,83.866,77.813
2019-09-18 05:00:00,88.067,89.714,89.408,68.314
2019-09-18 06:00:00,88.067,89.714,89.408,68.314
2019-09-18 07:00:00,88.067,89.714,89.408,68.314
2019-09-18 08:00:00,88.067,89.714,89.408,68.314
2019-09-18 09:00:00,88.067,89.714,89.408,68.314
2019-09-18 10:00:00,88.067,89.714,89.408,68.314
2019-09-18 11:00:00,82.982,76.592,69.899,68.509
2019-09-18 12:00:00,82.982,76.592,69.899,68.509
2019-09-18 13:00:00,82.982,76.592,69.899,68.509
2019-09-18 14:00:00,82.982,76.592,69.899,68.509
2019-09-18 15:00:00,82.982,76.592,69.899,68.509
2019-09-18 16:00:00,82.982,76.592,69.899,68.509
2019-09-18 17:00:00,81.591,75.587,70.229,69.568
2019-09-18 18:00:00,81.591,75.587,70.229,69.568
2019-09-18 19:00:00,81.591,75.587,70.229,69.568
2019-09-18 20:00:00,81.591,75.587,70.229,69.568
2019-09-18 21:00:00,81.591,75.587,70.229,69.568
2019-09-18 22:00:00,81.591,75.587,70.229,69.568
2019-09-18 23:00:00,76.767,74.706,71.442,71.597
2019-09-19 00:00:00,76.767,74.706,71.442,71.597
2019-09-19 01:00:00,76.767,74.706,71.442,71.597
2019-09-19 02:00:00,76.767,74.706,71.442,71.597
2019-09-19 03:00:00,76.767,74.706,71.442,71.597
2019-09-19 04:00:00,76.767,74.706,71.442,71.597
2019-09-19 05:00:00,78.042,77.299,74.373,75.931
2019-09-19 06:00:00,78.042,77.299,74.373,75.931
2019-09-19 07:00:00,78.042,77.299,74.373,75.931
2019-09-19 08:00:00,78.042,77.299,74.373,75.931
2019-09-19 09:00:00,78.042,77.299,74.373,75.931
2019-09-19 10:00:00,78.042,77.299,74.373,75.931
2019-09-19 11:00:00,82.837,79.762,75.609,78.51
2019-09-19 12:00:00,82.837,79.762,75.609,78.51
2019-09-19 13:00:00,82.837,79.762,75.609,78.51
2019-09-19 14:00:00,82.837,79.762,75.609,78.51
2019-09-19 15:00:00,82.837,79.762,75.609,78.51
2019-09-19 16:00:00,82.837,79.762,75.609,78.51
2019-09-19 17:00:00,83.906,83.667,80.984,81.993
2019-09-19 18:00:00,83.906,83.667,80.984,81.993
2019-09-19 19:00:00,83.906,83.667,80.984,81.993
2019-09-19 20:00:00,83.906,83.667,80.984,81.993
2019-09-19 21:00:00,83.906,83.667,80.984,81.993
2019-09-19 22:00:00,83.906,83.667,80.984,81.993
2019-09-19 23:00:00,87.383,86.929,83.901,83.894
2019-09-20 00:00:00,87.383,86.929,83.901,83.894
2019-09-20 01:00:00,87.383,86.929,83.901,83.894
2019-09-20 02:00:00,87.383,86.929,83.901,83.894
2019-09-20 03:00:00,87.383,86.929,83.901,83.894
2019-09-20 04:00:00,87.383,86.929,83.901,83.894
2019-09-20 05:00:00,89.446,88.361,85.163,84.125
2019-09-20 06:00:00,89.446,88.361,85.163,84.125
2019-09-20 07:00:00,89.446,88.361,85.163,84.125
2019-09-20 08:00:00,89.446,88.361,85.163,84.125
2019-09-20 09:00:00,89.446,88.361,85.163,84.125
2019-09-20 10:00:00,89.446,88.361,85.163,84.125
2019-09-20 11:00:00,77.952,78.816,77.158,77.926
2019-09-20 12:00:00,77.952,78.816,77.158,77.926
2019-09-20 13:00:00,77.952,78.816,77.158,77.926
2019-09-20 14:00:00,77.952,78.816,77.158,77.926
2019-09-20 15:00:00,77.952,78.816,77.158,77.926
2019-09-20 16:00:00,77.952,78.816,77.158,77.926
2019-09-20 17:00:00,82.061,81.453,78.03,75.012
2019-09-20 18:00:00,82.061,81.453,78.03,75.012
2019-09-20 19:00:00,82.061,81.453,78.03,75.012
2019-09-20 20:00:00,82.061,81.453,78.03,75.012
2019-09-20 21:00:00,82.061,81.453,78.03,75.012
2019-09-20 22:00:00,82.061,81.453,78.03,75.012
2019-09-20 23:00:00,83.114,81.627,78.141,79.602
2019-09-21 00:00:00,83.114,81.627,78.141,79.602
2019-09-21 01:00:00,83.114,81.627,78.141,79.602
2019-09-21 02:00:00,83.114,81.627,78.141,79.602
2019-09-21 03:00:00,83.114,81.627,78.141,79.602
2019-09-21 04:00:00,83.114,81.627,78.141,79.602
2019-09-21 05:00:00,86.295,86.516,84.117,87.791
2019-09-21 06:00:00,86.295,86.516,84.117,87.791
2019-09-21 07:00:00,86.295,86.516,84.117,87.791
2019-09-21 08:00:00,86.295,86.516,84.117,87.791
2019-09-21 09:00:00,86.295,86.516,84.117,87.791
2019-09-21 10:00:00,86.295,86.516,84.117,87.791
2019-09-21 11:00:00,86.262,88.22,86.18,84.151
2019-09-21 12:00:00,86.262,88.22,86.18,84.151
2019-09-21 13:00:00,86.262,88.22,86.18,84.151
2019-09-21 14:00:00,86.262,88.22,86.18,84.151
2019-09-21 15:00:00,86.262,88.22,86.18,84.151
2019-09-21 16:00:00,86.262,88.22,86.18,84.151
2019-09-21 17:00:00,89.644,88.022,84.211,80.787
2019-09-21 18:00:00,89.644,88.022,84.211,80.787
2019-09-21 19:00:00,89.644,88.022,84.211,80.787
2019-09-21 20:00:00,89.644,88.022,84.211,80.787
2019-09-21 21:00:00,89.644,88.022,84.211,80.787
2019-09-21 22:00:00,89.644,88.022,84.211,80.787
2019-09-21 23:00:00,88.037,85.657,81.895,79.991
2019-09-22 00:00:00,88.037,85.657,81.895,79.991
2019-09-22 01:00:00,88.037,85.657,81.895,79.991
2019-09-22 02:00:00,88.037,85.657,81.895,79.991
2019-09-22 03:00:00,88.037,85.657,81.895,79.991
2019-09-22 04:00:00,88.037,85.657,81.895,79.991
2019-09-22 05:00:00,79.911,77.161,74.492,69.45
2019-09-22 06:00:00,79.911,77.161,74.492,69.45
2019-09-22 07:00:00,79.911,77.161,74.492,69.45
2019-09-22 08:00:00,79.911,77.161,74.492,69.45
2019-09-22 09:00:00,79.911,77.161,74.492,69.45
2019-09-22 10:00:00,79.911,77.161,74.492,69.45
2019-09-22 11:00:00,77.613,75.452,71.397,70.709
2019-09-22 12:00:00,77.613,75.452,71.397,70.709
2019-09-22 13:00:00,77.613,75.452,71.397,70.709
2019-09-22 14:00:00,77.613,75.452,71.397,70.709
2019-09-22 15:00:00,77.613,75.452,71.397,70.709
2019-09-22 16:00:00,77.613,75.452,71.397,70.709
2019-09-22 17:00:00,77.637,76.496,73.36,73.906
2019-09-22 18:00:00,77.637,76.496,73.36,73.906
2019-09-22 19:00:00,77.637,76.496,73.36,73.906
2019-09-22 20:00:00,77.637,76.496,73.36,73.906
2019-09-22 21:00:00,77.637,76.496,73.36,73.906
2019-09-22 22:00:00,77.637,76.496,73.36,73.906
2019-09-22 23:00:00,79.924,79.493,76.687,77.461
2019-09-23 00:00:00,79.924,79.493,76.687,77.461
2019-09-23 01:00:00,79.924,79.493,76.687,77.461
2019-09-23 02:00:00,79.924,79.493,76.687,77.461
2019-09-23 03:00:00,79.924,79.493,76.687,77.461
2019-09-23 04:00:00,79.924,79.493,76.687,77.461
2019-09-23 05:00:00,83.27,82.948,80.219,80.948
2019-09-23 06:00:00,83.27,82.948,80.219,80.948
2019-09-23 07:00:00,83.27,82.948,80.219,80.948
2019-09-23 08:00:00,83.27,82.948,80.219,80.948
2019-09-23 09:00:00,83.27,82.948,80.219,80.948
2019-09-23 10:00:00,83.27,82.948,80.219,80.948
2019-09-23 11:00:00,74.25,73.981,71.818,68.106
2019-09-23 12:00:00,74.25,73.981,71.818,68.106
2019-09-23 13:00:00,74.25,73.981,71.818,68.106
2019-09-23 14:00:00,74.25,73.981,71.818,68.106
2019-09-23 15:00:00,74.25,73.981,71.818,68.106
2019-09-23 16:00:00,74.25,73.981,71.818,68.106
2019-09-23 17:00:00,75.136,73.257,69.441,67.653
2019-09-23 18:00:00,75.136,73.257,69.441,67.653
2019-09-23 19:00:00,75.136,73.257,69.441,67.653
2019-09-23 20:00:00,75.136,73.257,69.441,67.653
2019-09-23 21:00:00,75.136,73.257,69.441,67.653
2019-09-23 22:00:00,75.136,73.257,69.441,67.653
2019-09-23 23:00:00,75.205,73.869,70.706,71.888
2019-09-24 00:00:00,75.205,73.869,70.706,71.888
2019-09-24 01:00:00,75.205,73.869,70.706,71.888
2019-09-24 02:00:00,75.205,73.869,70.706,71.888
2019-09-24 03:00:00,75.205,73.869,70.706,71.888
2019-09-24 04:00:00,75.205,73.869,70.706,71.888
2019-09-24 05:00:00,78.103,78.161,75.669,78.059
2019-09-24 06:00:00,78.103,78.161,75.669,78.059
2019-09-24 07:00:00,78.103,78.161,75.669,78.059
2019-09-24 08:00:00,78.103,78.161,75.669,78.059
2019-09-24 09:00:00,78.103,78.161,75.669,78.059
2019-09-24 10:00:00,78.103,78.161,75.669,78.059
2019-09-24 11:00:00,77.09,76.812,73.912,74.786
2019-09-24 12:00:00,77.09,76.812,73.912,74.786
2019-09-24 13:00:00,77.09,76.812,73.912,74.786
2019-09-24 14:00:00,77.09,76.812,73.912,74.786
2019-09-24 15:00:00,77.09,76.812,73.912,74.786
2019-09-24 16:00:00,77.09,76.812,73.912,74.786
2019-09-24 17:00:00,80.101,80.143,77.408,76.912
2019-09-24 18:00:00,80.101,80.143,77.408,76.912
2019-09-24 19:00:00,80.101,80.143,77.408,76.912
2019-09-24 20:00:00,80.101,80.143,77.408,76.912
2019-09-24 21:00:00,80.101,80.143,77.408,76.912
2019-09-24 22:00:00,80.101,80.143,77.408,76.912
2019-09-24 23:00:00,82.77,81.736,78.587,77.418
2019-09-25 00:00:00,82.77,81.736,78.587,77.418
2019-09-25 01:00:00,82.77,81.736,78.587,77.418
2019-09-25 02:00:00,82.77,81.736,78.587,77.418
2019-09-25 03:00:00,82.77,81.736,78.587,77.418
2019-09-25 04:00:00,82.77,81.736,78.587,77.418
2019-09-25 05:00:00,72.477,73.961,71.79,74.377
2019-09-25 06:00:00,72.477,73.961,71.79,74.377
2019-09-25 07:00:00,72.477,73.961,71.79,74.377
2019-09-25 08:00:00,72.477,73.961,71.79,74.377
2019-09-25 09:00:00,72.477,73.961,71.79,74.377
2019-09-25 10:00:00,72.477,73.961,71.79,74.377
2019-09-25 11:00:00,81.272,78.624,74.868,72.274
2019-09-25 12:00:00,81.272,78.624,74.868,72.274
2019-09-25 13:00:00,81.272,78.624,74.868,72.274
2019-09-25 14:00:00,81.272,78.624,74.868,72.274
2019-09-25 15:00:00,81.272,78.624,74.868,72.274
2019-09-25 16:00:00,81.272,78.624,74.868,72.274
2019-09-25 17:00:00,79.119,76.932,73.346,70.962
2019-09-25 18:00:00,79.119,76.932,73.346,70.962
2019-09-25 19:00:00,79.119,76.932,73.346,70.962
2019-09-25 20:00:00,79.119,76.932,73.346,70.962
2019-09-25 21:00:00,79.119,76.932,73.346,70.962
2019-09-25 22:00:00,79.119,76.932,73.346,70.962
2019-09-25 23:00:00,78.358,76.728,73.434,73.355
2019-09-26 00:00:00,78.358,76.728,73.434,73.355
2019-09-26 01:00:00,78.358,76.728,73.434,73.355
2019-09-26 02:00:00,78.358,76.728,73.434,73.355
2019-09-26 03:00:00,78.358,76.728,73.434,73.355
2019-09-26 04:00:00,78.358,76.728,73.434,73.355
2019-09-26 05:00:00,79.208,80.189,79.202,80.822
2019-09-26 06:00:00,79.208,80.189,79.202,80.822
2019-09-26 07:00:00,79.208,80.189,79.202,80.822
2019-09-26 08:00:00,79.208,80.189,79.202,80.822
2019-09-26 09:00:00,79.208,80.189,79.202,80.822
2019-09-26 10:00:00,79.208,80.189,79.202,80.822
2019-09-26 11:00:00,81.087,83.492,82.547,81.542
2019-09-26 12:00:00,81.087,83.492,82.547,81.542
2019-09-26 13:00:00,81.087,83.492,82.547,81.542
2019-09-26 14:00:00,81.087,83.492,82.547,81.542
2019-09-26 15:00:00,81.087,83.492,82.547,81.542
2019-09-26 16:00:00,81.087,83.492,82.547,81.542
2019-09-26 17:00:00,86.643,85.97,82.671,80.359
2019-09-26 18:00:00,86.643,85.97,82.671,80.359
2019-09-26 19:00:00,86.643,85.97,82.671,80.359
2019-09-26 20:00:00,86.643,85.97,82.671,80.359
2019-09-26 21:00:00,86.643,85.97,82.671,80.359
2019-09-26 22:00:00,86.643,85.97,82.671,80.359
2019-09-26 23:00:00,87.131,85.342,81.908,80.164
2019-09-27 00:00:00,87.131,85.342,81.908,80.164
2019-09-27 01:00:00,87.131,85.342,81.908,80.164
2019-09-27 02:00:00,87.131,85.342,81.908,80.164
2019-09-27 03:00:00,87.131,85.342,81.908,80.164
2019-09-27 04:00:00,87.131,85.342,81.908,80.164
2019-09-27 05:00:00,76.648,80.975,81.873,91.639
2019-09-27 06:00:00,76.648,80.975,81.873,91.639
2019-09-27 07:00:00,76.648,80.975,81.873,91.639
2019-09-27 08:00:00,76.648,80.975,81.873,91.639
2019-09-27 09:00:00,76.648,80.975,81.873,91.639
2019-09-27 10:00:00,76.648,80.975,81.873,91.639
2019-09-27 11:00:00,85.416,91.499,92.491,90.863
2019-09-27 12:00:00,85.416,91.499,92.491,90.863
2019-09-27 13:00:00,85.416,91.499,92.491,90.863
2019-09-27 14:00:00,85.416,91.499,92.491,90.863
2019-09-27 15:00:00,85.416,91.499,92.491,90.863
2019-09-27 16:00:00,85.416,91.499,92.491,90.863
2019-09-27 17:00:00,94.111,93.11,89.261,82.836
2019-09-27 18:00:00,94.111,93.11,89.261,82.836
2019-09-27 19:00:00,94.111,93.11,89.261,82.836
2019-09-27 20:00:00,94.111,93.11,89.261,82.836
2019-09-27 21:00:00,94.111,93.11,89.261,82.836
2019-09-27 22:00:00,94.111,93.11,89.261,82.836
2019-09-27 23:00:00,90.344,86.486,81.995,76.321
2019-09-28 00:00:00,90.344,86.486,81.995,76.321
2019-09-28 01:00:00,90.344,86.486,81.995,76.321
2019-09-28 02:00:00,90.344,86.486,81.995,76.321
2019-09-28 03:00:00,90.344,86.486,81.995,76.321
2019-09-28 04:00:00,90.344,86.486,81.995,76.321
2019-09-28 05:00:00,84.398,80.841,76.735,72.916
2019-09-28 06:00:00,84.398,80.841,76.735,72.916
2019-09-28 07:00:00,84.398,80.841,76.735,72.916
2019-09-28 08:00:00,84.398,80.841,76.735,72.916
2019-09-28 09:00:00,84.398,80.841,76.735,72.916
2019-09-28 10:00:00,84.398,80.841,76.735,72.916
2019-09-28 11:00:00,82.945,81.476,78.39,73.475
2019-09-28 12:00:00,82.945,81.476,78.39,73.475
2019-09-28 13:00:00,82.945,81.476,78.39,73.475
2019-09-28 14:00:00,82.945,81.476,78.39,73.475
2019-09-28 15:00:00,82.945,81.476,78.39,73.475
2019-09-28 16:00:00,82.945,81.476,78.39,73.475
2019-09-28 17:00:00,80.865,78.013,74.02,70.232
2019-09-28 18:00:00,80.865,78.013,74.02,70.232
2019-09-28 19:00:00,80.865,78.013,74.02,70.232
2019-09-28 20:00:00,80.865,78.013,74.02,70.232
2019-09-28 21:00:00,80.865,78.013,74.02,70.232
2019-09-28 22:00:00,80.865,78.013,74.02,70.232
2019-09-28 23:00:00,77.764,75.127,71.496,68.901
2019-09-29 00:00:00,77.764,75.127,71.496,68.901
2019-09-29 01:00:00,77.764,75.127,71.496,68.901
2019-09-29 02:00:00,77.764,75.127,71.496,68.901
2019-09-29 03:00:00,77.764,75.127,71.496,68.901
2019-09-29 04:00:00,77.764,75.127,71.496,68.901
2019-09-29 05:00:00,75.978,74.039,70.715,69.069
2019-09-29 06:00:00,75.978,74.039,70.715,69.069
2019-09-29 07:00:00,75.978,74.039,70.715,69.069
2019-09-29 08:00:00,75.978,74.039,70.715,69.069
2019-09-29 09:00:00,75.978,74.039,70.715,69.069
2019-09-29 10:00:00,75.978,74.039,70.715,69.069
2019-09-29 11:00:00,77.519,74.74,70.232,69.215
2019-09-29 12:00:00,77.519,74.74,70.232,69.215
2019-09-29 13:00:00,77.519,74.74,70.232,69.215
2019-09-29 14:00:00,77.519,74.74,70.232,69.215
2019-09-29 15:00:00,77.519,74.74,70.232,69.215
2019-09-29 16:00:00,77.519,74.74,70.232,69.215
2019-09-29 17:00:00,76.314,74.728,71.706,71.094
2019-09-29 18:00:00,76.314,74.728,71.706,71.094
2019-09-29 19:00:00,76.314,74.728,71.706,71.094
2019-09-29 20:00:00,76.314,74.728,71.706,71.094
2019-09-29 21:00:00,76.314,74.728,71.706,71.094
2019-09-29 22:00:00,76.314,74.728,71.706,71.094
2019-09-29 23:00:00,77.251,76.234,73.3,72.207
2019-09-30 00:00:00,77.251,76.234,73.3,72.207
2019-09-30 01:00:00,77.251,76.234,73.3,72.207
2019-09-30 02:00:00,77.251,76.234,73.3,72.207
2019-09-30 03:00:00,77.251,76.234,73.3,72.207
2019-09-30 04:00:00,77.251,76.234,73.3,72.207
2019-09-30 05:00:00,78.408,77.181,74.153,72.608
2019-09-30 06:00:00,78.408,77.181,74.153,72.608
2019-09-30 07:00:00,78.408,77.181,74.153,72.608
2019-09-30 08:00:00,78.408,77.181,74.153,72.608
2019-09-30 09:00:00,78.408,77.181,74.153,72.608
2019-09-30 10:00:00,78.408,77.181,74.153,72.608
2019-09-30 11:00:00,79.614,80.04,77.226,77.982
2019-09-30 12:00:00,79.614,80.04,77.226,77.982
2019-09-30 13:00:00,79.614,80.04,77.226,77.982
2019-09-30 14:00:00,79.614,80.04,77.226,77.982
2019-09-30 15:00:00,79.614,80.04,77.226,77.982
2019-09-30 16:00:00,79.614,80.04,77.226,77.982
2019-09-30 17:00:00,86.738,84.693,81.382,80.671
2019-09-30 18:00:00,86.738,84.693,81.382,80.671
2019-09-30 19:00:00,86.738,84.693,81.382,80.671
2019-09-30 20:00:00,86.738,84.693,81.382,80.671
2019-09-30 21:00:00,86.738,84.693,81.382,80.671
2019-09-30 22:00:00,86.738,84.693,81.382,80.671
2019-09-30 23:00:00,86.86,85.689,82.665,81.097
2019-10-01 00:00:00,86.86,85.689,82.665,81.097
2019-10-01 01:00:00,86.86,85.689,82.665,81.097
2019-10-01 02:00:00,86.86,85.689,82.665,81.097
2019-10-01 03:00:00,86.86,85.689,82.665,81.097
2019-10-01 04:00:00,86.86,85.689,82.665,81.097
2019-10-01 05:00:00,88.664,93.82,94.953,93.121
2019-10-01 06:00:00,88.664,93.82,94.953,93.121
2019-10-01 07:00:00,88.664,93.82,94.953,93.121
2019-10-01 08:00:00,88.664,93.82,94.953,93.121
2019-10-01 09:00:00,88.664,93.82,94.953,93.121
2019-10-01 10:00:00,88.664,93.82,94.953,93.121
2019-10-01 11:00:00,103.414,96.441,91.588,101.095
2019-10-01 12:00:00,103.414,96.441,91.588,101.095
2019-10-01 13:00:00,103.414,96.441,91.588,101.095
2019-10-01 14:00:00,103.414,96.441,91.588,101.095
2019-10-01 15:00:00,103.414,96.441,91.588,101.095
2019-10-01 16:00:00,103.414,96.441,91.588,101.095
2019-10-01 17:00:00,103.217,104.301,102.876,101.086
2019-10-01 18:00:00,103.217,104.301,102.876,101.086
2019-10-01 19:00:00,103.217,104.301,102.876,101.086
2019-10-01 20:00:00,103.217,104.301,102.876,101.086
2019-10-01 21:00:00,103.217,104.301,102.876,101.086
2019-10-01 22:00:00,103.217,104.301,102.876,101.086
2019-10-01 23:00:00,105.836,104.26,100.625,95.465
2019-10-02 00:00:00,105.836,104.26,100.625,95.465
2019-10-02 01:00:00,105.836,104.26,100.625,95.465
2019-10-02 02:00:00,105.836,104.26,100.625,95.465
2019-10-02 03:00:00,105.836,104.26,100.625,95.465
2019-10-02 04:00:00,105.836,104.26,100.625,95.465
2019-10-02 05:00:00,86.863,91.291,91.367,90.049
2019-10-02 06:00:00,86.863,91.291,91.367,90.049
2019-10-02 07:00:00,86.863,91.291,91.367,90.049
2019-10-02 08:00:00,86.863,91.291,91.367,90.049
2019-10-02 09:00:00,86.863,91.291,91.367,90.049
2019-10-02 10:00:00,86.863,91.291,91.367,90.049
2019-10-02 11:00:00,101.268,96.072,90.973,89.456
2019-10-02 12:00:00,101.268,96.072,90.973,89.456
2019-10-02 13:00:00,101.268,96.072,90.973,89.456
2019-10-02 14:00:00,101.268,96.072,90.973,89.456
2019-10-02 15:00:00,101.268,96.072,90.973,89.456
2019-10-02 16:00:00,101.268,96.072,90.973,89.456
2019-10-02 17:00:00,96.797,94.799,91.625,89.975
2019-10-02 18:00:00,96.797,94.799,91.625,89.975
2019-10-02 19:00:00,96.797,94.799,91.625,89.975
2019-10-02 20:00:00,96.797,94.799,91.625,89.975
2019-10-02 21:00:00,96.797,94.799,91.625,89.975
2019-10-02 22:00:00,96.797,94.799,91.625,89.975
2019-10-02 23:00:00,96.116,94.439,91.125,87.974
2019-10-03 00:00:00,96.116,94.439,91.125,87.974
2019-10-03 01:00:00,96.116,94.439,91.125,87.974
2019-10-03 02:00:00,96.116,94.439,91.125,87.974
2019-10-03 03:00:00,96.116,94.439,91.125,87.974
2019-10-03 04:00:00,96.116,94.439,91.125,87.974
2019-10-03 05:00:00,95.091,93.091,89.709,87.345
2019-10-03 06:00:00,95.091,93.091,89.709,87.345
2019-10-03 07:00:00,95.091,93.091,89.709,87.345
2019-10-03 08:00:00,95.091,93.091,89.709,87.345
2019-10-03 09:00:00,95.091,93.091,89.709,87.345
2019-10-03 10:00:00,95.091,93.091,89.709,87.345
2019-10-03 11:00:00,112.153,113.597,112.742,101.432
2019-10-03 12:00:00,112.153,113.597,112.742,101.432
2019-10-03 13:00:00,112.153,113.597,112.742,101.432
2019-10-03 14:00:00,112.153,113.597,112.742,101.432
2019-10-03 15:00:00,112.153,113.597,112.742,101.432
2019-10-03 16:00:00,112.153,113.597,112.742,101.432
2019-10-03 17:00:00,111.288,107.815,102.91,99.844
2019-10-03 18:00:00,111.288,107.815,102.91,99.844
2019-10-03 19:00:00,111.288,107.815,102.91,99.844
2019-10-03 20:00:00,111.288,107.815,102.91,99.844
2019-10-03 21:00:00,111.288,107.815,102.91,99.844
2019-10-03 22:00:00,111.288,107.815,102.91,99.844
2019-10-03 23:00:00,107.05,104.357,100.78,97.193
2019-10-04 00:00:00,107.05,104.357,100.78,97.193
2019-10-04 01:00:00,107.05,104.357,100.78,97.193
2019-10-04 02:00:00,107.05,104.357,100.78,97.193
2019-10-04 03:00:00,107.05,104.357,100.78,97.193
2019-10-04 04:00:00,107.05,104.357,100.78,97.193
2019-10-04 05:00:00,103.606,100.944,97.211,92.287
2019-10-04 06:00:00,103.606,100.944,97.211,92.287
2019-10-04 07:00:00,103.606,100.944,97.211,92.287
2019-10-04 08:00:00,103.606,100.944,97.211,92.287
2019-10-04 09:00:00,103.606,100.944,97.211,92.287
2019-10-04 10:00:00,103.606,100.944,97.211,92.287
2019-10-04 11:00:00,92.885,90.393,85.582,81.637
2019-10-04 12:00:00,92.885,90.393,85.582,81.637
2019-10-04 13:00:00,92.885,90.393,85.582,81.637
2019-10-04 14:00:00,92.885,90.393,85.582,81.637
2019-10-04 15:00:00,92.885,90.393,85.582,81.637
2019-10-04 16:00:00,92.885,90.393,85.582,81.637
2019-10-04 17:00:00,88.985,85.678,81.314,78.583
2019-10-04 18:00:00,88.985,85.678,81.314,78.583
2019-10-04 19:00:00,88.985,85.678,81.314,78.583
2019-10-04 20:00:00,88.985,85.678,81.314,78.583
2019-10-04 21:00:00,88.985,85.678,81.314,78.583
2019-10-04 22:00:00,88.985,85.678,81.314,78.583
2019-10-04 23:00:00,85.967,83.704,80.414,77.846
2019-10-05 00:00:00,85.967,83.704,80.414,77.846
2019-10-05 01:00:00,85.967,83.704,80.414,77.846
2019-10-05 02:00:00,85.967,83.704,80.414,77.846
2019-10-05 03:00:00,85.967,83.704,80.414,77.846
2019-10-05 04:00:00,85.967,83.704,80.414,77.846
2019-10-05 05:00:00,84.65,82.761,79.504,76.667
2019-10-05 06:00:00,84.65,82.761,79.504,76.667
2019-10-05 07:00:00,84.65,82.761,79.504,76.667
2019-10-05 08:00:00,84.65,82.761,79.504,76.667
2019-10-05 09:00:00,84.65,82.761,79.504,76.667
2019-10-05 10:00:00,84.65,82.761,79.504,76.667
2019-10-05 11:00:00,84.479,82.186,78.57,76.519
2019-10-05 12:00:00,84.479,82.186,78.57,76.519
2019-10-05 13:00:00,84.479,82.186,78.57,76.519
2019-10-05 14:00:00,84.479,82.186,78.57,76.519
2019-10-05 15:00:00,84.479,82.186,78.57,76.519
2019-10-05 16:00:00,84.479,82.186,78.57,76.519
2019-10-05 17:00:00,83.612,81.586,78.29,76.2
2019-10-05 18:00:00,83.612,81.586,78.29,76.2
2019-10-05 19:00:00,83.612,81.586,78.29,76.2
2019-10-05 20:00:00,83.612,81.586,78.29,76.2
2019-10-05 21:00:00,83.612,81.586,78.29,76.2
2019-10-05 22:00:00,83.612,81.586,78.29,76.2
2019-10-05 23:00:00,83.091,81.511,78.487,76.544
2019-10-06 00:00:00,83.091,81.511,78.487,76.544
2019-10-06 01:00:00,83.091,81.511,78.487,76.544
2019-10-06 02:00:00,83.091,81.511,78.487,76.544
2019-10-06 03:00:00,83.091,81.511,78.487,76.544
2019-10-06 04:00:00,83.091,81.511,78.487,76.544
2019-10-06 05:00:00,72.228,74.786,74.343,70.257
2019-10-06 06:00:00,72.228,74.786,74.343,70.257
2019-10-06 07:00:00,72.228,74.786,74.343,70.257
2019-10-06 08:00:00,72.228,74.786,74.343,70.257
2019-10-06 09:00:00,72.228,74.786,74.343,70.257
2019-10-06 10:00:00,72.228,74.786,74.343,70.257
2019-10-06 11:00:00,77.385,76.487,73.323,72.599
2019-10-06 12:00:00,77.385,76.487,73.323,72.599
2019-10-06 13:00:00,77.385,76.487,73.323,72.599
2019-10-06 14:00:00,77.385,76.487,73.323,72.599
2019-10-06 15:00:00,77.385,76.487,73.323,72.599
2019-10-06 16:00:00,77.385,76.487,73.323,72.599
2019-10-06 17:00:00,77.719,74.825,71.145,68.17
2019-10-06 18:00:00,77.719,74.825,71.145,68.17
2019-10-06 19:00:00,77.719,74.825,71.145,68.17
2019-10-06 20:00:00,77.719,74.825,71.145,68.17
2019-10-06 21:00:00,77.719,74.825,71.145,68.17
2019-10-06 22:00:00,77.719,74.825,71.145,68.17
2019-10-06 23:00:00,75.508,73.48,70.382,68.139
2019-10-07 00:00:00,75.508,73.48,70.382,68.139
2019-10-07 01:00:00,75.508,73.48,70.382,68.139
2019-10-07 02:00:00,75.508,73.48,70.382,68.139
2019-10-07 03:00:00,75.508,73.48,70.382,68.139
2019-10-07 04:00:00,75.508,73.48,70.382,68.139
2019-10-07 05:00:00,75.138,73.71,70.804,69.354
2019-10-07 06:00:00,75.138,73.71,70.804,69.354
2019-10-07 07:00:00,75.138,73.71,70.804,69.354
2019-10-07 08:00:00,75.138,73.71,70.804,69.354
2019-10-07 09:00:00,75.138,73.71,70.804,69.354
2019-10-07 10:00:00,75.138,73.71,70.804,69.354
2019-10-07 11:00:00,75.898,74.005,70.411,68.471
2019-10-07 12:00:00,75.898,74.005,70.411,68.471
2019-10-07 13:00:00,75.898,74.005,70.411,68.471
2019-10-07 14:00:00,75.898,74.005,70.411,68.471
2019-10-07 15:00:00,75.898,74.005,70.411,68.471
2019-10-07 16:00:00,75.898,74.005,70.411,68.471
2019-10-07 17:00:00,77.504,75.827,73.006,72.61
2019-10-07 18:00:00,77.504,75.827,73.006,72.61
2019-10-07 19:00:00,77.504,75.827,73.006,72.61
2019-10-07 20:00:00,77.504,75.827,73.006,72.61
2019-10-07 21:00:00,77.504,75.827,73.006,72.61
2019-10-07 22:00:00,77.504,75.827,73.006,72.61
2019-10-07 23:00:00,78.967,78.439,75.985,75.604
2019-10-08 00:00:00,78.967,78.439,75.985,75.604
2019-10-08 01:00:00,78.967,78.439,75.985,75.604
2019-10-08 02:00:00,78.967,78.439,75.985,75.604
2019-10-08 03:00:00,78.967,78.439,75.985,75.604
2019-10-08 04:00:00,78.967,78.439,75.985,75.604
2019-10-08 05:00:00,74.961,78.031,76.86,80.061
2019-10-08 06:00:00,74.961,78.031,76.86,80.061
2019-10-08 07:00:00,74.961,78.031,76.86,80.061
2019-10-08 08:00:00,74.961,78.031,76.86,80.061
2019-10-08 09:00:00,74.961,78.031,76.86,80.061
2019-10-08 10:00:00,74.961,78.031,76.86,80.061
2019-10-08 11:00:00,74.724,74.182,71.749,81.25
2019-10-08 12:00:00,74.724,74.182,71.749,81.25
2019-10-08 13:00:00,74.724,74.182,71.749,81.25
2019-10-08 14:00:00,74.724,74.182,71.749,81.25
2019-10-08 15:00:00,74.724,74.182,71.749,81.25
2019-10-08 16:00:00,74.724,74.182,71.749,81.25
2019-10-08 17:00:00,81.707,83.455,82.263,78.51
2019-10-08 18:00:00,81.707,83.455,82.263,78.51
2019-10-08 19:00:00,81.707,83.455,82.263,78.51
2019-10-08 20:00:00,81.707,83.455,82.263,78.51
2019-10-08 21:00:00,81.707,83.455,82.263,78.51
2019-10-08 22:00:00,81.707,83.455,82.263,78.51
2019-10-08 23:00:00,85.704,84.143,80.958,78.76
2019-10-09 00:00:00,85.704,84.143,80.958,78.76
2019-10-09 01:00:00,85.704,84.143,80.958,78.76
2019-10-09 02:00:00,85.704,84.143,80.958,78.76
2019-10-09 03:00:00,85.704,84.143,80.958,78.76
2019-10-09 04:00:00,85.704,84.143,80.958,78.76
2019-10-09 05:00:00,79.055,77.932,75.041,72.116
2019-10-09 06:00:00,79.055,77.932,75.041,72.116
2019-10-09 07:00:00,79.055,77.932,75.041,72.116
2019-10-09 08:00:00,79.055,77.932,75.041,72.116
2019-10-09 09:00:00,79.055,77.932,75.041,72.116
2019-10-09 10:00:00,79.055,77.932,75.041,72.116
2019-10-09 11:00:00,80.082,78.641,75.834,75.684
2019-10-09 12:00:00,80.082,78.641,75.834,75.684
2019-10-09 13:00:00,80.082,78.641,75.834,75.684
2019-10-09 14:00:00,80.082,78.641,75.834,75.684
2019-10-09 15:00:00,80.082,78.641,75.834,75.684
2019-10-09 16:00:00,80.082,78.641,75.834,75.684
2019-10-09 17:00:00,89.615,88.675,86.997,89.774
2019-10-09 18:00:00,89.615,88.675,86.997,89.774
2019-10-09 19:00:00,89.615,88.675,86.997,89.774
2019-10-09 20:00:00,89.615,88.675,86.997,89.774
2019-10-09 21:00:00,89.615,88.675,86.997,89.774
2019-10-09 22:00:00,89.615,88.675,86.997,89.774
2019-10-09 23:00:00,94.454,95.018,93.051,92.124
2019-10-10 00:00:00,94.454,95.018,93.051,92.124
2019-10-10 01:00:00,94.454,95.018,93.051,92.124
2019-10-10 02:00:00,94.454,95.018,93.051,92.124
2019-10-10 03:00:00,94.454,95.018,93.051,92.124
2019-10-10 04:00:00,94.454,95.018,93.051,92.124
2019-10-10 05:00:00,88.701,93.149,94.213,90.243
2019-10-10 06:00:00,88.701,93.149,94.213,90.243
2019-10-10 07:00:00,88.701,93.149,94.213,90.243
2019-10-10 08:00:00,88.701,93.149,94.213,90.243
2019-10-10 09:00:00,88.701,93.149,94.213,90.243
2019-10-10 10:00:00,88.701,93.149,94.213,90.243
2019-10-10 11:00:00,96.136,95.255,91.828,88.189
2019-10-10 12:00:00,96.136,95.255,91.828,88.189
2019-10-10 13:00:00,96.136,95.255,91.828,88.189
2019-10-10 14:00:00,96.136,95.255,91.828,88.189
2019-10-10 15:00:00,96.136,95.255,91.828,88.189
2019-10-10 16:00:00,96.136,95.255,91.828,88.189
2019-10-10 17:00:00,98.303,94.71,90.973,88.866
2019-10-10 18:00:00,98.303,94.71,90.973,88.866
2019-10-10 19:00:00,98.303,94.71,90.973,88.866
2019-10-10 20:00:00,98.303,94.71,90.973,88.866
2019-10-10 21:00:00,98.303,94.71,90.973,88.866
2019-10-10 22:00:00,98.303,94.71,90.973,88.866
2019-10-10 23:00:00,96.293,94.745,91.873,90.231
2019-10-11 00:00:00,96.293,94.745,91.873,90.231
2019-10-11 01:00:00,96.293,94.745,91.873,90.231
2019-10-11 02:00:00,96.293,94.745,91.873,90.231
2019-10-11 03:00:00,96.293,94.745,91.873,90.231
2019-10-11 04:00:00,96.293,94.745,91.873,90.231
2019-10-11 05:00:00,86.296,90.671,91.557,86.344
2019-10-11 06:00:00,86.296,90.671,91.557,86.344
2019-10-11 07:00:00,86.296,90.671,91.557,86.344
2019-10-11 08:00:00,86.296,90.671,91.557,86.344
2019-10-11 09:00:00,86.296,90.671,91.557,86.344
2019-10-11 10:00:00,86.296,90.671,91.557,86.344
2019-10-11 11:00:00,93.719,92.972,89.446,87.793
2019-10-11 12:00:00,93.719,92.972,89.446,87.793
2019-10-11 13:00:00,93.719,92.972,89.446,87.793
2019-10-11 14:00:00,93.719,92.972,89.446,87.793
2019-10-11 15:00:00,93.719,92.972,89.446,87.793
2019-10-11 16:00:00,93.719,92.972,89.446,87.793
2019-10-11 17:00:00,95.111,92.672,89.578,87.864
2019-10-11 18:00:00,95.111,92.672,89.578,87.864
2019-10-11 19:00:00,95.111,92.672,89.578,87.864
2019-10-11 20:00:00,95.111,92.672,89.578,87.864
2019-10-11 21:00:00,95.111,92.672,89.578,87.864
2019-10-11 22:00:00,95.111,92.672,89.578,87.864
2019-10-11 23:00:00,95.615,94.811,92.045,91.926
2019-10-12 00:00:00,95.615,94.811,92.045,91.926
2019-10-12 01:00:00,95.615,94.811,92.045,91.926
2019-10-12 02:00:00,95.615,94.811,92.045,91.926
2019-10-12 03:00:00,95.615,94.811,92.045,91.926
2019-10-12 04:00:00,95.615,94.811,92.045,91.926
2019-10-12 05:00:00,98.737,98.435,95.957,95.609
2019-10-12 06:00:00,98.737,98.435,95.957,95.609
2019-10-12 07:00:00,98.737,98.435,95.957,95.609
2019-10-12 08:00:00,98.737,98.435,95.957,95.609
2019-10-12 09:00:00,98.737,98.435,95.957,95.609
2019-10-12 10:00:00,98.737,98.435,95.957,95.609
2019-10-12 11:00:00,92.899,91.959,88.153,87.406
2019-10-12 12:00:00,92.899,91.959,88.153,87.406
2019-10-12 13:00:00,92.899,91.959,88.153,87.406
2019-10-12 14:00:00,92.899,91.959,88.153,87.406
2019-10-12 15:00:00,92.899,91.959,88.153,87.406
2019-10-12 16:00:00,92.899,91.959,88.153,87.406
2019-10-12 17:00:00,91.791,93.601,91.957,90.768
2019-10-12 18:00:00,91.791,93.601,91.957,90.768
2019-10-12 19:00:00,91.791,93.601,91.957,90.768
2019-10-12 20:00:00,91.791,93.601,91.957,90.768
2019-10-12 21:00:00,91.791,93.601,91.957,90.768
2019-10-12 22:00:00,91.791,93.601,91.957,90.768
2019-10-12 23:00:00,96.663,95.938,92.982,89.858
2019-10-13 00:00:00,96.663,95.938,92.982,89.858
2019-10-13 01:00:00,96.663,95.938,92.982,89.858
2019-10-13 02:00:00,96.663,95.938,92.982,89.858
2019-10-13 03:00:00,96.663,95.938,92.982,89.858
2019-10-13 04:00:00,96.663,95.938,92.982,89.858
2019-10-13 05:00:00,83.462,90.12,92.857,99.123
2019-10-13 06:00:00,83.462,90.12,92.857,99.123
2019-10-13 07:00:00,83.462,90.12,92.857,99.123
2019-10-13 08:00:00,83.462,90.12,92.857,99.123
2019-10-13 09:00:00,83.462,90.12,92.857,99.123
2019-10-13 10:00:00,83.462,90.12,92.857,99.123
2019-10-13 11:00:00,95.517,98.011,97.691,104.746
2019-10-13 12:00:00,95.517,98.011,97.691,104.746
2019-10-13 13:00:00,95.517,98.011,97.691,104.746
2019-10-13 14:00:00,95.517,98.011,97.691,104.746
2019-10-13 15:00:00,95.517,98.011,97.691,104.746
2019-10-13 16:00:00,95.517,98.011,97.691,104.746
2019-10-13 17:00:00,105.607,107.115,104.936,99.194
2019-10-13 18:00:00,105.607,107.115,104.936,99.194
2019-10-13 19:00:00,105.607,107.115,104.936,99.194
2019-10-13 20:00:00,105.607,107.115,104.936,99.194
2019-10-13 21:00:00,105.607,107.115,104.936,99.194
2019-10-13 22:00:00,105.607,107.115,104.936,99.194
2019-10-13 23:00:00,106.524,103.952,99.62,93.815
2019-10-14 00:00:00,106.524,103.952,99.62,93.815
2019-10-14 01:00:00,106.524,103.952,99.62,93.815
2019-10-14 02:00:00,106.524,103.952,99.62,93.815
2019-10-14 03:00:00,106.524,103.952,99.62,93.815
2019-10-14 04:00:00,106.524,103.952,99.62,93.815
2019-10-14 05:00:00,103.261,100.644,96.707,94.303
2019-10-14 06:00:00,103.261,100.644,96.707,94.303
2019-10-14 07:00:00,103.261,100.644,96.707,94.303
2019-10-14 08:00:00,103.261,100.644,96.707,94.303
2019-10-14 09:00:00,103.261,100.644,96.707,94.303
2019-10-14 10:00:00,103.261,100.644,96.707,94.303
2019-10-14 11:00:00,83.834,80.063,74.442,70.738
2019-10-14 12:00:00,83.834,80.063,74.442,70.738
2019-10-14 13:00:00,83.834,80.063,74.442,70.738
2019-10-14 14:00:00,83.834,80.063,74.442,70.738
2019-10-14 15:00:00,83.834,80.063,74.442,70.738
2019-10-14 16:00:00,83.834,80.063,74.442,70.738
2019-10-14 17:00:00,82.244,80.2,76.814,77.004
2019-10-14 18:00:00,82.244,80.2,76.814,77.004
2019-10-14 19:00:00,82.244,80.2,76.814,77.004
2019-10-14 20:00:00,82.244,80.2,76.814,77.004
2019-10-14 21:00:00,82.244,80.2,76.814,77.004
2019-10-14 22:00:00,82.244,80.2,76.814,77.004
2019-10-14 23:00:00,84.355,84.365,81.743,82.346
2019-10-15 00:00:00,84.355,84.365,81.743,82.346
2019-10-15 01:00:00,84.355,84.365,81.743,82.346
2019-10-15 02:00:00,84.355,84.365,81.743,82.346
2019-10-15 03:00:00,84.355,84.365,81.743,82.346
2019-10-15 04:00:00,84.355,84.365,81.743,82.346
2019-10-15 05:00:00,84.558,86.664,86.285,88.213
2019-10-15 06:00:00,84.558,86.664,86.285,88.213
2019-10-15 07:00:00,84.558,86.664,86.285,88.213
2019-10-15 08:00:00,84.558,86.664,86.285,88.213
2019-10-15 09:00:00,84.558,86.664,86.285,88.213
2019-10-15 10:00:00,84.558,86.664,86.285,88.213
2019-10-15 11:00:00,97.821,93.052,86.714,84.553
2019-10-15 12:00:00,97.821,93.052,86.714,84.553
2019-10-15 13:00:00,97.821,93.052,86.714,84.553
2019-10-15 14:00:00,97.821,93.052,86.714,84.553
2019-10-15 15:00:00,97.821,93.052,86.714,84.553
2019-10-15 16:00:00,97.821,93.052,86.714,84.553
2019-10-15 17:00:00,92.036,89.177,85.598,80.192
2019-10-15 18:00:00,92.036,89.177,85.598,80.192
2019-10-15 19:00:00,92.036,89.177,85.598,80.192
2019-10-15 20:00:00,92.036,89.177,85.598,80.192
2019-10-15 21:00:00,92.036,89.177,85.598,80.192
2019-10-15 22:00:00,92.036,89.177,85.598,80.192
2019-10-15 23:00:00,89.291,87.066,83.296,80.954
2019-10-16 00:00:00,89.291,87.066,83.296,80.954
2019-10-16 01:00:00,89.291,87.066,83.296,80.954
2019-10-16 02:00:00,89.291,87.066,83.296,80.954
2019-10-16 03:00:00,89.291,87.066,83.296,80.954
2019-10-16 04:00:00,89.291,87.066,83.296,80.954
2019-10-16 05:00:00,84.608,85.597,85.213,82.257
2019-10-16 06:00:00,84.608,85.597,85.213,82.257
2019-10-16 07:00:00,84.608,85.597,85.213,82.257
2019-10-16 08:00:00,84.608,85.597,85.213,82.257
2019-10-16 09:00:00,84.608,85.597,85.213,82.257
2019-10-16 10:00:00,84.608,85.597,85.213,82.257
2019-10-16 11:00:00,90.418,90.845,88.014,89.732
2019-10-16 12:00:00,90.418,90.845,88.014,89.732
2019-10-16 13:00:00,90.418,90.845,88.014,89.732
2019-10-16 14:00:00,90.418,90.845,88.014,89.732
2019-10-16 15:00:00,90.418,90.845,88.014,89.732
2019-10-16 16:00:00,90.418,90.845,88.014,89.732
2019-10-16 17:00:00,91.09,90.137,87.681,90.461
2019-10-16 18:00:00,91.09,90.137,87.681,90.461
2019-10-16 19:00:00,91.09,90.137,87.681,90.461
2019-10-16 20:00:00,91.09,90.137,87.681,90.461
2019-10-16 21:00:00,91.09,90.137,87.681,90.461
2019-10-16 22:00:00,91.09,90.137,87.681,90.461
2019-10-16 23:00:00,93.283,92.773,89.771,91.256
2019-10-17 00:00:00,93.283,92.773,89.771,91.256
2019-10-17 01:00:00,93.283,92.773,89.771,91.256
2019-10-17 02:00:00,93.283,92.773,89.771,91.256
2019-10-17 03:00:00,93.283,92.773,89.771,91.256
2019-10-17 04:00:00,93.283,92.773,89.771,91.256
2019-10-17 05:00:00,95.412,94.605,91.479,92.713
2019-10-17 06:00:00,95.412,94.605,91.479,92.713
2019-10-17 07:00:00,95.412,94.605,91.479,92.713
2019-10-17 08:00:00,95.412,94.605,91.479,92.713
2019-10-17 09:00:00,95.412,94.605,91.479,92.713
2019-10-17 10:00:00,95.412,94.605,91.479,92.713
2019-10-17 11:00:00,99.901,101.777,99.316,104.559
2019-10-17 12:00:00,99.901,101.777,99.316,104.559
2019-10-17 13:00:00,99.901,101.777,99.316,104.559
2019-10-17 14:00:00,99.901,101.777,99.316,104.559
2019-10-17 15:00:00,99.901,101.777,99.316,104.559
2019-10-17 16:00:00,99.901,101.777,99.316,104.559
2019-10-17 17:00:00,107.09,106.709,103.531,101.445
2019-10-17 18:00:00,107.09,106.709,103.531,101.445
2019-10-17 19:00:00,107.09,106.709,103.531,101.445
2019-10-17 20:00:00,107.09,106.709,103.531,101.445
2019-10-17 21:00:00,107.09,106.709,103.531,101.445
2019-10-17 22:00:00,107.09,106.709,103.531,101.445
2019-10-17 23:00:00,105.442,102.411,98.145,91.49
2019-10-18 00:00:00,105.442,102.411,98.145,91.49
2019-10-18 01:00:00,105.442,102.411,98.145,91.49
2019-10-18 02:00:00,105.442,102.411,98.145,91.49
2019-10-18 03:00:00,105.442,102.411,98.145,91.49
2019-10-18 04:00:00,105.442,102.411,98.145,91.49
2019-10-18 05:00:00,79.499,85.602,86.752,82.703
2019-10-18 06:00:00,79.499,85.602,86.752,82.703
2019-10-18 07:00:00,79.499,85.602,86.752,82.703
2019-10-18 08:00:00,79.499,85.602,86.752,82.703
2019-10-18 09:00:00,79.499,85.602,86.752,82.703
2019-10-18 10:00:00,79.499,85.602,86.752,82.703
2019-10-18 11:00:00,86.147,83.869,79.319,82.257
2019-10-18 12:00:00,86.147,83.869,79.319,82.257
2019-10-18 13:00:00,86.147,83.869,79.319,82.257
2019-10-18 14:00:00,86.147,83.869,79.319,82.257
2019-10-18 15:00:00,86.147,83.869,79.319,82.257
2019-10-18 16:00:00,86.147,83.869,79.319,82.257
2019-10-18 17:00:00,85.114,82.311,78.916,80.694
2019-10-18 18:00:00,85.114,82.311,78.916,80.694
2019-10-18 19:00:00,85.114,82.311,78.916,80.694
2019-10-18 20:00:00,85.114,82.311,78.916,80.694
2019-10-18 21:00:00,85.114,82.311,78.916,80.694
2019-10-18 22:00:00,85.114,82.311,78.916,80.694
2019-10-18 23:00:00,83.831,81.873,78.517,79.671
2019-10-19 00:00:00,83.831,81.873,78.517,79.671
2019-10-19 01:00:00,83.831,81.873,78.517,79.671
2019-10-19 02:00:00,83.831,81.873,78.517,79.671
2019-10-19 03:00:00,83.831,81.873,78.517,79.671
2019-10-19 04:00:00,83.831,81.873,78.517,79.671
2019-10-19 05:00:00,83.855,82.144,78.85,80.139
2019-10-19 06:00:00,83.855,82.144,78.85,80.139
2019-10-19 07:00:00,83.855,82.144,78.85,80.139
2019-10-19 08:00:00,83.855,82.144,78.85,80.139
2019-10-19 09:00:00,83.855,82.144,78.85,80.139
2019-10-19 10:00:00,83.855,82.144,78.85,80.139
2019-10-19 11:00:00,87.429,86.437,82.889,81.126
2019-10-19 12:00:00,87.429,86.437,82.889,81.126
2019-10-19 13:00:00,87.429,86.437,82.889,81.126
2019-10-19 14:00:00,87.429,86.437,82.889,81.126
2019-10-19 15:00:00,87.429,86.437,82.889,81.126
2019-10-19 16:00:00,87.429,86.437,82.889,81.126
2019-10-19 17:00:00,89.466,87.404,83.842,80.181
2019-10-19 18:00:00,89.466,87.404,83.842,80.181
2019-10-19 19:00:00,89.466,87.404,83.842,80.181
2019-10-19 20:00:00,89.466,87.404,83.842,80.181
2019-10-19 21:00:00,89.466,87.404,83.842,80.181
2019-10-19 22:00:00,89.466,87.404,83.842,80.181
2019-10-19 23:00:00,90.623,87.981,84.671,80.646
2019-10-20 00:00:00,90.623,87.981,84.671,80.646
2019-10-20 01:00:00,90.623,87.981,84.671,80.646
2019-10-20 02:00:00,90.623,87.981,84.671,80.646
2019-10-20 03:00:00,90.623,87.981,84.671,80.646
2019-10-20 04:00:00,90.623,87.981,84.671,80.646
2019-10-20 05:00:00,91.341,88.301,84.823,80.825
2019-10-20 06:00:00,91.341,88.301,84.823,80.825
2019-10-20 07:00:00,91.341,88.301,84.823,80.825
2019-10-20 08:00:00,91.341,88.301,84.823,80.825
2019-10-20 09:00:00,91.341,88.301,84.823,80.825
2019-10-20 10:00:00,91.341,88.301,84.823,80.825
2019-10-20 11:00:00,82.705,81.786,78.981,87.666
2019-10-20 12:00:00,82.705,81.786,78.981,87.666
2019-10-20 13:00:00,82.705,81.786,78.981,87.666
2019-10-20 14:00:00,82.705,81.786,78.981,87.666
2019-10-20 15:00:00,82.705,81.786,78.981,87.666
2019-10-20 16:00:00,82.705,81.786,78.981,87.666
2019-10-20 17:00:00,84.287,81.536,78.528,80.302
2019-10-20 18:00:00,84.287,81.536,78.528,80.302
2019-10-20 19:00:00,84.287,81.536,78.528,80.302
2019-10-20 20:00:00,84.287,81.536,78.528,80.302
2019-10-20 21:00:00,84.287,81.536,78.528,80.302
2019-10-20 22:00:00,84.287,81.536,78.528,80.302
2019-10-20 23:00:00,83.594,80.881,77.192,78.965
2019-10-21 00:00:00,83.594,80.881,77.192,78.965
2019-10-21 01:00:00,83.594,80.881,77.192,78.965
2019-10-21 02:00:00,83.594,80.881,77.192,78.965
2019-10-21 03:00:00,83.594,80.881,77.192,78.965
2019-10-21 04:00:00,83.594,80.881,77.192,78.965
2019-10-21 05:00:00,83.902,81.97,78.73,82.588
2019-10-21 06:00:00,83.902,81.97,78.73,82.588
2019-10-21 07:00:00,83.902,81.97,78.73,82.588
2019-10-21 08:00:00,83.902,81.97,78.73,82.588
2019-10-21 09:00:00,83.902,81.97,78.73,82.588
2019-10-21 10:00:00,83.902,81.97,78.73,82.588
2019-10-21 11:00:00,76.601,74.982,71.485,76.56
2019-10-21 12:00:00,76.601,74.982,71.485,76.56
2019-10-21 13:00:00,76.601,74.982,71.485,76.56
2019-10-21 14:00:00,76.601,74.982,71.485,76.56
2019-10-21 15:00:00,76.601,74.982,71.485,76.56
2019-10-21 16:00:00,76.601,74.982,71.485,76.56
2019-10-21 17:00:00,80.884,78.054,74.512,77.2
2019-10-21 18:00:00,80.884,78.054,74.512,77.2
2019-10-21 19:00:00,80.884,78.054,74.512,77.2
2019-10-21 20:00:00,80.884,78.054,74.512,77.2
2019-10-21 21:00:00,80.884,78.054,74.512,77.2
2019-10-21 22:00:00,80.884,78.054,74.512,77.2
2019-10-21 23:00:00,80.597,78.645,75.296,76.397
2019-10-22 00:00:00,80.597,78.645,75.296,76.397
2019-10-22 01:00:00,80.597,78.645,75.296,76.397
2019-10-22 02:00:00,80.597,78.645,75.296,76.397
2019-10-22 03:00:00,80.597,78.645,75.296,76.397
2019-10-22 04:00:00,80.597,78.645,75.296,76.397
2019-10-22 05:00:00,86.132,91.596,92.566,85.754
2019-10-22 06:00:00,86.132,91.596,92.566,85.754
2019-10-22 07:00:00,86.132,91.596,92.566,85.754
2019-10-22 08:00:00,86.132,91.596,92.566,85.754
2019-10-22 09:00:00,86.132,91.596,92.566,85.754
2019-10-22 10:00:00,86.132,91.596,92.566,85.754
2019-10-22 11:00:00,97.295,96.986,93.762,89.556
2019-10-22 12:00:00,97.295,96.986,93.762,89.556
2019-10-22 13:00:00,97.295,96.986,93.762,89.556
2019-10-22 14:00:00,97.295,96.986,93.762,89.556
2019-10-22 15:00:00,97.295,96.986,93.762,89.556
2019-10-22 16:00:00,97.295,96.986,93.762,89.556
2019-10-22 17:00:00,98.224,97.71,94.636,87.876
2019-10-22 18:00:00,98.224,97.71,94.636,87.876
2019-10-22 19:00:00,98.224,97.71,94.636,87.876
2019-10-22 20:00:00,98.224,97.71,94.636,87.876
2019-10-22 21:00:00,98.224,97.71,94.636,87.876
2019-10-22 22:00:00,98.224,97.71,94.636,87.876
2019-10-22 23:00:00,99.681,96.248,92.479,85.364
2019-10-23 00:00:00,99.681,96.248,92.479,85.364
2019-10-23 01:00:00,99.681,96.248,92.479,85.364
2019-10-23 02:00:00,99.681,96.248,92.479,85.364
2019-10-23 03:00:00,99.681,96.248,92.479,85.364
2019-10-23 04:00:00,99.681,96.248,92.479,85.364
2019-10-23 05:00:00,78.634,80.339,79.246,71.479
2019-10-23 06:00:00,78.634,80.339,79.246,71.479
2019-10-23 07:00:00,78.634,80.339,79.246,71.479
2019-10-23 08:00:00,78.634,80.339,79.246,71.479
2019-10-23 09:00:00,78.634,80.339,79.246,71.479
2019-10-23 10:00:00,78.634,80.339,79.246,71.479
2019-10-23 11:00:00,93.162,86.527,82.034,70.422
2019-10-23 12:00:00,93.162,86.527,82.034,70.422
2019-10-23 13:00:00,93.162,86.527,82.034,70.422
2019-10-23 14:00:00,93.162,86.527,82.034,70.422
2019-10-23 15:00:00,93.162,86.527,82.034,70.422
2019-10-23 16:00:00,93.162,86.527,82.034,70.422
2019-10-23 17:00:00,83.893,78.576,73.688,74.419
2019-10-23 18:00:00,83.893,78.576,73.688,74.419
2019-10-23 19:00:00,83.893,78.576,73.688,74.419
2019-10-23 20:00:00,83.893,78.576,73.688,74.419
2019-10-23 21:00:00,83.893,78.576,73.688,74.419
2019-10-23 22:00:00,83.893,78.576,73.688,74.419
2019-10-23 23:00:00,82.302,80.824,78.04,79.456
2019-10-24 00:00:00,82.302,80.824,78.04,79.456
2019-10-24 01:00:00,82.302,80.824,78.04,79.456
2019-10-24 02:00:00,82.302,80.824,78.04,79.456
2019-10-24 03:00:00,82.302,80.824,78.04,79.456
2019-10-24 04:00:00,82.302,80.824,78.04,79.456
2019-10-24 05:00:00,81.065,83.128,82.609,79.525
2019-10-24 06:00:00,81.065,83.128,82.609,79.525
2019-10-24 07:00:00,81.065,83.128,82.609,79.525
2019-10-24 08:00:00,81.065,83.128,82.609,79.525
2019-10-24 09:00:00,81.065,83.128,82.609,79.525
2019-10-24 10:00:00,81.065,83.128,82.609,79.525
2019-10-24 11:00:00,87.153,86.072,82.665,77.232
2019-10-24 12:00:00,87.153,86.072,82.665,77.232
2019-10-24 13:00:00,87.153,86.072,82.665,77.232
2019-10-24 14:00:00,87.153,86.072,82.665,77.232
2019-10-24 15:00:00,87.153,86.072,82.665,77.232
2019-10-24 16:00:00,87.153,86.072,82.665,77.232
2019-10-24 17:00:00,87.612,84.835,81.123,77.528
2019-10-24 18:00:00,87.612,84.835,81.123,77.528
2019-10-24 19:00:00,87.612,84.835,81.123,77.528
2019-10-24 20:00:00,87.612,84.835,81.123,77.528
2019-10-24 21:00:00,87.612,84.835,81.123,77.528
2019-10-24 22:00:00,87.612,84.835,81.123,77.528
2019-10-24 23:00:00,87.849,86.346,83.352,82.54
2019-10-25 00:00:00,87.849,86.346,83.352,82.54
2019-10-25 01:00:00,87.849,86.346,83.352,82.54
2019-10-25 02:00:00,87.849,86.346,83.352,82.54
2019-10-25 03:00:00,87.849,86.346,83.352,82.54
2019-10-25 04:00:00,87.849,86.346,83.352,82.54
2019-10-25 05:00:00,91.335,90.964,88.393,87.93
2019-10-25 06:00:00,91.335,90.964,88.393,87.93
2019-10-25 07:00:00,91.335,90.964,88.393,87.93
2019-10-25 08:00:00,91.335,90.964,88.393,87.93
2019-10-25 09:00:00,91.335,90.964,88.393,87.93
2019-10-25 10:00:00,91.335,90.964,88.393,87.93
2019-10-25 11:00:00,80.427,80.416,77.963,77.964
2019-10-25 12:00:00,80.427,80.416,77.963,77.964
2019-10-25 13:00:00,80.427,80.416,77.963,77.964
2019-10-25 14:00:00,80.427,80.416,77.963,77.964
2019-10-25 15:00:00,80.427,80.416,77.963,77.964
2019-10-25 16:00:00,80.427,80.416,77.963,77.964
2019-10-25 17:00:00,84.306,83.444,80.646,77.788
2019-10-25 18:00:00,84.306,83.444,80.646,77.788
2019-10-25 19:00:00,84.306,83.444,80.646,77.788
2019-10-25 20:00:00,84.306,83.444,80.646,77.788
2019-10-25 21:00:00,84.306,83.444,80.646,77.788
2019-10-25 22:00:00,84.306,83.444,80.646,77.788
2019-10-25 23:00:00,86.447,85.123,82.088,81.445
2019-10-26 00:00:00,86.447,85.123,82.088,81.445
2019-10-26 01:00:00,86.447,85.123,82.088,81.445
2019-10-26 02:00:00,86.447,85.123,82.088,81.445
2019-10-26 03:00:00,86.447,85.123,82.088,81.445
2019-10-26 04:00:00,86.447,85.123,82.088,81.445
2019-10-26 05:00:00,89.211,88.512,85.794,85.178
2019-10-26 06:00:00,89.211,88.512,85.794,85.178
2019-10-26 07:00:00,89.211,88.512,85.794,85.178
2019-10-26 08:00:00,89.211,88.512,85.794,85.178
2019-10-26 09:00:00,89.211,88.512,85.794,85.178
2019-10-26 10:00:00,89.211,88.512,85.794,85.178
2019-10-26 11:00:00,81.336,82.251,79.953,81.223
2019-10-26 12:00:00,81.336,82.251,79.953,81.223
2019-10-26 13:00:00,81.336,82.251,79.953,81.223
2019-10-26 14:00:00,81.336,82.251,79.953,81.223
2019-10-26 15:00:00,81.336,82.251,79.953,81.223
2019-10-26 16:00:00,81.336,82.251,79.953,81.223
2019-10-26 17:00:00,82.875,82.42,79.907,79.239
2019-10-26 18:00:00,82.875,82.42,79.907,79.239
2019-10-26 19:00:00,82.875,82.42,79.907,79.239
2019-10-26 20:00:00,82.875,82.42,79.907,79.239
2019-10-26 21:00:00,82.875,82.42,79.907,79.239
2019-10-26 22:00:00,82.875,82.42,79.907,79.239
2019-10-26 23:00:00,84.425,82.613,79.242,78.51
2019-10-27 00:00:00,84.425,82.613,79.242,78.51
2019-10-27 01:00:00,84.425,82.613,79.242,78.51
2019-10-27 02:00:00,84.425,82.613,79.242,78.51
2019-10-27 03:00:00,84.425,82.613,79.242,78.51
2019-10-27 04:00:00,84.425,82.613,79.242,78.51
2019-10-27 05:00:00,80.907,85.28,85.558,83.76
2019-10-27 06:00:00,80.907,85.28,85.558,83.76
2019-10-27 07:00:00,80.907,85.28,85.558,83.76
2019-10-27 08:00:00,80.907,85.28,85.558,83.76
2019-10-27 09:00:00,80.907,85.28,85.558,83.76
2019-10-27 10:00:00,80.907,85.28,85.558,83.76
2019-10-27 11:00:00,93.953,88.629,82.811,84.553
2019-10-27 12:00:00,93.953,88.629,82.811,84.553
2019-10-27 13:00:00,93.953,88.629,82.811,84.553
2019-10-27 14:00:00,93.953,88.629,82.811,84.553
2019-10-27 15:00:00,93.953,88.629,82.811,84.553
2019-10-27 16:00:00,93.953,88.629,82.811,84.553
2019-10-27 17:00:00,90.64,88.915,86.349,80.8
2019-10-27 18:00:00,90.64,88.915,86.349,80.8
2019-10-27 19:00:00,90.64,88.915,86.349,80.8
2019-10-27 20:00:00,90.64,88.915,86.349,80.8
2019-10-27 21:00:00,90.64,88.915,86.349,80.8
2019-10-27 22:00:00,90.64,88.915,86.349,80.8
2019-10-27 23:00:00,89.762,87.43,83.804,79.847
2019-10-28 00:00:00,89.762,87.43,83.804,79.847
2019-10-28 01:00:00,89.762,87.43,83.804,79.847
2019-10-28 02:00:00,89.762,87.43,83.804,79.847
2019-10-28 03:00:00,89.762,87.43,83.804,79.847
2019-10-28 04:00:00,89.762,87.43,83.804,79.847
2019-10-28 05:00:00,89.415,87.728,84.575,83.43
2019-10-28 06:00:00,89.415,87.728,84.575,83.43
2019-10-28 07:00:00,89.415,87.728,84.575,83.43
2019-10-28 08:00:00,89.415,87.728,84.575,83.43
2019-10-28 09:00:00,89.415,87.728,84.575,83.43
2019-10-28 10:00:00,89.415,87.728,84.575,83.43
2019-10-28 11:00:00,80.384,80.93,78.716,88.638
2019-10-28 12:00:00,80.384,80.93,78.716,88.638
2019-10-28 13:00:00,80.384,80.93,78.716,88.638
2019-10-28 14:00:00,80.384,80.93,78.716,88.638
2019-10-28 15:00:00,80.384,80.93,78.716,88.638
2019-10-28 16:00:00,80.384,80.93,78.716,88.638
2019-10-28 17:00:00,88.682,86.996,84.747,88.538
2019-10-28 18:00:00,88.682,86.996,84.747,88.538
2019-10-28 19:00:00,88.682,86.996,84.747,88.538
2019-10-28 20:00:00,88.682,86.996,84.747,88.538
2019-10-28 21:00:00,88.682,86.996,84.747,88.538
2019-10-28 22:00:00,88.682,86.996,84.747,88.538
2019-10-28 23:00:00,89.127,87.598,84.31,85.261
2019-10-29 00:00:00,89.127,87.598,84.31,85.261
2019-10-29 01:00:00,89.127,87.598,84.31,85.261
2019-10-29 02:00:00,89.127,87.598,84.31,85.261
2019-10-29 03:00:00,89.127,87.598,84.31,85.261
2019-10-29 04:00:00,89.127,87.598,84.31,85.261
2019-10-29 05:00:00,83.898,91.153,93.9,83.629
2019-10-29 06:00:00,83.898,91.153,93.9,83.629
2019-10-29 07:00:00,83.898,91.153,93.9,83.629
2019-10-29 08:00:00,83.898,91.153,93.9,83.629
2019-10-29 09:00:00,83.898,91.153,93.9,83.629
2019-10-29 10:00:00,83.898,91.153,93.9,83.629
2019-10-29 11:00:00,119.089,114.08,109.502,84.612
2019-10-29 12:00:00,119.089,114.08,109.502,84.612
2019-10-29 13:00:00,119.089,114.08,109.502,84.612
2019-10-29 14:00:00,119.089,114.08,109.502,84.612
2019-10-29 15:00:00,119.089,114.08,109.502,84.612
2019-10-29 16:00:00,119.089,114.08,109.502,84.612
2019-10-29 17:00:00,103.495,95.66,89.164,83.104
2019-10-29 18:00:00,103.495,95.66,89.164,83.104
2019-10-29 19:00:00,103.495,95.66,89.164,83.104
2019-10-29 20:00:00,103.495,95.66,89.164,83.104
2019-10-29 21:00:00,103.495,95.66,89.164,83.104
2019-10-29 22:00:00,103.495,95.66,89.164,83.104
2019-10-29 23:00:00,94.404,91.186,87.849,83.456
2019-10-30 00:00:00,94.404,91.186,87.849,83.456
2019-10-30 01:00:00,94.404,91.186,87.849,83.456
2019-10-30 02:00:00,94.404,91.186,87.849,83.456
2019-10-30 03:00:00,94.404,91.186,87.849,83.456
2019-10-30 04:00:00,94.404,91.186,87.849,83.456
2019-10-30 05:00:00,82.617,88.219,88.728,90.145
2019-10-30 06:00:00,82.617,88.219,88.728,90.145
2019-10-30 07:00:00,82.617,88.219,88.728,90.145
2019-10-30 08:00:00,82.617,88.219,88.728,90.145
2019-10-30 09:00:00,82.617,88.219,88.728,90.145
2019-10-30 10:00:00,82.617,88.219,88.728,90.145
2019-10-30 11:00:00,92.341,92.051,89.02,98.571
2019-10-30 12:00:00,92.341,92.051,89.02,98.571
2019-10-30 13:00:00,92.341,92.051,89.02,98.571
2019-10-30 14:00:00,92.341,92.051,89.02,98.571
2019-10-30 15:00:00,92.341,92.051,89.02,98.571
2019-10-30 16:00:00,92.341,92.051,89.02,98.571
2019-10-30 17:00:00,98.287,95.859,93.226,95.719
2019-10-30 18:00:00,98.287,95.859,93.226,95.719
2019-10-30 19:00:00,98.287,95.859,93.226,95.719
2019-10-30 20:00:00,98.287,95.859,93.226,95.719
2019-10-30 21:00:00,98.287,95.859,93.226,95.719
2019-10-30 22:00:00,98.287,95.859,93.226,95.719
2019-10-30 23:00:00,96.395,94.256,90.724,90.153
2019-10-31 00:00:00,96.395,94.256,90.724,90.153
2019-10-31 01:00:00,96.395,94.256,90.724,90.153
2019-10-31 02:00:00,96.395,94.256,90.724,90.153
2019-10-31 03:00:00,96.395,94.256,90.724,90.153
2019-10-31 04:00:00,96.395,94.256,90.724,90.153
2019-10-31 05:00:00,93.621,90.867,87.127,86.857
2019-10-31 06:00:00,93.621,90.867,87.127,86.857
2019-10-31 07:00:00,93.621,90.867,87.127,86.857
2019-10-31 08:00:00,93.621,90.867,87.127,86.857
2019-10-31 09:00:00,93.621,90.867,87.127,86.857
2019-10-31 10:00:00,93.621,90.867,87.127,86.857
2019-10-31 11:00:00,97.177,97.507,94.567,94.948
2019-10-31 12:00:00,97.177,97.507,94.567,94.948
2019-10-31 13:00:00,97.177,97.507,94.567,94.948
2019-10-31 14:00:00,97.177,97.507,94.567,94.948
2019-10-31 15:00:00,97.177,97.507,94.567,94.948
2019-10-31 16:00:00,97.177,97.507,94.567,94.948
2019-10-31 17:00:00,97.467,95.574,93.074,89.05
2019-10-31 18:00:00,97.467,95.574,93.074,89.05
2019-10-31 19:00:00,97.467,95.574,93.074,89.05
2019-10-31 20:00:00,97.467,95.574,93.074,89.05
2019-10-31 21:00:00,97.467,95.574,93.074,89.05
2019-10-31 22:00:00,97.467,95.574,93.074,89.05
2019-10-31 23:00:00,94.591,91.656,87.701,82.107
2019-11-01 00:00:00,94.591,91.656,87.701,82.107
2019-11-01 01:00:00,94.591,91.656,87.701,82.107
2019-11-01 02:00:00,94.591,91.656,87.701,82.107
2019-11-01 03:00:00,94.591,91.656,87.701,82.107
2019-11-01 04:00:00,94.591,91.656,87.701,82.107
2019-11-01 05:00:00,88.883,97.065,100.122,100.127
2019-11-01 06:00:00,88.883,97.065,100.122,100.127
2019-11-01 07:00:00,88.883,97.065,100.122,100.127
2019-11-01 08:00:00,88.883,97.065,100.122,100.127
2019-11-01 09:00:00,88.883,97.065,100.122,100.127
2019-11-01 10:00:00,88.883,97.065,100.122,100.127
2019-11-01 11:00:00,106.013,103.729,100.443,105.991
2019-11-01 12:00:00,106.013,103.729,100.443,105.991
2019-11-01 13:00:00,106.013,103.729,100.443,105.991
2019-11-01 14:00:00,106.013,103.729,100.443,105.991
2019-11-01 15:00:00,106.013,103.729,100.443,105.991
2019-11-01 16:00:00,106.013,103.729,100.443,105.991
2019-11-01 17:00:00,108.23,108.086,105.926,99.405
2019-11-01 18:00:00,108.23,108.086,105.926,99.405
2019-11-01 19:00:00,108.23,108.086,105.926,99.405
2019-11-01 20:00:00,108.23,108.086,105.926,99.405
2019-11-01 21:00:00,108.23,108.086,105.926,99.405
2019-11-01 22:00:00,108.23,108.086,105.926,99.405
2019-11-01 23:00:00,105.609,101.993,97.473,87.764
2019-11-02 00:00:00,105.609,101.993,97.473,87.764
2019-11-02 01:00:00,105.609,101.993,97.473,87.764
2019-11-02 02:00:00,105.609,101.993,97.473,87.764
2019-11-02 03:00:00,105.609,101.993,97.473,87.764
2019-11-02 04:00:00,105.609,101.993,97.473,87.764
2019-11-02 05:00:00,88.537,95.126,96.806,97.717
2019-11-02 06:00:00,88.537,95.126,96.806,97.717
2019-11-02 07:00:00,88.537,95.126,96.806,97.717
2019-11-02 08:00:00,88.537,95.126,96.806,97.717
2019-11-02 09:00:00,88.537,95.126,96.806,97.717
2019-11-02 10:00:00,88.537,95.126,96.806,97.717
2019-11-02 11:00:00,102.293,103.504,101.177,104.936
2019-11-02 12:00:00,102.293,103.504,101.177,104.936
2019-11-02 13:00:00,102.293,103.504,101.177,104.936
2019-11-02 14:00:00,102.293,103.504,101.177,104.936
2019-11-02 15:00:00,102.293,103.504,101.177,104.936
2019-11-02 16:00:00,102.293,103.504,101.177,104.936
2019-11-02 17:00:00,105.895,104.565,101.989,100.941
2019-11-02 18:00:00,105.895,104.565,101.989,100.941
2019-11-02 19:00:00,105.895,104.565,101.989,100.941
2019-11-02 20:00:00,105.895,104.565,101.989,100.941
2019-11-02 21:00:00,105.895,104.565,101.989,100.941
2019-11-02 22:00:00,105.895,104.565,101.989,100.941
2019-11-02 23:00:00,104.812,102.58,98.945,93.495
2019-11-03 00:00:00,104.812,102.58,98.945,93.495
2019-11-03 01:00:00,104.812,102.58,98.945,93.495
2019-11-03 02:00:00,104.812,102.58,98.945,93.495
2019-11-03 03:00:00,104.812,102.58,98.945,93.495
2019-11-03 04:00:00,104.812,102.58,98.945,93.495
2019-11-03 05:00:00,101.206,102.766,102.345,94.256
2019-11-03 06:00:00,101.206,102.766,102.345,94.256
2019-11-03 07:00:00,101.206,102.766,102.345,94.256
2019-11-03 08:00:00,101.206,102.766,102.345,94.256
2019-11-03 09:00:00,101.206,102.766,102.345,94.256
2019-11-03 10:00:00,101.206,102.766,102.345,94.256
2019-11-03 11:00:00,102.126,99.46,95.236,98.095
2019-11-03 12:00:00,102.126,99.46,95.236,98.095
2019-11-03 13:00:00,102.126,99.46,95.236,98.095
2019-11-03 14:00:00,102.126,99.46,95.236,98.095
2019-11-03 15:00:00,102.126,99.46,95.236,98.095
2019-11-03 16:00:00,102.126,99.46,95.236,98.095
2019-11-03 17:00:00,101.08,98.937,95.528,93.988
2019-11-03 18:00:00,101.08,98.937,95.528,93.988
2019-11-03 19:00:00,101.08,98.937,95.528,93.988
2019-11-03 20:00:00,101.08,98.937,95.528,93.988
2019-11-03 21:00:00,101.08,98.937,95.528,93.988
2019-11-03 22:00:00,101.08,98.937,95.528,93.988
2019-11-03 23:00:00,98.907,96.545,92.989,90.832
2019-11-04 00:00:00,98.907,96.545,92.989,90.832
2019-11-04 01:00:00,98.907,96.545,92.989,90.832
2019-11-04 02:00:00,98.907,96.545,92.989,90.832
2019-11-04 03:00:00,98.907,96.545,92.989,90.832
2019-11-04 04:00:00,98.907,96.545,92.989,90.832
2019-11-04 05:00:00,98.275,96.819,93.656,95.731
2019-11-04 06:00:00,98.275,96.819,93.656,95.731
2019-11-04 07:00:00,98.275,96.819,93.656,95.731
2019-11-04 08:00:00,98.275,96.819,93.656,95.731
2019-11-04 09:00:00,98.275,96.819,93.656,95.731
2019-11-04 10:00:00,98.275,96.819,93.656,95.731
2019-11-04 11:00:00,94.437,92.729,89.082,92.858
2019-11-04 12:00:00,94.437,92.729,89.082,92.858
2019-11-04 13:00:00,94.437,92.729,89.082,92.858
2019-11-04 14:00:00,94.437,92.729,89.082,92.858
2019-11-04 15:00:00,94.437,92.729,89.082,92.858
2019-11-04 16:00:00,94.437,92.729,89.082,92.858
2019-11-04 17:00:00,101.614,97.891,94.522,97.048
2019-11-04 18:00:00,101.614,97.891,94.522,97.048
2019-11-04 19:00:00,101.614,97.891,94.522,97.048
2019-11-04 20:00:00,101.614,97.891,94.522,97.048
2019-11-04 21:00:00,101.614,97.891,94.522,97.048
2019-11-04 22:00:00,101.614,97.891,94.522,97.048
2019-11-04 23:00:00,103.429,103.864,102.001,105.105
2019-11-05 00:00:00,103.429,103.864,102.001,105.105
2019-11-05 01:00:00,103.429,103.864,102.001,105.105
2019-11-05 02:00:00,103.429,103.864,102.001,105.105
2019-11-05 03:00:00,103.429,103.864,102.001,105.105
2019-11-05 04:00:00,103.429,103.864,102.001,105.105
2019-11-05 05:00:00,111.012,112.239,110.389,113.335
2019-11-05 06:00:00,111.012,112.239,110.389,113.335
2019-11-05 07:00:00,111.012,112.239,110.389,113.335
2019-11-05 08:00:00,111.012,112.239,110.389,113.335
2019-11-05 09:00:00,111.012,112.239,110.389,113.335
2019-11-05 10:00:00,111.012,112.239,110.389,113.335
2019-11-05 11:00:00,118.353,121.565,120.651,126.787
2019-11-05 12:00:00,118.353,121.565,120.651,126.787
2019-11-05 13:00:00,118.353,121.565,120.651,126.787
2019-11-05 14:00:00,118.353,121.565,120.651,126.787
2019-11-05 15:00:00,118.353,121.565,120.651,126.787
2019-11-05 16:00:00,118.353,121.565,120.651,126.787
2019-11-05 17:00:00,120.062,123.696,124.635,120.918
2019-11-05 18:00:00,120.062,123.696,124.635,120.918
2019-11-05 19:00:00,120.062,123.696,124.635,120.918
2019-11-05 20:00:00,120.062,123.696,124.635,120.918
2019-11-05 21:00:00,120.062,123.696,124.635,120.918
2019-11-05 22:00:00,120.062,123.696,124.635,120.918
2019-11-05 23:00:00,125.642,124.318,120.502,113.751
2019-11-06 00:00:00,125.642,124.318,120.502,113.751
2019-11-06 01:00:00,125.642,124.318,120.502,113.751
2019-11-06 02:00:00,125.642,124.318,120.502,113.751
2019-11-06 03:00:00,125.642,124.318,120.502,113.751
2019-11-06 04:00:00,125.642,124.318,120.502,113.751
2019-11-06 05:00:00,111.145,111.523,109.951,106.671
2019-11-06 06:00:00,111.145,111.523,109.951,106.671
2019-11-06 07:00:00,111.145,111.523,109.951,106.671
2019-11-06 08:00:00,111.145,111.523,109.951,106.671
2019-11-06 09:00:00,111.145,111.523,109.951,106.671
2019-11-06 10:00:00,111.145,111.523,109.951,106.671
2019-11-06 11:00:00,116.777,117.082,114.843,121.843
2019-11-06 12:00:00,116.777,117.082,114.843,121.843
2019-11-06 13:00:00,116.777,117.082,114.843,121.843
2019-11-06 14:00:00,116.777,117.082,114.843,121.843
2019-11-06 15:00:00,116.777,117.082,114.843,121.843
2019-11-06 16:00:00,116.777,117.082,114.843,121.843
2019-11-06 17:00:00,119.542,120.505,119.799,117.468
2019-11-06 18:00:00,119.542,120.505,119.799,117.468
2019-11-06 19:00:00,119.542,120.505,119.799,117.468
2019-11-06 20:00:00,119.542,120.505,119.799,117.468
2019-11-06 21:00:00,119.542,120.505,119.799,117.468
2019-11-06 22:00:00,119.542,120.505,119.799,117.468
2019-11-06 23:00:00,122.302,120.921,117.54,112.364
2019-11-07 00:00:00,122.302,120.921,117.54,112.364
2019-11-07 01:00:00,122.302,120.921,117.54,112.364
2019-11-07 02:00:00,122.302,120.921,117.54,112.364
2019-11-07 03:00:00,122.302,120.921,117.54,112.364
2019-11-07 04:00:00,122.302,120.921,117.54,112.364
2019-11-07 05:00:00,120.778,118.453,115.031,112.952
2019-11-07 06:00:00,120.778,118.453,115.031,112.952
2019-11-07 07:00:00,120.778,118.453,115.031,112.952
2019-11-07 08:00:00,120.778,118.453,115.031,112.952
2019-11-07 09:00:00,120.778,118.453,115.031,112.952
2019-11-07 10:00:00,120.778,118.453,115.031,112.952
2019-11-07 11:00:00,113.452,113.815,111.338,121.486
2019-11-07 12:00:00,113.452,113.815,111.338,121.486
2019-11-07 13:00:00,113.452,113.815,111.338,121.486
2019-11-07 14:00:00,113.452,113.815,111.338,121.486
2019-11-07 15:00:00,113.452,113.815,111.338,121.486
2019-11-07 16:00:00,113.452,113.815,111.338,121.486
2019-11-07 17:00:00,119.678,118.268,115.817,116.358
2019-11-07 18:00:00,119.678,118.268,115.817,116.358
2019-11-07 19:00:00,119.678,118.268,115.817,116.358
2019-11-07 20:00:00,119.678,118.268,115.817,116.358
2019-11-07 21:00:00,119.678,118.268,115.817,116.358
2019-11-07 22:00:00,119.678,118.268,115.817,116.358
2019-11-07 23:00:00,119.479,117.84,114.653,113.019
2019-11-08 00:00:00,119.479,117.84,114.653,113.019
2019-11-08 01:00:00,119.479,117.84,114.653,113.019
2019-11-08 02:00:00,119.479,117.84,114.653,113.019
2019-11-08 03:00:00,119.479,117.84,114.653,113.019
2019-11-08 04:00:00,119.479,117.84,114.653,113.019
2019-11-08 05:00:00,118.904,117.2,114.11,114.878
2019-11-08 06:00:00,118.904,117.2,114.11,114.878
2019-11-08 07:00:00,118.904,117.2,114.11,114.878
2019-11-08 08:00:00,118.904,117.2,114.11,114.878
2019-11-08 09:00:00,118.904,117.2,114.11,114.878
2019-11-08 10:00:00,118.904,117.2,114.11,114.878
2019-11-08 11:00:00,136.319,140.566,140.322,145.901
2019-11-08 12:00:00,136.319,140.566,140.322,145.901
2019-11-08 13:00:00,136.319,140.566,140.322,145.901
2019-11-08 14:00:00,136.319,140.566,140.322,145.901
2019-11-08 15:00:00,136.319,140.566,140.322,145.901
2019-11-08 16:00:00,136.319,140.566,140.322,145.901
2019-11-08 17:00:00,134.244,140.65,142.499,132.483
2019-11-08 18:00:00,134.244,140.65,142.499,132.483
2019-11-08 19:00:00,134.244,140.65,142.499,132.483
2019-11-08 20:00:00,134.244,140.65,142.499,132.483
2019-11-08 21:00:00,134.244,140.65,142.499,132.483
2019-11-08 22:00:00,134.244,140.65,142.499,132.483
2019-11-08 23:00:00,141.164,139.218,135.068,123.964
2019-11-09 00:00:00,141.164,139.218,135.068,123.964
2019-11-09 01:00:00,141.164,139.218,135.068,123.964
2019-11-09 02:00:00,141.164,139.218,135.068,123.964
2019-11-09 03:00:00,141.164,139.218,135.068,123.964
2019-11-09 04:00:00,141.164,139.218,135.068,123.964
2019-11-09 05:00:00,136.858,133.53,129.691,124.145
2019-11-09 06:00:00,136.858,133.53,129.691,124.145
2019-11-09 07:00:00,136.858,133.53,129.691,124.145
2019-11-09 08:00:00,136.858,133.53,129.691,124.145
2019-11-09 09:00:00,136.858,133.53,129.691,124.145
2019-11-09 10:00:00,136.858,133.53,129.691,124.145
2019-11-09 11:00:00,131.644,134.825,133.349,143.599
2019-11-09 12:00:00,131.644,134.825,133.349,143.599
2019-11-09 13:00:00,131.644,134.825,133.349,143.599
2019-11-09 14:00:00,131.644,134.825,133.349,143.599
2019-11-09 15:00:00,131.644,134.825,133.349,143.599
2019-11-09 16:00:00,131.644,134.825,133.349,143.599
2019-11-09 17:00:00,128.42,132.071,132.304,127.28
2019-11-09 18:00:00,128.42,132.071,132.304,127.28
2019-11-09 19:00:00,128.42,132.071,132.304,127.28
2019-11-09 20:00:00,128.42,132.071,132.304,127.28
2019-11-09 21:00:00,128.42,132.071,132.304,127.28
2019-11-09 22:00:00,128.42,132.071,132.304,127.28
2019-11-09 23:00:00,132.611,130.686,126.864,122.628
2019-11-10 00:00:00,132.611,130.686,126.864,122.628
2019-11-10 01:00:00,132.611,130.686,126.864,122.628
2019-11-10 02:00:00,132.611,130.686,126.864,122.628
2019-11-10 03:00:00,132.611,130.686,126.864,122.628
2019-11-10 04:00:00,132.611,130.686,126.864,122.628
2019-11-10 05:00:00,131.229,129.307,126.247,127.016
2019-11-10 06:00:00,131.229,129.307,126.247,127.016
2019-11-10 07:00:00,131.229,129.307,126.247,127.016
2019-11-10 08:00:00,131.229,129.307,126.247,127.016
2019-11-10 09:00:00,131.229,129.307,126.247,127.016
2019-11-10 10:00:00,131.229,129.307,126.247,127.016
2019-11-10 11:00:00,144.695,148.551,144.817,158.08
2019-11-10 12:00:00,144.695,148.551,144.817,158.08
2019-11-10 13:00:00,144.695,148.551,144.817,158.08
2019-11-10 14:00:00,144.695,148.551,144.817,158.08
2019-11-10 15:00:00,144.695,148.551,144.817,158.08
2019-11-10 16:00:00,144.695,148.551,144.817,158.08
2019-11-10 17:00:00,124.152,110.057,149.202,138.201
2019-11-10 18:00:00,124.152,110.057,149.202,138.201
2019-11-10 19:00:00,124.152,110.057,149.202,138.201
2019-11-10 20:00:00,124.152,110.057,149.202,138.201
2019-11-10 21:00:00,124.152,110.057,149.202,138.201
2019-11-10 22:00:00,124.152,110.057,149.202,138.201
2019-11-10 23:00:00,122.824,126.892,128.718,112.883
2019-11-11 00:00:00,122.824,126.892,128.718,112.883
2019-11-11 01:00:00,122.824,126.892,128.718,112.883
2019-11-11 02:00:00,122.824,126.892,128.718,112.883
2019-11-11 03:00:00,122.824,126.892,128.718,112.883
2019-11-11 04:00:00,122.824,126.892,128.718,112.883
2019-11-11 05:00:00,122.717,118.482,112.953,109.764
2019-11-11 06:00:00,122.717,118.482,112.953,109.764
2019-11-11 07:00:00,122.717,118.482,112.953,109.764
2019-11-11 08:00:00,122.717,118.482,112.953,109.764
2019-11-11 09:00:00,122.717,118.482,112.953,109.764
2019-11-11 10:00:00,122.717,118.482,112.953,109.764
2019-11-11 11:00:00,130.904,145.146,126.154,139.024
2019-11-11 12:00:00,130.904,145.146,126.154,139.024
2019-11-11 13:00:00,130.904,145.146,126.154,139.024
2019-11-11 14:00:00,130.904,145.146,126.154,139.024
2019-11-11 15:00:00,130.904,145.146,126.154,139.024
2019-11-11 16:00:00,130.904,145.146,126.154,139.024
2019-11-11 17:00:00,135.985,129.364,123.394,122.681
2019-11-11 18:00:00,135.985,129.364,123.394,122.681
2019-11-11 19:00:00,135.985,129.364,123.394,122.681
2019-11-11 20:00:00,135.985,129.364,123.394,122.681
2019-11-11 21:00:00,135.985,129.364,123.394,122.681
2019-11-11 22:00:00,135.985,129.364,123.394,122.681
2019-11-11 23:00:00,122.245,116.572,111.678,105.105
2019-11-12 00:00:00,122.245,116.572,111.678,105.105
2019-11-12 01:00:00,122.245,116.572,111.678,105.105
2019-11-12 02:00:00,122.245,116.572,111.678,105.105
2019-11-12 03:00:00,122.245,116.572,111.678,105.105
2019-11-12 04:00:00,122.245,116.572,111.678,105.105
2019-11-12 05:00:00,111.515,106.822,102.308,104.271
2019-11-12 06:00:00,111.515,106.822,102.308,104.271
2019-11-12 07:00:00,111.515,106.822,102.308,104.271
2019-11-12 08:00:00,111.515,106.822,102.308,104.271
2019-11-12 09:00:00,111.515,106.822,102.308,104.271
2019-11-12 10:00:00,111.515,106.822,102.308,104.271
2019-11-12 11:00:00,131.546,133.165,130.405,139.768
2019-11-12 12:00:00,131.546,133.165,130.405,139.768
2019-11-12 13:00:00,131.546,133.165,130.405,139.768
2019-11-12 14:00:00,131.546,133.165,130.405,139.768
2019-11-12 15:00:00,131.546,133.165,130.405,139.768
2019-11-12 16:00:00,131.546,133.165,130.405,139.768
2019-11-12 17:00:00,129.361,134.435,135.464,130.123
2019-11-12 18:00:00,129.361,134.435,135.464,130.123
2019-11-12 19:00:00,129.361,134.435,135.464,130.123
2019-11-12 20:00:00,129.361,134.435,135.464,130.123
2019-11-12 21:00:00,129.361,134.435,135.464,130.123
2019-11-12 22:00:00,129.361,134.435,135.464,130.123
2019-11-12 23:00:00,135.717,134.171,130.587,123.153
2019-11-13 00:00:00,135.717,134.171,130.587,123.153
2019-11-13 01:00:00,135.717,134.171,130.587,123.153
2019-11-13 02:00:00,135.717,134.171,130.587,123.153
2019-11-13 03:00:00,135.717,134.171,130.587,123.153
2019-11-13 04:00:00,135.717,134.171,130.587,123.153
2019-11-13 05:00:00,133.285,130.694,127.395,125.234
2019-11-13 06:00:00,133.285,130.694,127.395,125.234
2019-11-13 07:00:00,133.285,130.694,127.395,125.234
2019-11-13 08:00:00,133.285,130.694,127.395,125.234
2019-11-13 09:00:00,133.285,130.694,127.395,125.234
2019-11-13 10:00:00,133.285,130.694,127.395,125.234
2019-11-13 11:00:00,130.916,128.616,124.786,133.846
2019-11-13 12:00:00,130.916,128.616,124.786,133.846
2019-11-13 13:00:00,130.916,128.616,124.786,133.846
2019-11-13 14:00:00,130.916,128.616,124.786,133.846
2019-11-13 15:00:00,130.916,128.616,124.786,133.846
2019-11-13 16:00:00,130.916,128.616,124.786,133.846
2019-11-13 17:00:00,129.496,128.695,126.344,123.546
2019-11-13 18:00:00,129.496,128.695,126.344,123.546
2019-11-13 19:00:00,129.496,128.695,126.344,123.546
2019-11-13 20:00:00,129.496,128.695,126.344,123.546
2019-11-13 21:00:00,129.496,128.695,126.344,123.546
2019-11-13 22:00:00,129.496,128.695,126.344,123.546
2019-11-13 23:00:00,127.915,125.368,121.87,119.015
2019-11-14 00:00:00,127.915,125.368,121.87,119.015
2019-11-14 01:00:00,127.915,125.368,121.87,119.015
2019-11-14 02:00:00,127.915,125.368,121.87,119.015
2019-11-14 03:00:00,127.915,125.368,121.87,119.015
2019-11-14 04:00:00,127.915,125.368,121.87,119.015
2019-11-14 05:00:00,125.754,123.783,120.84,121.616
2019-11-14 06:00:00,125.754,123.783,120.84,121.616
2019-11-14 07:00:00,125.754,123.783,120.84,121.616
2019-11-14 08:00:00,125.754,123.783,120.84,121.616
2019-11-14 09:00:00,125.754,123.783,120.84,121.616
2019-11-14 10:00:00,125.754,123.783,120.84,121.616
2019-11-14 11:00:00,132.257,135.851,135.25,141.374
2019-11-14 12:00:00,132.257,135.851,135.25,141.374
2019-11-14 13:00:00,132.257,135.851,135.25,141.374
2019-11-14 14:00:00,132.257,135.851,135.25,141.374
2019-11-14 15:00:00,132.257,135.851,135.25,141.374
2019-11-14 16:00:00,132.257,135.851,135.25,141.374
2019-11-14 17:00:00,136.205,137.244,135.879,127.739
2019-11-14 18:00:00,136.205,137.244,135.879,127.739
2019-11-14 19:00:00,136.205,137.244,135.879,127.739
2019-11-14 20:00:00,136.205,137.244,135.879,127.739
2019-11-14 21:00:00,136.205,137.244,135.879,127.739
2019-11-14 22:00:00,136.205,137.244,135.879,127.739
2019-11-14 23:00:00,133.746,129.9,125.53,116.059
2019-11-15 00:00:00,133.746,129.9,125.53,116.059
2019-11-15 01:00:00,133.746,129.9,125.53,116.059
2019-11-15 02:00:00,133.746,129.9,125.53,116.059
2019-11-15 03:00:00,133.746,129.9,125.53,116.059
2019-11-15 04:00:00,133.746,129.9,125.53,116.059
2019-11-15 05:00:00,125.851,121.728,117.736,113.406
2019-11-15 06:00:00,125.851,121.728,117.736,113.406
2019-11-15 07:00:00,125.851,121.728,117.736,113.406
2019-11-15 08:00:00,125.851,121.728,117.736,113.406
2019-11-15 09:00:00,125.851,121.728,117.736,113.406
2019-11-15 10:00:00,125.851,121.728,117.736,113.406
2019-11-15 11:00:00,129.858,128.901,125.992,134.139
2019-11-15 12:00:00,129.858,128.901,125.992,134.139
2019-11-15 13:00:00,129.858,128.901,125.992,134.139
2019-11-15 14:00:00,129.858,128.901,125.992,134.139
2019-11-15 15:00:00,129.858,128.901,125.992,134.139
2019-11-15 16:00:00,129.858,128.901,125.992,134.139
2019-11-15 17:00:00,125.389,129.576,130.392,123.21
2019-11-15 18:00:00,125.389,129.576,130.392,123.21
2019-11-15 19:00:00,125.389,129.576,130.392,123.21
2019-11-15 20:00:00,125.389,129.576,130.392,123.21
2019-11-15 21:00:00,125.389,129.576,130.392,123.21
2019-11-15 22:00:00,125.389,129.576,130.392,123.21
2019-11-15 23:00:00,129.372,127.116,123.297,114.852
2019-11-16 00:00:00,129.372,127.116,123.297,114.852
2019-11-16 01:00:00,129.372,127.116,123.297,114.852
2019-11-16 02:00:00,129.372,127.116,123.297,114.852
2019-11-16 03:00:00,129.372,127.116,123.297,114.852
2019-11-16 04:00:00,129.372,127.116,123.297,114.852
2019-11-16 05:00:00,124.781,121.494,117.92,113.675
2019-11-16 06:00:00,124.781,121.494,117.92,113.675
2019-11-16 07:00:00,124.781,121.494,117.92,113.675
2019-11-16 08:00:00,124.781,121.494,117.92,113.675
2019-11-16 09:00:00,124.781,121.494,117.92,113.675
2019-11-16 10:00:00,124.781,121.494,117.92,113.675
2019-11-16 11:00:00,119.247,119.208,116.63,118.221
2019-11-16 12:00:00,119.247,119.208,116.63,118.221
2019-11-16 13:00:00,119.247,119.208,116.63,118.221
2019-11-16 14:00:00,119.247,119.208,116.63,118.221
2019-11-16 15:00:00,119.247,119.208,116.63,118.221
2019-11-16 16:00:00,119.247,119.208,116.63,118.221
2019-11-16 17:00:00,123.454,121.057,115.662,102.817
2019-11-16 18:00:00,123.454,121.057,115.662,102.817
2019-11-16 19:00:00,123.454,121.057,115.662,102.817
2019-11-16 20:00:00,123.454,121.057,115.662,102.817
2019-11-16 21:00:00,123.454,121.057,115.662,102.817
2019-11-16 22:00:00,123.454,121.057,115.662,102.817
2019-11-16 23:00:00,113.889,108.111,103.217,95.159
2019-11-17 00:00:00,113.889,108.111,103.217,95.159
2019-11-17 01:00:00,113.889,108.111,103.217,95.159
2019-11-17 02:00:00,113.889,108.111,103.217,95.159
2019-11-17 03:00:00,113.889,108.111,103.217,95.159
2019-11-17 04:00:00,113.889,108.111,103.217,95.159
2019-11-17 05:00:00,106.876,104.034,100.834,100.166
2019-11-17 06:00:00,106.876,104.034,100.834,100.166
2019-11-17 07:00:00,106.876,104.034,100.834,100.166
2019-11-17 08:00:00,106.876,104.034,100.834,100.166
2019-11-17 09:00:00,106.876,104.034,100.834,100.166
2019-11-17 10:00:00,106.876,104.034,100.834,100.166
2019-11-17 11:00:00,119.512,121.423,120.051,126.406
2019-11-17 12:00:00,119.512,121.423,120.051,126.406
2019-11-17 13:00:00,119.512,121.423,120.051,126.406
2019-11-17 14:00:00,119.512,121.423,120.051,126.406
2019-11-17 15:00:00,119.512,121.423,120.051,126.406
2019-11-17 16:00:00,119.512,121.423,120.051,126.406
2019-11-17 17:00:00,123.657,124.482,121.516,110.849
2019-11-17 18:00:00,123.657,124.482,121.516,110.849
2019-11-17 19:00:00,123.657,124.482,121.516,110.849
2019-11-17 20:00:00,123.657,124.482,121.516,110.849
2019-11-17 21:00:00,123.657,124.482,121.516,110.849
2019-11-17 22:00:00,123.657,124.482,121.516,110.849
2019-11-17 23:00:00,119.644,115.06,110.349,100.974
2019-11-18 00:00:00,119.644,115.06,110.349,100.974
2019-11-18 01:00:00,119.644,115.06,110.349,100.974
2019-11-18 02:00:00,119.644,115.06,110.349,100.974
2019-11-18 03:00:00,119.644,115.06,110.349,100.974
2019-11-18 04:00:00,119.644,115.06,110.349,100.974
2019-11-18 05:00:00,113.103,109.936,106.474,105.421
2019-11-18 06:00:00,113.103,109.936,106.474,105.421
2019-11-18 07:00:00,113.103,109.936,106.474,105.421
2019-11-18 08:00:00,113.103,109.936,106.474,105.421
2019-11-18 09:00:00,113.103,109.936,106.474,105.421
2019-11-18 10:00:00,113.103,109.936,106.474,105.421
2019-11-18 11:00:00,107.877,106.519,101.688,114.888
2019-11-18 12:00:00,107.877,106.519,101.688,114.888
2019-11-18 13:00:00,107.877,106.519,101.688,114.888
2019-11-18 14:00:00,107.877,106.519,101.688,114.888
2019-11-18 15:00:00,107.877,106.519,101.688,114.888
2019-11-18 16:00:00,107.877,106.519,101.688,114.888
2019-11-18 17:00:00,116.261,118.525,118.304,112.985
2019-11-18 18:00:00,116.261,118.525,118.304,112.985
2019-11-18 19:00:00,116.261,118.525,118.304,112.985
2019-11-18 20:00:00,116.261,118.525,118.304,112.985
2019-11-18 21:00:00,116.261,118.525,118.304,112.985
2019-11-18 22:00:00,116.261,118.525,118.304,112.985
2019-11-18 23:00:00,119.56,117.833,114.437,107.791
2019-11-19 00:00:00,119.56,117.833,114.437,107.791
2019-11-19 01:00:00,119.56,117.833,114.437,107.791
2019-11-19 02:00:00,119.56,117.833,114.437,107.791
2019-11-19 03:00:00,119.56,117.833,114.437,107.791
2019-11-19 04:00:00,119.56,117.833,114.437,107.791
2019-11-19 05:00:00,117.521,124.733,123.222,118.479
2019-11-19 06:00:00,117.521,124.733,123.222,118.479
2019-11-19 07:00:00,117.521,124.733,123.222,118.479
2019-11-19 08:00:00,117.521,124.733,123.222,118.479
2019-11-19 09:00:00,117.521,124.733,123.222,118.479
2019-11-19 10:00:00,117.521,124.733,123.222,118.479
2019-11-19 11:00:00,128.566,128.164,125.791,127.394
2019-11-19 12:00:00,128.566,128.164,125.791,127.394
2019-11-19 13:00:00,128.566,128.164,125.791,127.394
2019-11-19 14:00:00,128.566,128.164,125.791,127.394
2019-11-19 15:00:00,128.566,128.164,125.791,127.394
2019-11-19 16:00:00,128.566,128.164,125.791,127.394
2019-11-19 17:00:00,123.854,124.393,122.959,115.266
2019-11-19 18:00:00,123.854,124.393,122.959,115.266
2019-11-19 19:00:00,123.854,124.393,122.959,115.266
2019-11-19 20:00:00,123.854,124.393,122.959,115.266
2019-11-19 21:00:00,123.854,124.393,122.959,115.266
2019-11-19 22:00:00,123.854,124.393,122.959,115.266
2019-11-19 23:00:00,123.765,120.979,117.317,111.381
2019-11-20 00:00:00,123.765,120.979,117.317,111.381
2019-11-20 01:00:00,123.765,120.979,117.317,111.381
2019-11-20 02:00:00,123.765,120.979,117.317,111.381
2019-11-20 03:00:00,123.765,120.979,117.317,111.381
2019-11-20 04:00:00,123.765,120.979,117.317,111.381
2019-11-20 05:00:00,122.624,124.003,119.403,109.028
2019-11-20 06:00:00,122.624,124.003,119.403,109.028
2019-11-20 07:00:00,122.624,124.003,119.403,109.028
2019-11-20 08:00:00,122.624,124.003,119.403,109.028
2019-11-20 09:00:00,122.624,124.003,119.403,109.028
2019-11-20 10:00:00,122.624,124.003,119.403,109.028
2019-11-20 11:00:00,123.932,121.464,118.585,123.097
2019-11-20 12:00:00,123.932,121.464,118.585,123.097
2019-11-20 13:00:00,123.932,121.464,118.585,123.097
2019-11-20 14:00:00,123.932,121.464,118.585,123.097
2019-11-20 15:00:00,123.932,121.464,118.585,123.097
2019-11-20 16:00:00,123.932,121.464,118.585,123.097
2019-11-20 17:00:00,120.682,120.77,117.651,110.697
2019-11-20 18:00:00,120.682,120.77,117.651,110.697
2019-11-20 19:00:00,120.682,120.77,117.651,110.697
2019-11-20 20:00:00,120.682,120.77,117.651,110.697
2019-11-20 21:00:00,120.682,120.77,117.651,110.697
2019-11-20 22:00:00,120.682,120.77,117.651,110.697
2019-11-20 23:00:00,117.781,113.938,110.038,100.437
2019-11-21 00:00:00,117.781,113.938,110.038,100.437
2019-11-21 01:00:00,117.781,113.938,110.038,100.437
2019-11-21 02:00:00,117.781,113.938,110.038,100.437
2019-11-21 03:00:00,117.781,113.938,110.038,100.437
2019-11-21 04:00:00,117.781,113.938,110.038,100.437
2019-11-21 05:00:00,111.831,108.448,104.982,102.506
2019-11-21 06:00:00,111.831,108.448,104.982,102.506
2019-11-21 07:00:00,111.831,108.448,104.982,102.506
2019-11-21 08:00:00,111.831,108.448,104.982,102.506
2019-11-21 09:00:00,111.831,108.448,104.982,102.506
2019-11-21 10:00:00,111.831,108.448,104.982,102.506
2019-11-21 11:00:00,112.543,109.474,105.62,102.963
2019-11-21 12:00:00,112.543,109.474,105.62,102.963
2019-11-21 13:00:00,112.543,109.474,105.62,102.963
2019-11-21 14:00:00,112.543,109.474,105.62,102.963
2019-11-21 15:00:00,112.543,109.474,105.62,102.963
2019-11-21 16:00:00,112.543,109.474,105.62,102.963
2019-11-21 17:00:00,108.96,106.419,104.103,100.073
2019-11-21 18:00:00,108.96,106.419,104.103,100.073
2019-11-21 19:00:00,108.96,106.419,104.103,100.073
2019-11-21 20:00:00,108.96,106.419,104.103,100.073
2019-11-21 21:00:00,108.96,106.419,104.103,100.073
2019-11-21 22:00:00,108.96,106.419,104.103,100.073
2019-11-21 23:00:00,109.111,108.167,105.86,105.137
2019-11-22 00:00:00,109.111,108.167,105.86,105.137
2019-11-22 01:00:00,109.111,108.167,105.86,105.137
2019-11-22 02:00:00,109.111,108.167,105.86,105.137
2019-11-22 03:00:00,109.111,108.167,105.86,105.137
2019-11-22 04:00:00,109.111,108.167,105.86,105.137
2019-11-22 05:00:00,114.99,118.851,119.404,123.419
2019-11-22 06:00:00,114.99,118.851,119.404,123.419
2019-11-22 07:00:00,114.99,118.851,119.404,123.419
2019-11-22 08:00:00,114.99,118.851,119.404,123.419
2019-11-22 09:00:00,114.99,118.851,119.404,123.419
2019-11-22 10:00:00,114.99,118.851,119.404,123.419
2019-11-22 11:00:00,131.318,135.138,135.202,143.533
2019-11-22 12:00:00,131.318,135.138,135.202,143.533
2019-11-22 13:00:00,131.318,135.138,135.202,143.533
2019-11-22 14:00:00,131.318,135.138,135.202,143.533
2019-11-22 15:00:00,131.318,135.138,135.202,143.533
2019-11-22 16:00:00,131.318,135.138,135.202,143.533
2019-11-22 17:00:00,133.369,137.252,138.263,129.904
2019-11-22 18:00:00,133.369,137.252,138.263,129.904
2019-11-22 19:00:00,133.369,137.252,138.263,129.904
2019-11-22 20:00:00,133.369,137.252,138.263,129.904
2019-11-22 21:00:00,133.369,137.252,138.263,129.904
2019-11-22 22:00:00,133.369,137.252,138.263,129.904
2019-11-22 23:00:00,135.565,132.543,128.568,117.675
2019-11-23 00:00:00,135.565,132.543,128.568,117.675
2019-11-23 01:00:00,135.565,132.543,128.568,117.675
2019-11-23 02:00:00,135.565,132.543,128.568,117.675
2019-11-23 03:00:00,135.565,132.543,128.568,117.675
2019-11-23 04:00:00,135.565,132.543,128.568,117.675
2019-11-23 05:00:00,128.78,124.752,121.092,116.933
2019-11-23 06:00:00,128.78,124.752,121.092,116.933
2019-11-23 07:00:00,128.78,124.752,121.092,116.933
2019-11-23 08:00:00,128.78,124.752,121.092,116.933
2019-11-23 09:00:00,128.78,124.752,121.092,116.933
2019-11-23 10:00:00,128.78,124.752,121.092,116.933
2019-11-23 11:00:00,134.554,138.366,137.891,146.291
2019-11-23 12:00:00,134.554,138.366,137.891,146.291
2019-11-23 13:00:00,134.554,138.366,137.891,146.291
2019-11-23 14:00:00,134.554,138.366,137.891,146.291
2019-11-23 15:00:00,134.554,138.366,137.891,146.291
2019-11-23 16:00:00,134.554,138.366,137.891,146.291
2019-11-23 17:00:00,129.85,136.366,139.042,132.832
2019-11-23 18:00:00,129.85,136.366,139.042,132.832
2019-11-23 19:00:00,129.85,136.366,139.042,132.832
2019-11-23 20:00:00,129.85,136.366,139.042,132.832
2019-11-23 21:00:00,129.85,136.366,139.042,132.832
2019-11-23 22:00:00,129.85,136.366,139.042,132.832
2019-11-23 23:00:00,139.173,138.352,135.283,129.83
2019-11-24 00:00:00,139.173,138.352,135.283,129.83
2019-11-24 01:00:00,139.173,138.352,135.283,129.83
2019-11-24 02:00:00,139.173,138.352,135.283,129.83
2019-11-24 03:00:00,139.173,138.352,135.283,129.83
2019-11-24 04:00:00,139.173,138.352,135.283,129.83
2019-11-24 05:00:00,139.533,137.933,135.546,134.848
2019-11-24 06:00:00,139.533,137.933,135.546,134.848
2019-11-24 07:00:00,139.533,137.933,135.546,134.848
2019-11-24 08:00:00,139.533,137.933,135.546,134.848
2019-11-24 09:00:00,139.533,137.933,135.546,134.848
2019-11-24 10:00:00,139.533,137.933,135.546,134.848
2019-11-24 11:00:00,140.968,143.826,142.928,154.268
2019-11-24 12:00:00,140.968,143.826,142.928,154.268
2019-11-24 13:00:00,140.968,143.826,142.928,154.268
2019-11-24 14:00:00,140.968,143.826,142.928,154.268
2019-11-24 15:00:00,140.968,143.826,142.928,154.268
2019-11-24 16:00:00,140.968,143.826,142.928,154.268
2019-11-24 17:00:00,133.835,142.498,146.414,138.057
2019-11-24 18:00:00,133.835,142.498,146.414,138.057
2019-11-24 19:00:00,133.835,142.498,146.414,138.057
2019-11-24 20:00:00,133.835,142.498,146.414,138.057
2019-11-24 21:00:00,133.835,142.498,146.414,138.057
2019-11-24 22:00:00,133.835,142.498,146.414,138.057
2019-11-24 23:00:00,142.094,139.727,135.541,122.697
2019-11-25 00:00:00,142.094,139.727,135.541,122.697
2019-11-25 01:00:00,142.094,139.727,135.541,122.697
2019-11-25 02:00:00,142.094,139.727,135.541,122.697
2019-11-25 03:00:00,142.094,139.727,135.541,122.697
2019-11-25 04:00:00,142.094,139.727,135.541,122.697
2019-11-25 05:00:00,133.903,128.903,124.761,118.456
2019-11-25 06:00:00,133.903,128.903,124.761,118.456
2019-11-25 07:00:00,133.903,128.903,124.761,118.456
2019-11-25 08:00:00,133.903,128.903,124.761,118.456
2019-11-25 09:00:00,133.903,128.903,124.761,118.456
2019-11-25 10:00:00,133.903,128.903,124.761,118.456
2019-11-25 11:00:00,106.46,101.178,96.285,94.985
2019-11-25 12:00:00,106.46,101.178,96.285,94.985
2019-11-25 13:00:00,106.46,101.178,96.285,94.985
2019-11-25 14:00:00,106.46,101.178,96.285,94.985
2019-11-25 15:00:00,106.46,101.178,96.285,94.985
2019-11-25 16:00:00,106.46,101.178,96.285,94.985
2019-11-25 17:00:00,102.045,101.104,99.841,100.643
2019-11-25 18:00:00,102.045,101.104,99.841,100.643
2019-11-25 19:00:00,102.045,101.104,99.841,100.643
2019-11-25 20:00:00,102.045,101.104,99.841,100.643
2019-11-25 21:00:00,102.045,101.104,99.841,100.643
2019-11-25 22:00:00,102.045,101.104,99.841,100.643
2019-11-25 23:00:00,107.367,108.267,107.021,107.051
2019-11-26 00:00:00,107.367,108.267,107.021,107.051
2019-11-26 01:00:00,107.367,108.267,107.021,107.051
2019-11-26 02:00:00,107.367,108.267,107.021,107.051
2019-11-26 03:00:00,107.367,108.267,107.021,107.051
2019-11-26 04:00:00,107.367,108.267,107.021,107.051
2019-11-26 05:00:00,109.751,116.746,115.986,116.723
2019-11-26 06:00:00,109.751,116.746,115.986,116.723
2019-11-26 07:00:00,109.751,116.746,115.986,116.723
2019-11-26 08:00:00,109.751,116.746,115.986,116.723
2019-11-26 09:00:00,109.751,116.746,115.986,116.723
2019-11-26 10:00:00,109.751,116.746,115.986,116.723
2019-11-26 11:00:00,121.571,121.729,119.9,115.543
2019-11-26 12:00:00,121.571,121.729,119.9,115.543
2019-11-26 13:00:00,121.571,121.729,119.9,115.543
2019-11-26 14:00:00,121.571,121.729,119.9,115.543
2019-11-26 15:00:00,121.571,121.729,119.9,115.543
2019-11-26 16:00:00,121.571,121.729,119.9,115.543
2019-11-26 17:00:00,124.157,123.825,122.517,119.755
2019-11-26 18:00:00,124.157,123.825,122.517,119.755
2019-11-26 19:00:00,124.157,123.825,122.517,119.755
2019-11-26 20:00:00,124.157,123.825,122.517,119.755
2019-11-26 21:00:00,124.157,123.825,122.517,119.755
2019-11-26 22:00:00,124.157,123.825,122.517,119.755
2019-11-26 23:00:00,127.489,127.086,125.081,123.565
2019-11-27 00:00:00,127.489,127.086,125.081,123.565
2019-11-27 01:00:00,127.489,127.086,125.081,123.565
2019-11-27 02:00:00,127.489,127.086,125.081,123.565
2019-11-27 03:00:00,127.489,127.086,125.081,123.565
2019-11-27 04:00:00,127.489,127.086,125.081,123.565
2019-11-27 05:00:00,130.422,129.86,127.963,125.175
2019-11-27 06:00:00,130.422,129.86,127.963,125.175
2019-11-27 07:00:00,130.422,129.86,127.963,125.175
2019-11-27 08:00:00,130.422,129.86,127.963,125.175
2019-11-27 09:00:00,130.422,129.86,127.963,125.175
2019-11-27 10:00:00,130.422,129.86,127.963,125.175
2019-11-27 11:00:00,137.556,142.649,141.382,142.308
2019-11-27 12:00:00,137.556,142.649,141.382,142.308
2019-11-27 13:00:00,137.556,142.649,141.382,142.308
2019-11-27 14:00:00,137.556,142.649,141.382,142.308
2019-11-27 15:00:00,137.556,142.649,141.382,142.308
2019-11-27 16:00:00,137.556,142.649,141.382,142.308
2019-11-27 17:00:00,148.44,149.016,147.559,146.077
2019-11-27 18:00:00,148.44,149.016,147.559,146.077
2019-11-27 19:00:00,148.44,149.016,147.559,146.077
2019-11-27 20:00:00,148.44,149.016,147.559,146.077
2019-11-27 21:00:00,148.44,149.016,147.559,146.077
2019-11-27 22:00:00,148.44,149.016,147.559,146.077
2019-11-27 23:00:00,151.308,150.242,147.91,141.323
2019-11-28 00:00:00,151.308,150.242,147.91,141.323
2019-11-28 01:00:00,151.308,150.242,147.91,141.323
2019-11-28 02:00:00,151.308,150.242,147.91,141.323
2019-11-28 03:00:00,151.308,150.242,147.91,141.323
2019-11-28 04:00:00,151.308,150.242,147.91,141.323
2019-11-28 05:00:00,129.746,138.607,141.956,137.193
2019-11-28 06:00:00,129.746,138.607,141.956,137.193
2019-11-28 07:00:00,129.746,138.607,141.956,137.193
2019-11-28 08:00:00,129.746,138.607,141.956,137.193
2019-11-28 09:00:00,129.746,138.607,141.956,137.193
2019-11-28 10:00:00,129.746,138.607,141.956,137.193
2019-11-28 11:00:00,143.431,143.583,140.94,137.055
2019-11-28 12:00:00,143.431,143.583,140.94,137.055
2019-11-28 13:00:00,143.431,143.583,140.94,137.055
2019-11-28 14:00:00,143.431,143.583,140.94,137.055
2019-11-28 15:00:00,143.431,143.583,140.94,137.055
2019-11-28 16:00:00,143.431,143.583,140.94,137.055
2019-11-28 17:00:00,131.252,141.123,141.963,135.275
2019-11-28 18:00:00,131.252,141.123,141.963,135.275
2019-11-28 19:00:00,131.252,141.123,141.963,135.275
2019-11-28 20:00:00,131.252,141.123,141.963,135.275
2019-11-28 21:00:00,131.252,141.123,141.963,135.275
2019-11-28 22:00:00,131.252,141.123,141.963,135.275
2019-11-28 23:00:00,142.71,141.337,138.291,133.205
2019-11-29 00:00:00,142.71,141.337,138.291,133.205
2019-11-29 01:00:00,142.71,141.337,138.291,133.205
2019-11-29 02:00:00,142.71,141.337,138.291,133.205
2019-11-29 03:00:00,142.71,141.337,138.291,133.205
2019-11-29 04:00:00,142.71,141.337,138.291,133.205
2019-11-29 05:00:00,141.192,138.998,136.274,131.329
2019-11-29 06:00:00,141.192,138.998,136.274,131.329
2019-11-29 07:00:00,141.192,138.998,136.274,131.329
2019-11-29 08:00:00,141.192,138.998,136.274,131.329
2019-11-29 09:00:00,141.192,138.998,136.274,131.329
2019-11-29 10:00:00,141.192,138.998,136.274,131.329
2019-11-29 11:00:00,136.013,134.913,131.434,124.899
2019-11-29 12:00:00,136.013,134.913,131.434,124.899
2019-11-29 13:00:00,136.013,134.913,131.434,124.899
2019-11-29 14:00:00,136.013,134.913,131.434,124.899
2019-11-29 15:00:00,136.013,134.913,131.434,124.899
2019-11-29 16:00:00,136.013,134.913,131.434,124.899
2019-11-29 17:00:00,134.063,130.465,126.367,121.941
2019-11-29 18:00:00,134.063,130.465,126.367,121.941
2019-11-29 19:00:00,134.063,130.465,126.367,121.941
2019-11-29 20:00:00,134.063,130.465,126.367,121.941
2019-11-29 21:00:00,134.063,130.465,126.367,121.941
2019-11-29 22:00:00,134.063,130.465,126.367,121.941
2019-11-29 23:00:00,131.945,130.553,128.376,128.183
2019-11-30 00:00:00,131.945,130.553,128.376,128.183
2019-11-30 01:00:00,131.945,130.553,128.376,128.183
2019-11-30 02:00:00,131.945,130.553,128.376,128.183
2019-11-30 03:00:00,131.945,130.553,128.376,128.183
2019-11-30 04:00:00,131.945,130.553,128.376,128.183
2019-11-30 05:00:00,135.676,136.055,134.732,134.885
2019-11-30 06:00:00,135.676,136.055,134.732,134.885
2019-11-30 07:00:00,135.676,136.055,134.732,134.885
2019-11-30 08:00:00,135.676,136.055,134.732,134.885
2019-11-30 09:00:00,135.676,136.055,134.732,134.885
2019-11-30 10:00:00,135.676,136.055,134.732,134.885
2019-11-30 11:00:00,140.514,140.279,137.167,132.263
2019-11-30 12:00:00,140.514,140.279,137.167,132.263
2019-11-30 13:00:00,140.514,140.279,137.167,132.263
2019-11-30 14:00:00,140.514,140.279,137.167,132.263
2019-11-30 15:00:00,140.514,140.279,137.167,132.263
2019-11-30 16:00:00,140.514,140.279,137.167,132.263
2019-11-30 17:00:00,133.612,141.548,140.344,132.904
2019-11-30 18:00:00,133.612,141.548,140.344,132.904
2019-11-30 19:00:00,133.612,141.548,140.344,132.904
2019-11-30 20:00:00,133.612,141.548,140.344,132.904
2019-11-30 21:00:00,133.612,141.548,140.344,132.904
2019-11-30 22:00:00,133.612,141.548,140.344,132.904
2019-11-30 23:00:00,141.86,139.93,136.799,132.828
2019-12-01 00:00:00,141.86,139.93,136.799,132.828
2019-12-01 01:00:00,141.86,139.93,136.799,132.828
2019-12-01 02:00:00,141.86,139.93,136.799,132.828
2019-12-01 03:00:00,141.86,139.93,136.799,132.828
2019-12-01 04:00:00,141.86,139.93,136.799,132.828
2019-12-01 05:00:00,141.2,139.776,137.422,134.587
2019-12-01 06:00:00,141.2,139.776,137.422,134.587
2019-12-01 07:00:00,141.2,139.776,137.422,134.587
2019-12-01 08:00:00,141.2,139.776,137.422,134.587
2019-12-01 09:00:00,141.2,139.776,137.422,134.587
2019-12-01 10:00:00,141.2,139.776,137.422,134.587
2019-12-01 11:00:00,136.502,135.433,132.054,126.671
2019-12-01 12:00:00,136.502,135.433,132.054,126.671
2019-12-01 13:00:00,136.502,135.433,132.054,126.671
2019-12-01 14:00:00,136.502,135.433,132.054,126.671
2019-12-01 15:00:00,136.502,135.433,132.054,126.671
2019-12-01 16:00:00,136.502,135.433,132.054,126.671
2019-12-01 17:00:00,125.906,128.259,123.874,118.101
2019-12-01 18:00:00,125.906,128.259,123.874,118.101
2019-12-01 19:00:00,125.906,128.259,123.874,118.101
2019-12-01 20:00:00,125.906,128.259,123.874,118.101
2019-12-01 21:00:00,125.906,128.259,123.874,118.101
2019-12-01 22:00:00,125.906,128.259,123.874,118.101
2019-12-01 23:00:00,127.965,125.703,123.097,121.025
2019-12-02 00:00:00,127.965,125.703,123.097,121.025
2019-12-02 01:00:00,127.965,125.703,123.097,121.025
2019-12-02 02:00:00,127.965,125.703,123.097,121.025
2019-12-02 03:00:00,127.965,125.703,123.097,121.025
2019-12-02 04:00:00,127.965,125.703,123.097,121.025
2019-12-02 05:00:00,129.267,128.931,127.23,127.002
2019-12-02 06:00:00,129.267,128.931,127.23,127.002
2019-12-02 07:00:00,129.267,128.931,127.23,127.002
2019-12-02 08:00:00,129.267,128.931,127.23,127.002
2019-12-02 09:00:00,129.267,128.931,127.23,127.002
2019-12-02 10:00:00,129.267,128.931,127.23,127.002
2019-12-02 11:00:00,133.849,134.477,132.319,129.757
2019-12-02 12:00:00,133.849,134.477,132.319,129.757
2019-12-02 13:00:00,133.849,134.477,132.319,129.757
2019-12-02 14:00:00,133.849,134.477,132.319,129.757
2019-12-02 15:00:00,133.849,134.477,132.319,129.757
2019-12-02 16:00:00,133.849,134.477,132.319,129.757
2019-12-02 17:00:00,134.037,138.71,136.595,138.005
2019-12-02 18:00:00,134.037,138.71,136.595,138.005
2019-12-02 19:00:00,134.037,138.71,136.595,138.005
2019-12-02 20:00:00,134.037,138.71,136.595,138.005
2019-12-02 21:00:00,134.037,138.71,136.595,138.005
2019-12-02 22:00:00,134.037,138.71,136.595,138.005
2019-12-02 23:00:00,143.191,143.238,141.446,137.322
2019-12-03 00:00:00,143.191,143.238,141.446,137.322
2019-12-03 01:00:00,143.191,143.238,141.446,137.322
2019-12-03 02:00:00,143.191,143.238,141.446,137.322
2019-12-03 03:00:00,143.191,143.238,141.446,137.322
2019-12-03 04:00:00,143.191,143.238,141.446,137.322
2019-12-03 05:00:00,144.106,142.41,139.684,133.787
2019-12-03 06:00:00,144.106,142.41,139.684,133.787
2019-12-03 07:00:00,144.106,142.41,139.684,133.787
2019-12-03 08:00:00,144.106,142.41,139.684,133.787
2019-12-03 09:00:00,144.106,142.41,139.684,133.787
2019-12-03 10:00:00,144.106,142.41,139.684,133.787
2019-12-03 11:00:00,140.366,140.54,138.104,129.959
2019-12-03 12:00:00,140.366,140.54,138.104,129.959
2019-12-03 13:00:00,140.366,140.54,138.104,129.959
2019-12-03 14:00:00,140.366,140.54,138.104,129.959
2019-12-03 15:00:00,140.366,140.54,138.104,129.959
2019-12-03 16:00:00,140.366,140.54,138.104,129.959
2019-12-03 17:00:00,127.926,126.528,127.352,118.702
2019-12-03 18:00:00,127.926,126.528,127.352,118.702
2019-12-03 19:00:00,127.926,126.528,127.352,118.702
2019-12-03 20:00:00,127.926,126.528,127.352,118.702
2019-12-03 21:00:00,127.926,126.528,127.352,118.702
2019-12-03 22:00:00,127.926,126.528,127.352,118.702
2019-12-03 23:00:00,127.91,126.441,122.957,119.57
2019-12-04 00:00:00,127.91,126.441,122.957,119.57
2019-12-04 01:00:00,127.91,126.441,122.957,119.57
2019-12-04 02:00:00,127.91,126.441,122.957,119.57
2019-12-04 03:00:00,127.91,126.441,122.957,119.57
2019-12-04 04:00:00,127.91,126.441,122.957,119.57
2019-12-04 05:00:00,128.23,126.962,124.789,122.935
2019-12-04 06:00:00,128.23,126.962,124.789,122.935
2019-12-04 07:00:00,128.23,126.962,124.789,122.935
2019-12-04 08:00:00,128.23,126.962,124.789,122.935
2019-12-04 09:00:00,128.23,126.962,124.789,122.935
2019-12-04 10:00:00,128.23,126.962,124.789,122.935
2019-12-04 11:00:00,135.507,134.455,131.911,126.105
2019-12-04 12:00:00,135.507,134.455,131.911,126.105
2019-12-04 13:00:00,135.507,134.455,131.911,126.105
2019-12-04 14:00:00,135.507,134.455,131.911,126.105
2019-12-04 15:00:00,135.507,134.455,131.911,126.105
2019-12-04 16:00:00,135.507,134.455,131.911,126.105
2019-12-04 17:00:00,137.625,132.764,128.467,121.432
2019-12-04 18:00:00,137.625,132.764,128.467,121.432
2019-12-04 19:00:00,137.625,132.764,128.467,121.432
2019-12-04 20:00:00,137.625,132.764,128.467,121.432
2019-12-04 21:00:00,137.625,132.764,128.467,121.432
2019-12-04 22:00:00,137.625,132.764,128.467,121.432
2019-12-04 23:00:00,131.1,128.092,125.172,120.966
2019-12-05 00:00:00,131.1,128.092,125.172,120.966
2019-12-05 01:00:00,131.1,128.092,125.172,120.966
2019-12-05 02:00:00,131.1,128.092,125.172,120.966
2019-12-05 03:00:00,131.1,128.092,125.172,120.966
2019-12-05 04:00:00,131.1,128.092,125.172,120.966
2019-12-05 05:00:00,129.239,127.604,125.369,122.133
2019-12-05 06:00:00,129.239,127.604,125.369,122.133
2019-12-05 07:00:00,129.239,127.604,125.369,122.133
2019-12-05 08:00:00,129.239,127.604,125.369,122.133
2019-12-05 09:00:00,129.239,127.604,125.369,122.133
2019-12-05 10:00:00,129.239,127.604,125.369,122.133
2019-12-05 11:00:00,130.732,128.677,125.3,117.464
2019-12-05 12:00:00,130.732,128.677,125.3,117.464
2019-12-05 13:00:00,130.732,128.677,125.3,117.464
2019-12-05 14:00:00,130.732,128.677,125.3,117.464
2019-12-05 15:00:00,130.732,128.677,125.3,117.464
2019-12-05 16:00:00,130.732,128.677,125.3,117.464
2019-12-05 17:00:00,134.691,126.946,120.602,114.087
2019-12-05 18:00:00,134.691,126.946,120.602,114.087
2019-12-05 19:00:00,134.691,126.946,120.602,114.087
2019-12-05 20:00:00,134.691,126.946,120.602,114.087
2019-12-05 21:00:00,134.691,126.946,120.602,114.087
2019-12-05 22:00:00,134.691,126.946,120.602,114.087
2019-12-05 23:00:00,125.385,122.408,119.88,118.399
2020-09-07 00:00:00,107.296,106.037,103.654,102.162
2020-09-07 01:00:00,107.296,106.037,103.654,102.162
2020-09-07 02:00:00,107.296,106.037,103.654,102.162
2020-09-07 03:00:00,107.296,106.037,103.654,102.162
2020-09-07 04:00:00,107.296,106.037,103.654,102.162
2020-09-07 05:00:00,106.905,105.259,102.665,100.109
2020-09-07 06:00:00,106.905,105.259,102.665,100.109
2020-09-07 07:00:00,106.905,105.259,102.665,100.109
2020-09-07 08:00:00,106.905,105.259,102.665,100.109
2020-09-07 09:00:00,106.905,105.259,102.665,100.109
2020-09-07 10:00:00,106.905,105.259,102.665,100.109
2020-09-07 11:00:00,118.215,110.057,107.199,107.688
2020-09-07 12:00:00,118.215,110.057,107.199,107.688
2020-09-07 13:00:00,118.215,110.057,107.199,107.688
2020-09-07 14:00:00,118.215,110.057,107.199,107.688
2020-09-07 15:00:00,118.215,110.057,107.199,107.688
2020-09-07 16:00:00,118.215,110.057,107.199,107.688
2020-09-07 17:00:00,110.73,108.922,106.276,106.414
2020-09-07 18:00:00,110.73,108.922,106.276,106.414
2020-09-07 19:00:00,110.73,108.922,106.276,106.414
2020-09-07 20:00:00,110.73,108.922,106.276,106.414
2020-09-07 21:00:00,110.73,108.922,106.276,106.414
2020-09-07 22:00:00,110.73,108.922,106.276,106.414
2020-09-07 23:00:00,110.19,108.67,106.162,106.442
2020-09-08 00:00:00,110.19,108.67,106.162,106.442
2020-09-08 01:00:00,110.19,108.67,106.162,106.442
2020-09-08 02:00:00,110.19,108.67,106.162,106.442
2020-09-08 03:00:00,110.19,108.67,106.162,106.442
2020-09-08 04:00:00,110.19,108.67,106.162,106.442
2020-09-08 05:00:00,110.238,108.881,106.441,105.666
2020-09-08 06:00:00,110.238,108.881,106.441,105.666
2020-09-08 07:00:00,110.238,108.881,106.441,105.666
2020-09-08 08:00:00,110.238,108.881,106.441,105.666
2020-09-08 09:00:00,110.238,108.881,106.441,105.666
2020-09-08 10:00:00,110.238,108.881,106.441,105.666
2020-09-08 11:00:00,109.674,109.588,108.372,94.522
2020-09-08 12:00:00,109.674,109.588,108.372,94.522
2020-09-08 13:00:00,109.674,109.588,108.372,94.522
2020-09-08 14:00:00,109.674,109.588,108.372,94.522
2020-09-08 15:00:00,109.674,109.588,108.372,94.522
2020-09-08 16:00:00,109.674,109.588,108.372,94.522
2020-09-08 17:00:00,105.58,101.454,96.998,98.244
2020-09-08 18:00:00,105.58,101.454,96.998,98.244
2020-09-08 19:00:00,105.58,101.454,96.998,98.244
2020-09-08 20:00:00,105.58,101.454,96.998,98.244
2020-09-08 21:00:00,105.58,101.454,96.998,98.244
2020-09-08 22:00:00,105.58,101.454,96.998,98.244
2020-09-08 23:00:00,104.584,104.071,102.415,106.288
2020-09-09 00:00:00,104.584,104.071,102.415,106.288
2020-09-09 01:00:00,104.584,104.071,102.415,106.288
2020-09-09 02:00:00,104.584,104.071,102.415,106.288
2020-09-09 03:00:00,104.584,104.071,102.415,106.288
2020-09-09 04:00:00,104.584,104.071,102.415,106.288
2020-09-09 05:00:00,109.833,110.688,109.271,111.528
2020-09-09 06:00:00,109.833,110.688,109.271,111.528
2020-09-09 07:00:00,109.833,110.688,109.271,111.528
2020-09-09 08:00:00,109.833,110.688,109.271,111.528
2020-09-09 09:00:00,109.833,110.688,109.271,111.528
2020-09-09 10:00:00,109.833,110.688,109.271,111.528
2020-09-09 11:00:00,97.94,96.799,95.983,101.423
2020-09-09 12:00:00,97.94,96.799,95.983,101.423
2020-09-09 13:00:00,97.94,96.799,95.983,101.423
2020-09-09 14:00:00,97.94,96.799,95.983,101.423
2020-09-09 15:00:00,97.94,96.799,95.983,101.423
2020-09-09 16:00:00,97.94,96.799,95.983,101.423
2020-09-09 17:00:00,101.144,101.322,99.266,100.13
2020-09-09 18:00:00,101.144,101.322,99.266,100.13
2020-09-09 19:00:00,101.144,101.322,99.266,100.13
2020-09-09 20:00:00,101.144,101.322,99.266,100.13
2020-09-09 21:00:00,101.144,101.322,99.266,100.13
2020-09-09 22:00:00,101.144,101.322,99.266,100.13
2020-09-09 23:00:00,104.242,103.695,101.456,105.083
2020-09-10 00:00:00,104.242,103.695,101.456,105.083
2020-09-10 01:00:00,104.242,103.695,101.456,105.083
2020-09-10 02:00:00,104.242,103.695,101.456,105.083
2020-09-10 03:00:00,104.242,103.695,101.456,105.083
2020-09-10 04:00:00,104.242,103.695,101.456,105.083
2020-09-10 05:00:00,94.695,100.094,95.111,108.911
2020-09-10 06:00:00,94.695,100.094,95.111,108.911
2020-09-10 07:00:00,94.695,100.094,95.111,108.911
2020-09-10 08:00:00,94.695,100.094,95.111,108.911
2020-09-10 09:00:00,94.695,100.094,95.111,108.911
2020-09-10 10:00:00,94.695,100.094,95.111,108.911
2020-09-10 11:00:00,101.342,100.025,94.388,113.857
2020-09-10 12:00:00,101.342,100.025,94.388,113.857
2020-09-10 13:00:00,101.342,100.025,94.388,113.857
2020-09-10 14:00:00,101.342,100.025,94.388,113.857
2020-09-10 15:00:00,101.342,100.025,94.388,113.857
2020-09-10 16:00:00,101.342,100.025,94.388,113.857
2020-09-10 17:00:00,108.546,110.765,110.796,116.097
2020-09-10 18:00:00,108.546,110.765,110.796,116.097
2020-09-10 19:00:00,108.546,110.765,110.796,116.097
2020-09-10 20:00:00,108.546,110.765,110.796,116.097
2020-09-10 21:00:00,108.546,110.765,110.796,116.097
2020-09-10 22:00:00,108.546,110.765,110.796,116.097
2020-09-10 23:00:00,116.867,117.867,116.049,121.497
2020-09-11 00:00:00,116.867,117.867,116.049,121.497
2020-09-11 01:00:00,116.867,117.867,116.049,121.497
2020-09-11 02:00:00,116.867,117.867,116.049,121.497
2020-09-11 03:00:00,116.867,117.867,116.049,121.497
2020-09-11 04:00:00,116.867,117.867,116.049,121.497
2020-09-11 05:00:00,117.335,108.148,112.076,112.37
2020-09-11 06:00:00,117.335,108.148,112.076,112.37
2020-09-11 07:00:00,117.335,108.148,112.076,112.37
2020-09-11 08:00:00,117.335,108.148,112.076,112.37
2020-09-11 09:00:00,117.335,108.148,112.076,112.37
2020-09-11 10:00:00,117.335,108.148,112.076,112.37
2020-09-11 11:00:00,115.696,107.738,106.25,104.484
2020-09-11 12:00:00,115.696,107.738,106.25,104.484
2020-09-11 13:00:00,115.696,107.738,106.25,104.484
2020-09-11 14:00:00,115.696,107.738,106.25,104.484
2020-09-11 15:00:00,115.696,107.738,106.25,104.484
2020-09-11 16:00:00,115.696,107.738,106.25,104.484
2020-09-11 17:00:00,110.599,110.003,107.47,106.097
2020-09-11 18:00:00,110.599,110.003,107.47,106.097
2020-09-11 19:00:00,110.599,110.003,107.47,106.097
2020-09-11 20:00:00,110.599,110.003,107.47,106.097
2020-09-11 21:00:00,110.599,110.003,107.47,106.097
2020-09-11 22:00:00,110.599,110.003,107.47,106.097
2020-09-11 23:00:00,113.879,113.78,111.752,115.274
2020-09-12 00:00:00,113.879,113.78,111.752,115.274
2020-09-12 01:00:00,113.879,113.78,111.752,115.274
2020-09-12 02:00:00,113.879,113.78,111.752,115.274
2020-09-12 03:00:00,113.879,113.78,111.752,115.274
2020-09-12 04:00:00,113.879,113.78,111.752,115.274
2020-09-12 05:00:00,119.299,120.01,118.368,119.726
2020-09-12 06:00:00,119.299,120.01,118.368,119.726
2020-09-12 07:00:00,119.299,120.01,118.368,119.726
2020-09-12 08:00:00,119.299,120.01,118.368,119.726
2020-09-12 09:00:00,119.299,120.01,118.368,119.726
2020-09-12 10:00:00,119.299,120.01,118.368,119.726
2020-09-12 11:00:00,118.799,118.161,116.555,114.145
2020-09-12 12:00:00,118.799,118.161,116.555,114.145
2020-09-12 13:00:00,118.799,118.161,116.555,114.145
2020-09-12 14:00:00,118.799,118.161,116.555,114.145
2020-09-12 15:00:00,118.799,118.161,116.555,114.145
2020-09-12 16:00:00,118.799,118.161,116.555,114.145
2020-09-12 17:00:00,118.887,117.203,113.997,115.111
2020-09-12 18:00:00,118.887,117.203,113.997,115.111
2020-09-12 19:00:00,118.887,117.203,113.997,115.111
2020-09-12 20:00:00,118.887,117.203,113.997,115.111
2020-09-12 21:00:00,118.887,117.203,113.997,115.111
2020-09-12 22:00:00,118.887,117.203,113.997,115.111
2020-09-12 23:00:00,119.017,117.872,115.31,115.941
2020-09-13 00:00:00,119.017,117.872,115.31,115.941
2020-09-13 01:00:00,119.017,117.872,115.31,115.941
2020-09-13 02:00:00,119.017,117.872,115.31,115.941
2020-09-13 03:00:00,119.017,117.872,115.31,115.941
2020-09-13 04:00:00,119.017,117.872,115.31,115.941
2020-09-13 05:00:00,109.927,113.808,115.149,121.856
2020-09-13 06:00:00,109.927,113.808,115.149,121.856
2020-09-13 07:00:00,109.927,113.808,115.149,121.856
2020-09-13 08:00:00,109.927,113.808,115.149,121.856
2020-09-13 09:00:00,109.927,113.808,115.149,121.856
2020-09-13 10:00:00,109.927,113.808,115.149,121.856
2020-09-13 11:00:00,119.739,119.44,116.942,116.556
2020-09-13 12:00:00,119.739,119.44,116.942,116.556
2020-09-13 13:00:00,119.739,119.44,116.942,116.556
2020-09-13 14:00:00,119.739,119.44,116.942,116.556
2020-09-13 15:00:00,119.739,119.44,116.942,116.556
2020-09-13 16:00:00,119.739,119.44,116.942,116.556
2020-09-13 17:00:00,118.379,115.821,112.207,110.401
2020-09-13 18:00:00,118.379,115.821,112.207,110.401
2020-09-13 19:00:00,118.379,115.821,112.207,110.401
2020-09-13 20:00:00,118.379,115.821,112.207,110.401
2020-09-13 21:00:00,118.379,115.821,112.207,110.401
2020-09-13 22:00:00,118.379,115.821,112.207,110.401
2020-09-13 23:00:00,114.436,111.73,108.248,107.435
2020-09-14 00:00:00,114.436,111.73,108.248,107.435
2020-09-14 01:00:00,114.436,111.73,108.248,107.435
2020-09-14 02:00:00,114.436,111.73,108.248,107.435
2020-09-14 03:00:00,114.436,111.73,108.248,107.435
2020-09-14 04:00:00,114.436,111.73,108.248,107.435
2020-09-14 05:00:00,111.709,109.954,111.916,107.816
2020-09-14 06:00:00,111.709,109.954,111.916,107.816
2020-09-14 07:00:00,111.709,109.954,111.916,107.816
2020-09-14 08:00:00,111.709,109.954,111.916,107.816
2020-09-14 09:00:00,111.709,109.954,111.916,107.816
2020-09-14 10:00:00,111.709,109.954,111.916,107.816
2020-09-14 11:00:00,114.747,111.187,107.636,108.131
2020-09-14 12:00:00,114.747,111.187,107.636,108.131
2020-09-14 13:00:00,114.747,111.187,107.636,108.131
2020-09-14 14:00:00,114.747,111.187,107.636,108.131
2020-09-14 15:00:00,114.747,111.187,107.636,108.131
2020-09-14 16:00:00,114.747,111.187,107.636,108.131
2020-09-14 17:00:00,106.928,107.369,105.473,102.163
2020-09-14 18:00:00,106.928,107.369,105.473,102.163
2020-09-14 19:00:00,106.928,107.369,105.473,102.163
2020-09-14 20:00:00,106.928,107.369,105.473,102.163
2020-09-14 21:00:00,106.928,107.369,105.473,102.163
2020-09-14 22:00:00,106.928,107.369,105.473,102.163
2020-09-14 23:00:00,106.771,104.428,100.748,98.233
2020-09-15 00:00:00,106.771,104.428,100.748,98.233
2020-09-15 01:00:00,106.771,104.428,100.748,98.233
2020-09-15 02:00:00,106.771,104.428,100.748,98.233
2020-09-15 03:00:00,106.771,104.428,100.748,98.233
2020-09-15 04:00:00,106.771,104.428,100.748,98.233
2020-09-15 05:00:00,115.273,104.18,103.101,107.981
2020-09-15 06:00:00,115.273,104.18,103.101,107.981
2020-09-15 07:00:00,115.273,104.18,103.101,107.981
2020-09-15 08:00:00,115.273,104.18,103.101,107.981
2020-09-15 09:00:00,115.273,104.18,103.101,107.981
2020-09-15 10:00:00,115.273,104.18,103.101,107.981
2020-09-15 11:00:00,109.007,103.674,99.941,98.858
2020-09-15 12:00:00,109.007,103.674,99.941,98.858
2020-09-15 13:00:00,109.007,103.674,99.941,98.858
2020-09-15 14:00:00,109.007,103.674,99.941,98.858
2020-09-15 15:00:00,109.007,103.674,99.941,98.858
2020-09-15 16:00:00,109.007,103.674,99.941,98.858
2020-09-15 17:00:00,101.247,97.98,94.059,88.51
2020-09-15 18:00:00,101.247,97.98,94.059,88.51
2020-09-15 19:00:00,101.247,97.98,94.059,88.51
2020-09-15 20:00:00,101.247,97.98,94.059,88.51
2020-09-15 21:00:00,101.247,97.98,94.059,88.51
2020-09-15 22:00:00,101.247,97.98,94.059,88.51
2020-09-15 23:00:00,95.867,92.707,88.904,89.458
2020-09-16 00:00:00,95.867,92.707,88.904,89.458
2020-09-16 01:00:00,95.867,92.707,88.904,89.458
2020-09-16 02:00:00,95.867,92.707,88.904,89.458
2020-09-16 03:00:00,95.867,92.707,88.904,89.458
2020-09-16 04:00:00,95.867,92.707,88.904,89.458
2020-09-16 05:00:00,100.855,89.479,90.645,84.983
2020-09-16 06:00:00,100.855,89.479,90.645,84.983
2020-09-16 07:00:00,100.855,89.479,90.645,84.983
2020-09-16 08:00:00,100.855,89.479,90.645,84.983
2020-09-16 09:00:00,100.855,89.479,90.645,84.983
2020-09-16 10:00:00,100.855,89.479,90.645,84.983
2020-09-16 11:00:00,92.336,85.65,83.821,83.221
2020-09-16 12:00:00,92.336,85.65,83.821,83.221
2020-09-16 13:00:00,92.336,85.65,83.821,83.221
2020-09-16 14:00:00,92.336,85.65,83.821,83.221
2020-09-16 15:00:00,92.336,85.65,83.821,83.221
2020-09-16 16:00:00,92.336,85.65,83.821,83.221
2020-09-16 17:00:00,87.26,86.037,82.953,83.926
2020-09-16 18:00:00,87.26,86.037,82.953,83.926
2020-09-16 19:00:00,87.26,86.037,82.953,83.926
2020-09-16 20:00:00,87.26,86.037,82.953,83.926
2020-09-16 21:00:00,87.26,86.037,82.953,83.926
2020-09-16 22:00:00,87.26,86.037,82.953,83.926
2020-09-16 23:00:00,89.64,89.526,87.32,92.599
2020-09-17 00:00:00,89.64,89.526,87.32,92.599
2020-09-17 01:00:00,89.64,89.526,87.32,92.599
2020-09-17 02:00:00,89.64,89.526,87.32,92.599
2020-09-17 03:00:00,89.64,89.526,87.32,92.599
2020-09-17 04:00:00,89.64,89.526,87.32,92.599
2020-09-17 05:00:00,92.975,96.157,97.767,107.178
2020-09-17 06:00:00,92.975,96.157,97.767,107.178
2020-09-17 07:00:00,92.975,96.157,97.767,107.178
2020-09-17 08:00:00,92.975,96.157,97.767,107.178
2020-09-17 09:00:00,92.975,96.157,97.767,107.178
2020-09-17 10:00:00,92.975,96.157,97.767,107.178
2020-09-17 11:00:00,105.73,104.711,103.115,106.694
2020-09-17 12:00:00,105.73,104.711,103.115,106.694
2020-09-17 13:00:00,105.73,104.711,103.115,106.694
2020-09-17 14:00:00,105.73,104.711,103.115,106.694
2020-09-17 15:00:00,105.73,104.711,103.115,106.694
2020-09-17 16:00:00,105.73,104.711,103.115,106.694
2020-09-17 17:00:00,107.817,107.327,104.629,103.938
2020-09-17 18:00:00,107.817,107.327,104.629,103.938
2020-09-17 19:00:00,107.817,107.327,104.629,103.938
2020-09-17 20:00:00,107.817,107.327,104.629,103.938
2020-09-17 21:00:00,107.817,107.327,104.629,103.938
2020-09-17 22:00:00,107.817,107.327,104.629,103.938
2020-09-17 23:00:00,109.158,108.054,105.205,107.6
2020-09-18 00:00:00,109.158,108.054,105.205,107.6
2020-09-18 01:00:00,109.158,108.054,105.205,107.6
2020-09-18 02:00:00,109.158,108.054,105.205,107.6
2020-09-18 03:00:00,109.158,108.054,105.205,107.6
2020-09-18 04:00:00,109.158,108.054,105.205,107.6
2020-09-18 05:00:00,108.466,115.076,114.172,124.365
2020-09-18 06:00:00,108.466,115.076,114.172,124.365
2020-09-18 07:00:00,108.466,115.076,114.172,124.365
2020-09-18 08:00:00,108.466,115.076,114.172,124.365
2020-09-18 09:00:00,108.466,115.076,114.172,124.365
2020-09-18 10:00:00,108.466,115.076,114.172,124.365
2020-09-18 11:00:00,109.326,116.723,117.023,122.98
2020-09-18 12:00:00,109.326,116.723,117.023,122.98
2020-09-18 13:00:00,109.326,116.723,117.023,122.98
2020-09-18 14:00:00,109.326,116.723,117.023,122.98
2020-09-18 15:00:00,109.326,116.723,117.023,122.98
2020-09-18 16:00:00,109.326,116.723,117.023,122.98
2020-09-18 17:00:00,122.184,122.814,120.428,118.109
2020-09-18 18:00:00,122.184,122.814,120.428,118.109
2020-09-18 19:00:00,122.184,122.814,120.428,118.109
2020-09-18 20:00:00,122.184,122.814,120.428,118.109
2020-09-18 21:00:00,122.184,122.814,120.428,118.109
2020-09-18 22:00:00,122.184,122.814,120.428,118.109
2020-09-18 23:00:00,122.27,119.937,116.342,113.78
2020-09-19 00:00:00,122.27,119.937,116.342,113.78
2020-09-19 01:00:00,122.27,119.937,116.342,113.78
2020-09-19 02:00:00,122.27,119.937,116.342,113.78
2020-09-19 03:00:00,122.27,119.937,116.342,113.78
2020-09-19 04:00:00,122.27,119.937,116.342,113.78
2020-09-19 05:00:00,111.557,113.119,110.664,107.445
2020-09-19 06:00:00,111.557,113.119,110.664,107.445
2020-09-19 07:00:00,111.557,113.119,110.664,107.445
2020-09-19 08:00:00,111.557,113.119,110.664,107.445
2020-09-19 09:00:00,111.557,113.119,110.664,107.445
2020-09-19 10:00:00,111.557,113.119,110.664,107.445
2020-09-19 11:00:00,106.611,102.656,97.505,93.108
2020-09-19 12:00:00,106.611,102.656,97.505,93.108
2020-09-19 13:00:00,106.611,102.656,97.505,93.108
2020-09-19 14:00:00,106.611,102.656,97.505,93.108
2020-09-19 15:00:00,106.611,102.656,97.505,93.108
2020-09-19 16:00:00,106.611,102.656,97.505,93.108
2020-09-19 17:00:00,97.687,93.016,88.603,88.456
2020-09-19 18:00:00,97.687,93.016,88.603,88.456
2020-09-19 19:00:00,97.687,93.016,88.603,88.456
2020-09-19 20:00:00,97.687,93.016,88.603,88.456
2020-09-19 21:00:00,97.687,93.016,88.603,88.456
2020-09-19 22:00:00,97.687,93.016,88.603,88.456
2020-09-19 23:00:00,93.056,90.954,87.927,90.661
2020-09-20 00:00:00,93.056,90.954,87.927,90.661
2020-09-20 01:00:00,93.056,90.954,87.927,90.661
2020-09-20 02:00:00,93.056,90.954,87.927,90.661
2020-09-20 03:00:00,93.056,90.954,87.927,90.661
2020-09-20 04:00:00,93.056,90.954,87.927,90.661
2020-09-20 05:00:00,94.158,93.741,91.418,93.127
2020-09-20 06:00:00,94.158,93.741,91.418,93.127
2020-09-20 07:00:00,94.158,93.741,91.418,93.127
2020-09-20 08:00:00,94.158,93.741,91.418,93.127
2020-09-20 09:00:00,94.158,93.741,91.418,93.127
2020-09-20 10:00:00,94.158,93.741,91.418,93.127
2020-09-20 11:00:00,81.159,74.419,71.969,68.148
2020-09-20 12:00:00,81.159,74.419,71.969,68.148
2020-09-20 13:00:00,81.159,74.419,71.969,68.148
2020-09-20 14:00:00,81.159,74.419,71.969,68.148
2020-09-20 15:00:00,81.159,74.419,71.969,68.148
2020-09-20 16:00:00,81.159,74.419,71.969,68.148
2020-09-20 17:00:00,73.656,71.003,67.334,65.534
2020-09-20 18:00:00,73.656,71.003,67.334,65.534
2020-09-20 19:00:00,73.656,71.003,67.334,65.534
2020-09-20 20:00:00,73.656,71.003,67.334,65.534
2020-09-20 21:00:00,73.656,71.003,67.334,65.534
2020-09-20 22:00:00,73.656,71.003,67.334,65.534
2020-09-20 23:00:00,71.632,69.84,66.873,67.949
2020-09-21 00:00:00,71.632,69.84,66.873,67.949
2020-09-21 01:00:00,71.632,69.84,66.873,67.949
2020-09-21 02:00:00,71.632,69.84,66.873,67.949
2020-09-21 03:00:00,71.632,69.84,66.873,67.949
2020-09-21 04:00:00,71.632,69.84,66.873,67.949
2020-09-21 05:00:00,73.368,73.365,71.208,74.717
2020-09-21 06:00:00,73.368,73.365,71.208,74.717
2020-09-21 07:00:00,73.368,73.365,71.208,74.717
2020-09-21 08:00:00,73.368,73.365,71.208,74.717
2020-09-21 09:00:00,73.368,73.365,71.208,74.717
2020-09-21 10:00:00,73.368,73.365,71.208,74.717
2020-09-21 11:00:00,83.946,79.782,75.53,79.642
2020-09-21 12:00:00,83.946,79.782,75.53,79.642
2020-09-21 13:00:00,83.946,79.782,75.53,79.642
2020-09-21 14:00:00,83.946,79.782,75.53,79.642
2020-09-21 15:00:00,83.946,79.782,75.53,79.642
2020-09-21 16:00:00,83.946,79.782,75.53,79.642
2020-09-21 17:00:00,83.123,82.913,80.871,80.276
2020-09-21 18:00:00,83.123,82.913,80.871,80.276
2020-09-21 19:00:00,83.123,82.913,80.871,80.276
2020-09-21 20:00:00,83.123,82.913,80.871,80.276
2020-09-21 21:00:00,83.123,82.913,80.871,80.276
2020-09-21 22:00:00,83.123,82.913,80.871,80.276
2020-09-21 23:00:00,86.046,85.708,83.139,84.756
2020-09-22 00:00:00,86.046,85.708,83.139,84.756
2020-09-22 01:00:00,86.046,85.708,83.139,84.756
2020-09-22 02:00:00,86.046,85.708,83.139,84.756
2020-09-22 03:00:00,86.046,85.708,83.139,84.756
2020-09-22 04:00:00,86.046,85.708,83.139,84.756
2020-09-22 05:00:00,79.513,76.913,77.899,90.62
2020-09-22 06:00:00,79.513,76.913,77.899,90.62
2020-09-22 07:00:00,79.513,76.913,77.899,90.62
2020-09-22 08:00:00,79.513,76.913,77.899,90.62
2020-09-22 09:00:00,79.513,76.913,77.899,90.62
2020-09-22 10:00:00,79.513,76.913,77.899,90.62
2020-09-22 11:00:00,94.449,93.138,92.234,85.212
2020-09-22 12:00:00,94.449,93.138,92.234,85.212
2020-09-22 13:00:00,94.449,93.138,92.234,85.212
2020-09-22 14:00:00,94.449,93.138,92.234,85.212
2020-09-22 15:00:00,94.449,93.138,92.234,85.212
2020-09-22 16:00:00,94.449,93.138,92.234,85.212
2020-09-22 17:00:00,89.923,86.106,81.312,78.804
2020-09-22 18:00:00,89.923,86.106,81.312,78.804
2020-09-22 19:00:00,89.923,86.106,81.312,78.804
2020-09-22 20:00:00,89.923,86.106,81.312,78.804
2020-09-22 21:00:00,89.923,86.106,81.312,78.804
2020-09-22 22:00:00,89.923,86.106,81.312,78.804
2020-09-22 23:00:00,85.685,83.37,80.187,83.681
2020-09-23 00:00:00,85.685,83.37,80.187,83.681
2020-09-23 01:00:00,85.685,83.37,80.187,83.681
2020-09-23 02:00:00,85.685,83.37,80.187,83.681
2020-09-23 03:00:00,85.685,83.37,80.187,83.681
2020-09-23 04:00:00,85.685,83.37,80.187,83.681
2020-09-23 05:00:00,85.81,82.314,83.397,82.188
2020-09-23 06:00:00,85.81,82.314,83.397,82.188
2020-09-23 07:00:00,85.81,82.314,83.397,82.188
2020-09-23 08:00:00,85.81,82.314,83.397,82.188
2020-09-23 09:00:00,85.81,82.314,83.397,82.188
2020-09-23 10:00:00,85.81,82.314,83.397,82.188
2020-09-23 11:00:00,91.164,86.445,85.237,86.594
2020-09-23 12:00:00,91.164,86.445,85.237,86.594
2020-09-23 13:00:00,91.164,86.445,85.237,86.594
2020-09-23 14:00:00,91.164,86.445,85.237,86.594
2020-09-23 15:00:00,91.164,86.445,85.237,86.594
2020-09-23 16:00:00,91.164,86.445,85.237,86.594
2020-09-23 17:00:00,90.318,90.357,87.754,89.952
2020-09-23 18:00:00,90.318,90.357,87.754,89.952
2020-09-23 19:00:00,90.318,90.357,87.754,89.952
2020-09-23 20:00:00,90.318,90.357,87.754,89.952
2020-09-23 21:00:00,90.318,90.357,87.754,89.952
2020-09-23 22:00:00,90.318,90.357,87.754,89.952
2020-09-23 23:00:00,94.119,94.064,91.636,93.443
2020-09-24 00:00:00,94.119,94.064,91.636,93.443
2020-09-24 01:00:00,94.119,94.064,91.636,93.443
2020-09-24 02:00:00,94.119,94.064,91.636,93.443
2020-09-24 03:00:00,94.119,94.064,91.636,93.443
2020-09-24 04:00:00,94.119,94.064,91.636,93.443
2020-09-24 05:00:00,82.547,81.878,82.263,91.554
2020-09-24 06:00:00,82.547,81.878,82.263,91.554
2020-09-24 07:00:00,82.547,81.878,82.263,91.554
2020-09-24 08:00:00,82.547,81.878,82.263,91.554
2020-09-24 09:00:00,82.547,81.878,82.263,91.554
2020-09-24 10:00:00,82.547,81.878,82.263,91.554
2020-09-24 11:00:00,82.776,79.64,77.709,79.273
2020-09-24 12:00:00,82.776,79.64,77.709,79.273
2020-09-24 13:00:00,82.776,79.64,77.709,79.273
2020-09-24 14:00:00,82.776,79.64,77.709,79.273
2020-09-24 15:00:00,82.776,79.64,77.709,79.273
2020-09-24 16:00:00,82.776,79.64,77.709,79.273
2020-09-24 17:00:00,87.562,84.991,81.092,80.123
2020-09-24 18:00:00,87.562,84.991,81.092,80.123
2020-09-24 19:00:00,87.562,84.991,81.092,80.123
2020-09-24 20:00:00,87.562,84.991,81.092,80.123
2020-09-24 21:00:00,87.562,84.991,81.092,80.123
2020-09-24 22:00:00,87.562,84.991,81.092,80.123
2020-09-24 23:00:00,84.864,82.059,78.643,81.506
2020-09-25 00:00:00,84.864,82.059,78.643,81.506
2020-09-25 01:00:00,84.864,82.059,78.643,81.506
2020-09-25 02:00:00,84.864,82.059,78.643,81.506
2020-09-25 03:00:00,84.864,82.059,78.643,81.506
2020-09-25 04:00:00,84.864,82.059,78.643,81.506
2020-09-25 05:00:00,87.831,89.938,89.313,78.846
2020-09-25 06:00:00,87.831,89.938,89.313,78.846
2020-09-25 07:00:00,87.831,89.938,89.313,78.846
2020-09-25 08:00:00,87.831,89.938,89.313,78.846
2020-09-25 09:00:00,87.831,89.938,89.313,78.846
2020-09-25 10:00:00,87.831,89.938,89.313,78.846
2020-09-25 11:00:00,90.051,87.532,83.601,77.464
2020-09-25 12:00:00,90.051,87.532,83.601,77.464
2020-09-25 13:00:00,90.051,87.532,83.601,77.464
2020-09-25 14:00:00,90.051,87.532,83.601,77.464
2020-09-25 15:00:00,90.051,87.532,83.601,77.464
2020-09-25 16:00:00,90.051,87.532,83.601,77.464
2020-09-25 17:00:00,88.948,86.582,83.2,81.042
2020-09-25 18:00:00,88.948,86.582,83.2,81.042
2020-09-25 19:00:00,88.948,86.582,83.2,81.042
2020-09-25 20:00:00,88.948,86.582,83.2,81.042
2020-09-25 21:00:00,88.948,86.582,83.2,81.042
2020-09-25 22:00:00,88.948,86.582,83.2,81.042
2020-09-25 23:00:00,89.913,89.14,86.702,87.034
2020-09-26 00:00:00,89.913,89.14,86.702,87.034
2020-09-26 01:00:00,89.913,89.14,86.702,87.034
2020-09-26 02:00:00,89.913,89.14,86.702,87.034
2020-09-26 03:00:00,89.913,89.14,86.702,87.034
2020-09-26 04:00:00,89.913,89.14,86.702,87.034
2020-09-26 05:00:00,84.454,79.634,79.28,78.434
2020-09-26 06:00:00,84.454,79.634,79.28,78.434
2020-09-26 07:00:00,84.454,79.634,79.28,78.434
2020-09-26 08:00:00,84.454,79.634,79.28,78.434
2020-09-26 09:00:00,84.454,79.634,79.28,78.434
2020-09-26 10:00:00,84.454,79.634,79.28,78.434
2020-09-26 11:00:00,84.531,78.7,75.002,76.043
2020-09-26 12:00:00,84.531,78.7,75.002,76.043
2020-09-26 13:00:00,84.531,78.7,75.002,76.043
2020-09-26 14:00:00,84.531,78.7,75.002,76.043
2020-09-26 15:00:00,84.531,78.7,75.002,76.043
2020-09-26 16:00:00,84.531,78.7,75.002,76.043
2020-09-26 17:00:00,80.477,78.308,75.354,78.111
2020-09-26 18:00:00,80.477,78.308,75.354,78.111
2020-09-26 19:00:00,80.477,78.308,75.354,78.111
2020-09-26 20:00:00,80.477,78.308,75.354,78.111
2020-09-26 21:00:00,80.477,78.308,75.354,78.111
2020-09-26 22:00:00,80.477,78.308,75.354,78.111
2020-09-26 23:00:00,82.478,81.684,79.222,82.33
2020-09-27 00:00:00,82.478,81.684,79.222,82.33
2020-09-27 01:00:00,82.478,81.684,79.222,82.33
2020-09-27 02:00:00,82.478,81.684,79.222,82.33
2020-09-27 03:00:00,82.478,81.684,79.222,82.33
2020-09-27 04:00:00,82.478,81.684,79.222,82.33
2020-09-27 05:00:00,86.633,86.319,83.966,85.368
2020-09-27 06:00:00,86.633,86.319,83.966,85.368
2020-09-27 07:00:00,86.633,86.319,83.966,85.368
2020-09-27 08:00:00,86.633,86.319,83.966,85.368
2020-09-27 09:00:00,86.633,86.319,83.966,85.368
2020-09-27 10:00:00,86.633,86.319,83.966,85.368
2020-09-27 11:00:00,71.747,69.778,66.02,66.143
2020-09-27 12:00:00,71.747,69.778,66.02,66.143
2020-09-27 13:00:00,71.747,69.778,66.02,66.143
2020-09-27 14:00:00,71.747,69.778,66.02,66.143
2020-09-27 15:00:00,71.747,69.778,66.02,66.143
2020-09-27 16:00:00,71.747,69.778,66.02,66.143
2020-09-27 17:00:00,72.865,72.188,69.738,71.802
2020-09-27 18:00:00,72.865,72.188,69.738,71.802
2020-09-27 19:00:00,72.865,72.188,69.738,71.802
2020-09-27 20:00:00,72.865,72.188,69.738,71.802
2020-09-27 21:00:00,72.865,72.188,69.738,71.802
2020-09-27 22:00:00,72.865,72.188,69.738,71.802
2020-09-27 23:00:00,77.105,77.589,75.396,77.382
2020-09-28 00:00:00,77.105,77.589,75.396,77.382
2020-09-28 01:00:00,77.105,77.589,75.396,77.382
2020-09-28 02:00:00,77.105,77.589,75.396,77.382
2020-09-28 03:00:00,77.105,77.589,75.396,77.382
2020-09-28 04:00:00,77.105,77.589,75.396,77.382
2020-09-28 05:00:00,82.373,82.762,80.443,81.469
2020-09-28 06:00:00,82.373,82.762,80.443,81.469
2020-09-28 07:00:00,82.373,82.762,80.443,81.469
2020-09-28 08:00:00,82.373,82.762,80.443,81.469
2020-09-28 09:00:00,82.373,82.762,80.443,81.469
2020-09-28 10:00:00,82.373,82.762,80.443,81.469
2020-09-28 11:00:00,109.987,108.452,106.793,110.076
2020-09-28 12:00:00,109.987,108.452,106.793,110.076
2020-09-28 13:00:00,109.987,108.452,106.793,110.076
2020-09-28 14:00:00,109.987,108.452,106.793,110.076
2020-09-28 15:00:00,109.987,108.452,106.793,110.076
2020-09-28 16:00:00,109.987,108.452,106.793,110.076
2020-09-28 17:00:00,113.742,114.162,112.17,111.347
2020-09-28 18:00:00,113.742,114.162,112.17,111.347
2020-09-28 19:00:00,113.742,114.162,112.17,111.347
2020-09-28 20:00:00,113.742,114.162,112.17,111.347
2020-09-28 21:00:00,113.742,114.162,112.17,111.347
2020-09-28 22:00:00,113.742,114.162,112.17,111.347
2020-09-28 23:00:00,117.732,117.325,114.835,115.822
2020-09-29 00:00:00,117.732,117.325,114.835,115.822
2020-09-29 01:00:00,117.732,117.325,114.835,115.822
2020-09-29 02:00:00,117.732,117.325,114.835,115.822
2020-09-29 03:00:00,117.732,117.325,114.835,115.822
2020-09-29 04:00:00,117.732,117.325,114.835,115.822
2020-09-29 05:00:00,109.966,112.971,114.763,109.025
2020-09-29 06:00:00,109.966,112.971,114.763,109.025
2020-09-29 07:00:00,109.966,112.971,114.763,109.025
2020-09-29 08:00:00,109.966,112.971,114.763,109.025
2020-09-29 09:00:00,109.966,112.971,114.763,109.025
2020-09-29 10:00:00,109.966,112.971,114.763,109.025
2020-09-29 11:00:00,121.161,122.867,121.591,109.563
2020-09-29 12:00:00,121.161,122.867,121.591,109.563
2020-09-29 13:00:00,121.161,122.867,121.591,109.563
2020-09-29 14:00:00,121.161,122.867,121.591,109.563
2020-09-29 15:00:00,121.161,122.867,121.591,109.563
2020-09-29 16:00:00,121.161,122.867,121.591,109.563
2020-09-29 17:00:00,120.077,116.546,112.237,111.645
2020-09-29 18:00:00,120.077,116.546,112.237,111.645
2020-09-29 19:00:00,120.077,116.546,112.237,111.645
2020-09-29 20:00:00,120.077,116.546,112.237,111.645
2020-09-29 21:00:00,120.077,116.546,112.237,111.645
2020-09-29 22:00:00,120.077,116.546,112.237,111.645
2020-09-29 23:00:00,118.12,116.74,114.199,113.773
2020-09-30 00:00:00,118.12,116.74,114.199,113.773
2020-09-30 01:00:00,118.12,116.74,114.199,113.773
2020-09-30 02:00:00,118.12,116.74,114.199,113.773
2020-09-30 03:00:00,118.12,116.74,114.199,113.773
2020-09-30 04:00:00,118.12,116.74,114.199,113.773
2020-09-30 05:00:00,120.855,123.652,122.73,123.184
2020-09-30 06:00:00,120.855,123.652,122.73,123.184
2020-09-30 07:00:00,120.855,123.652,122.73,123.184
2020-09-30 08:00:00,120.855,123.652,122.73,123.184
2020-09-30 09:00:00,120.855,123.652,122.73,123.184
2020-09-30 10:00:00,120.855,123.652,122.73,123.184
2020-09-30 11:00:00,123.911,119.508,115.572,111.436
2020-09-30 12:00:00,123.911,119.508,115.572,111.436
2020-09-30 13:00:00,123.911,119.508,115.572,111.436
2020-09-30 14:00:00,123.911,119.508,115.572,111.436
2020-09-30 15:00:00,123.911,119.508,115.572,111.436
2020-09-30 16:00:00,123.911,119.508,115.572,111.436
2020-09-30 17:00:00,118.562,115.97,112.759,110.424
2020-09-30 18:00:00,118.562,115.97,112.759,110.424
2020-09-30 19:00:00,118.562,115.97,112.759,110.424
2020-09-30 20:00:00,118.562,115.97,112.759,110.424
2020-09-30 21:00:00,118.562,115.97,112.759,110.424
2020-09-30 22:00:00,118.562,115.97,112.759,110.424
2020-09-30 23:00:00,117.491,116.123,113.5,113.671
2020-10-01 00:00:00,117.491,116.123,113.5,113.671
2020-10-01 01:00:00,117.491,116.123,113.5,113.671
2020-10-01 02:00:00,117.491,116.123,113.5,113.671
2020-10-01 03:00:00,117.491,116.123,113.5,113.671
2020-10-01 04:00:00,117.491,116.123,113.5,113.671
2020-10-01 05:00:00,101.53,111.763,115.29,112.988
2020-10-01 06:00:00,101.53,111.763,115.29,112.988
2020-10-01 07:00:00,101.53,111.763,115.29,112.988
2020-10-01 08:00:00,101.53,111.763,115.29,112.988
2020-10-01 09:00:00,101.53,111.763,115.29,112.988
2020-10-01 10:00:00,101.53,111.763,115.29,112.988
2020-10-01 11:00:00,112.742,118.538,120.367,107.42
2020-10-01 12:00:00,112.742,118.538,120.367,107.42
2020-10-01 13:00:00,112.742,118.538,120.367,107.42
2020-10-01 14:00:00,112.742,118.538,120.367,107.42
2020-10-01 15:00:00,112.742,118.538,120.367,107.42
2020-10-01 16:00:00,112.742,118.538,120.367,107.42
2020-10-01 17:00:00,116.219,112.963,108.288,104.954
2020-10-01 18:00:00,116.219,112.963,108.288,104.954
2020-10-01 19:00:00,116.219,112.963,108.288,104.954
2020-10-01 20:00:00,116.219,112.963,108.288,104.954
2020-10-01 21:00:00,116.219,112.963,108.288,104.954
2020-10-01 22:00:00,116.219,112.963,108.288,104.954
2020-10-01 23:00:00,113.339,111.424,108.822,109.898
2020-10-02 00:00:00,113.339,111.424,108.822,109.898
2020-10-02 01:00:00,113.339,111.424,108.822,109.898
2020-10-02 02:00:00,113.339,111.424,108.822,109.898
2020-10-02 03:00:00,113.339,111.424,108.822,109.898
2020-10-02 04:00:00,113.339,111.424,108.822,109.898
2020-10-02 05:00:00,97.78,107.984,113.931,112.839
2020-10-02 06:00:00,97.78,107.984,113.931,112.839
2020-10-02 07:00:00,97.78,107.984,113.931,112.839
2020-10-02 08:00:00,97.78,107.984,113.931,112.839
2020-10-02 09:00:00,97.78,107.984,113.931,112.839
2020-10-02 10:00:00,97.78,107.984,113.931,112.839
2020-10-02 11:00:00,104.779,109.688,111.27,104.753
2020-10-02 12:00:00,104.779,109.688,111.27,104.753
2020-10-02 13:00:00,104.779,109.688,111.27,104.753
2020-10-02 14:00:00,104.779,109.688,111.27,104.753
2020-10-02 15:00:00,104.779,109.688,111.27,104.753
2020-10-02 16:00:00,104.779,109.688,111.27,104.753
2020-10-02 17:00:00,111.623,110.432,106.972,105.538
2020-10-02 18:00:00,111.623,110.432,106.972,105.538
2020-10-02 19:00:00,111.623,110.432,106.972,105.538
2020-10-02 20:00:00,111.623,110.432,106.972,105.538
2020-10-02 21:00:00,111.623,110.432,106.972,105.538
2020-10-02 22:00:00,111.623,110.432,106.972,105.538
2020-10-02 23:00:00,113.456,112.812,110.662,113.369
2020-10-03 00:00:00,113.456,112.812,110.662,113.369
2020-10-03 01:00:00,113.456,112.812,110.662,113.369
2020-10-03 02:00:00,113.456,112.812,110.662,113.369
2020-10-03 03:00:00,113.456,112.812,110.662,113.369
2020-10-03 04:00:00,113.456,112.812,110.662,113.369
2020-10-03 05:00:00,118.204,115.291,120.829,127.299
2020-10-03 06:00:00,118.204,115.291,120.829,127.299
2020-10-03 07:00:00,118.204,115.291,120.829,127.299
2020-10-03 08:00:00,118.204,115.291,120.829,127.299
2020-10-03 09:00:00,118.204,115.291,120.829,127.299
2020-10-03 10:00:00,118.204,115.291,120.829,127.299
2020-10-03 11:00:00,104.541,116.012,120.434,127.339
2020-10-03 12:00:00,104.541,116.012,120.434,127.339
2020-10-03 13:00:00,104.541,116.012,120.434,127.339
2020-10-03 14:00:00,104.541,116.012,120.434,127.339
2020-10-03 15:00:00,104.541,116.012,120.434,127.339
2020-10-03 16:00:00,104.541,116.012,120.434,127.339
2020-10-03 17:00:00,126.084,128.886,127.149,122.531
2020-10-03 18:00:00,126.084,128.886,127.149,122.531
2020-10-03 19:00:00,126.084,128.886,127.149,122.531
2020-10-03 20:00:00,126.084,128.886,127.149,122.531
2020-10-03 21:00:00,126.084,128.886,127.149,122.531
2020-10-03 22:00:00,126.084,128.886,127.149,122.531
2020-10-03 23:00:00,127.909,125.334,121.655,115.696
2020-10-04 00:00:00,127.909,125.334,121.655,115.696
2020-10-04 01:00:00,127.909,125.334,121.655,115.696
2020-10-04 02:00:00,127.909,125.334,121.655,115.696
2020-10-04 03:00:00,127.909,125.334,121.655,115.696
2020-10-04 04:00:00,127.909,125.334,121.655,115.696
2020-10-04 05:00:00,122.248,118.653,114.817,108.854
2020-10-04 06:00:00,122.248,118.653,114.817,108.854
2020-10-04 07:00:00,122.248,118.653,114.817,108.854
2020-10-04 08:00:00,122.248,118.653,114.817,108.854
2020-10-04 09:00:00,122.248,118.653,114.817,108.854
2020-10-04 10:00:00,122.248,118.653,114.817,108.854
2020-10-04 11:00:00,112.637,120.099,121.129,113.699
2020-10-04 12:00:00,112.637,120.099,121.129,113.699
2020-10-04 13:00:00,112.637,120.099,121.129,113.699
2020-10-04 14:00:00,112.637,120.099,121.129,113.699
2020-10-04 15:00:00,112.637,120.099,121.129,113.699
2020-10-04 16:00:00,112.637,120.099,121.129,113.699
2020-10-04 17:00:00,118.921,116.248,112.015,104.742
2020-10-04 18:00:00,118.921,116.248,112.015,104.742
2020-10-04 19:00:00,118.921,116.248,112.015,104.742
2020-10-04 20:00:00,118.921,116.248,112.015,104.742
2020-10-04 21:00:00,118.921,116.248,112.015,104.742
2020-10-04 22:00:00,118.921,116.248,112.015,104.742
2020-10-04 23:00:00,112.499,108.556,104.623,99.579
2020-10-05 00:00:00,112.499,108.556,104.623,99.579
2020-10-05 01:00:00,112.499,108.556,104.623,99.579
2020-10-05 02:00:00,112.499,108.556,104.623,99.579
2020-10-05 03:00:00,112.499,108.556,104.623,99.579
2020-10-05 04:00:00,112.499,108.556,104.623,99.579
2020-10-05 05:00:00,107.116,104.328,101.048,98.242
2020-10-05 06:00:00,107.116,104.328,101.048,98.242
2020-10-05 07:00:00,107.116,104.328,101.048,98.242
2020-10-05 08:00:00,107.116,104.328,101.048,98.242
2020-10-05 09:00:00,107.116,104.328,101.048,98.242
2020-10-05 10:00:00,107.116,104.328,101.048,98.242
2020-10-05 11:00:00,100.477,94.316,90.046,81.684
2020-10-05 12:00:00,100.477,94.316,90.046,81.684
2020-10-05 13:00:00,100.477,94.316,90.046,81.684
2020-10-05 14:00:00,100.477,94.316,90.046,81.684
2020-10-05 15:00:00,100.477,94.316,90.046,81.684
2020-10-05 16:00:00,100.477,94.316,90.046,81.684
2020-10-05 17:00:00,92.387,89.163,85.729,86.374
2020-10-05 18:00:00,92.387,89.163,85.729,86.374
2020-10-05 19:00:00,92.387,89.163,85.729,86.374
2020-10-05 20:00:00,92.387,89.163,85.729,86.374
2020-10-05 21:00:00,92.387,89.163,85.729,86.374
2020-10-05 22:00:00,92.387,89.163,85.729,86.374
2020-10-05 23:00:00,93.039,92.877,91.057,92.923
2020-10-06 00:00:00,93.039,92.877,91.057,92.923
2020-10-06 01:00:00,93.039,92.877,91.057,92.923
2020-10-06 02:00:00,93.039,92.877,91.057,92.923
2020-10-06 03:00:00,93.039,92.877,91.057,92.923
2020-10-06 04:00:00,93.039,92.877,91.057,92.923
2020-10-06 05:00:00,91.471,99.613,102.997,96.084
2020-10-06 06:00:00,91.471,99.613,102.997,96.084
2020-10-06 07:00:00,91.471,99.613,102.997,96.084
2020-10-06 08:00:00,91.471,99.613,102.997,96.084
2020-10-06 09:00:00,91.471,99.613,102.997,96.084
2020-10-06 10:00:00,91.471,99.613,102.997,96.084
2020-10-06 11:00:00,95.874,96.045,94.646,94.178
2020-10-06 12:00:00,95.874,96.045,94.646,94.178
2020-10-06 13:00:00,95.874,96.045,94.646,94.178
2020-10-06 14:00:00,95.874,96.045,94.646,94.178
2020-10-06 15:00:00,95.874,96.045,94.646,94.178
2020-10-06 16:00:00,95.874,96.045,94.646,94.178
2020-10-06 17:00:00,98.763,97.974,95.343,91.935
2020-10-06 18:00:00,98.763,97.974,95.343,91.935
2020-10-06 19:00:00,98.763,97.974,95.343,91.935
2020-10-06 20:00:00,98.763,97.974,95.343,91.935
2020-10-06 21:00:00,98.763,97.974,95.343,91.935
2020-10-06 22:00:00,98.763,97.974,95.343,91.935
2020-10-06 23:00:00,98.915,97.222,94.347,92.607
2020-10-07 00:00:00,98.915,97.222,94.347,92.607
2020-10-07 01:00:00,98.915,97.222,94.347,92.607
2020-10-07 02:00:00,98.915,97.222,94.347,92.607
2020-10-07 03:00:00,98.915,97.222,94.347,92.607
2020-10-07 04:00:00,98.915,97.222,94.347,92.607
2020-10-07 05:00:00,93.866,101.737,105.238,113.904
2020-10-07 06:00:00,93.866,101.737,105.238,113.904
2020-10-07 07:00:00,93.866,101.737,105.238,113.904
2020-10-07 08:00:00,93.866,101.737,105.238,113.904
2020-10-07 09:00:00,93.866,101.737,105.238,113.904
2020-10-07 10:00:00,93.866,101.737,105.238,113.904
2020-10-07 11:00:00,113.141,116.625,115.573,113.159
2020-10-07 12:00:00,113.141,116.625,115.573,113.159
2020-10-07 13:00:00,113.141,116.625,115.573,113.159
2020-10-07 14:00:00,113.141,116.625,115.573,113.159
2020-10-07 15:00:00,113.141,116.625,115.573,113.159
2020-10-07 16:00:00,113.141,116.625,115.573,113.159
2020-10-07 17:00:00,108.466,109.909,108.234,99.754
2020-10-07 18:00:00,108.466,109.909,108.234,99.754
2020-10-07 19:00:00,108.466,109.909,108.234,99.754
2020-10-07 20:00:00,108.466,109.909,108.234,99.754
2020-10-07 21:00:00,108.466,109.909,108.234,99.754
2020-10-07 22:00:00,108.466,109.909,108.234,99.754
2020-10-07 23:00:00,106.999,103.394,99.205,93.124
2020-10-08 00:00:00,106.999,103.394,99.205,93.124
2020-10-08 01:00:00,106.999,103.394,99.205,93.124
2020-10-08 02:00:00,106.999,103.394,99.205,93.124
2020-10-08 03:00:00,106.999,103.394,99.205,93.124
2020-10-08 04:00:00,106.999,103.394,99.205,93.124
2020-10-08 05:00:00,101.419,98.286,94.964,92.219
2020-10-08 06:00:00,101.419,98.286,94.964,92.219
2020-10-08 07:00:00,101.419,98.286,94.964,92.219
2020-10-08 08:00:00,101.419,98.286,94.964,92.219
2020-10-08 09:00:00,101.419,98.286,94.964,92.219
2020-10-08 10:00:00,101.419,98.286,94.964,92.219
2020-10-08 11:00:00,104.703,105.237,102.552,101.369
2020-10-08 12:00:00,104.703,105.237,102.552,101.369
2020-10-08 13:00:00,104.703,105.237,102.552,101.369
2020-10-08 14:00:00,104.703,105.237,102.552,101.369
2020-10-08 15:00:00,104.703,105.237,102.552,101.369
2020-10-08 16:00:00,104.703,105.237,102.552,101.369
2020-10-08 17:00:00,99.612,100.384,98.65,93.597
2020-10-08 18:00:00,99.612,100.384,98.65,93.597
2020-10-08 19:00:00,99.612,100.384,98.65,93.597
2020-10-08 20:00:00,99.612,100.384,98.65,93.597
2020-10-08 21:00:00,99.612,100.384,98.65,93.597
2020-10-08 22:00:00,99.612,100.384,98.65,93.597
2020-10-08 23:00:00,100.128,97.882,94.525,90.374
2020-10-09 00:00:00,100.128,97.882,94.525,90.374
2020-10-09 01:00:00,100.128,97.882,94.525,90.374
2020-10-09 02:00:00,100.128,97.882,94.525,90.374
2020-10-09 03:00:00,100.128,97.882,94.525,90.374
2020-10-09 04:00:00,100.128,97.882,94.525,90.374
2020-10-09 05:00:00,88.015,90.549,91.252,85.521
2020-10-09 06:00:00,88.015,90.549,91.252,85.521
2020-10-09 07:00:00,88.015,90.549,91.252,85.521
2020-10-09 08:00:00,88.015,90.549,91.252,85.521
2020-10-09 09:00:00,88.015,90.549,91.252,85.521
2020-10-09 10:00:00,88.015,90.549,91.252,85.521
2020-10-09 11:00:00,92.311,91.163,87.867,85.702
2020-10-09 12:00:00,92.311,91.163,87.867,85.702
2020-10-09 13:00:00,92.311,91.163,87.867,85.702
2020-10-09 14:00:00,92.311,91.163,87.867,85.702
2020-10-09 15:00:00,92.311,91.163,87.867,85.702
2020-10-09 16:00:00,92.311,91.163,87.867,85.702
2020-10-09 17:00:00,96.143,97.884,96.827,75.012
2020-10-09 18:00:00,96.143,97.884,96.827,75.012
2020-10-09 19:00:00,96.143,97.884,96.827,75.012
2020-10-09 20:00:00,96.143,97.884,96.827,75.012
2020-10-09 21:00:00,96.143,97.884,96.827,75.012
2020-10-09 22:00:00,96.143,97.884,96.827,75.012
2020-10-09 23:00:00,89.636,83.081,77.123,73.534
2020-10-10 00:00:00,89.636,83.081,77.123,73.534
2020-10-10 01:00:00,89.636,83.081,77.123,73.534
2020-10-10 02:00:00,89.636,83.081,77.123,73.534
2020-10-10 03:00:00,89.636,83.081,77.123,73.534
2020-10-10 04:00:00,89.636,83.081,77.123,73.534
2020-10-10 05:00:00,81.202,85.642,86.292,78.889
2020-10-10 06:00:00,81.202,85.642,86.292,78.889
2020-10-10 07:00:00,81.202,85.642,86.292,78.889
2020-10-10 08:00:00,81.202,85.642,86.292,78.889
2020-10-10 09:00:00,81.202,85.642,86.292,78.889
2020-10-10 10:00:00,81.202,85.642,86.292,78.889
2020-10-10 11:00:00,81.895,81.391,79.305,77.786
2020-10-10 12:00:00,81.895,81.391,79.305,77.786
2020-10-10 13:00:00,81.895,81.391,79.305,77.786
2020-10-10 14:00:00,81.895,81.391,79.305,77.786
2020-10-10 15:00:00,81.895,81.391,79.305,77.786
2020-10-10 16:00:00,81.895,81.391,79.305,77.786
2020-10-10 17:00:00,82.711,81.158,78.219,72.924
2020-10-10 18:00:00,82.711,81.158,78.219,72.924
2020-10-10 19:00:00,82.711,81.158,78.219,72.924
2020-10-10 20:00:00,82.711,81.158,78.219,72.924
2020-10-10 21:00:00,82.711,81.158,78.219,72.924
2020-10-10 22:00:00,82.711,81.158,78.219,72.924
2020-10-10 23:00:00,81.3,78.613,75.437,73.161
2020-10-11 00:00:00,81.3,78.613,75.437,73.161
2020-10-11 01:00:00,81.3,78.613,75.437,73.161
2020-10-11 02:00:00,81.3,78.613,75.437,73.161
2020-10-11 03:00:00,81.3,78.613,75.437,73.161
2020-10-11 04:00:00,81.3,78.613,75.437,73.161
2020-10-11 05:00:00,81.166,79.435,77.071,77.135
2020-10-11 06:00:00,81.166,79.435,77.071,77.135
2020-10-11 07:00:00,81.166,79.435,77.071,77.135
2020-10-11 08:00:00,81.166,79.435,77.071,77.135
2020-10-11 09:00:00,81.166,79.435,77.071,77.135
2020-10-11 10:00:00,81.166,79.435,77.071,77.135
2020-10-11 11:00:00,73.678,69.831,65.592,63.342
2020-10-11 12:00:00,73.678,69.831,65.592,63.342
2020-10-11 13:00:00,73.678,69.831,65.592,63.342
2020-10-11 14:00:00,73.678,69.831,65.592,63.342
2020-10-11 15:00:00,73.678,69.831,65.592,63.342
2020-10-11 16:00:00,73.678,69.831,65.592,63.342
2020-10-11 17:00:00,79.478,73.769,68.834,70.039
2020-10-11 18:00:00,79.478,73.769,68.834,70.039
2020-10-11 19:00:00,79.478,73.769,68.834,70.039
2020-10-11 20:00:00,79.478,73.769,68.834,70.039
2020-10-11 21:00:00,79.478,73.769,68.834,70.039
2020-10-11 22:00:00,79.478,73.769,68.834,70.039
2020-10-11 23:00:00,77.948,77.605,75.908,79.18
2020-10-12 00:00:00,77.948,77.605,75.908,79.18
2020-10-12 01:00:00,77.948,77.605,75.908,79.18
2020-10-12 02:00:00,77.948,77.605,75.908,79.18
2020-10-12 03:00:00,77.948,77.605,75.908,79.18
2020-10-12 04:00:00,77.948,77.605,75.908,79.18
2020-10-12 05:00:00,75.897,78.956,79.443,81.186
2020-10-12 06:00:00,75.897,78.956,79.443,81.186
2020-10-12 07:00:00,75.897,78.956,79.443,81.186
2020-10-12 08:00:00,75.897,78.956,79.443,81.186
2020-10-12 09:00:00,75.897,78.956,79.443,81.186
2020-10-12 10:00:00,75.897,78.956,79.443,81.186
2020-10-12 11:00:00,85.751,84.988,82.559,78.71
2020-10-12 12:00:00,85.751,84.988,82.559,78.71
2020-10-12 13:00:00,85.751,84.988,82.559,78.71
2020-10-12 14:00:00,85.751,84.988,82.559,78.71
2020-10-12 15:00:00,85.751,84.988,82.559,78.71
2020-10-12 16:00:00,85.751,84.988,82.559,78.71
2020-10-12 17:00:00,81.541,85.371,85.75,68.613
2020-10-12 18:00:00,81.541,85.371,85.75,68.613
2020-10-12 19:00:00,81.541,85.371,85.75,68.613
2020-10-12 20:00:00,81.541,85.371,85.75,68.613
2020-10-12 21:00:00,81.541,85.371,85.75,68.613
2020-10-12 22:00:00,81.541,85.371,85.75,68.613
2020-10-12 23:00:00,82.54,76.692,71.362,68.407
2020-10-13 00:00:00,82.54,76.692,71.362,68.407
2020-10-13 01:00:00,82.54,76.692,71.362,68.407
2020-10-13 02:00:00,82.54,76.692,71.362,68.407
2020-10-13 03:00:00,82.54,76.692,71.362,68.407
2020-10-13 04:00:00,82.54,76.692,71.362,68.407
2020-10-13 05:00:00,78.957,76.367,73.858,76.173
2020-10-13 06:00:00,78.957,76.367,73.858,76.173
2020-10-13 07:00:00,78.957,76.367,73.858,76.173
2020-10-13 08:00:00,78.957,76.367,73.858,76.173
2020-10-13 09:00:00,78.957,76.367,73.858,76.173
2020-10-13 10:00:00,78.957,76.367,73.858,76.173
2020-10-13 11:00:00,80.988,81.006,78.977,83.131
2020-10-13 12:00:00,80.988,81.006,78.977,83.131
2020-10-13 13:00:00,80.988,81.006,78.977,83.131
2020-10-13 14:00:00,80.988,81.006,78.977,83.131
2020-10-13 15:00:00,80.988,81.006,78.977,83.131
2020-10-13 16:00:00,80.988,81.006,78.977,83.131
2020-10-13 17:00:00,96.448,95.171,93.284,96.562
2020-10-13 18:00:00,96.448,95.171,93.284,96.562
2020-10-13 19:00:00,96.448,95.171,93.284,96.562
2020-10-13 20:00:00,96.448,95.171,93.284,96.562
2020-10-13 21:00:00,96.448,95.171,93.284,96.562
2020-10-13 22:00:00,96.448,95.171,93.284,96.562
2020-10-13 23:00:00,103.654,102.657,100.856,100.892
2020-10-14 00:00:00,103.654,102.657,100.856,100.892
2020-10-14 01:00:00,103.654,102.657,100.856,100.892
2020-10-14 02:00:00,103.654,102.657,100.856,100.892
2020-10-14 03:00:00,103.654,102.657,100.856,100.892
2020-10-14 04:00:00,103.654,102.657,100.856,100.892
2020-10-14 05:00:00,98.643,94.547,92.706,84.531
2020-10-14 06:00:00,98.643,94.547,92.706,84.531
2020-10-14 07:00:00,98.643,94.547,92.706,84.531
2020-10-14 08:00:00,98.643,94.547,92.706,84.531
2020-10-14 09:00:00,98.643,94.547,92.706,84.531
2020-10-14 10:00:00,98.643,94.547,92.706,84.531
2020-10-14 11:00:00,94.443,89.642,85.488,80.309
2020-10-14 12:00:00,94.443,89.642,85.488,80.309
2020-10-14 13:00:00,94.443,89.642,85.488,80.309
2020-10-14 14:00:00,94.443,89.642,85.488,80.309
2020-10-14 15:00:00,94.443,89.642,85.488,80.309
2020-10-14 16:00:00,94.443,89.642,85.488,80.309
2020-10-14 17:00:00,91.266,87.765,84.726,84.741
2020-10-14 18:00:00,91.266,87.765,84.726,84.741
2020-10-14 19:00:00,91.266,87.765,84.726,84.741
2020-10-14 20:00:00,91.266,87.765,84.726,84.741
2020-10-14 21:00:00,91.266,87.765,84.726,84.741
2020-10-14 22:00:00,91.266,87.765,84.726,84.741
2020-10-14 23:00:00,87.501,85.067,82.443,83.08
2020-10-15 00:00:00,87.501,85.067,82.443,83.08
2020-10-15 01:00:00,87.501,85.067,82.443,83.08
2020-10-15 02:00:00,87.501,85.067,82.443,83.08
2020-10-15 03:00:00,87.501,85.067,82.443,83.08
2020-10-15 04:00:00,87.501,85.067,82.443,83.08
2020-10-15 05:00:00,91.421,90.912,89.075,91.615
2020-10-15 06:00:00,91.421,90.912,89.075,91.615
2020-10-15 07:00:00,91.421,90.912,89.075,91.615
2020-10-15 08:00:00,91.421,90.912,89.075,91.615
2020-10-15 09:00:00,91.421,90.912,89.075,91.615
2020-10-15 10:00:00,91.421,90.912,89.075,91.615
2020-10-15 11:00:00,94.827,86.713,81.928,85.289
2020-10-15 12:00:00,94.827,86.713,81.928,85.289
2020-10-15 13:00:00,94.827,86.713,81.928,85.289
2020-10-15 14:00:00,94.827,86.713,81.928,85.289
2020-10-15 15:00:00,94.827,86.713,81.928,85.289
2020-10-15 16:00:00,94.827,86.713,81.928,85.289
2020-10-15 17:00:00,91.861,91.048,89.405,89.208
2020-10-15 18:00:00,91.861,91.048,89.405,89.208
2020-10-15 19:00:00,91.861,91.048,89.405,89.208
2020-10-15 20:00:00,91.861,91.048,89.405,89.208
2020-10-15 21:00:00,91.861,91.048,89.405,89.208
2020-10-15 22:00:00,91.861,91.048,89.405,89.208
2020-10-15 23:00:00,95.809,94.919,92.546,91.003
2020-10-16 00:00:00,95.809,94.919,92.546,91.003
2020-10-16 01:00:00,95.809,94.919,92.546,91.003
2020-10-16 02:00:00,95.809,94.919,92.546,91.003
2020-10-16 03:00:00,95.809,94.919,92.546,91.003
2020-10-16 04:00:00,95.809,94.919,92.546,91.003
2020-10-16 05:00:00,90.61,96.671,100.355,103.054
2020-10-16 06:00:00,90.61,96.671,100.355,103.054
2020-10-16 07:00:00,90.61,96.671,100.355,103.054
2020-10-16 08:00:00,90.61,96.671,100.355,103.054
2020-10-16 09:00:00,90.61,96.671,100.355,103.054
2020-10-16 10:00:00,90.61,96.671,100.355,103.054
2020-10-16 11:00:00,109.408,112.106,112.888,108.053
2020-10-16 12:00:00,109.408,112.106,112.888,108.053
2020-10-16 13:00:00,109.408,112.106,112.888,108.053
2020-10-16 14:00:00,109.408,112.106,112.888,108.053
2020-10-16 15:00:00,109.408,112.106,112.888,108.053
2020-10-16 16:00:00,109.408,112.106,112.888,108.053
2020-10-16 17:00:00,113.553,111.351,107.758,100.985
2020-10-16 18:00:00,113.553,111.351,107.758,100.985
2020-10-16 19:00:00,113.553,111.351,107.758,100.985
2020-10-16 20:00:00,113.553,111.351,107.758,100.985
2020-10-16 21:00:00,113.553,111.351,107.758,100.985
2020-10-16 22:00:00,113.553,111.351,107.758,100.985
2020-10-16 23:00:00,109.833,106.224,102.616,98.456
2020-10-17 00:00:00,109.833,106.224,102.616,98.456
2020-10-17 01:00:00,109.833,106.224,102.616,98.456
2020-10-17 02:00:00,109.833,106.224,102.616,98.456
2020-10-17 03:00:00,109.833,106.224,102.616,98.456
2020-10-17 04:00:00,109.833,106.224,102.616,98.456
2020-10-17 05:00:00,107.538,105.38,102.567,101.857
2020-10-17 06:00:00,107.538,105.38,102.567,101.857
2020-10-17 07:00:00,107.538,105.38,102.567,101.857
2020-10-17 08:00:00,107.538,105.38,102.567,101.857
2020-10-17 09:00:00,107.538,105.38,102.567,101.857
2020-10-17 10:00:00,107.538,105.38,102.567,101.857
2020-10-17 11:00:00,104.164,105.724,104.349,103.364
2020-10-17 12:00:00,104.164,105.724,104.349,103.364
2020-10-17 13:00:00,104.164,105.724,104.349,103.364
2020-10-17 14:00:00,104.164,105.724,104.349,103.364
2020-10-17 15:00:00,104.164,105.724,104.349,103.364
2020-10-17 16:00:00,104.164,105.724,104.349,103.364
2020-10-17 17:00:00,105.469,103.727,100.619,95.647
2020-10-17 18:00:00,105.469,103.727,100.619,95.647
2020-10-17 19:00:00,105.469,103.727,100.619,95.647
2020-10-17 20:00:00,105.469,103.727,100.619,95.647
2020-10-17 21:00:00,105.469,103.727,100.619,95.647
2020-10-17 22:00:00,105.469,103.727,100.619,95.647
2020-10-17 23:00:00,103.284,100.228,96.927,92.184
2020-10-18 00:00:00,103.284,100.228,96.927,92.184
2020-10-18 01:00:00,103.284,100.228,96.927,92.184
2020-10-18 02:00:00,103.284,100.228,96.927,92.184
2020-10-18 03:00:00,103.284,100.228,96.927,92.184
2020-10-18 04:00:00,103.284,100.228,96.927,92.184
2020-10-18 05:00:00,100.31,86.797,88.359,80.127
2020-10-18 06:00:00,100.31,86.797,88.359,80.127
2020-10-18 07:00:00,100.31,86.797,88.359,80.127
2020-10-18 08:00:00,100.31,86.797,88.359,80.127
2020-10-18 09:00:00,100.31,86.797,88.359,80.127
2020-10-18 10:00:00,100.31,86.797,88.359,80.127
2020-10-18 11:00:00,88.863,87.217,83.809,82.334
2020-10-18 12:00:00,88.863,87.217,83.809,82.334
2020-10-18 13:00:00,88.863,87.217,83.809,82.334
2020-10-18 14:00:00,88.863,87.217,83.809,82.334
2020-10-18 15:00:00,88.863,87.217,83.809,82.334
2020-10-18 16:00:00,88.863,87.217,83.809,82.334
2020-10-18 17:00:00,86.894,84.732,82.005,78.333
2020-10-18 18:00:00,86.894,84.732,82.005,78.333
2020-10-18 19:00:00,86.894,84.732,82.005,78.333
2020-10-18 20:00:00,86.894,84.732,82.005,78.333
2020-10-18 21:00:00,86.894,84.732,82.005,78.333
2020-10-18 22:00:00,86.894,84.732,82.005,78.333
2020-10-18 23:00:00,86.018,83.854,81.006,78.153
2020-10-19 00:00:00,86.018,83.854,81.006,78.153
2020-10-19 01:00:00,86.018,83.854,81.006,78.153
2020-10-19 02:00:00,86.018,83.854,81.006,78.153
2020-10-19 03:00:00,86.018,83.854,81.006,78.153
2020-10-19 04:00:00,86.018,83.854,81.006,78.153
2020-10-19 05:00:00,86.863,85.426,83.049,83.648
2020-10-19 06:00:00,86.863,85.426,83.049,83.648
2020-10-19 07:00:00,86.863,85.426,83.049,83.648
2020-10-19 08:00:00,86.863,85.426,83.049,83.648
2020-10-19 09:00:00,86.863,85.426,83.049,83.648
2020-10-19 10:00:00,86.863,85.426,83.049,83.648
2020-10-19 11:00:00,82.675,82.366,80.077,78.473
2020-10-19 12:00:00,82.675,82.366,80.077,78.473
2020-10-19 13:00:00,82.675,82.366,80.077,78.473
2020-10-19 14:00:00,82.675,82.366,80.077,78.473
2020-10-19 15:00:00,82.675,82.366,80.077,78.473
2020-10-19 16:00:00,82.675,82.366,80.077,78.473
2020-10-19 17:00:00,87.427,86.703,84.439,83.168
2020-10-19 18:00:00,87.427,86.703,84.439,83.168
2020-10-19 19:00:00,87.427,86.703,84.439,83.168
2020-10-19 20:00:00,87.427,86.703,84.439,83.168
2020-10-19 21:00:00,87.427,86.703,84.439,83.168
2020-10-19 22:00:00,87.427,86.703,84.439,83.168
2020-10-19 23:00:00,89.962,88.931,86.569,84.89
2020-10-20 00:00:00,89.962,88.931,86.569,84.89
2020-10-20 01:00:00,89.962,88.931,86.569,84.89
2020-10-20 02:00:00,89.962,88.931,86.569,84.89
2020-10-20 03:00:00,89.962,88.931,86.569,84.89
2020-10-20 04:00:00,89.962,88.931,86.569,84.89
2020-10-20 05:00:00,92.148,91.163,88.817,87.892
2020-10-20 06:00:00,92.148,91.163,88.817,87.892
2020-10-20 07:00:00,92.148,91.163,88.817,87.892
2020-10-20 08:00:00,92.148,91.163,88.817,87.892
2020-10-20 09:00:00,92.148,91.163,88.817,87.892
2020-10-20 10:00:00,92.148,91.163,88.817,87.892
2020-10-20 11:00:00,94.958,94.315,92.152,91.7
2020-10-20 12:00:00,94.958,94.315,92.152,91.7
2020-10-20 13:00:00,94.958,94.315,92.152,91.7
2020-10-20 14:00:00,94.958,94.315,92.152,91.7
2020-10-20 15:00:00,94.958,94.315,92.152,91.7
2020-10-20 16:00:00,94.958,94.315,92.152,91.7
2020-10-20 17:00:00,98.262,97.714,95.577,94.484
2020-10-20 18:00:00,98.262,97.714,95.577,94.484
2020-10-20 19:00:00,98.262,97.714,95.577,94.484
2020-10-20 20:00:00,98.262,97.714,95.577,94.484
2020-10-20 21:00:00,98.262,97.714,95.577,94.484
2020-10-20 22:00:00,98.262,97.714,95.577,94.484
2020-10-20 23:00:00,101.047,100.205,97.881,96.059
2020-10-21 00:00:00,101.047,100.205,97.881,96.059
2020-10-21 01:00:00,101.047,100.205,97.881,96.059
2020-10-21 02:00:00,101.047,100.205,97.881,96.059
2020-10-21 03:00:00,101.047,100.205,97.881,96.059
2020-10-21 04:00:00,101.047,100.205,97.881,96.059
2020-10-21 05:00:00,90.154,90.624,89.047,90.357
2020-10-21 06:00:00,90.154,90.624,89.047,90.357
2020-10-21 07:00:00,90.154,90.624,89.047,90.357
2020-10-21 08:00:00,90.154,90.624,89.047,90.357
2020-10-21 09:00:00,90.154,90.624,89.047,90.357
2020-10-21 10:00:00,90.154,90.624,89.047,90.357
2020-10-21 11:00:00,96.344,96.748,95.049,95.153
2020-10-21 12:00:00,96.344,96.748,95.049,95.153
2020-10-21 13:00:00,96.344,96.748,95.049,95.153
2020-10-21 14:00:00,96.344,96.748,95.049,95.153
2020-10-21 15:00:00,96.344,96.748,95.049,95.153
2020-10-21 16:00:00,96.344,96.748,95.049,95.153
2020-10-21 17:00:00,101.372,101.171,99.169,98.127
2020-10-21 18:00:00,101.372,101.171,99.169,98.127
2020-10-21 19:00:00,101.372,101.171,99.169,98.127
2020-10-21 20:00:00,101.372,101.171,99.169,98.127
2020-10-21 21:00:00,101.372,101.171,99.169,98.127
2020-10-21 22:00:00,101.372,101.171,99.169,98.127
2020-10-21 23:00:00,104.691,103.94,101.667,99.875
2020-10-22 00:00:00,104.691,103.94,101.667,99.875
2020-10-22 01:00:00,104.691,103.94,101.667,99.875
2020-10-22 02:00:00,104.691,103.94,101.667,99.875
2020-10-22 03:00:00,104.691,103.94,101.667,99.875
2020-10-22 04:00:00,104.691,103.94,101.667,99.875
2020-10-22 05:00:00,106.764,105.657,103.226,101.128
2020-10-22 06:00:00,106.764,105.657,103.226,101.128
2020-10-22 07:00:00,106.764,105.657,103.226,101.128
2020-10-22 08:00:00,106.764,105.657,103.226,101.128
2020-10-22 09:00:00,106.764,105.657,103.226,101.128
2020-10-22 10:00:00,106.764,105.657,103.226,101.128
2020-10-22 11:00:00,108.181,106.916,104.425,102.229
2020-10-22 12:00:00,108.181,106.916,104.425,102.229
2020-10-22 13:00:00,108.181,106.916,104.425,102.229
2020-10-22 14:00:00,108.181,106.916,104.425,102.229
2020-10-22 15:00:00,108.181,106.916,104.425,102.229
2020-10-22 16:00:00,108.181,106.916,104.425,102.229
2020-10-22 17:00:00,109.293,107.965,105.456,103.087
2020-10-22 18:00:00,109.293,107.965,105.456,103.087
2020-10-22 19:00:00,109.293,107.965,105.456,103.087
2020-10-22 20:00:00,109.293,107.965,105.456,103.087
2020-10-22 21:00:00,109.293,107.965,105.456,103.087
2020-10-22 22:00:00,109.293,107.965,105.456,103.087
2020-10-22 23:00:00,110.083,108.646,106.067,103.328
2020-10-23 00:00:00,110.083,108.646,106.067,103.328
2020-10-23 01:00:00,110.083,108.646,106.067,103.328
2020-10-23 02:00:00,110.083,108.646,106.067,103.328
2020-10-23 03:00:00,110.083,108.646,106.067,103.328
2020-10-23 04:00:00,110.083,108.646,106.067,103.328
2020-10-23 05:00:00,110.298,108.644,105.944,102.68
2020-10-23 06:00:00,110.298,108.644,105.944,102.68
2020-10-23 07:00:00,110.298,108.644,105.944,102.68
2020-10-23 08:00:00,110.298,108.644,105.944,102.68
2020-10-23 09:00:00,110.298,108.644,105.944,102.68
2020-10-23 10:00:00,110.298,108.644,105.944,102.68
2020-10-23 11:00:00,109.732,107.813,104.971,101.235
2020-10-23 12:00:00,109.732,107.813,104.971,101.235
2020-10-23 13:00:00,109.732,107.813,104.971,101.235
2020-10-23 14:00:00,109.732,107.813,104.971,101.235
2020-10-23 15:00:00,109.732,107.813,104.971,101.235
2020-10-23 16:00:00,109.732,107.813,104.971,101.235
2020-10-23 17:00:00,108.447,106.315,103.381,99.371
2020-10-23 18:00:00,108.447,106.315,103.381,99.371
2020-10-23 19:00:00,108.447,106.315,103.381,99.371
2020-10-23 20:00:00,108.447,106.315,103.381,99.371
2020-10-23 21:00:00,108.447,106.315,103.381,99.371
2020-10-23 22:00:00,108.447,106.315,103.381,99.371
2020-10-23 23:00:00,106.783,104.499,101.518,97.479
2020-10-24 00:00:00,106.783,104.499,101.518,97.479
2020-10-24 01:00:00,106.783,104.499,101.518,97.479
2020-10-24 02:00:00,106.783,104.499,101.518,97.479
2020-10-24 03:00:00,106.783,104.499,101.518,97.479
2020-10-24 04:00:00,106.783,104.499,101.518,97.479
2020-10-24 05:00:00,105.203,102.696,99.726,95.779
2020-10-24 06:00:00,105.203,102.696,99.726,95.779
2020-10-24 07:00:00,105.203,102.696,99.726,95.779
2020-10-24 08:00:00,105.203,102.696,99.726,95.779
2020-10-24 09:00:00,105.203,102.696,99.726,95.779
2020-10-24 10:00:00,105.203,102.696,99.726,95.779
2020-10-24 11:00:00,103.836,101.087,98.153,94.307
2020-10-24 12:00:00,103.836,101.087,98.153,94.307
2020-10-24 13:00:00,103.836,101.087,98.153,94.307
2020-10-24 14:00:00,103.836,101.087,98.153,94.307
2020-10-24 15:00:00,103.836,101.087,98.153,94.307
2020-10-24 16:00:00,103.836,101.087,98.153,94.307
2020-10-24 17:00:00,102.525,99.735,96.858,93.09
2020-10-24 18:00:00,102.525,99.735,96.858,93.09
2020-10-24 19:00:00,102.525,99.735,96.858,93.09
2020-10-24 20:00:00,102.525,99.735,96.858,93.09
2020-10-24 21:00:00,102.525,99.735,96.858,93.09
2020-10-24 22:00:00,102.525,99.735,96.858,93.09
2020-10-24 23:00:00,101.275,98.648,95.812,92.167
2020-10-25 00:00:00,101.275,98.648,95.812,92.167
2020-10-25 01:00:00,101.275,98.648,95.812,92.167
2020-10-25 02:00:00,101.275,98.648,95.812,92.167
2020-10-25 03:00:00,101.275,98.648,95.812,92.167
2020-10-25 04:00:00,101.275,98.648,95.812,92.167
2020-10-25 05:00:00,100.205,97.845,95.057,91.578
2020-10-25 06:00:00,100.205,97.845,95.057,91.578
2020-10-25 07:00:00,100.205,97.845,95.057,91.578
2020-10-25 08:00:00,100.205,97.845,95.057,91.578
2020-10-25 09:00:00,100.205,97.845,95.057,91.578
2020-10-25 10:00:00,100.205,97.845,95.057,91.578
2020-10-25 11:00:00,99.453,97.352,94.616,91.311
2020-10-25 12:00:00,99.453,97.352,94.616,91.311
2020-10-25 13:00:00,99.453,97.352,94.616,91.311
2020-10-25 14:00:00,99.453,97.352,94.616,91.311
2020-10-25 15:00:00,99.453,97.352,94.616,91.311
2020-10-25 16:00:00,99.453,97.352,94.616,91.311
2020-10-25 17:00:00,99.083,97.19,94.523,91.392
2020-10-25 18:00:00,99.083,97.19,94.523,91.392
2020-10-25 19:00:00,99.083,97.19,94.523,91.392
2020-10-25 20:00:00,99.083,97.19,94.523,91.392
2020-10-25 21:00:00,99.083,97.19,94.523,91.392
2020-10-25 22:00:00,99.083,97.19,94.523,91.392
2020-10-25 23:00:00,99.104,97.394,94.785,91.9
2020-10-26 00:00:00,99.104,97.394,94.785,91.9
2020-10-26 01:00:00,99.104,97.394,94.785,91.9
2020-10-26 02:00:00,99.104,97.394,94.785,91.9
2020-10-26 03:00:00,99.104,97.394,94.785,91.9
2020-10-26 04:00:00,99.104,97.394,94.785,91.9
2020-10-26 05:00:00,99.547,98.019,95.482,92.862
2020-10-26 06:00:00,99.547,98.019,95.482,92.862
2020-10-26 07:00:00,99.547,98.019,95.482,92.862
2020-10-26 08:00:00,99.547,98.019,95.482,92.862
2020-10-26 09:00:00,99.547,98.019,95.482,92.862
2020-10-26 10:00:00,99.547,98.019,95.482,92.862
2020-10-26 11:00:00,100.418,99.054,96.584,94.163
2020-10-26 12:00:00,100.418,99.054,96.584,94.163
2020-10-26 13:00:00,100.418,99.054,96.584,94.163
2020-10-26 14:00:00,100.418,99.054,96.584,94.163
2020-10-26 15:00:00,100.418,99.054,96.584,94.163
2020-10-26 16:00:00,100.418,99.054,96.584,94.163
2020-10-26 17:00:00,101.623,100.371,97.957,95.592
2020-10-26 18:00:00,101.623,100.371,97.957,95.592
2020-10-26 19:00:00,101.623,100.371,97.957,95.592
2020-10-26 20:00:00,101.623,100.371,97.957,95.592
2020-10-26 21:00:00,101.623,100.371,97.957,95.592
2020-10-26 22:00:00,101.623,100.371,97.957,95.592
2020-10-26 23:00:00,102.984,101.776,99.368,96.985
2020-10-27 00:00:00,102.984,101.776,99.368,96.985
2020-10-27 01:00:00,102.984,101.776,99.368,96.985
2020-10-27 02:00:00,102.984,101.776,99.368,96.985
2020-10-27 03:00:00,102.984,101.776,99.368,96.985
2020-10-27 04:00:00,102.984,101.776,99.368,96.985
2020-10-27 05:00:00,104.339,103.126,100.705,98.255
2020-10-27 06:00:00,104.339,103.126,100.705,98.255
2020-10-27 07:00:00,104.339,103.126,100.705,98.255
2020-10-27 08:00:00,104.339,103.126,100.705,98.255
2020-10-27 09:00:00,104.339,103.126,100.705,98.255
2020-10-27 10:00:00,104.339,103.126,100.705,98.255
2020-10-27 11:00:00,105.595,104.353,101.909,99.385
2020-10-27 12:00:00,105.595,104.353,101.909,99.385
2020-10-27 13:00:00,105.595,104.353,101.909,99.385
2020-10-27 14:00:00,105.595,104.353,101.909,99.385
2020-10-27 15:00:00,105.595,104.353,101.909,99.385
2020-10-27 16:00:00,105.595,104.353,101.909,99.385
2020-10-27 17:00:00,106.709,105.428,102.971,100.325
2020-10-27 18:00:00,106.709,105.428,102.971,100.325
2020-10-27 19:00:00,106.709,105.428,102.971,100.325
2020-10-27 20:00:00,106.709,105.428,102.971,100.325
2020-10-27 21:00:00,106.709,105.428,102.971,100.325
2020-10-27 22:00:00,106.709,105.428,102.971,100.325
2020-10-27 23:00:00,107.624,106.278,103.778,100.978
2020-10-28 00:00:00,107.624,106.278,103.778,100.978
2020-10-28 01:00:00,107.624,106.278,103.778,100.978
2020-10-28 02:00:00,107.624,106.278,103.778,100.978
2020-10-28 03:00:00,107.624,106.278,103.778,100.978
2020-10-28 04:00:00,107.624,106.278,103.778,100.978
2020-10-28 05:00:00,108.26,106.821,104.268,101.269
2020-10-28 06:00:00,108.26,106.821,104.268,101.269
2020-10-28 07:00:00,108.26,106.821,104.268,101.269
2020-10-28 08:00:00,108.26,106.821,104.268,101.269
2020-10-28 09:00:00,108.26,106.821,104.268,101.269
2020-10-28 10:00:00,108.26,106.821,104.268,101.269
2020-10-28 11:00:00,108.569,107.027,104.417,101.243
2020-10-28 12:00:00,108.569,107.027,104.417,101.243
2020-10-28 13:00:00,108.569,107.027,104.417,101.243
2020-10-28 14:00:00,108.569,107.027,104.417,101.243
2020-10-28 15:00:00,108.569,107.027,104.417,101.243
2020-10-28 16:00:00,108.569,107.027,104.417,101.243
2020-10-28 17:00:00,108.585,106.96,104.321,101.02
2020-10-28 18:00:00,108.585,106.96,104.321,101.02
2020-10-28 19:00:00,108.585,106.96,104.321,101.02
2020-10-28 20:00:00,108.585,106.96,104.321,101.02
2020-10-28 21:00:00,108.585,106.96,104.321,101.02
2020-10-28 22:00:00,108.585,106.96,104.321,101.02
2020-10-28 23:00:00,108.398,106.726,104.059,100.72
2020-10-29 00:00:00,108.398,106.726,104.059,100.72
2020-10-29 01:00:00,108.398,106.726,104.059,100.72
2020-10-29 02:00:00,108.398,106.726,104.059,100.72
2020-10-29 03:00:00,108.398,106.726,104.059,100.72
2020-10-29 04:00:00,108.398,106.726,104.059,100.72
2020-10-29 05:00:00,108.111,106.423,103.749,100.404
2020-10-29 06:00:00,108.111,106.423,103.749,100.404
2020-10-29 07:00:00,108.111,106.423,103.749,100.404
2020-10-29 08:00:00,108.111,106.423,103.749,100.404
2020-10-29 09:00:00,108.111,106.423,103.749,100.404
2020-10-29 10:00:00,108.111,106.423,103.749,100.404
2020-10-29 11:00:00,107.795,106.11,103.436,100.099
2020-10-29 12:00:00,107.795,106.11,103.436,100.099
2020-10-29 13:00:00,107.795,106.11,103.436,100.099
2020-10-29 14:00:00,107.795,106.11,103.436,100.099
2020-10-29 15:00:00,107.795,106.11,103.436,100.099
2020-10-29 16:00:00,107.795,106.11,103.436,100.099
2020-10-29 17:00:00,107.493,105.822,103.166,99.829
2020-10-29 18:00:00,107.493,105.822,103.166,99.829
2020-10-29 19:00:00,107.493,105.822,103.166,99.829
2020-10-29 20:00:00,107.493,105.822,103.166,99.829
2020-10-29 21:00:00,107.493,105.822,103.166,99.829
2020-10-29 22:00:00,107.493,105.822,103.166,99.829
2020-10-29 23:00:00,107.234,105.586,102.936,99.657
2020-10-30 00:00:00,107.234,105.586,102.936,99.657
2020-10-30 01:00:00,107.234,105.586,102.936,99.657
2020-10-30 02:00:00,107.234,105.586,102.936,99.657
2020-10-30 03:00:00,107.234,105.586,102.936,99.657
2020-10-30 04:00:00,107.234,105.586,102.936,99.657
2020-10-30 05:00:00,107.076,105.431,102.769,99.531
2020-10-30 06:00:00,107.076,105.431,102.769,99.531
2020-10-30 07:00:00,107.076,105.431,102.769,99.531
2020-10-30 08:00:00,107.076,105.431,102.769,99.531
2020-10-30 09:00:00,107.076,105.431,102.769,99.531
2020-10-30 10:00:00,107.076,105.431,102.769,99.531
2020-10-30 11:00:00,106.769,105.132,102.471,99.236
2020-10-30 12:00:00,106.769,105.132,102.471,99.236
2020-10-30 13:00:00,106.769,105.132,102.471,99.236
2020-10-30 14:00:00,106.769,105.132,102.471,99.236
2020-10-30 15:00:00,106.769,105.132,102.471,99.236
2020-10-30 16:00:00,106.769,105.132,102.471,99.236
2020-10-30 17:00:00,106.473,104.847,102.202,98.947
2020-10-30 18:00:00,106.473,104.847,102.202,98.947
2020-10-30 19:00:00,106.473,104.847,102.202,98.947
2020-10-30 20:00:00,106.473,104.847,102.202,98.947
2020-10-30 21:00:00,106.473,104.847,102.202,98.947
2020-10-30 22:00:00,106.473,104.847,102.202,98.947
2020-10-30 23:00:00,106.186,104.566,101.919,98.668
2020-10-31 00:00:00,106.186,104.566,101.919,98.668
2020-10-31 01:00:00,106.186,104.566,101.919,98.668
2020-10-31 02:00:00,106.186,104.566,101.919,98.668
2020-10-31 03:00:00,106.186,104.566,101.919,98.668
2020-10-31 04:00:00,106.186,104.566,101.919,98.668
2020-10-31 05:00:00,100.91,98.982,96.235,93.596
2020-10-31 06:00:00,100.91,98.982,96.235,93.596
2020-10-31 07:00:00,100.91,98.982,96.235,93.596
2020-10-31 08:00:00,100.91,98.982,96.235,93.596
2020-10-31 09:00:00,100.91,98.982,96.235,93.596
2020-10-31 10:00:00,100.91,98.982,96.235,93.596
2020-10-31 11:00:00,101.409,100.36,98.065,96.974
2020-10-31 12:00:00,101.409,100.36,98.065,96.974
2020-10-31 13:00:00,101.409,100.36,98.065,96.974
2020-10-31 14:00:00,101.409,100.36,98.065,96.974
2020-10-31 15:00:00,101.409,100.36,98.065,96.974
2020-10-31 16:00:00,101.409,100.36,98.065,96.974
2020-10-31 17:00:00,104.249,103.935,102.001,101.62
2020-10-31 18:00:00,104.249,103.935,102.001,101.62
2020-10-31 19:00:00,104.249,103.935,102.001,101.62
2020-10-31 20:00:00,104.249,103.935,102.001,101.62
2020-10-31 21:00:00,104.249,103.935,102.001,101.62
2020-10-31 22:00:00,104.249,103.935,102.001,101.62
2020-10-31 23:00:00,108.358,108.309,106.459,105.821
2020-11-01 00:00:00,108.358,108.309,106.459,105.821
2020-11-01 01:00:00,108.358,108.309,106.459,105.821
2020-11-01 02:00:00,108.358,108.309,106.459,105.821
2020-11-01 03:00:00,108.358,108.309,106.459,105.821
2020-11-01 04:00:00,108.358,108.309,106.459,105.821
2020-11-01 05:00:00,107.725,105.019,102.208,101.314
2020-11-01 06:00:00,107.725,105.019,102.208,101.314
2020-11-01 07:00:00,107.725,105.019,102.208,101.314
2020-11-01 08:00:00,107.725,105.019,102.208,101.314
2020-11-01 09:00:00,107.725,105.019,102.208,101.314
2020-11-01 10:00:00,107.725,105.019,102.208,101.314
2020-11-01 11:00:00,109.266,109.061,106.994,107.595
2020-11-01 12:00:00,109.266,109.061,106.994,107.595
2020-11-01 13:00:00,109.266,109.061,106.994,107.595
2020-11-01 14:00:00,109.266,109.061,106.994,107.595
2020-11-01 15:00:00,109.266,109.061,106.994,107.595
2020-11-01 16:00:00,109.266,109.061,106.994,107.595
2020-11-01 17:00:00,114.22,114.473,112.535,112.143
2020-11-01 18:00:00,114.22,114.473,112.535,112.143
2020-11-01 19:00:00,114.22,114.473,112.535,112.143
2020-11-01 20:00:00,114.22,114.473,112.535,112.143
2020-11-01 21:00:00,114.22,114.473,112.535,112.143
2020-11-01 22:00:00,114.22,114.473,112.535,112.143
2020-11-01 23:00:00,118.705,118.507,116.269,114.734
2020-11-02 00:00:00,118.705,118.507,116.269,114.734
2020-11-02 01:00:00,118.705,118.507,116.269,114.734
2020-11-02 02:00:00,118.705,118.507,116.269,114.734
2020-11-02 03:00:00,118.705,118.507,116.269,114.734
2020-11-02 04:00:00,118.705,118.507,116.269,114.734
2020-11-02 05:00:00,121.696,120.993,118.51,116.461
2020-11-02 06:00:00,121.696,120.993,118.51,116.461
2020-11-02 07:00:00,121.696,120.993,118.51,116.461
2020-11-02 08:00:00,121.696,120.993,118.51,116.461
2020-11-02 09:00:00,121.696,120.993,118.51,116.461
2020-11-02 10:00:00,121.696,120.993,118.51,116.461
2020-11-02 11:00:00,123.677,122.735,120.154,117.977
2020-11-02 12:00:00,123.677,122.735,120.154,117.977
2020-11-02 13:00:00,123.677,122.735,120.154,117.977
2020-11-02 14:00:00,123.677,122.735,120.154,117.977
2020-11-02 15:00:00,123.677,122.735,120.154,117.977
2020-11-02 16:00:00,123.677,122.735,120.154,117.977
2020-11-02 17:00:00,125.255,124.242,121.647,119.382
2020-11-02 18:00:00,125.255,124.242,121.647,119.382
2020-11-02 19:00:00,125.255,124.242,121.647,119.382
2020-11-02 20:00:00,125.255,124.242,121.647,119.382
2020-11-02 21:00:00,125.255,124.242,121.647,119.382
2020-11-02 22:00:00,125.255,124.242,121.647,119.382
2020-11-02 23:00:00,126.633,125.567,122.94,120.514
2020-11-03 00:00:00,126.633,125.567,122.94,120.514
2020-11-03 01:00:00,126.633,125.567,122.94,120.514
2020-11-03 02:00:00,126.633,125.567,122.94,120.514
2020-11-03 03:00:00,126.633,125.567,122.94,120.514
2020-11-03 04:00:00,126.633,125.567,122.94,120.514
2020-11-03 05:00:00,127.745,126.584,123.903,121.236
2020-11-03 06:00:00,127.745,126.584,123.903,121.236
2020-11-03 07:00:00,127.745,126.584,123.903,121.236
2020-11-03 08:00:00,127.745,126.584,123.903,121.236
2020-11-03 09:00:00,127.745,126.584,123.903,121.236
2020-11-03 10:00:00,127.745,126.584,123.903,121.236
2020-11-03 11:00:00,128.498,127.218,124.473,121.586
2020-11-03 12:00:00,128.498,127.218,124.473,121.586
2020-11-03 13:00:00,128.498,127.218,124.473,121.586
2020-11-03 14:00:00,128.498,127.218,124.473,121.586
2020-11-03 15:00:00,128.498,127.218,124.473,121.586
2020-11-03 16:00:00,128.498,127.218,124.473,121.586
2020-11-03 17:00:00,128.915,127.538,124.759,121.724
2020-11-03 18:00:00,128.915,127.538,124.759,121.724
2020-11-03 19:00:00,128.915,127.538,124.759,121.724
2020-11-03 20:00:00,128.915,127.538,124.759,121.724
2020-11-03 21:00:00,128.915,127.538,124.759,121.724
2020-11-03 22:00:00,128.915,127.538,124.759,121.724
2020-11-03 23:00:00,129.114,127.688,124.883,121.823
2020-11-04 00:00:00,129.114,127.688,124.883,121.823
2020-11-04 01:00:00,129.114,127.688,124.883,121.823
2020-11-04 02:00:00,129.114,127.688,124.883,121.823
2020-11-04 03:00:00,129.114,127.688,124.883,121.823
2020-11-04 04:00:00,129.114,127.688,124.883,121.823
2020-11-04 05:00:00,129.248,127.819,125.016,122.005
2020-11-04 06:00:00,129.248,127.819,125.016,122.005
2020-11-04 07:00:00,129.248,127.819,125.016,122.005
2020-11-04 08:00:00,129.248,127.819,125.016,122.005
2020-11-04 09:00:00,129.248,127.819,125.016,122.005
2020-11-04 10:00:00,129.248,127.819,125.016,122.005
2020-11-04 11:00:00,129.463,128.051,125.266,122.354
2020-11-04 12:00:00,129.463,128.051,125.266,122.354
2020-11-04 13:00:00,129.463,128.051,125.266,122.354
2020-11-04 14:00:00,129.463,128.051,125.266,122.354
2020-11-04 15:00:00,129.463,128.051,125.266,122.354
2020-11-04 16:00:00,129.463,128.051,125.266,122.354
2020-11-04 17:00:00,129.838,128.46,125.72,122.91
2020-11-04 18:00:00,129.838,128.46,125.72,122.91
2020-11-04 19:00:00,129.838,128.46,125.72,122.91
2020-11-04 20:00:00,129.838,128.46,125.72,122.91
2020-11-04 21:00:00,129.838,128.46,125.72,122.91
2020-11-04 22:00:00,129.838,128.46,125.72,122.91
2020-11-04 23:00:00,130.403,129.077,126.368,123.693
2020-11-05 00:00:00,130.403,129.077,126.368,123.693
2020-11-05 01:00:00,130.403,129.077,126.368,123.693
2020-11-05 02:00:00,130.403,129.077,126.368,123.693
2020-11-05 03:00:00,130.403,129.077,126.368,123.693
2020-11-05 04:00:00,130.403,129.077,126.368,123.693
2020-11-05 05:00:00,131.182,129.913,127.239,124.694
2020-11-05 06:00:00,131.182,129.913,127.239,124.694
2020-11-05 07:00:00,131.182,129.913,127.239,124.694
2020-11-05 08:00:00,131.182,129.913,127.239,124.694
2020-11-05 09:00:00,131.182,129.913,127.239,124.694
2020-11-05 10:00:00,131.182,129.913,127.239,124.694
2020-11-05 11:00:00,132.181,130.947,128.305,125.859
2020-11-05 12:00:00,132.181,130.947,128.305,125.859
2020-11-05 13:00:00,132.181,130.947,128.305,125.859
2020-11-05 14:00:00,132.181,130.947,128.305,125.859
2020-11-05 15:00:00,132.181,130.947,128.305,125.859
2020-11-05 16:00:00,132.181,130.947,128.305,125.859
2020-11-05 17:00:00,133.391,132.134,129.528,127.117
2020-11-05 18:00:00,133.391,132.134,129.528,127.117
2020-11-05 19:00:00,133.391,132.134,129.528,127.117
2020-11-05 20:00:00,133.391,132.134,129.528,127.117
2020-11-05 21:00:00,133.391,132.134,129.528,127.117
2020-11-05 22:00:00,133.391,132.134,129.528,127.117
2020-11-05 23:00:00,134.745,133.381,130.779,128.364
2020-11-06 00:00:00,134.745,133.381,130.779,128.364
2020-11-06 01:00:00,134.745,133.381,130.779,128.364
2020-11-06 02:00:00,134.745,133.381,130.779,128.364
2020-11-06 03:00:00,134.745,133.381,130.779,128.364
2020-11-06 04:00:00,134.745,133.381,130.779,128.364
2020-11-06 05:00:00,136.187,134.585,131.973,129.486
2020-11-06 06:00:00,136.187,134.585,131.973,129.486
2020-11-06 07:00:00,136.187,134.585,131.973,129.486
2020-11-06 08:00:00,136.187,134.585,131.973,129.486
2020-11-06 09:00:00,136.187,134.585,131.973,129.486
2020-11-06 10:00:00,136.187,134.585,131.973,129.486
2020-11-06 11:00:00,137.696,135.625,132.984,130.334
2020-11-06 12:00:00,137.696,135.625,132.984,130.334
2020-11-06 13:00:00,137.696,135.625,132.984,130.334
2020-11-06 14:00:00,137.696,135.625,132.984,130.334
2020-11-06 15:00:00,137.696,135.625,132.984,130.334
2020-11-06 16:00:00,137.696,135.625,132.984,130.334
2020-11-06 17:00:00,139.078,136.407,133.736,130.869
2020-11-06 18:00:00,139.078,136.407,133.736,130.869
2020-11-06 19:00:00,139.078,136.407,133.736,130.869
2020-11-06 20:00:00,139.078,136.407,133.736,130.869
2020-11-06 21:00:00,139.078,136.407,133.736,130.869
2020-11-06 22:00:00,139.078,136.407,133.736,130.869
2020-11-06 23:00:00,140.016,136.955,134.245,131.286
2020-11-07 00:00:00,140.016,136.955,134.245,131.286
2020-11-07 01:00:00,140.016,136.955,134.245,131.286
2020-11-07 02:00:00,140.016,136.955,134.245,131.286
2020-11-07 03:00:00,140.016,136.955,134.245,131.286
2020-11-07 04:00:00,140.016,136.955,134.245,131.286
2020-11-07 05:00:00,140.513,137.472,134.763,131.872
2020-11-07 06:00:00,140.513,137.472,134.763,131.872
2020-11-07 07:00:00,140.513,137.472,134.763,131.872
2020-11-07 08:00:00,140.513,137.472,134.763,131.872
2020-11-07 09:00:00,140.513,137.472,134.763,131.872
2020-11-07 10:00:00,140.513,137.472,134.763,131.872
2020-11-07 11:00:00,140.867,138.121,135.437,132.597
2020-11-07 12:00:00,140.867,138.121,135.437,132.597
2020-11-07 13:00:00,140.867,138.121,135.437,132.597
2020-11-07 14:00:00,140.867,138.121,135.437,132.597
2020-11-07 15:00:00,140.867,138.121,135.437,132.597
2020-11-07 16:00:00,140.867,138.121,135.437,132.597
2020-11-07 17:00:00,141.232,138.804,136.135,133.139
2020-11-07 18:00:00,141.232,138.804,136.135,133.139
2020-11-07 19:00:00,141.232,138.804,136.135,133.139
2020-11-07 20:00:00,141.232,138.804,136.135,133.139
2020-11-07 21:00:00,141.232,138.804,136.135,133.139
2020-11-07 22:00:00,141.232,138.804,136.135,133.139
2020-11-07 23:00:00,141.487,139.235,136.515,133.238
2020-11-08 00:00:00,141.487,139.235,136.515,133.238
2020-11-08 01:00:00,141.487,139.235,136.515,133.238
2020-11-08 02:00:00,141.487,139.235,136.515,133.238
2020-11-08 03:00:00,141.487,139.235,136.515,133.238
2020-11-08 04:00:00,141.487,139.235,136.515,133.238
2020-11-08 05:00:00,141.446,139.238,136.448,132.9
2020-11-08 06:00:00,141.446,139.238,136.448,132.9
2020-11-08 07:00:00,141.446,139.238,136.448,132.9
2020-11-08 08:00:00,141.446,139.238,136.448,132.9
2020-11-08 09:00:00,141.446,139.238,136.448,132.9
2020-11-08 10:00:00,141.446,139.238,136.448,132.9
2020-11-08 11:00:00,141.046,138.833,135.979,132.228
2020-11-08 12:00:00,141.046,138.833,135.979,132.228
2020-11-08 13:00:00,141.046,138.833,135.979,132.228
2020-11-08 14:00:00,141.046,138.833,135.979,132.228
2020-11-08 15:00:00,141.046,138.833,135.979,132.228
2020-11-08 16:00:00,141.046,138.833,135.979,132.228
2020-11-08 17:00:00,140.337,138.117,135.23,131.305
2020-11-08 18:00:00,140.337,138.117,135.23,131.305
2020-11-08 19:00:00,140.337,138.117,135.23,131.305
2020-11-08 20:00:00,140.337,138.117,135.23,131.305
2020-11-08 21:00:00,140.337,138.117,135.23,131.305
2020-11-08 22:00:00,140.337,138.117,135.23,131.305
2020-11-08 23:00:00,139.385,137.154,134.225,130.181
2020-11-09 00:00:00,139.385,137.154,134.225,130.181
2020-11-09 01:00:00,139.385,137.154,134.225,130.181
2020-11-09 02:00:00,139.385,137.154,134.225,130.181
2020-11-09 03:00:00,139.385,137.154,134.225,130.181
2020-11-09 04:00:00,139.385,137.154,134.225,130.181
2020-11-09 05:00:00,138.247,136.008,133.053,128.941
2020-11-09 06:00:00,138.247,136.008,133.053,128.941
2020-11-09 07:00:00,138.247,136.008,133.053,128.941
2020-11-09 08:00:00,138.247,136.008,133.053,128.941
2020-11-09 09:00:00,138.247,136.008,133.053,128.941
2020-11-09 10:00:00,138.247,136.008,133.053,128.941
2020-11-09 11:00:00,137.005,134.778,131.812,127.704
2020-11-09 12:00:00,137.005,134.778,131.812,127.704
2020-11-09 13:00:00,137.005,134.778,131.812,127.704
2020-11-09 14:00:00,137.005,134.778,131.812,127.704
2020-11-09 15:00:00,137.005,134.778,131.812,127.704
2020-11-09 16:00:00,137.005,134.778,131.812,127.704
2020-11-09 17:00:00,135.774,133.59,130.647,126.599
2020-11-09 18:00:00,135.774,133.59,130.647,126.599
2020-11-09 19:00:00,135.774,133.59,130.647,126.599
2020-11-09 20:00:00,135.774,133.59,130.647,126.599
2020-11-09 21:00:00,135.774,133.59,130.647,126.599
2020-11-09 22:00:00,135.774,133.59,130.647,126.599
2020-11-09 23:00:00,134.66,132.548,129.628,125.719
2020-11-10 00:00:00,134.66,132.548,129.628,125.719
2020-11-10 01:00:00,134.66,132.548,129.628,125.719
2020-11-10 02:00:00,134.66,132.548,129.628,125.719
2020-11-10 03:00:00,134.66,132.548,129.628,125.719
2020-11-10 04:00:00,134.66,132.548,129.628,125.719
2020-11-10 05:00:00,163.886,148.32,143.953,139.088
2020-11-10 06:00:00,163.886,148.32,143.953,139.088
2020-11-10 07:00:00,163.886,148.32,143.953,139.088
2020-11-10 08:00:00,163.886,148.32,143.953,139.088
2020-11-10 09:00:00,163.886,148.32,143.953,139.088
2020-11-10 10:00:00,163.886,148.32,143.953,139.088
2020-11-10 11:00:00,144.253,142.336,138.727,137.549
2020-11-10 12:00:00,144.253,142.336,138.727,137.549
2020-11-10 13:00:00,144.253,142.336,138.727,137.549
2020-11-10 14:00:00,144.253,142.336,138.727,137.549
2020-11-10 15:00:00,144.253,142.336,138.727,137.549
2020-11-10 16:00:00,144.253,142.336,138.727,137.549
2020-11-10 17:00:00,137.406,140.475,141.041,134.459
2020-11-10 18:00:00,137.406,140.475,141.041,134.459
2020-11-10 19:00:00,137.406,140.475,141.041,134.459
2020-11-10 20:00:00,137.406,140.475,141.041,134.459
2020-11-10 21:00:00,137.406,140.475,141.041,134.459
2020-11-10 22:00:00,137.406,140.475,141.041,134.459
2020-11-10 23:00:00,141.458,139.228,135.577,128.615
2020-11-11 00:00:00,141.458,139.228,135.577,128.615
2020-11-11 01:00:00,141.458,139.228,135.577,128.615
2020-11-11 02:00:00,141.458,139.228,135.577,128.615
2020-11-11 03:00:00,141.458,139.228,135.577,128.615
2020-11-11 04:00:00,141.458,139.228,135.577,128.615
2020-11-11 05:00:00,139.548,136.677,133.568,132.129
2020-11-11 06:00:00,139.548,136.677,133.568,132.129
2020-11-11 07:00:00,139.548,136.677,133.568,132.129
2020-11-11 08:00:00,139.548,136.677,133.568,132.129
2020-11-11 09:00:00,139.548,136.677,133.568,132.129
2020-11-11 10:00:00,139.548,136.677,133.568,132.129
2020-11-11 11:00:00,136.518,127.876,121.287,151.392
2020-11-11 12:00:00,136.518,127.876,121.287,151.392
2020-11-11 13:00:00,136.518,127.876,121.287,151.392
2020-11-11 14:00:00,136.518,127.876,121.287,151.392
2020-11-11 15:00:00,136.518,127.876,121.287,151.392
2020-11-11 16:00:00,136.518,127.876,121.287,151.392
2020-11-11 17:00:00,145.319,150.631,152.657,145.001
2020-11-11 18:00:00,145.319,150.631,152.657,145.001
2020-11-11 19:00:00,145.319,150.631,152.657,145.001
2020-11-11 20:00:00,145.319,150.631,152.657,145.001
2020-11-11 21:00:00,145.319,150.631,152.657,145.001
2020-11-11 22:00:00,145.319,150.631,152.657,145.001
2020-11-11 23:00:00,150.516,147.775,143.591,132.825
2020-11-12 00:00:00,150.516,147.775,143.591,132.825
2020-11-12 01:00:00,150.516,147.775,143.591,132.825
2020-11-12 02:00:00,150.516,147.775,143.591,132.825
2020-11-12 03:00:00,150.516,147.775,143.591,132.825
2020-11-12 04:00:00,150.516,147.775,143.591,132.825
2020-11-12 05:00:00,144.529,140.361,136.501,133.075
2020-11-12 06:00:00,144.529,140.361,136.501,133.075
2020-11-12 07:00:00,144.529,140.361,136.501,133.075
2020-11-12 08:00:00,144.529,140.361,136.501,133.075
2020-11-12 09:00:00,144.529,140.361,136.501,133.075
2020-11-12 10:00:00,144.529,140.361,136.501,133.075
2020-11-12 11:00:00,157.113,159.218,158.068,171.287
2020-11-12 12:00:00,157.113,159.218,158.068,171.287
2020-11-12 13:00:00,157.113,159.218,158.068,171.287
2020-11-12 14:00:00,157.113,159.218,158.068,171.287
2020-11-12 15:00:00,157.113,159.218,158.068,171.287
2020-11-12 16:00:00,157.113,159.218,158.068,171.287
2020-11-12 17:00:00,153.363,158.734,160.324,149.674
2020-11-12 18:00:00,153.363,158.734,160.324,149.674
2020-11-12 19:00:00,153.363,158.734,160.324,149.674
2020-11-12 20:00:00,153.363,158.734,160.324,149.674
2020-11-12 21:00:00,153.363,158.734,160.324,149.674
2020-11-12 22:00:00,153.363,158.734,160.324,149.674
2020-11-12 23:00:00,155.92,152.024,147.299,134.812
2020-11-13 00:00:00,155.92,152.024,147.299,134.812
2020-11-13 01:00:00,155.92,152.024,147.299,134.812
2020-11-13 02:00:00,155.92,152.024,147.299,134.812
2020-11-13 03:00:00,155.92,152.024,147.299,134.812
2020-11-13 04:00:00,155.92,152.024,147.299,134.812
2020-11-13 05:00:00,142.253,149.985,150.096,144.358
2020-11-13 06:00:00,142.253,149.985,150.096,144.358
2020-11-13 07:00:00,142.253,149.985,150.096,144.358
2020-11-13 08:00:00,142.253,149.985,150.096,144.358
2020-11-13 09:00:00,142.253,149.985,150.096,144.358
2020-11-13 10:00:00,142.253,149.985,150.096,144.358
2020-11-13 11:00:00,128.875,122.644,115.465,145.016
2020-11-13 12:00:00,128.875,122.644,115.465,145.016
2020-11-13 13:00:00,128.875,122.644,115.465,145.016
2020-11-13 14:00:00,128.875,122.644,115.465,145.016
2020-11-13 15:00:00,128.875,122.644,115.465,145.016
2020-11-13 16:00:00,128.875,122.644,115.465,145.016
2020-11-13 17:00:00,151.175,158.624,161.639,151.812
2020-11-13 18:00:00,151.175,158.624,161.639,151.812
2020-11-13 19:00:00,151.175,158.624,161.639,151.812
2020-11-13 20:00:00,151.175,158.624,161.639,151.812
2020-11-13 21:00:00,151.175,158.624,161.639,151.812
2020-11-13 22:00:00,151.175,158.624,161.639,151.812
2020-11-13 23:00:00,158.453,154.223,149.222,136.258
2020-11-14 00:00:00,158.453,154.223,149.222,136.258
2020-11-14 01:00:00,158.453,154.223,149.222,136.258
2020-11-14 02:00:00,158.453,154.223,149.222,136.258
2020-11-14 03:00:00,158.453,154.223,149.222,136.258
2020-11-14 04:00:00,158.453,154.223,149.222,136.258
2020-11-14 05:00:00,132.041,139.781,142.655,134.346
2020-11-14 06:00:00,132.041,139.781,142.655,134.346
2020-11-14 07:00:00,132.041,139.781,142.655,134.346
2020-11-14 08:00:00,132.041,139.781,142.655,134.346
2020-11-14 09:00:00,132.041,139.781,142.655,134.346
2020-11-14 10:00:00,132.041,139.781,142.655,134.346
2020-11-14 11:00:00,148.003,148.053,145.709,153.271
2020-11-14 12:00:00,148.003,148.053,145.709,153.271
2020-11-14 13:00:00,148.003,148.053,145.709,153.271
2020-11-14 14:00:00,148.003,148.053,145.709,153.271
2020-11-14 15:00:00,148.003,148.053,145.709,153.271
2020-11-14 16:00:00,148.003,148.053,145.709,153.271
2020-11-14 17:00:00,146.573,146.082,141.571,132.057
2020-11-14 18:00:00,146.573,146.082,141.571,132.057
2020-11-14 19:00:00,146.573,146.082,141.571,132.057
2020-11-14 20:00:00,146.573,146.082,141.571,132.057
2020-11-14 21:00:00,146.573,146.082,141.571,132.057
2020-11-14 22:00:00,146.573,146.082,141.571,132.057
2020-11-14 23:00:00,139.69,133.137,127.906,112.945
2020-11-15 00:00:00,139.69,133.137,127.906,112.945
2020-11-15 01:00:00,139.69,133.137,127.906,112.945
2020-11-15 02:00:00,139.69,133.137,127.906,112.945
2020-11-15 03:00:00,139.69,133.137,127.906,112.945
2020-11-15 04:00:00,139.69,133.137,127.906,112.945
2020-11-15 05:00:00,121.5,128.862,129.626,119.763
2020-11-15 06:00:00,121.5,128.862,129.626,119.763
2020-11-15 07:00:00,121.5,128.862,129.626,119.763
2020-11-15 08:00:00,121.5,128.862,129.626,119.763
2020-11-15 09:00:00,121.5,128.862,129.626,119.763
2020-11-15 10:00:00,121.5,128.862,129.626,119.763
2020-11-15 11:00:00,134.692,133.622,130.695,136.863
2020-11-15 12:00:00,134.692,133.622,130.695,136.863
2020-11-15 13:00:00,134.692,133.622,130.695,136.863
2020-11-15 14:00:00,134.692,133.622,130.695,136.863
2020-11-15 15:00:00,134.692,133.622,130.695,136.863
2020-11-15 16:00:00,134.692,133.622,130.695,136.863
2020-11-15 17:00:00,131.471,134.722,133.951,119.19
2020-11-15 18:00:00,131.471,134.722,133.951,119.19
2020-11-15 19:00:00,131.471,134.722,133.951,119.19
2020-11-15 20:00:00,131.471,134.722,133.951,119.19
2020-11-15 21:00:00,131.471,134.722,133.951,119.19
2020-11-15 22:00:00,131.471,134.722,133.951,119.19
2020-11-15 23:00:00,130.466,123.893,118.05,106.887
2020-11-16 00:00:00,130.466,123.893,118.05,106.887
2020-11-16 01:00:00,130.466,123.893,118.05,106.887
2020-11-16 02:00:00,130.466,123.893,118.05,106.887
2020-11-16 03:00:00,130.466,123.893,118.05,106.887
2020-11-16 04:00:00,130.466,123.893,118.05,106.887
2020-11-16 05:00:00,122.777,117.74,113.839,114.012
2020-11-16 06:00:00,122.777,117.74,113.839,114.012
2020-11-16 07:00:00,122.777,117.74,113.839,114.012
2020-11-16 08:00:00,122.777,117.74,113.839,114.012
2020-11-16 09:00:00,122.777,117.74,113.839,114.012
2020-11-16 10:00:00,122.777,117.74,113.839,114.012
2020-11-16 11:00:00,107.749,99.177,90.885,120.185
2020-11-16 12:00:00,107.749,99.177,90.885,120.185
2020-11-16 13:00:00,107.749,99.177,90.885,120.185
2020-11-16 14:00:00,107.749,99.177,90.885,120.185
2020-11-16 15:00:00,107.749,99.177,90.885,120.185
2020-11-16 16:00:00,107.749,99.177,90.885,120.185
2020-11-16 17:00:00,114.224,112.677,110.113,115.057
2020-11-16 18:00:00,114.224,112.677,110.113,115.057
2020-11-16 19:00:00,114.224,112.677,110.113,115.057
2020-11-16 20:00:00,114.224,112.677,110.113,115.057
2020-11-16 21:00:00,114.224,112.677,110.113,115.057
2020-11-16 22:00:00,114.224,112.677,110.113,115.057
2020-11-16 23:00:00,118.351,116.996,114.559,104.628
2020-11-17 00:00:00,118.351,116.996,114.559,104.628
2020-11-17 01:00:00,118.351,116.996,114.559,104.628
2020-11-17 02:00:00,118.351,116.996,114.559,104.628
2020-11-17 03:00:00,118.351,116.996,114.559,104.628
2020-11-17 04:00:00,118.351,116.996,114.559,104.628
2020-11-17 05:00:00,127.369,126.51,122.831,131.931
2020-11-17 06:00:00,127.369,126.51,122.831,131.931
2020-11-17 07:00:00,127.369,126.51,122.831,131.931
2020-11-17 08:00:00,127.369,126.51,122.831,131.931
2020-11-17 09:00:00,127.369,126.51,122.831,131.931
2020-11-17 10:00:00,127.369,126.51,122.831,131.931
2020-11-17 11:00:00,141.075,144.058,144.196,152.724
2020-11-17 12:00:00,141.075,144.058,144.196,152.724
2020-11-17 13:00:00,141.075,144.058,144.196,152.724
2020-11-17 14:00:00,141.075,144.058,144.196,152.724
2020-11-17 15:00:00,141.075,144.058,144.196,152.724
2020-11-17 16:00:00,141.075,144.058,144.196,152.724
2020-11-17 17:00:00,128.057,123.034,118.828,130.582
2020-11-17 18:00:00,128.057,123.034,118.828,130.582
2020-11-17 19:00:00,128.057,123.034,118.828,130.582
2020-11-17 20:00:00,128.057,123.034,118.828,130.582
2020-11-17 21:00:00,128.057,123.034,118.828,130.582
2020-11-17 22:00:00,128.057,123.034,118.828,130.582
2020-11-17 23:00:00,124.887,121.872,118.593,114.831
2020-11-18 00:00:00,124.887,121.872,118.593,114.831
2020-11-18 01:00:00,124.887,121.872,118.593,114.831
2020-11-18 02:00:00,124.887,121.872,118.593,114.831
2020-11-18 03:00:00,124.887,121.872,118.593,114.831
2020-11-18 04:00:00,124.887,121.872,118.593,114.831
2020-11-18 05:00:00,125.078,122.667,119.591,116.692
2020-11-18 06:00:00,125.078,122.667,119.591,116.692
2020-11-18 07:00:00,125.078,122.667,119.591,116.692
2020-11-18 08:00:00,125.078,122.667,119.591,116.692
2020-11-18 09:00:00,125.078,122.667,119.591,116.692
2020-11-18 10:00:00,125.078,122.667,119.591,116.692
2020-11-18 11:00:00,145.668,145.915,144.067,152.091
2020-11-18 12:00:00,145.668,145.915,144.067,152.091
2020-11-18 13:00:00,145.668,145.915,144.067,152.091
2020-11-18 14:00:00,145.668,145.915,144.067,152.091
2020-11-18 15:00:00,145.668,145.915,144.067,152.091
2020-11-18 16:00:00,145.668,145.915,144.067,152.091
2020-11-18 17:00:00,143.532,146.451,147.069,139.242
2020-11-18 18:00:00,143.532,146.451,147.069,139.242
2020-11-18 19:00:00,143.532,146.451,147.069,139.242
2020-11-18 20:00:00,143.532,146.451,147.069,139.242
2020-11-18 21:00:00,143.532,146.451,147.069,139.242
2020-11-18 22:00:00,143.532,146.451,147.069,139.242
2020-11-18 23:00:00,147.432,143.746,139.524,129.53
2020-11-19 00:00:00,147.432,143.746,139.524,129.53
2020-11-19 01:00:00,147.432,143.746,139.524,129.53
2020-11-19 02:00:00,147.432,143.746,139.524,129.53
2020-11-19 03:00:00,147.432,143.746,139.524,129.53
2020-11-19 04:00:00,147.432,143.746,139.524,129.53
2020-11-19 05:00:00,142.889,138.125,134.265,130.554
2020-11-19 06:00:00,142.889,138.125,134.265,130.554
2020-11-19 07:00:00,142.889,138.125,134.265,130.554
2020-11-19 08:00:00,142.889,138.125,134.265,130.554
2020-11-19 09:00:00,142.889,138.125,134.265,130.554
2020-11-19 10:00:00,142.889,138.125,134.265,130.554
2020-11-19 11:00:00,138.987,142.6,141.519,166.002
2020-11-19 12:00:00,138.987,142.6,141.519,166.002
2020-11-19 13:00:00,138.987,142.6,141.519,166.002
2020-11-19 14:00:00,138.987,142.6,141.519,166.002
2020-11-19 15:00:00,138.987,142.6,141.519,166.002
2020-11-19 16:00:00,138.987,142.6,141.519,166.002
2020-11-19 17:00:00,144.27,141.166,137.83,138.464
2020-11-19 18:00:00,144.27,141.166,137.83,138.464
2020-11-19 19:00:00,144.27,141.166,137.83,138.464
2020-11-19 20:00:00,144.27,141.166,137.83,138.464
2020-11-19 21:00:00,144.27,141.166,137.83,138.464
2020-11-19 22:00:00,144.27,141.166,137.83,138.464
2020-11-19 23:00:00,143.081,139.74,136.882,119.47
2020-11-20 00:00:00,143.081,139.74,136.882,119.47
2020-11-20 01:00:00,143.081,139.74,136.882,119.47
2020-11-20 02:00:00,143.081,139.74,136.882,119.47
2020-11-20 03:00:00,143.081,139.74,136.882,119.47
2020-11-20 04:00:00,143.081,139.74,136.882,119.47
2020-11-20 05:00:00,139.207,134.8,131.166,119.58
2020-11-20 06:00:00,139.207,134.8,131.166,119.58
2020-11-20 07:00:00,139.207,134.8,131.166,119.58
2020-11-20 08:00:00,139.207,134.8,131.166,119.58
2020-11-20 09:00:00,139.207,134.8,131.166,119.58
2020-11-20 10:00:00,139.207,134.8,131.166,119.58
2020-11-20 11:00:00,160.466,163.234,163.145,174.883
2020-11-20 12:00:00,160.466,163.234,163.145,174.883
2020-11-20 13:00:00,160.466,163.234,163.145,174.883
2020-11-20 14:00:00,160.466,163.234,163.145,174.883
2020-11-20 15:00:00,160.466,163.234,163.145,174.883
2020-11-20 16:00:00,160.466,163.234,163.145,174.883
2020-11-20 17:00:00,147.605,145.059,142.776,157.363
2020-11-20 18:00:00,147.605,145.059,142.776,157.363
2020-11-20 19:00:00,147.605,145.059,142.776,157.363
2020-11-20 20:00:00,147.605,145.059,142.776,157.363
2020-11-20 21:00:00,147.605,145.059,142.776,157.363
2020-11-20 22:00:00,147.605,145.059,142.776,157.363
2020-11-20 23:00:00,149.091,147.314,145.025,142.248
2020-11-21 00:00:00,149.091,147.314,145.025,142.248
2020-11-21 01:00:00,149.091,147.314,145.025,142.248
2020-11-21 02:00:00,149.091,147.314,145.025,142.248
2020-11-21 03:00:00,149.091,147.314,145.025,142.248
2020-11-21 04:00:00,149.091,147.314,145.025,142.248
2020-11-21 05:00:00,149.835,147.578,144.871,138.629
2020-11-21 06:00:00,149.835,147.578,144.871,138.629
2020-11-21 07:00:00,149.835,147.578,144.871,138.629
2020-11-21 08:00:00,149.835,147.578,144.871,138.629
2020-11-21 09:00:00,149.835,147.578,144.871,138.629
2020-11-21 10:00:00,149.835,147.578,144.871,138.629
2020-11-21 11:00:00,154.724,154.745,151.848,157.279
2020-11-21 12:00:00,154.724,154.745,151.848,157.279
2020-11-21 13:00:00,154.724,154.745,151.848,157.279
2020-11-21 14:00:00,154.724,154.745,151.848,157.279
2020-11-21 15:00:00,154.724,154.745,151.848,157.279
2020-11-21 16:00:00,154.724,154.745,151.848,157.279
2020-11-21 17:00:00,152.947,149.814,149.144,139.887
2020-11-21 18:00:00,152.947,149.814,149.144,139.887
2020-11-21 19:00:00,152.947,149.814,149.144,139.887
2020-11-21 20:00:00,152.947,149.814,149.144,139.887
2020-11-21 21:00:00,152.947,149.814,149.144,139.887
2020-11-21 22:00:00,152.947,149.814,149.144,139.887
2020-11-21 23:00:00,145.392,139.836,134.877,117.651
2020-11-22 00:00:00,145.392,139.836,134.877,117.651
2020-11-22 01:00:00,145.392,139.836,134.877,117.651
2020-11-22 02:00:00,145.392,139.836,134.877,117.651
2020-11-22 03:00:00,145.392,139.836,134.877,117.651
2020-11-22 04:00:00,145.392,139.836,134.877,117.651
2020-11-22 05:00:00,132.679,125.851,120.911,115.482
2020-11-22 06:00:00,132.679,125.851,120.911,115.482
2020-11-22 07:00:00,132.679,125.851,120.911,115.482
2020-11-22 08:00:00,132.679,125.851,120.911,115.482
2020-11-22 09:00:00,132.679,125.851,120.911,115.482
2020-11-22 10:00:00,132.679,125.851,120.911,115.482
2020-11-22 11:00:00,168.596,170.209,169.686,183.137
2020-11-22 12:00:00,168.596,170.209,169.686,183.137
2020-11-22 13:00:00,168.596,170.209,169.686,183.137
2020-11-22 14:00:00,168.596,170.209,169.686,183.137
2020-11-22 15:00:00,168.596,170.209,169.686,183.137
2020-11-22 16:00:00,168.596,170.209,169.686,183.137
2020-11-22 17:00:00,167.182,170.69,171.469,158.792
2020-11-22 18:00:00,167.182,170.69,171.469,158.792
2020-11-22 19:00:00,167.182,170.69,171.469,158.792
2020-11-22 20:00:00,167.182,170.69,171.469,158.792
2020-11-22 21:00:00,167.182,170.69,171.469,158.792
2020-11-22 22:00:00,167.182,170.69,171.469,158.792
2020-11-22 23:00:00,165.608,160.041,154.798,138.763
2020-11-23 00:00:00,165.608,160.041,154.798,138.763
2020-11-23 01:00:00,165.608,160.041,154.798,138.763
2020-11-23 02:00:00,165.608,160.041,154.798,138.763
2020-11-23 03:00:00,165.608,160.041,154.798,138.763
2020-11-23 04:00:00,165.608,160.041,154.798,138.763
2020-11-23 05:00:00,152.348,145.549,140.703,133.593
2020-11-23 06:00:00,152.348,145.549,140.703,133.593
2020-11-23 07:00:00,152.348,145.549,140.703,133.593
2020-11-23 08:00:00,152.348,145.549,140.703,133.593
2020-11-23 09:00:00,152.348,145.549,140.703,133.593
2020-11-23 10:00:00,152.348,145.549,140.703,133.593
2020-11-23 11:00:00,156.179,137.005,132.738,137.357
2020-11-23 12:00:00,156.179,137.005,132.738,137.357
2020-11-23 13:00:00,156.179,137.005,132.738,137.357
2020-11-23 14:00:00,156.179,137.005,132.738,137.357
2020-11-23 15:00:00,156.179,137.005,132.738,137.357
2020-11-23 16:00:00,156.179,137.005,132.738,137.357
2020-11-23 17:00:00,153.167,145.824,147.416,150.945
2020-11-23 18:00:00,153.167,145.824,147.416,150.945
2020-11-23 19:00:00,153.167,145.824,147.416,150.945
2020-11-23 20:00:00,153.167,145.824,147.416,150.945
2020-11-23 21:00:00,153.167,145.824,147.416,150.945
2020-11-23 22:00:00,153.167,145.824,147.416,150.945
2020-11-23 23:00:00,162.466,156.406,154.949,151.719
2020-11-24 00:00:00,162.466,156.406,154.949,151.719
2020-11-24 01:00:00,162.466,156.406,154.949,151.719
2020-11-24 02:00:00,162.466,156.406,154.949,151.719
2020-11-24 03:00:00,162.466,156.406,154.949,151.719
2020-11-24 04:00:00,162.466,156.406,154.949,151.719
2020-11-24 05:00:00,162.465,156.791,154.013,148.015
2020-11-24 06:00:00,162.465,156.791,154.013,148.015
2020-11-24 07:00:00,162.465,156.791,154.013,148.015
2020-11-24 08:00:00,162.465,156.791,154.013,148.015
2020-11-24 09:00:00,162.465,156.791,154.013,148.015
2020-11-24 10:00:00,162.465,156.791,154.013,148.015
2020-11-24 11:00:00,175.721,154.281,152.789,147.016
2020-11-24 12:00:00,175.721,154.281,152.789,147.016
2020-11-24 13:00:00,175.721,154.281,152.789,147.016
2020-11-24 14:00:00,175.721,154.281,152.789,147.016
2020-11-24 15:00:00,175.721,154.281,152.789,147.016
2020-11-24 16:00:00,175.721,154.281,152.789,147.016
2020-11-24 17:00:00,170.405,152.867,150.849,145.077
2020-11-24 18:00:00,170.405,152.867,150.849,145.077
2020-11-24 19:00:00,170.405,152.867,150.849,145.077
2020-11-24 20:00:00,170.405,152.867,150.849,145.077
2020-11-24 21:00:00,170.405,152.867,150.849,145.077
2020-11-24 22:00:00,170.405,152.867,150.849,145.077
2020-11-24 23:00:00,164.21,150.459,147.295,140.977
2020-11-25 00:00:00,164.21,150.459,147.295,140.977
2020-11-25 01:00:00,164.21,150.459,147.295,140.977
2020-11-25 02:00:00,164.21,150.459,147.295,140.977
2020-11-25 03:00:00,164.21,150.459,147.295,140.977
2020-11-25 04:00:00,164.21,150.459,147.295,140.977
2020-11-25 05:00:00,155.452,146.771,143.524,137.648
2020-11-25 06:00:00,155.452,146.771,143.524,137.648
2020-11-25 07:00:00,155.452,146.771,143.524,137.648
2020-11-25 08:00:00,155.452,146.771,143.524,137.648
2020-11-25 09:00:00,155.452,146.771,143.524,137.648
2020-11-25 10:00:00,155.452,146.771,143.524,137.648
2020-11-25 11:00:00,160.394,143.512,140.366,134.192
2020-11-25 12:00:00,160.394,143.512,140.366,134.192
2020-11-25 13:00:00,160.394,143.512,140.366,134.192
2020-11-25 14:00:00,160.394,143.512,140.366,134.192
2020-11-25 15:00:00,160.394,143.512,140.366,134.192
2020-11-25 16:00:00,160.394,143.512,140.366,134.192
2020-11-25 17:00:00,150.909,132.772,127.467,118.408
2020-11-25 18:00:00,150.909,132.772,127.467,118.408
2020-11-25 19:00:00,150.909,132.772,127.467,118.408
2020-11-25 20:00:00,150.909,132.772,127.467,118.408
2020-11-25 21:00:00,150.909,132.772,127.467,118.408
2020-11-25 22:00:00,150.909,132.772,127.467,118.408
2020-11-25 23:00:00,139.628,128.488,125.633,126.204
2020-11-26 00:00:00,139.628,128.488,125.633,126.204
2020-11-26 01:00:00,139.628,128.488,125.633,126.204
2020-11-26 02:00:00,139.628,128.488,125.633,126.204
2020-11-26 03:00:00,139.628,128.488,125.633,126.204
2020-11-26 04:00:00,139.628,128.488,125.633,126.204
2020-11-26 05:00:00,139.744,136.347,135.332,138.981
2020-11-26 06:00:00,139.744,136.347,135.332,138.981
2020-11-26 07:00:00,139.744,136.347,135.332,138.981
2020-11-26 08:00:00,139.744,136.347,135.332,138.981
2020-11-26 09:00:00,139.744,136.347,135.332,138.981
2020-11-26 10:00:00,139.744,136.347,135.332,138.981
2020-11-26 11:00:00,136.597,138.259,137.553,132.926
2020-11-26 12:00:00,136.597,138.259,137.553,132.926
2020-11-26 13:00:00,136.597,138.259,137.553,132.926
2020-11-26 14:00:00,136.597,138.259,137.553,132.926
2020-11-26 15:00:00,136.597,138.259,137.553,132.926
2020-11-26 16:00:00,136.597,138.259,137.553,132.926
2020-11-26 17:00:00,139.789,137.528,134.723,128.865
2020-11-26 18:00:00,139.789,137.528,134.723,128.865
2020-11-26 19:00:00,139.789,137.528,134.723,128.865
2020-11-26 20:00:00,139.789,137.528,134.723,128.865
2020-11-26 21:00:00,139.789,137.528,134.723,128.865
2020-11-26 22:00:00,139.789,137.528,134.723,128.865
2020-11-26 23:00:00,138.073,135.29,132.608,128.327
2020-11-27 00:00:00,138.073,135.29,132.608,128.327
2020-11-27 01:00:00,138.073,135.29,132.608,128.327
2020-11-27 02:00:00,138.073,135.29,132.608,128.327
2020-11-27 03:00:00,138.073,135.29,132.608,128.327
2020-11-27 04:00:00,138.073,135.29,132.608,128.327
2020-11-27 05:00:00,117.392,123.962,126.165,119.873
2020-11-27 06:00:00,117.392,123.962,126.165,119.873
2020-11-27 07:00:00,117.392,123.962,126.165,119.873
2020-11-27 08:00:00,117.392,123.962,126.165,119.873
2020-11-27 09:00:00,117.392,123.962,126.165,119.873
2020-11-27 10:00:00,117.392,123.962,126.165,119.873
2020-11-27 11:00:00,128.474,127.621,125.127,123.005
2020-11-27 12:00:00,128.474,127.621,125.127,123.005
2020-11-27 13:00:00,128.474,127.621,125.127,123.005
2020-11-27 14:00:00,128.474,127.621,125.127,123.005
2020-11-27 15:00:00,128.474,127.621,125.127,123.005
2020-11-27 16:00:00,128.474,127.621,125.127,123.005
2020-11-27 17:00:00,140.614,137.52,134.425,133.408
2020-11-27 18:00:00,140.614,137.52,134.425,133.408
2020-11-27 19:00:00,140.614,137.52,134.425,133.408
2020-11-27 20:00:00,140.614,137.52,134.425,133.408
2020-11-27 21:00:00,140.614,137.52,134.425,133.408
2020-11-27 22:00:00,140.614,137.52,134.425,133.408
2020-11-27 23:00:00,141.235,140.054,138.403,136.069
2020-11-28 00:00:00,141.235,140.054,138.403,136.069
2020-11-28 01:00:00,141.235,140.054,138.403,136.069
2020-11-28 02:00:00,141.235,140.054,138.403,136.069
2020-11-28 03:00:00,141.235,140.054,138.403,136.069
2020-11-28 04:00:00,141.235,140.054,138.403,136.069
2020-11-28 05:00:00,143.274,141.904,139.859,135.744
2020-11-28 06:00:00,143.274,141.904,139.859,135.744
2020-11-28 07:00:00,143.274,141.904,139.859,135.744
2020-11-28 08:00:00,143.274,141.904,139.859,135.744
2020-11-28 09:00:00,143.274,141.904,139.859,135.744
2020-11-28 10:00:00,143.274,141.904,139.859,135.744
2020-11-28 11:00:00,148.339,149.991,148.647,144.224
2020-11-28 12:00:00,148.339,149.991,148.647,144.224
2020-11-28 13:00:00,148.339,149.991,148.647,144.224
2020-11-28 14:00:00,148.339,149.991,148.647,144.224
2020-11-28 15:00:00,148.339,149.991,148.647,144.224
2020-11-28 16:00:00,148.339,149.991,148.647,144.224
2020-11-28 17:00:00,142.432,142.186,140.472,132.816
2020-11-28 18:00:00,142.432,142.186,140.472,132.816
2020-11-28 19:00:00,142.432,142.186,140.472,132.816
2020-11-28 20:00:00,142.432,142.186,140.472,132.816
2020-11-28 21:00:00,142.432,142.186,140.472,132.816
2020-11-28 22:00:00,142.432,142.186,140.472,132.816
2020-11-28 23:00:00,142.63,139.965,137.222,133.758
2020-11-29 00:00:00,142.63,139.965,137.222,133.758
2020-11-29 01:00:00,142.63,139.965,137.222,133.758
2020-11-29 02:00:00,142.63,139.965,137.222,133.758
2020-11-29 03:00:00,142.63,139.965,137.222,133.758
2020-11-29 04:00:00,142.63,139.965,137.222,133.758
2020-11-29 05:00:00,142.354,140.598,138.62,135.986
2020-11-29 06:00:00,142.354,140.598,138.62,135.986
2020-11-29 07:00:00,142.354,140.598,138.62,135.986
2020-11-29 08:00:00,142.354,140.598,138.62,135.986
2020-11-29 09:00:00,142.354,140.598,138.62,135.986
2020-11-29 10:00:00,142.354,140.598,138.62,135.986
2020-11-29 11:00:00,142.181,138.696,137.651,140.578
2020-11-29 12:00:00,142.181,138.696,137.651,140.578
2020-11-29 13:00:00,142.181,138.696,137.651,140.578
2020-11-29 14:00:00,142.181,138.696,137.651,140.578
2020-11-29 15:00:00,142.181,138.696,137.651,140.578
2020-11-29 16:00:00,142.181,138.696,137.651,140.578
2020-11-29 17:00:00,144.608,144.63,143.282,137.79
2020-11-29 18:00:00,144.608,144.63,143.282,137.79
2020-11-29 19:00:00,144.608,144.63,143.282,137.79
2020-11-29 20:00:00,144.608,144.63,143.282,137.79
2020-11-29 21:00:00,144.608,144.63,143.282,137.79
2020-11-29 22:00:00,144.608,144.63,143.282,137.79
2020-11-29 23:00:00,145.031,142.431,139.645,132.66
2020-11-30 00:00:00,145.031,142.431,139.645,132.66
2020-11-30 01:00:00,145.031,142.431,139.645,132.66
2020-11-30 02:00:00,145.031,142.431,139.645,132.66
2020-11-30 03:00:00,145.031,142.431,139.645,132.66
2020-11-30 04:00:00,145.031,142.431,139.645,132.66
2020-11-30 05:00:00,141.305,138.029,135.139,129.055
2020-11-30 06:00:00,141.305,138.029,135.139,129.055
2020-11-30 07:00:00,141.305,138.029,135.139,129.055
2020-11-30 08:00:00,141.305,138.029,135.139,129.055
2020-11-30 09:00:00,141.305,138.029,135.139,129.055
2020-11-30 10:00:00,141.305,138.029,135.139,129.055
2020-11-30 11:00:00,135.606,129.69,125.293,135.489
2020-11-30 12:00:00,135.606,129.69,125.293,135.489
2020-11-30 13:00:00,135.606,129.69,125.293,135.489
2020-11-30 14:00:00,135.606,129.69,125.293,135.489
2020-11-30 15:00:00,135.606,129.69,125.293,135.489
2020-11-30 16:00:00,135.606,129.69,125.293,135.489
2020-11-30 17:00:00,145.557,139.839,135.479,129.418
2020-11-30 18:00:00,145.557,139.839,135.479,129.418
2020-11-30 19:00:00,145.557,139.839,135.479,129.418
2020-11-30 20:00:00,145.557,139.839,135.479,129.418
2020-11-30 21:00:00,145.557,139.839,135.479,129.418
2020-11-30 22:00:00,145.557,139.839,135.479,129.418
2020-11-30 23:00:00,138.308,134.554,131.803,125.602
2020-12-01 00:00:00,138.308,134.554,131.803,125.602
2020-12-01 01:00:00,138.308,134.554,131.803,125.602
2020-12-01 02:00:00,138.308,134.554,131.803,125.602
2020-12-01 03:00:00,138.308,134.554,131.803,125.602
2020-12-01 04:00:00,138.308,134.554,131.803,125.602
2020-12-01 05:00:00,135.421,132.394,129.919,126.477
2020-12-01 06:00:00,135.421,132.394,129.919,126.477
2020-12-01 07:00:00,135.421,132.394,129.919,126.477
2020-12-01 08:00:00,135.421,132.394,129.919,126.477
2020-12-01 09:00:00,135.421,132.394,129.919,126.477
2020-12-01 10:00:00,135.421,132.394,129.919,126.477
2020-12-01 11:00:00,120.855,116.119,111.491,107.766
2020-12-01 12:00:00,120.855,116.119,111.491,107.766
2020-12-01 13:00:00,120.855,116.119,111.491,107.766
2020-12-01 14:00:00,120.855,116.119,111.491,107.766
2020-12-01 15:00:00,120.855,116.119,111.491,107.766
2020-12-01 16:00:00,120.855,116.119,111.491,107.766
2020-12-01 17:00:00,134.697,128.364,125.156,123.477
2020-12-01 18:00:00,134.697,128.364,125.156,123.477
2020-12-01 19:00:00,134.697,128.364,125.156,123.477
2020-12-01 20:00:00,134.697,128.364,125.156,123.477
2020-12-01 21:00:00,134.697,128.364,125.156,123.477
2020-12-01 22:00:00,134.697,128.364,125.156,123.477
2020-12-01 23:00:00,132.171,131.17,129.772,129.219
2020-12-02 00:00:00,132.171,131.17,129.772,129.219
2020-12-02 01:00:00,132.171,131.17,129.772,129.219
2020-12-02 02:00:00,132.171,131.17,129.772,129.219
2020-12-02 03:00:00,132.171,131.17,129.772,129.219
2020-12-02 04:00:00,132.171,131.17,129.772,129.219
2020-12-02 05:00:00,135.603,134.984,133.456,130.005
2020-12-02 06:00:00,135.603,134.984,133.456,130.005
2020-12-02 07:00:00,135.603,134.984,133.456,130.005
2020-12-02 08:00:00,135.603,134.984,133.456,130.005
2020-12-02 09:00:00,135.603,134.984,133.456,130.005
2020-12-02 10:00:00,135.603,134.984,133.456,130.005
2020-12-02 11:00:00,141.437,142.566,141.452,138.219
2020-12-02 12:00:00,141.437,142.566,141.452,138.219
2020-12-02 13:00:00,141.437,142.566,141.452,138.219
2020-12-02 14:00:00,141.437,142.566,141.452,138.219
2020-12-02 15:00:00,141.437,142.566,141.452,138.219
2020-12-02 16:00:00,141.437,142.566,141.452,138.219
2020-12-02 17:00:00,146.926,145.373,143.4,139.487
2020-12-02 18:00:00,146.926,145.373,143.4,139.487
2020-12-02 19:00:00,146.926,145.373,143.4,139.487
2020-12-02 20:00:00,146.926,145.373,143.4,139.487
2020-12-02 21:00:00,146.926,145.373,143.4,139.487
2020-12-02 22:00:00,146.926,145.373,143.4,139.487
2020-12-02 23:00:00,146.867,144.862,142.672,137.49
2020-12-03 00:00:00,146.867,144.862,142.672,137.49
2020-12-03 01:00:00,146.867,144.862,142.672,137.49
2020-12-03 02:00:00,146.867,144.862,142.672,137.49
2020-12-03 03:00:00,146.867,144.862,142.672,137.49
2020-12-03 04:00:00,146.867,144.862,142.672,137.49
2020-12-03 05:00:00,145.614,143.297,141.006,136.27
2020-12-03 06:00:00,145.614,143.297,141.006,136.27
2020-12-03 07:00:00,145.614,143.297,141.006,136.27
2020-12-03 08:00:00,145.614,143.297,141.006,136.27
2020-12-03 09:00:00,145.614,143.297,141.006,136.27
2020-12-03 10:00:00,145.614,143.297,141.006,136.27
2020-12-03 11:00:00,135.93,134.558,131.928,131.503
2020-12-03 12:00:00,135.93,134.558,131.928,131.503
2020-12-03 13:00:00,135.93,134.558,131.928,131.503
2020-12-03 14:00:00,135.93,134.558,131.928,131.503
2020-12-03 15:00:00,135.93,134.558,131.928,131.503
2020-12-03 16:00:00,135.93,134.558,131.928,131.503
2020-12-03 17:00:00,139.311,137.584,136.211,131.775
2020-12-03 18:00:00,139.311,137.584,136.211,131.775
2020-12-03 19:00:00,139.311,137.584,136.211,131.775
2020-12-03 20:00:00,139.311,137.584,136.211,131.775
2020-12-03 21:00:00,139.311,137.584,136.211,131.775
2020-12-03 22:00:00,139.311,137.584,136.211,131.775
2020-12-03 23:00:00,139.0,136.977,134.68,129.082
2020-12-04 00:00:00,139.0,136.977,134.68,129.082
2020-12-04 01:00:00,139.0,136.977,134.68,129.082
2020-12-04 02:00:00,139.0,136.977,134.68,129.082
2020-12-04 03:00:00,139.0,136.977,134.68,129.082
2020-12-04 04:00:00,139.0,136.977,134.68,129.082
2020-12-04 05:00:00,137.792,135.503,133.258,129.421
2020-12-04 06:00:00,137.792,135.503,133.258,129.421
2020-12-04 07:00:00,137.792,135.503,133.258,129.421
2020-12-04 08:00:00,137.792,135.503,133.258,129.421
2020-12-04 09:00:00,137.792,135.503,133.258,129.421
2020-12-04 10:00:00,137.792,135.503,133.258,129.421
2020-12-04 11:00:00,138.011,138.75,136.878,135.704
2020-12-04 12:00:00,138.011,138.75,136.878,135.704
2020-12-04 13:00:00,138.011,138.75,136.878,135.704
2020-12-04 14:00:00,138.011,138.75,136.878,135.704
2020-12-04 15:00:00,138.011,138.75,136.878,135.704
2020-12-04 16:00:00,138.011,138.75,136.878,135.704
2020-12-04 17:00:00,142.957,142.507,141.202,140.047
2020-12-04 18:00:00,142.957,142.507,141.202,140.047
2020-12-04 19:00:00,142.957,142.507,141.202,140.047
2020-12-04 20:00:00,142.957,142.507,141.202,140.047
2020-12-04 21:00:00,142.957,142.507,141.202,140.047
2020-12-04 22:00:00,142.957,142.507,141.202,140.047
2020-12-04 23:00:00,146.359,145.547,143.971,140.157
2020-12-05 00:00:00,146.359,145.547,143.971,140.157
2020-12-05 01:00:00,146.359,145.547,143.971,140.157
2020-12-05 02:00:00,146.359,145.547,143.971,140.157
2020-12-05 03:00:00,146.359,145.547,143.971,140.157
2020-12-05 04:00:00,146.359,145.547,143.971,140.157
2020-12-05 05:00:00,146.866,144.85,142.664,136.699
2020-12-05 06:00:00,146.866,144.85,142.664,136.699
2020-12-05 07:00:00,146.866,144.85,142.664,136.699
2020-12-05 08:00:00,146.866,144.85,142.664,136.699
2020-12-05 09:00:00,146.866,144.85,142.664,136.699
2020-12-05 10:00:00,146.866,144.85,142.664,136.699
2020-12-05 11:00:00,145.363,144.05,142.553,139.077
2020-12-05 12:00:00,145.363,144.05,142.553,139.077
2020-12-05 13:00:00,145.363,144.05,142.553,139.077
2020-12-05 14:00:00,145.363,144.05,142.553,139.077
2020-12-05 15:00:00,145.363,144.05,142.553,139.077
2020-12-05 16:00:00,145.363,144.05,142.553,139.077
2020-12-05 17:00:00,145.007,143.495,143.358,138.87
2020-12-05 18:00:00,145.007,143.495,143.358,138.87
2020-12-05 19:00:00,145.007,143.495,143.358,138.87
2020-12-05 20:00:00,145.007,143.495,143.358,138.87
2020-12-05 21:00:00,145.007,143.495,143.358,138.87
2020-12-05 22:00:00,145.007,143.495,143.358,138.87
2020-12-05 23:00:00,145.206,143.478,140.858,133.808
2021-09-07 00:00:00,73.653,72.554,70.21,72.16
2021-09-07 01:00:00,73.653,72.554,70.21,72.16
2021-09-07 02:00:00,73.653,72.554,70.21,72.16
2021-09-07 03:00:00,73.653,72.554,70.21,72.16
2021-09-07 04:00:00,73.653,72.554,70.21,72.16
2021-09-07 05:00:00,75.823,75.436,73.344,75.181
2021-09-07 06:00:00,75.823,75.436,73.344,75.181
2021-09-07 07:00:00,75.823,75.436,73.344,75.181
2021-09-07 08:00:00,75.823,75.436,73.344,75.181
2021-09-07 09:00:00,75.823,75.436,73.344,75.181
2021-09-07 10:00:00,75.823,75.436,73.344,75.181
2021-09-07 11:00:00,86.896,93.168,95.045,89.323
2021-09-07 12:00:00,86.896,93.168,95.045,89.323
2021-09-07 13:00:00,86.896,93.168,95.045,89.323
2021-09-07 14:00:00,86.896,93.168,95.045,89.323
2021-09-07 15:00:00,86.896,93.168,95.045,89.323
2021-09-07 16:00:00,86.896,93.168,95.045,89.323
2021-09-07 17:00:00,95.659,94.408,89.471,81.658
2021-09-07 18:00:00,95.659,94.408,89.471,81.658
2021-09-07 19:00:00,95.659,94.408,89.471,81.658
2021-09-07 20:00:00,95.659,94.408,89.471,81.658
2021-09-07 21:00:00,95.659,94.408,89.471,81.658
2021-09-07 22:00:00,95.659,94.408,89.471,81.658
2021-09-07 23:00:00,90.074,85.47,81.639,81.153
2021-09-08 00:00:00,90.074,85.47,81.639,81.153
2021-09-08 01:00:00,90.074,85.47,81.639,81.153
2021-09-08 02:00:00,90.074,85.47,81.639,81.153
2021-09-08 03:00:00,90.074,85.47,81.639,81.153
2021-09-08 04:00:00,90.074,85.47,81.639,81.153
2021-09-08 05:00:00,82.963,89.801,93.551,101.105
2021-09-08 06:00:00,82.963,89.801,93.551,101.105
2021-09-08 07:00:00,82.963,89.801,93.551,101.105
2021-09-08 08:00:00,82.963,89.801,93.551,101.105
2021-09-08 09:00:00,82.963,89.801,93.551,101.105
2021-09-08 10:00:00,82.963,89.801,93.551,101.105
2021-09-08 11:00:00,84.797,92.478,94.732,103.442
2021-09-08 12:00:00,84.797,92.478,94.732,103.442
2021-09-08 13:00:00,84.797,92.478,94.732,103.442
2021-09-08 14:00:00,84.797,92.478,94.732,103.442
2021-09-08 15:00:00,84.797,92.478,94.732,103.442
2021-09-08 16:00:00,84.797,92.478,94.732,103.442
2021-09-08 17:00:00,98.442,99.329,97.154,95.484
2021-09-08 18:00:00,98.442,99.329,97.154,95.484
2021-09-08 19:00:00,98.442,99.329,97.154,95.484
2021-09-08 20:00:00,98.442,99.329,97.154,95.484
2021-09-08 21:00:00,98.442,99.329,97.154,95.484
2021-09-08 22:00:00,98.442,99.329,97.154,95.484
2021-09-08 23:00:00,97.299,94.051,90.33,89.261
2021-09-09 00:00:00,97.299,94.051,90.33,89.261
2021-09-09 01:00:00,97.299,94.051,90.33,89.261
2021-09-09 02:00:00,97.299,94.051,90.33,89.261
2021-09-09 03:00:00,97.299,94.051,90.33,89.261
2021-09-09 04:00:00,97.299,94.051,90.33,89.261
2021-09-09 05:00:00,108.547,117.657,121.708,100.032
2021-09-09 06:00:00,108.547,117.657,121.708,100.032
2021-09-09 07:00:00,108.547,117.657,121.708,100.032
2021-09-09 08:00:00,108.547,117.657,121.708,100.032
2021-09-09 09:00:00,108.547,117.657,121.708,100.032
2021-09-09 10:00:00,108.547,117.657,121.708,100.032
2021-09-09 11:00:00,103.317,106.407,106.833,96.174
2021-09-09 12:00:00,103.317,106.407,106.833,96.174
2021-09-09 13:00:00,103.317,106.407,106.833,96.174
2021-09-09 14:00:00,103.317,106.407,106.833,96.174
2021-09-09 15:00:00,103.317,106.407,106.833,96.174
2021-09-09 16:00:00,103.317,106.407,106.833,96.174
2021-09-09 17:00:00,102.634,98.588,93.781,88.392
2021-09-09 18:00:00,102.634,98.588,93.781,88.392
2021-09-09 19:00:00,102.634,98.588,93.781,88.392
2021-09-09 20:00:00,102.634,98.588,93.781,88.392
2021-09-09 21:00:00,102.634,98.588,93.781,88.392
2021-09-09 22:00:00,102.634,98.588,93.781,88.392
2021-09-09 23:00:00,94.593,90.297,86.444,81.378
2021-09-10 00:00:00,94.593,90.297,86.444,81.378
2021-09-10 01:00:00,94.593,90.297,86.444,81.378
2021-09-10 02:00:00,94.593,90.297,86.444,81.378
2021-09-10 03:00:00,94.593,90.297,86.444,81.378
2021-09-10 04:00:00,94.593,90.297,86.444,81.378
2021-09-10 05:00:00,91.819,91.546,90.282,84.597
2021-09-10 06:00:00,91.819,91.546,90.282,84.597
2021-09-10 07:00:00,91.819,91.546,90.282,84.597
2021-09-10 08:00:00,91.819,91.546,90.282,84.597
2021-09-10 09:00:00,91.819,91.546,90.282,84.597
2021-09-10 10:00:00,91.819,91.546,90.282,84.597
2021-09-10 11:00:00,80.222,81.035,79.698,73.395
2021-09-10 12:00:00,80.222,81.035,79.698,73.395
2021-09-10 13:00:00,80.222,81.035,79.698,73.395
2021-09-10 14:00:00,80.222,81.035,79.698,73.395
2021-09-10 15:00:00,80.222,81.035,79.698,73.395
2021-09-10 16:00:00,80.222,81.035,79.698,73.395
2021-09-10 17:00:00,79.055,75.595,71.507,66.024
2021-09-10 18:00:00,79.055,75.595,71.507,66.024
2021-09-10 19:00:00,79.055,75.595,71.507,66.024
2021-09-10 20:00:00,79.055,75.595,71.507,66.024
2021-09-10 21:00:00,79.055,75.595,71.507,66.024
2021-09-10 22:00:00,79.055,75.595,71.507,66.024
2021-09-10 23:00:00,74.251,71.114,67.756,68.299
2021-09-11 00:00:00,74.251,71.114,67.756,68.299
2021-09-11 01:00:00,74.251,71.114,67.756,68.299
2021-09-11 02:00:00,74.251,71.114,67.756,68.299
2021-09-11 03:00:00,74.251,71.114,67.756,68.299
2021-09-11 04:00:00,74.251,71.114,67.756,68.299
2021-09-11 05:00:00,69.728,65.551,62.58,55.274
2021-09-11 06:00:00,69.728,65.551,62.58,55.274
2021-09-11 07:00:00,69.728,65.551,62.58,55.274
2021-09-11 08:00:00,69.728,65.551,62.58,55.274
2021-09-11 09:00:00,69.728,65.551,62.58,55.274
2021-09-11 10:00:00,69.728,65.551,62.58,55.274
2021-09-11 11:00:00,66.736,65.074,62.187,57.295
2021-09-11 12:00:00,66.736,65.074,62.187,57.295
2021-09-11 13:00:00,66.736,65.074,62.187,57.295
2021-09-11 14:00:00,66.736,65.074,62.187,57.295
2021-09-11 15:00:00,66.736,65.074,62.187,57.295
2021-09-11 16:00:00,66.736,65.074,62.187,57.295
2021-09-11 17:00:00,68.189,67.789,65.427,64.007
2021-09-11 18:00:00,68.189,67.789,65.427,64.007
2021-09-11 19:00:00,68.189,67.789,65.427,64.007
2021-09-11 20:00:00,68.189,67.789,65.427,64.007
2021-09-11 21:00:00,68.189,67.789,65.427,64.007
2021-09-11 22:00:00,68.189,67.789,65.427,64.007
2021-09-11 23:00:00,71.353,71.236,68.928,71.54
2021-09-12 00:00:00,71.353,71.236,68.928,71.54
2021-09-12 01:00:00,71.353,71.236,68.928,71.54
2021-09-12 02:00:00,71.353,71.236,68.928,71.54
2021-09-12 03:00:00,71.353,71.236,68.928,71.54
2021-09-12 04:00:00,71.353,71.236,68.928,71.54
2021-09-12 05:00:00,70.902,71.383,69.761,76.519
2021-09-12 06:00:00,70.902,71.383,69.761,76.519
2021-09-12 07:00:00,70.902,71.383,69.761,76.519
2021-09-12 08:00:00,70.902,71.383,69.761,76.519
2021-09-12 09:00:00,70.902,71.383,69.761,76.519
2021-09-12 10:00:00,70.902,71.383,69.761,76.519
2021-09-12 11:00:00,77.921,79.502,77.951,78.35
2021-09-12 12:00:00,77.921,79.502,77.951,78.35
2021-09-12 13:00:00,77.921,79.502,77.951,78.35
2021-09-12 14:00:00,77.921,79.502,77.951,78.35
2021-09-12 15:00:00,77.921,79.502,77.951,78.35
2021-09-12 16:00:00,77.921,79.502,77.951,78.35
2021-09-12 17:00:00,82.295,81.641,78.819,77.569
2021-09-12 18:00:00,82.295,81.641,78.819,77.569
2021-09-12 19:00:00,82.295,81.641,78.819,77.569
2021-09-12 20:00:00,82.295,81.641,78.819,77.569
2021-09-12 21:00:00,82.295,81.641,78.819,77.569
2021-09-12 22:00:00,82.295,81.641,78.819,77.569
2021-09-12 23:00:00,82.907,81.394,78.414,77.68
2021-09-13 00:00:00,82.907,81.394,78.414,77.68
2021-09-13 01:00:00,82.907,81.394,78.414,77.68
2021-09-13 02:00:00,82.907,81.394,78.414,77.68
2021-09-13 03:00:00,82.907,81.394,78.414,77.68
2021-09-13 04:00:00,82.907,81.394,78.414,77.68
2021-09-13 05:00:00,82.744,81.277,78.394,77.495
2021-09-13 06:00:00,82.744,81.277,78.394,77.495
2021-09-13 07:00:00,82.744,81.277,78.394,77.495
2021-09-13 08:00:00,82.744,81.277,78.394,77.495
2021-09-13 09:00:00,82.744,81.277,78.394,77.495
2021-09-13 10:00:00,82.744,81.277,78.394,77.495
2021-09-13 11:00:00,73.335,68.751,65.066,65.009
2021-09-13 12:00:00,73.335,68.751,65.066,65.009
2021-09-13 13:00:00,73.335,68.751,65.066,65.009
2021-09-13 14:00:00,73.335,68.751,65.066,65.009
2021-09-13 15:00:00,73.335,68.751,65.066,65.009
2021-09-13 16:00:00,73.335,68.751,65.066,65.009
2021-09-13 17:00:00,70.855,69.857,67.094,68.385
2021-09-13 18:00:00,70.855,69.857,67.094,68.385
2021-09-13 19:00:00,70.855,69.857,67.094,68.385
2021-09-13 20:00:00,70.855,69.857,67.094,68.385
2021-09-13 21:00:00,70.855,69.857,67.094,68.385
2021-09-13 22:00:00,70.855,69.857,67.094,68.385
2021-09-13 23:00:00,73.709,73.798,71.408,74.427
2021-09-14 00:00:00,73.709,73.798,71.408,74.427
2021-09-14 01:00:00,73.709,73.798,71.408,74.427
2021-09-14 02:00:00,73.709,73.798,71.408,74.427
2021-09-14 03:00:00,73.709,73.798,71.408,74.427
2021-09-14 04:00:00,73.709,73.798,71.408,74.427
2021-09-14 05:00:00,92.653,95.454,94.441,91.011
2021-09-14 06:00:00,92.653,95.454,94.441,91.011
2021-09-14 07:00:00,92.653,95.454,94.441,91.011
2021-09-14 08:00:00,92.653,95.454,94.441,91.011
2021-09-14 09:00:00,92.653,95.454,94.441,91.011
2021-09-14 10:00:00,92.653,95.454,94.441,91.011
2021-09-14 11:00:00,91.82,87.179,83.176,85.78
2021-09-14 12:00:00,91.82,87.179,83.176,85.78
2021-09-14 13:00:00,91.82,87.179,83.176,85.78
2021-09-14 14:00:00,91.82,87.179,83.176,85.78
2021-09-14 15:00:00,91.82,87.179,83.176,85.78
2021-09-14 16:00:00,91.82,87.179,83.176,85.78
2021-09-14 17:00:00,88.212,86.603,83.449,78.268
2021-09-14 18:00:00,88.212,86.603,83.449,78.268
2021-09-14 19:00:00,88.212,86.603,83.449,78.268
2021-09-14 20:00:00,88.212,86.603,83.449,78.268
2021-09-14 21:00:00,88.212,86.603,83.449,78.268
2021-09-14 22:00:00,88.212,86.603,83.449,78.268
2021-09-14 23:00:00,85.422,82.569,78.563,76.848
2021-09-15 00:00:00,85.422,82.569,78.563,76.848
2021-09-15 01:00:00,85.422,82.569,78.563,76.848
2021-09-15 02:00:00,85.422,82.569,78.563,76.848
2021-09-15 03:00:00,85.422,82.569,78.563,76.848
2021-09-15 04:00:00,85.422,82.569,78.563,76.848
2021-09-15 05:00:00,74.276,76.82,76.185,75.334
2021-09-15 06:00:00,74.276,76.82,76.185,75.334
2021-09-15 07:00:00,74.276,76.82,76.185,75.334
2021-09-15 08:00:00,74.276,76.82,76.185,75.334
2021-09-15 09:00:00,74.276,76.82,76.185,75.334
2021-09-15 10:00:00,74.276,76.82,76.185,75.334
2021-09-15 11:00:00,72.643,75.73,74.503,73.867
2021-09-15 12:00:00,72.643,75.73,74.503,73.867
2021-09-15 13:00:00,72.643,75.73,74.503,73.867
2021-09-15 14:00:00,72.643,75.73,74.503,73.867
2021-09-15 15:00:00,72.643,75.73,74.503,73.867
2021-09-15 16:00:00,72.643,75.73,74.503,73.867
2021-09-15 17:00:00,77.92,76.955,73.518,70.923
2021-09-15 18:00:00,77.92,76.955,73.518,70.923
2021-09-15 19:00:00,77.92,76.955,73.518,70.923
2021-09-15 20:00:00,77.92,76.955,73.518,70.923
2021-09-15 21:00:00,77.92,76.955,73.518,70.923
2021-09-15 22:00:00,77.92,76.955,73.518,70.923
2021-09-15 23:00:00,77.616,75.736,72.27,72.447
2021-09-16 00:00:00,77.616,75.736,72.27,72.447
2021-09-16 01:00:00,77.616,75.736,72.27,72.447
2021-09-16 02:00:00,77.616,75.736,72.27,72.447
2021-09-16 03:00:00,77.616,75.736,72.27,72.447
2021-09-16 04:00:00,77.616,75.736,72.27,72.447
2021-09-16 05:00:00,74.556,74.368,72.883,76.772
2021-09-16 06:00:00,74.556,74.368,72.883,76.772
2021-09-16 07:00:00,74.556,74.368,72.883,76.772
2021-09-16 08:00:00,74.556,74.368,72.883,76.772
2021-09-16 09:00:00,74.556,74.368,72.883,76.772
2021-09-16 10:00:00,74.556,74.368,72.883,76.772
2021-09-16 11:00:00,75.256,76.352,75.047,77.047
2021-09-16 12:00:00,75.256,76.352,75.047,77.047
2021-09-16 13:00:00,75.256,76.352,75.047,77.047
2021-09-16 14:00:00,75.256,76.352,75.047,77.047
2021-09-16 15:00:00,75.256,76.352,75.047,77.047
2021-09-16 16:00:00,75.256,76.352,75.047,77.047
2021-09-16 17:00:00,80.496,80.717,77.935,77.394
2021-09-16 18:00:00,80.496,80.717,77.935,77.394
2021-09-16 19:00:00,80.496,80.717,77.935,77.394
2021-09-16 20:00:00,80.496,80.717,77.935,77.394
2021-09-16 21:00:00,80.496,80.717,77.935,77.394
2021-09-16 22:00:00,80.496,80.717,77.935,77.394
2021-09-16 23:00:00,83.061,82.241,79.207,80.015
2021-09-17 00:00:00,83.061,82.241,79.207,80.015
2021-09-17 01:00:00,83.061,82.241,79.207,80.015
2021-09-17 02:00:00,83.061,82.241,79.207,80.015
2021-09-17 03:00:00,83.061,82.241,79.207,80.015
2021-09-17 04:00:00,83.061,82.241,79.207,80.015
2021-09-17 05:00:00,76.441,79.514,79.032,83.437
2021-09-17 06:00:00,76.441,79.514,79.032,83.437
2021-09-17 07:00:00,76.441,79.514,79.032,83.437
2021-09-17 08:00:00,76.441,79.514,79.032,83.437
2021-09-17 09:00:00,76.441,79.514,79.032,83.437
2021-09-17 10:00:00,76.441,79.514,79.032,83.437
2021-09-17 11:00:00,87.141,89.254,87.398,90.084
2021-09-17 12:00:00,87.141,89.254,87.398,90.084
2021-09-17 13:00:00,87.141,89.254,87.398,90.084
2021-09-17 14:00:00,87.141,89.254,87.398,90.084
2021-09-17 15:00:00,87.141,89.254,87.398,90.084
2021-09-17 16:00:00,87.141,89.254,87.398,90.084
2021-09-17 17:00:00,92.157,92.419,89.713,89.232
2021-09-17 18:00:00,92.157,92.419,89.713,89.232
2021-09-17 19:00:00,92.157,92.419,89.713,89.232
2021-09-17 20:00:00,92.157,92.419,89.713,89.232
2021-09-17 21:00:00,92.157,92.419,89.713,89.232
2021-09-17 22:00:00,92.157,92.419,89.713,89.232
2021-09-17 23:00:00,94.355,93.286,90.143,89.42
2021-09-18 00:00:00,94.355,93.286,90.143,89.42
2021-09-18 01:00:00,94.355,93.286,90.143,89.42
2021-09-18 02:00:00,94.355,93.286,90.143,89.42
2021-09-18 03:00:00,94.355,93.286,90.143,89.42
2021-09-18 04:00:00,94.355,93.286,90.143,89.42
2021-09-18 05:00:00,94.975,93.767,90.674,90.438
2021-09-18 06:00:00,94.975,93.767,90.674,90.438
2021-09-18 07:00:00,94.975,93.767,90.674,90.438
2021-09-18 08:00:00,94.975,93.767,90.674,90.438
2021-09-18 09:00:00,94.975,93.767,90.674,90.438
2021-09-18 10:00:00,94.975,93.767,90.674,90.438
2021-09-18 11:00:00,85.243,84.233,80.578,79.158
2021-09-18 12:00:00,85.243,84.233,80.578,79.158
2021-09-18 13:00:00,85.243,84.233,80.578,79.158
2021-09-18 14:00:00,85.243,84.233,80.578,79.158
2021-09-18 15:00:00,85.243,84.233,80.578,79.158
2021-09-18 16:00:00,85.243,84.233,80.578,79.158
2021-09-18 17:00:00,85.228,83.484,80.279,79.659
2021-09-18 18:00:00,85.228,83.484,80.279,79.659
2021-09-18 19:00:00,85.228,83.484,80.279,79.659
2021-09-18 20:00:00,85.228,83.484,80.279,79.659
2021-09-18 21:00:00,85.228,83.484,80.279,79.659
2021-09-18 22:00:00,85.228,83.484,80.279,79.659
2021-09-18 23:00:00,85.987,84.942,82.095,83.58
2021-09-19 00:00:00,85.987,84.942,82.095,83.58
2021-09-19 01:00:00,85.987,84.942,82.095,83.58
2021-09-19 02:00:00,85.987,84.942,82.095,83.58
2021-09-19 03:00:00,85.987,84.942,82.095,83.58
2021-09-19 04:00:00,85.987,84.942,82.095,83.58
2021-09-19 05:00:00,88.548,87.968,85.359,85.873
2021-09-19 06:00:00,88.548,87.968,85.359,85.873
2021-09-19 07:00:00,88.548,87.968,85.359,85.873
2021-09-19 08:00:00,88.548,87.968,85.359,85.873
2021-09-19 09:00:00,88.548,87.968,85.359,85.873
2021-09-19 10:00:00,88.548,87.968,85.359,85.873
2021-09-19 11:00:00,75.058,74.191,71.288,74.627
2021-09-19 12:00:00,75.058,74.191,71.288,74.627
2021-09-19 13:00:00,75.058,74.191,71.288,74.627
2021-09-19 14:00:00,75.058,74.191,71.288,74.627
2021-09-19 15:00:00,75.058,74.191,71.288,74.627
2021-09-19 16:00:00,75.058,74.191,71.288,74.627
2021-09-19 17:00:00,78.575,78.421,76.124,76.06
2021-09-19 18:00:00,78.575,78.421,76.124,76.06
2021-09-19 19:00:00,78.575,78.421,76.124,76.06
2021-09-19 20:00:00,78.575,78.421,76.124,76.06
2021-09-19 21:00:00,78.575,78.421,76.124,76.06
2021-09-19 22:00:00,78.575,78.421,76.124,76.06
2021-09-19 23:00:00,81.716,80.972,78.187,79.045
2021-09-20 00:00:00,81.716,80.972,78.187,79.045
2021-09-20 01:00:00,81.716,80.972,78.187,79.045
2021-09-20 02:00:00,81.716,80.972,78.187,79.045
2021-09-20 03:00:00,81.716,80.972,78.187,79.045
2021-09-20 04:00:00,81.716,80.972,78.187,79.045
2021-09-20 05:00:00,84.827,84.461,81.946,83.975
2021-09-20 06:00:00,84.827,84.461,81.946,83.975
2021-09-20 07:00:00,84.827,84.461,81.946,83.975
2021-09-20 08:00:00,84.827,84.461,81.946,83.975
2021-09-20 09:00:00,84.827,84.461,81.946,83.975
2021-09-20 10:00:00,84.827,84.461,81.946,83.975
2021-09-20 11:00:00,87.127,82.389,77.435,67.16
2021-09-20 12:00:00,87.127,82.389,77.435,67.16
2021-09-20 13:00:00,87.127,82.389,77.435,67.16
2021-09-20 14:00:00,87.127,82.389,77.435,67.16
2021-09-20 15:00:00,87.127,82.389,77.435,67.16
2021-09-20 16:00:00,87.127,82.389,77.435,67.16
2021-09-20 17:00:00,78.494,73.537,68.937,68.442
2021-09-20 18:00:00,78.494,73.537,68.937,68.442
2021-09-20 19:00:00,78.494,73.537,68.937,68.442
2021-09-20 20:00:00,78.494,73.537,68.937,68.442
2021-09-20 21:00:00,78.494,73.537,68.937,68.442
2021-09-20 22:00:00,78.494,73.537,68.937,68.442
2021-09-20 23:00:00,75.157,73.519,70.599,71.469
2021-09-21 00:00:00,75.157,73.519,70.599,71.469
2021-09-21 01:00:00,75.157,73.519,70.599,71.469
2021-09-21 02:00:00,75.157,73.519,70.599,71.469
2021-09-21 03:00:00,75.157,73.519,70.599,71.469
2021-09-21 04:00:00,75.157,73.519,70.599,71.469
2021-09-21 05:00:00,81.646,85.816,85.903,74.876
2021-09-21 06:00:00,81.646,85.816,85.903,74.876
2021-09-21 07:00:00,81.646,85.816,85.903,74.876
2021-09-21 08:00:00,81.646,85.816,85.903,74.876
2021-09-21 09:00:00,81.646,85.816,85.903,74.876
2021-09-21 10:00:00,81.646,85.816,85.903,74.876
2021-09-21 11:00:00,81.786,74.787,69.253,78.532
2021-09-21 12:00:00,81.786,74.787,69.253,78.532
2021-09-21 13:00:00,81.786,74.787,69.253,78.532
2021-09-21 14:00:00,81.786,74.787,69.253,78.532
2021-09-21 15:00:00,81.786,74.787,69.253,78.532
2021-09-21 16:00:00,81.786,74.787,69.253,78.532
2021-09-21 17:00:00,80.768,81.886,80.679,81.782
2021-09-21 18:00:00,80.768,81.886,80.679,81.782
2021-09-21 19:00:00,80.768,81.886,80.679,81.782
2021-09-21 20:00:00,80.768,81.886,80.679,81.782
2021-09-21 21:00:00,80.768,81.886,80.679,81.782
2021-09-21 22:00:00,80.768,81.886,80.679,81.782
2021-09-21 23:00:00,86.113,86.191,83.545,83.532
2021-09-22 00:00:00,86.113,86.191,83.545,83.532
2021-09-22 01:00:00,86.113,86.191,83.545,83.532
2021-09-22 02:00:00,86.113,86.191,83.545,83.532
2021-09-22 03:00:00,86.113,86.191,83.545,83.532
2021-09-22 04:00:00,86.113,86.191,83.545,83.532
2021-09-22 05:00:00,77.15,80.302,80.048,80.976
2021-09-22 06:00:00,77.15,80.302,80.048,80.976
2021-09-22 07:00:00,77.15,80.302,80.048,80.976
2021-09-22 08:00:00,77.15,80.302,80.048,80.976
2021-09-22 09:00:00,77.15,80.302,80.048,80.976
2021-09-22 10:00:00,77.15,80.302,80.048,80.976
2021-09-22 11:00:00,84.147,84.725,83.21,79.565
2021-09-22 12:00:00,84.147,84.725,83.21,79.565
2021-09-22 13:00:00,84.147,84.725,83.21,79.565
2021-09-22 14:00:00,84.147,84.725,83.21,79.565
2021-09-22 15:00:00,84.147,84.725,83.21,79.565
2021-09-22 16:00:00,84.147,84.725,83.21,79.565
2021-09-22 17:00:00,86.366,85.019,81.752,81.98
2021-09-22 18:00:00,86.366,85.019,81.752,81.98
2021-09-22 19:00:00,86.366,85.019,81.752,81.98
2021-09-22 20:00:00,86.366,85.019,81.752,81.98
2021-09-22 21:00:00,86.366,85.019,81.752,81.98
2021-09-22 22:00:00,86.366,85.019,81.752,81.98
2021-09-22 23:00:00,87.873,87.214,84.662,85.825
2021-09-23 00:00:00,87.873,87.214,84.662,85.825
2021-09-23 01:00:00,87.873,87.214,84.662,85.825
2021-09-23 02:00:00,87.873,87.214,84.662,85.825
2021-09-23 03:00:00,87.873,87.214,84.662,85.825
2021-09-23 04:00:00,87.873,87.214,84.662,85.825
2021-09-23 05:00:00,90.587,90.209,87.646,87.524
2021-09-23 06:00:00,90.587,90.209,87.646,87.524
2021-09-23 07:00:00,90.587,90.209,87.646,87.524
2021-09-23 08:00:00,90.587,90.209,87.646,87.524
2021-09-23 09:00:00,90.587,90.209,87.646,87.524
2021-09-23 10:00:00,90.587,90.209,87.646,87.524
2021-09-23 11:00:00,82.421,81.251,77.905,76.424
2021-09-23 12:00:00,82.421,81.251,77.905,76.424
2021-09-23 13:00:00,82.421,81.251,77.905,76.424
2021-09-23 14:00:00,82.421,81.251,77.905,76.424
2021-09-23 15:00:00,82.421,81.251,77.905,76.424
2021-09-23 16:00:00,82.421,81.251,77.905,76.424
2021-09-23 17:00:00,79.708,79.281,76.92,77.176
2021-09-23 18:00:00,79.708,79.281,76.92,77.176
2021-09-23 19:00:00,79.708,79.281,76.92,77.176
2021-09-23 20:00:00,79.708,79.281,76.92,77.176
2021-09-23 21:00:00,79.708,79.281,76.92,77.176
2021-09-23 22:00:00,79.708,79.281,76.92,77.176
2021-09-23 23:00:00,83.654,83.902,81.674,85.486
2021-09-24 00:00:00,83.654,83.902,81.674,85.486
2021-09-24 01:00:00,83.654,83.902,81.674,85.486
2021-09-24 02:00:00,83.654,83.902,81.674,85.486
2021-09-24 03:00:00,83.654,83.902,81.674,85.486
2021-09-24 04:00:00,83.654,83.902,81.674,85.486
2021-09-24 05:00:00,87.627,93.516,95.387,110.493
2021-09-24 06:00:00,87.627,93.516,95.387,110.493
2021-09-24 07:00:00,87.627,93.516,95.387,110.493
2021-09-24 08:00:00,87.627,93.516,95.387,110.493
2021-09-24 09:00:00,87.627,93.516,95.387,110.493
2021-09-24 10:00:00,87.627,93.516,95.387,110.493
2021-09-24 11:00:00,106.652,110.714,111.325,112.906
2021-09-24 12:00:00,106.652,110.714,111.325,112.906
2021-09-24 13:00:00,106.652,110.714,111.325,112.906
2021-09-24 14:00:00,106.652,110.714,111.325,112.906
2021-09-24 15:00:00,106.652,110.714,111.325,112.906
2021-09-24 16:00:00,106.652,110.714,111.325,112.906
2021-09-24 17:00:00,115.476,115.718,113.042,110.143
2021-09-24 18:00:00,115.476,115.718,113.042,110.143
2021-09-24 19:00:00,115.476,115.718,113.042,110.143
2021-09-24 20:00:00,115.476,115.718,113.042,110.143
2021-09-24 21:00:00,115.476,115.718,113.042,110.143
2021-09-24 22:00:00,115.476,115.718,113.042,110.143
2021-09-24 23:00:00,115.577,113.4,109.905,106.415
2021-09-25 00:00:00,115.577,113.4,109.905,106.415
2021-09-25 01:00:00,115.577,113.4,109.905,106.415
2021-09-25 02:00:00,115.577,113.4,109.905,106.415
2021-09-25 03:00:00,115.577,113.4,109.905,106.415
2021-09-25 04:00:00,115.577,113.4,109.905,106.415
2021-09-25 05:00:00,99.164,101.189,102.304,97.834
2021-09-25 06:00:00,99.164,101.189,102.304,97.834
2021-09-25 07:00:00,99.164,101.189,102.304,97.834
2021-09-25 08:00:00,99.164,101.189,102.304,97.834
2021-09-25 09:00:00,99.164,101.189,102.304,97.834
2021-09-25 10:00:00,99.164,101.189,102.304,97.834
2021-09-25 11:00:00,102.071,100.339,96.429,90.843
2021-09-25 12:00:00,102.071,100.339,96.429,90.843
2021-09-25 13:00:00,102.071,100.339,96.429,90.843
2021-09-25 14:00:00,102.071,100.339,96.429,90.843
2021-09-25 15:00:00,102.071,100.339,96.429,90.843
2021-09-25 16:00:00,102.071,100.339,96.429,90.843
2021-09-25 17:00:00,98.325,95.091,91.275,88.471
2021-09-25 18:00:00,98.325,95.091,91.275,88.471
2021-09-25 19:00:00,98.325,95.091,91.275,88.471
2021-09-25 20:00:00,98.325,95.091,91.275,88.471
2021-09-25 21:00:00,98.325,95.091,91.275,88.471
2021-09-25 22:00:00,98.325,95.091,91.275,88.471
2021-09-25 23:00:00,95.604,93.641,90.48,90.071
2021-09-26 00:00:00,95.604,93.641,90.48,90.071
2021-09-26 01:00:00,95.604,93.641,90.48,90.071
2021-09-26 02:00:00,95.604,93.641,90.48,90.071
2021-09-26 03:00:00,95.604,93.641,90.48,90.071
2021-09-26 04:00:00,95.604,93.641,90.48,90.071
2021-09-26 05:00:00,77.459,77.937,77.467,82.849
2021-09-26 06:00:00,77.459,77.937,77.467,82.849
2021-09-26 07:00:00,77.459,77.937,77.467,82.849
2021-09-26 08:00:00,77.459,77.937,77.467,82.849
2021-09-26 09:00:00,77.459,77.937,77.467,82.849
2021-09-26 10:00:00,77.459,77.937,77.467,82.849
2021-09-26 11:00:00,74.998,75.479,73.866,73.499
2021-09-26 12:00:00,74.998,75.479,73.866,73.499
2021-09-26 13:00:00,74.998,75.479,73.866,73.499
2021-09-26 14:00:00,74.998,75.479,73.866,73.499
2021-09-26 15:00:00,74.998,75.479,73.866,73.499
2021-09-26 16:00:00,74.998,75.479,73.866,73.499
2021-09-26 17:00:00,77.593,76.517,73.562,69.983
2021-09-26 18:00:00,77.593,76.517,73.562,69.983
2021-09-26 19:00:00,77.593,76.517,73.562,69.983
2021-09-26 20:00:00,77.593,76.517,73.562,69.983
2021-09-26 21:00:00,77.593,76.517,73.562,69.983
2021-09-26 22:00:00,77.593,76.517,73.562,69.983
2021-09-26 23:00:00,78.212,76.891,74.012,76.711
2021-09-27 00:00:00,78.212,76.891,74.012,76.711
2021-09-27 01:00:00,78.212,76.891,74.012,76.711
2021-09-27 02:00:00,78.212,76.891,74.012,76.711
2021-09-27 03:00:00,78.212,76.891,74.012,76.711
2021-09-27 04:00:00,78.212,76.891,74.012,76.711
2021-09-27 05:00:00,82.724,83.782,82.09,87.019
2021-09-27 06:00:00,82.724,83.782,82.09,87.019
2021-09-27 07:00:00,82.724,83.782,82.09,87.019
2021-09-27 08:00:00,82.724,83.782,82.09,87.019
2021-09-27 09:00:00,82.724,83.782,82.09,87.019
2021-09-27 10:00:00,82.724,83.782,82.09,87.019
2021-09-27 11:00:00,78.131,79.886,78.408,86.986
2021-09-27 12:00:00,78.131,79.886,78.408,86.986
2021-09-27 13:00:00,78.131,79.886,78.408,86.986
2021-09-27 14:00:00,78.131,79.886,78.408,86.986
2021-09-27 15:00:00,78.131,79.886,78.408,86.986
2021-09-27 16:00:00,78.131,79.886,78.408,86.986
2021-09-27 17:00:00,87.651,89.591,88.372,87.254
2021-09-27 18:00:00,87.651,89.591,88.372,87.254
2021-09-27 19:00:00,87.651,89.591,88.372,87.254
2021-09-27 20:00:00,87.651,89.591,88.372,87.254
2021-09-27 21:00:00,87.651,89.591,88.372,87.254
2021-09-27 22:00:00,87.651,89.591,88.372,87.254
2021-09-27 23:00:00,92.861,92.124,89.415,89.031
2021-09-28 00:00:00,92.861,92.124,89.415,89.031
2021-09-28 01:00:00,92.861,92.124,89.415,89.031
2021-09-28 02:00:00,92.861,92.124,89.415,89.031
2021-09-28 03:00:00,92.861,92.124,89.415,89.031
2021-09-28 04:00:00,92.861,92.124,89.415,89.031
2021-09-28 05:00:00,80.963,83.729,83.646,96.053
2021-09-28 06:00:00,80.963,83.729,83.646,96.053
2021-09-28 07:00:00,80.963,83.729,83.646,96.053
2021-09-28 08:00:00,80.963,83.729,83.646,96.053
2021-09-28 09:00:00,80.963,83.729,83.646,96.053
2021-09-28 10:00:00,80.963,83.729,83.646,96.053
2021-09-28 11:00:00,92.693,101.034,101.076,92.748
2021-09-28 12:00:00,92.693,101.034,101.076,92.748
2021-09-28 13:00:00,92.693,101.034,101.076,92.748
2021-09-28 14:00:00,92.693,101.034,101.076,92.748
2021-09-28 15:00:00,92.693,101.034,101.076,92.748
2021-09-28 16:00:00,92.693,101.034,101.076,92.748
2021-09-28 17:00:00,99.493,96.205,91.672,86.07
2021-09-28 18:00:00,99.493,96.205,91.672,86.07
2021-09-28 19:00:00,99.493,96.205,91.672,86.07
2021-09-28 20:00:00,99.493,96.205,91.672,86.07
2021-09-28 21:00:00,99.493,96.205,91.672,86.07
2021-09-28 22:00:00,99.493,96.205,91.672,86.07
2021-09-28 23:00:00,94.132,90.513,86.718,83.701
2021-09-29 00:00:00,94.132,90.513,86.718,83.701
2021-09-29 01:00:00,94.132,90.513,86.718,83.701
2021-09-29 02:00:00,94.132,90.513,86.718,83.701
2021-09-29 03:00:00,94.132,90.513,86.718,83.701
2021-09-29 04:00:00,94.132,90.513,86.718,83.701
2021-09-29 05:00:00,83.379,84.971,85.063,73.081
2021-09-29 06:00:00,83.379,84.971,85.063,73.081
2021-09-29 07:00:00,83.379,84.971,85.063,73.081
2021-09-29 08:00:00,83.379,84.971,85.063,73.081
2021-09-29 09:00:00,83.379,84.971,85.063,73.081
2021-09-29 10:00:00,83.379,84.971,85.063,73.081
2021-09-29 11:00:00,81.775,81.884,78.83,65.251
2021-09-29 12:00:00,81.775,81.884,78.83,65.251
2021-09-29 13:00:00,81.775,81.884,78.83,65.251
2021-09-29 14:00:00,81.775,81.884,78.83,65.251
2021-09-29 15:00:00,81.775,81.884,78.83,65.251
2021-09-29 16:00:00,81.775,81.884,78.83,65.251
2021-09-29 17:00:00,77.123,71.768,66.815,64.373
2021-09-29 18:00:00,77.123,71.768,66.815,64.373
2021-09-29 19:00:00,77.123,71.768,66.815,64.373
2021-09-29 20:00:00,77.123,71.768,66.815,64.373
2021-09-29 21:00:00,77.123,71.768,66.815,64.373
2021-09-29 22:00:00,77.123,71.768,66.815,64.373
2021-09-29 23:00:00,72.804,70.955,68.246,70.499
2021-09-30 00:00:00,72.804,70.955,68.246,70.499
2021-09-30 01:00:00,72.804,70.955,68.246,70.499
2021-09-30 02:00:00,72.804,70.955,68.246,70.499
2021-09-30 03:00:00,72.804,70.955,68.246,70.499
2021-09-30 04:00:00,72.804,70.955,68.246,70.499
2021-09-30 05:00:00,78.62,81.144,80.124,76.872
2021-09-30 06:00:00,78.62,81.144,80.124,76.872
2021-09-30 07:00:00,78.62,81.144,80.124,76.872
2021-09-30 08:00:00,78.62,81.144,80.124,76.872
2021-09-30 09:00:00,78.62,81.144,80.124,76.872
2021-09-30 10:00:00,78.62,81.144,80.124,76.872
2021-09-30 11:00:00,84.892,84.149,81.599,79.967
2021-09-30 12:00:00,84.892,84.149,81.599,79.967
2021-09-30 13:00:00,84.892,84.149,81.599,79.967
2021-09-30 14:00:00,84.892,84.149,81.599,79.967
2021-09-30 15:00:00,84.892,84.149,81.599,79.967
2021-09-30 16:00:00,84.892,84.149,81.599,79.967
2021-09-30 17:00:00,85.568,84.039,81.044,78.542
2021-09-30 18:00:00,85.568,84.039,81.044,78.542
2021-09-30 19:00:00,85.568,84.039,81.044,78.542
2021-09-30 20:00:00,85.568,84.039,81.044,78.542
2021-09-30 21:00:00,85.568,84.039,81.044,78.542
2021-09-30 22:00:00,85.568,84.039,81.044,78.542
2021-09-30 23:00:00,85.534,84.068,81.193,81.071
2021-10-01 00:00:00,85.534,84.068,81.193,81.071
2021-10-01 01:00:00,85.534,84.068,81.193,81.071
2021-10-01 02:00:00,85.534,84.068,81.193,81.071
2021-10-01 03:00:00,85.534,84.068,81.193,81.071
2021-10-01 04:00:00,85.534,84.068,81.193,81.071
2021-10-01 05:00:00,87.209,77.912,77.943,78.395
2021-10-01 06:00:00,87.209,77.912,77.943,78.395
2021-10-01 07:00:00,87.209,77.912,77.943,78.395
2021-10-01 08:00:00,87.209,77.912,77.943,78.395
2021-10-01 09:00:00,87.209,77.912,77.943,78.395
2021-10-01 10:00:00,87.209,77.912,77.943,78.395
2021-10-01 11:00:00,85.995,81.259,78.459,78.395
2021-10-01 12:00:00,85.995,81.259,78.459,78.395
2021-10-01 13:00:00,85.995,81.259,78.459,78.395
2021-10-01 14:00:00,85.995,81.259,78.459,78.395
2021-10-01 15:00:00,85.995,81.259,78.459,78.395
2021-10-01 16:00:00,85.995,81.259,78.459,78.395
2021-10-01 17:00:00,84.781,82.094,80.045,78.395
2021-10-01 18:00:00,84.781,82.094,80.045,78.395
2021-10-01 19:00:00,84.781,82.094,80.045,78.395
2021-10-01 20:00:00,84.781,82.094,80.045,78.395
2021-10-01 21:00:00,84.781,82.094,80.045,78.395
2021-10-01 22:00:00,84.781,82.094,80.045,78.395
2021-10-01 23:00:00,84.748,83.838,81.199,81.163
2021-10-02 00:00:00,84.748,83.838,81.199,81.163
2021-10-02 01:00:00,84.748,83.838,81.199,81.163
2021-10-02 02:00:00,84.748,83.838,81.199,81.163
2021-10-02 03:00:00,84.748,83.838,81.199,81.163
2021-10-02 04:00:00,84.748,83.838,81.199,81.163
2021-10-02 05:00:00,84.158,87.797,88.329,93.622
2021-10-02 06:00:00,84.158,87.797,88.329,93.622
2021-10-02 07:00:00,84.158,87.797,88.329,93.622
2021-10-02 08:00:00,84.158,87.797,88.329,93.622
2021-10-02 09:00:00,84.158,87.797,88.329,93.622
2021-10-02 10:00:00,84.158,87.797,88.329,93.622
2021-10-02 11:00:00,80.567,78.538,75.386,92.327
2021-10-02 12:00:00,80.567,78.538,75.386,92.327
2021-10-02 13:00:00,80.567,78.538,75.386,92.327
2021-10-02 14:00:00,80.567,78.538,75.386,92.327
2021-10-02 15:00:00,80.567,78.538,75.386,92.327
2021-10-02 16:00:00,80.567,78.538,75.386,92.327
2021-10-02 17:00:00,88.124,91.178,90.961,85.291
2021-10-02 18:00:00,88.124,91.178,90.961,85.291
2021-10-02 19:00:00,88.124,91.178,90.961,85.291
2021-10-02 20:00:00,88.124,91.178,90.961,85.291
2021-10-02 21:00:00,88.124,91.178,90.961,85.291
2021-10-02 22:00:00,88.124,91.178,90.961,85.291
2021-10-02 23:00:00,91.834,89.981,86.415,83.506
2021-10-03 00:00:00,91.834,89.981,86.415,83.506
2021-10-03 01:00:00,91.834,89.981,86.415,83.506
2021-10-03 02:00:00,91.834,89.981,86.415,83.506
2021-10-03 03:00:00,91.834,89.981,86.415,83.506
2021-10-03 04:00:00,91.834,89.981,86.415,83.506
2021-10-03 05:00:00,77.742,73.889,71.181,70.122
2021-10-03 06:00:00,77.742,73.889,71.181,70.122
2021-10-03 07:00:00,77.742,73.889,71.181,70.122
2021-10-03 08:00:00,77.742,73.889,71.181,70.122
2021-10-03 09:00:00,77.742,73.889,71.181,70.122
2021-10-03 10:00:00,77.742,73.889,71.181,70.122
2021-10-03 11:00:00,75.25,73.994,69.714,67.162
2021-10-03 12:00:00,75.25,73.994,69.714,67.162
2021-10-03 13:00:00,75.25,73.994,69.714,67.162
2021-10-03 14:00:00,75.25,73.994,69.714,67.162
2021-10-03 15:00:00,75.25,73.994,69.714,67.162
2021-10-03 16:00:00,75.25,73.994,69.714,67.162
2021-10-03 17:00:00,73.966,71.665,68.678,66.137
2021-10-03 18:00:00,73.966,71.665,68.678,66.137
2021-10-03 19:00:00,73.966,71.665,68.678,66.137
2021-10-03 20:00:00,73.966,71.665,68.678,66.137
2021-10-03 21:00:00,73.966,71.665,68.678,66.137
2021-10-03 22:00:00,73.966,71.665,68.678,66.137
2021-10-03 23:00:00,73.115,71.731,68.961,68.7
2021-10-04 00:00:00,73.115,71.731,68.961,68.7
2021-10-04 01:00:00,73.115,71.731,68.961,68.7
2021-10-04 02:00:00,73.115,71.731,68.961,68.7
2021-10-04 03:00:00,73.115,71.731,68.961,68.7
2021-10-04 04:00:00,73.115,71.731,68.961,68.7
2021-10-04 05:00:00,75.553,75.618,73.577,76.682
2021-10-04 06:00:00,75.553,75.618,73.577,76.682
2021-10-04 07:00:00,75.553,75.618,73.577,76.682
2021-10-04 08:00:00,75.553,75.618,73.577,76.682
2021-10-04 09:00:00,75.553,75.618,73.577,76.682
2021-10-04 10:00:00,75.553,75.618,73.577,76.682
2021-10-04 11:00:00,74.139,72.538,69.598,72.611
2021-10-04 12:00:00,74.139,72.538,69.598,72.611
2021-10-04 13:00:00,74.139,72.538,69.598,72.611
2021-10-04 14:00:00,74.139,72.538,69.598,72.611
2021-10-04 15:00:00,74.139,72.538,69.598,72.611
2021-10-04 16:00:00,74.139,72.538,69.598,72.611
2021-10-04 17:00:00,81.794,81.464,79.399,81.764
2021-10-04 18:00:00,81.794,81.464,79.399,81.764
2021-10-04 19:00:00,81.794,81.464,79.399,81.764
2021-10-04 20:00:00,81.794,81.464,79.399,81.764
2021-10-04 21:00:00,81.794,81.464,79.399,81.764
2021-10-04 22:00:00,81.794,81.464,79.399,81.764
2021-10-04 23:00:00,86.533,87.109,85.317,86.05
2021-10-05 00:00:00,86.533,87.109,85.317,86.05
2021-10-05 01:00:00,86.533,87.109,85.317,86.05
2021-10-05 02:00:00,86.533,87.109,85.317,86.05
2021-10-05 03:00:00,86.533,87.109,85.317,86.05
2021-10-05 04:00:00,86.533,87.109,85.317,86.05
2021-10-05 05:00:00,83.104,80.205,78.974,96.118
2021-10-05 06:00:00,83.104,80.205,78.974,96.118
2021-10-05 07:00:00,83.104,80.205,78.974,96.118
2021-10-05 08:00:00,83.104,80.205,78.974,96.118
2021-10-05 09:00:00,83.104,80.205,78.974,96.118
2021-10-05 10:00:00,83.104,80.205,78.974,96.118
2021-10-05 11:00:00,84.239,85.38,82.855,92.263
2021-10-05 12:00:00,84.239,85.38,82.855,92.263
2021-10-05 13:00:00,84.239,85.38,82.855,92.263
2021-10-05 14:00:00,84.239,85.38,82.855,92.263
2021-10-05 15:00:00,84.239,85.38,82.855,92.263
2021-10-05 16:00:00,84.239,85.38,82.855,92.263
2021-10-05 17:00:00,88.502,87.946,85.613,88.125
2021-10-05 18:00:00,88.502,87.946,85.613,88.125
2021-10-05 19:00:00,88.502,87.946,85.613,88.125
2021-10-05 20:00:00,88.502,87.946,85.613,88.125
2021-10-05 21:00:00,88.502,87.946,85.613,88.125
2021-10-05 22:00:00,88.502,87.946,85.613,88.125
2021-10-05 23:00:00,90.42,89.529,86.963,86.822
2021-10-06 00:00:00,90.42,89.529,86.963,86.822
2021-10-06 01:00:00,90.42,89.529,86.963,86.822
2021-10-06 02:00:00,90.42,89.529,86.963,86.822
2021-10-06 03:00:00,90.42,89.529,86.963,86.822
2021-10-06 04:00:00,90.42,89.529,86.963,86.822
2021-10-06 05:00:00,86.679,86.678,87.214,88.244
2021-10-06 06:00:00,86.679,86.678,87.214,88.244
2021-10-06 07:00:00,86.679,86.678,87.214,88.244
2021-10-06 08:00:00,86.679,86.678,87.214,88.244
2021-10-06 09:00:00,86.679,86.678,87.214,88.244
2021-10-06 10:00:00,86.679,86.678,87.214,88.244
2021-10-06 11:00:00,90.111,92.645,90.879,87.474
2021-10-06 12:00:00,90.111,92.645,90.879,87.474
2021-10-06 13:00:00,90.111,92.645,90.879,87.474
2021-10-06 14:00:00,90.111,92.645,90.879,87.474
2021-10-06 15:00:00,90.111,92.645,90.879,87.474
2021-10-06 16:00:00,90.111,92.645,90.879,87.474
2021-10-06 17:00:00,93.787,92.189,89.127,86.386
2021-10-06 18:00:00,93.787,92.189,89.127,86.386
2021-10-06 19:00:00,93.787,92.189,89.127,86.386
2021-10-06 20:00:00,93.787,92.189,89.127,86.386
2021-10-06 21:00:00,93.787,92.189,89.127,86.386
2021-10-06 22:00:00,93.787,92.189,89.127,86.386
2021-10-06 23:00:00,93.505,92.031,89.289,88.519
2021-10-07 00:00:00,93.505,92.031,89.289,88.519
2021-10-07 01:00:00,93.505,92.031,89.289,88.519
2021-10-07 02:00:00,93.505,92.031,89.289,88.519
2021-10-07 03:00:00,93.505,92.031,89.289,88.519
2021-10-07 04:00:00,93.505,92.031,89.289,88.519
2021-10-07 05:00:00,94.503,93.697,91.262,90.313
2021-10-07 06:00:00,94.503,93.697,91.262,90.313
2021-10-07 07:00:00,94.503,93.697,91.262,90.313
2021-10-07 08:00:00,94.503,93.697,91.262,90.313
2021-10-07 09:00:00,94.503,93.697,91.262,90.313
2021-10-07 10:00:00,94.503,93.697,91.262,90.313
2021-10-07 11:00:00,89.51,85.452,79.606,75.318
2021-10-07 12:00:00,89.51,85.452,79.606,75.318
2021-10-07 13:00:00,89.51,85.452,79.606,75.318
2021-10-07 14:00:00,89.51,85.452,79.606,75.318
2021-10-07 15:00:00,89.51,85.452,79.606,75.318
2021-10-07 16:00:00,89.51,85.452,79.606,75.318
2021-10-07 17:00:00,84.328,81.458,78.534,78.046
2021-10-07 18:00:00,84.328,81.458,78.534,78.046
2021-10-07 19:00:00,84.328,81.458,78.534,78.046
2021-10-07 20:00:00,84.328,81.458,78.534,78.046
2021-10-07 21:00:00,84.328,81.458,78.534,78.046
2021-10-07 22:00:00,84.328,81.458,78.534,78.046
2021-10-07 23:00:00,84.677,84.284,82.141,83.223
2021-10-08 00:00:00,84.677,84.284,82.141,83.223
2021-10-08 01:00:00,84.677,84.284,82.141,83.223
2021-10-08 02:00:00,84.677,84.284,82.141,83.223
2021-10-08 03:00:00,84.677,84.284,82.141,83.223
2021-10-08 04:00:00,84.677,84.284,82.141,83.223
2021-10-08 05:00:00,96.716,94.788,91.955,90.961
2021-10-08 06:00:00,96.716,94.788,91.955,90.961
2021-10-08 07:00:00,96.716,94.788,91.955,90.961
2021-10-08 08:00:00,96.716,94.788,91.955,90.961
2021-10-08 09:00:00,96.716,94.788,91.955,90.961
2021-10-08 10:00:00,96.716,94.788,91.955,90.961
2021-10-08 11:00:00,96.172,94.737,92.031,89.291
2021-10-08 12:00:00,96.172,94.737,92.031,89.291
2021-10-08 13:00:00,96.172,94.737,92.031,89.291
2021-10-08 14:00:00,96.172,94.737,92.031,89.291
2021-10-08 15:00:00,96.172,94.737,92.031,89.291
2021-10-08 16:00:00,96.172,94.737,92.031,89.291
2021-10-08 17:00:00,96.758,94.339,91.451,88.062
2021-10-08 18:00:00,96.758,94.339,91.451,88.062
2021-10-08 19:00:00,96.758,94.339,91.451,88.062
2021-10-08 20:00:00,96.758,94.339,91.451,88.062
2021-10-08 21:00:00,96.758,94.339,91.451,88.062
2021-10-08 22:00:00,96.758,94.339,91.451,88.062
2021-10-08 23:00:00,94.551,92.513,89.45,86.151
2021-10-09 00:00:00,94.551,92.513,89.45,86.151
2021-10-09 01:00:00,94.551,92.513,89.45,86.151
2021-10-09 02:00:00,94.551,92.513,89.45,86.151
2021-10-09 03:00:00,94.551,92.513,89.45,86.151
2021-10-09 04:00:00,94.551,92.513,89.45,86.151
2021-10-09 05:00:00,104.193,98.757,100.283,98.382
2021-10-09 06:00:00,104.193,98.757,100.283,98.382
2021-10-09 07:00:00,104.193,98.757,100.283,98.382
2021-10-09 08:00:00,104.193,98.757,100.283,98.382
2021-10-09 09:00:00,104.193,98.757,100.283,98.382
2021-10-09 10:00:00,104.193,98.757,100.283,98.382
2021-10-09 11:00:00,100.576,99.39,96.06,90.372
2021-10-09 12:00:00,100.576,99.39,96.06,90.372
2021-10-09 13:00:00,100.576,99.39,96.06,90.372
2021-10-09 14:00:00,100.576,99.39,96.06,90.372
2021-10-09 15:00:00,100.576,99.39,96.06,90.372
2021-10-09 16:00:00,100.576,99.39,96.06,90.372
2021-10-09 17:00:00,103.969,101.195,97.918,90.213
2021-10-09 18:00:00,103.969,101.195,97.918,90.213
2021-10-09 19:00:00,103.969,101.195,97.918,90.213
2021-10-09 20:00:00,103.969,101.195,97.918,90.213
2021-10-09 21:00:00,103.969,101.195,97.918,90.213
2021-10-09 22:00:00,103.969,101.195,97.918,90.213
2021-10-09 23:00:00,98.023,94.275,90.44,85.155
2021-10-10 00:00:00,98.023,94.275,90.44,85.155
2021-10-10 01:00:00,98.023,94.275,90.44,85.155
2021-10-10 02:00:00,98.023,94.275,90.44,85.155
2021-10-10 03:00:00,98.023,94.275,90.44,85.155
2021-10-10 04:00:00,98.023,94.275,90.44,85.155
2021-10-10 05:00:00,74.855,72.992,71.692,63.054
2021-10-10 06:00:00,74.855,72.992,71.692,63.054
2021-10-10 07:00:00,74.855,72.992,71.692,63.054
2021-10-10 08:00:00,74.855,72.992,71.692,63.054
2021-10-10 09:00:00,74.855,72.992,71.692,63.054
2021-10-10 10:00:00,74.855,72.992,71.692,63.054
2021-10-10 11:00:00,71.386,68.12,64.318,60.143
2021-10-10 12:00:00,71.386,68.12,64.318,60.143
2021-10-10 13:00:00,71.386,68.12,64.318,60.143
2021-10-10 14:00:00,71.386,68.12,64.318,60.143
2021-10-10 15:00:00,71.386,68.12,64.318,60.143
2021-10-10 16:00:00,71.386,68.12,64.318,60.143
2021-10-10 17:00:00,66.107,63.994,61.171,59.439
2021-10-10 18:00:00,66.107,63.994,61.171,59.439
2021-10-10 19:00:00,66.107,63.994,61.171,59.439
2021-10-10 20:00:00,66.107,63.994,61.171,59.439
2021-10-10 21:00:00,66.107,63.994,61.171,59.439
2021-10-10 22:00:00,66.107,63.994,61.171,59.439
2021-10-10 23:00:00,66.173,65.25,62.988,63.003
2021-10-11 00:00:00,66.173,65.25,62.988,63.003
2021-10-11 01:00:00,66.173,65.25,62.988,63.003
2021-10-11 02:00:00,66.173,65.25,62.988,63.003
2021-10-11 03:00:00,66.173,65.25,62.988,63.003
2021-10-11 04:00:00,66.173,65.25,62.988,63.003
2021-10-11 05:00:00,72.312,68.751,66.595,56.158
2021-10-11 06:00:00,72.312,68.751,66.595,56.158
2021-10-11 07:00:00,72.312,68.751,66.595,56.158
2021-10-11 08:00:00,72.312,68.751,66.595,56.158
2021-10-11 09:00:00,72.312,68.751,66.595,56.158
2021-10-11 10:00:00,72.312,68.751,66.595,56.158
2021-10-11 11:00:00,66.587,62.827,59.001,57.267
2021-10-11 12:00:00,66.587,62.827,59.001,57.267
2021-10-11 13:00:00,66.587,62.827,59.001,57.267
2021-10-11 14:00:00,66.587,62.827,59.001,57.267
2021-10-11 15:00:00,66.587,62.827,59.001,57.267
2021-10-11 16:00:00,66.587,62.827,59.001,57.267
2021-10-11 17:00:00,63.917,62.389,60.038,59.482
2021-10-11 18:00:00,63.917,62.389,60.038,59.482
2021-10-11 19:00:00,63.917,62.389,60.038,59.482
2021-10-11 20:00:00,63.917,62.389,60.038,59.482
2021-10-11 21:00:00,63.917,62.389,60.038,59.482
2021-10-11 22:00:00,63.917,62.389,60.038,59.482
2021-10-11 23:00:00,65.708,65.557,63.572,64.425
2021-10-12 00:00:00,65.708,65.557,63.572,64.425
2021-10-12 01:00:00,65.708,65.557,63.572,64.425
2021-10-12 02:00:00,65.708,65.557,63.572,64.425
2021-10-12 03:00:00,65.708,65.557,63.572,64.425
2021-10-12 04:00:00,65.708,65.557,63.572,64.425
2021-10-12 05:00:00,69.84,70.282,68.518,69.343
2021-10-12 06:00:00,69.84,70.282,68.518,69.343
2021-10-12 07:00:00,69.84,70.282,68.518,69.343
2021-10-12 08:00:00,69.84,70.282,68.518,69.343
2021-10-12 09:00:00,69.84,70.282,68.518,69.343
2021-10-12 10:00:00,69.84,70.282,68.518,69.343
2021-10-12 11:00:00,87.249,86.732,88.066,84.396
2021-10-12 12:00:00,87.249,86.732,88.066,84.396
2021-10-12 13:00:00,87.249,86.732,88.066,84.396
2021-10-12 14:00:00,87.249,86.732,88.066,84.396
2021-10-12 15:00:00,87.249,86.732,88.066,84.396
2021-10-12 16:00:00,87.249,86.732,88.066,84.396
2021-10-12 17:00:00,92.248,89.43,86.659,83.391
2021-10-12 18:00:00,92.248,89.43,86.659,83.391
2021-10-12 19:00:00,92.248,89.43,86.659,83.391
2021-10-12 20:00:00,92.248,89.43,86.659,83.391
2021-10-12 21:00:00,92.248,89.43,86.659,83.391
2021-10-12 22:00:00,92.248,89.43,86.659,83.391
2021-10-12 23:00:00,90.827,89.434,86.932,86.238
2021-10-13 00:00:00,90.827,89.434,86.932,86.238
2021-10-13 01:00:00,90.827,89.434,86.932,86.238
2021-10-13 02:00:00,90.827,89.434,86.932,86.238
2021-10-13 03:00:00,90.827,89.434,86.932,86.238
2021-10-13 04:00:00,90.827,89.434,86.932,86.238
2021-10-13 05:00:00,93.432,88.685,87.575,77.079
2021-10-13 06:00:00,93.432,88.685,87.575,77.079
2021-10-13 07:00:00,93.432,88.685,87.575,77.079
2021-10-13 08:00:00,93.432,88.685,87.575,77.079
2021-10-13 09:00:00,93.432,88.685,87.575,77.079
2021-10-13 10:00:00,93.432,88.685,87.575,77.079
2021-10-13 11:00:00,85.675,86.858,83.473,86.445
2021-10-13 12:00:00,85.675,86.858,83.473,86.445
2021-10-13 13:00:00,85.675,86.858,83.473,86.445
2021-10-13 14:00:00,85.675,86.858,83.473,86.445
2021-10-13 15:00:00,85.675,86.858,83.473,86.445
2021-10-13 16:00:00,85.675,86.858,83.473,86.445
2021-10-13 17:00:00,93.598,95.063,94.312,99.841
2021-10-13 18:00:00,93.598,95.063,94.312,99.841
2021-10-13 19:00:00,93.598,95.063,94.312,99.841
2021-10-13 20:00:00,93.598,95.063,94.312,99.841
2021-10-13 21:00:00,93.598,95.063,94.312,99.841
2021-10-13 22:00:00,93.598,95.063,94.312,99.841
2021-10-13 23:00:00,102.642,104.363,103.294,102.377
2021-10-14 00:00:00,102.642,104.363,103.294,102.377
2021-10-14 01:00:00,102.642,104.363,103.294,102.377
2021-10-14 02:00:00,102.642,104.363,103.294,102.377
2021-10-14 03:00:00,102.642,104.363,103.294,102.377
2021-10-14 04:00:00,102.642,104.363,103.294,102.377
2021-10-14 05:00:00,106.18,105.027,102.285,96.343
2021-10-14 06:00:00,106.18,105.027,102.285,96.343
2021-10-14 07:00:00,106.18,105.027,102.285,96.343
2021-10-14 08:00:00,106.18,105.027,102.285,96.343
2021-10-14 09:00:00,106.18,105.027,102.285,96.343
2021-10-14 10:00:00,106.18,105.027,102.285,96.343
2021-10-14 11:00:00,94.559,99.987,99.704,86.363
2021-10-14 12:00:00,94.559,99.987,99.704,86.363
2021-10-14 13:00:00,94.559,99.987,99.704,86.363
2021-10-14 14:00:00,94.559,99.987,99.704,86.363
2021-10-14 15:00:00,94.559,99.987,99.704,86.363
2021-10-14 16:00:00,94.559,99.987,99.704,86.363
2021-10-14 17:00:00,95.753,91.394,86.727,80.555
2021-10-14 18:00:00,95.753,91.394,86.727,80.555
2021-10-14 19:00:00,95.753,91.394,86.727,80.555
2021-10-14 20:00:00,95.753,91.394,86.727,80.555
2021-10-14 21:00:00,95.753,91.394,86.727,80.555
2021-10-14 22:00:00,95.753,91.394,86.727,80.555
2021-10-14 23:00:00,89.51,86.286,83.177,80.662
2021-10-15 00:00:00,89.51,86.286,83.177,80.662
2021-10-15 01:00:00,89.51,86.286,83.177,80.662
2021-10-15 02:00:00,89.51,86.286,83.177,80.662
2021-10-15 03:00:00,89.51,86.286,83.177,80.662
2021-10-15 04:00:00,89.51,86.286,83.177,80.662
2021-10-15 05:00:00,84.615,83.099,83.697,86.159
2021-10-15 06:00:00,84.615,83.099,83.697,86.159
2021-10-15 07:00:00,84.615,83.099,83.697,86.159
2021-10-15 08:00:00,84.615,83.099,83.697,86.159
2021-10-15 09:00:00,84.615,83.099,83.697,86.159
2021-10-15 10:00:00,84.615,83.099,83.697,86.159
2021-10-15 11:00:00,81.26,78.97,78.446,92.484
2021-10-15 12:00:00,81.26,78.97,78.446,92.484
2021-10-15 13:00:00,81.26,78.97,78.446,92.484
2021-10-15 14:00:00,81.26,78.97,78.446,92.484
2021-10-15 15:00:00,81.26,78.97,78.446,92.484
2021-10-15 16:00:00,81.26,78.97,78.446,92.484
2021-10-15 17:00:00,89.555,93.149,93.069,88.212
2021-10-15 18:00:00,89.555,93.149,93.069,88.212
2021-10-15 19:00:00,89.555,93.149,93.069,88.212
2021-10-15 20:00:00,89.555,93.149,93.069,88.212
2021-10-15 21:00:00,89.555,93.149,93.069,88.212
2021-10-15 22:00:00,89.555,93.149,93.069,88.212
2021-10-15 23:00:00,92.921,90.614,87.087,78.913
2021-10-16 00:00:00,92.921,90.614,87.087,78.913
2021-10-16 01:00:00,92.921,90.614,87.087,78.913
2021-10-16 02:00:00,92.921,90.614,87.087,78.913
2021-10-16 03:00:00,92.921,90.614,87.087,78.913
2021-10-16 04:00:00,92.921,90.614,87.087,78.913
2021-10-16 05:00:00,87.36,83.362,79.54,73.667
2021-10-16 06:00:00,87.36,83.362,79.54,73.667
2021-10-16 07:00:00,87.36,83.362,79.54,73.667
2021-10-16 08:00:00,87.36,83.362,79.54,73.667
2021-10-16 09:00:00,87.36,83.362,79.54,73.667
2021-10-16 10:00:00,87.36,83.362,79.54,73.667
2021-10-16 11:00:00,83.758,82.87,80.225,80.846
2021-10-16 12:00:00,83.758,82.87,80.225,80.846
2021-10-16 13:00:00,83.758,82.87,80.225,80.846
2021-10-16 14:00:00,83.758,82.87,80.225,80.846
2021-10-16 15:00:00,83.758,82.87,80.225,80.846
2021-10-16 16:00:00,83.758,82.87,80.225,80.846
2021-10-16 17:00:00,84.375,84.516,82.984,82.039
2021-10-16 18:00:00,84.375,84.516,82.984,82.039
2021-10-16 19:00:00,84.375,84.516,82.984,82.039
2021-10-16 20:00:00,84.375,84.516,82.984,82.039
2021-10-16 21:00:00,84.375,84.516,82.984,82.039
2021-10-16 22:00:00,84.375,84.516,82.984,82.039
2021-10-16 23:00:00,87.289,86.646,84.391,81.488
2021-10-17 00:00:00,87.289,86.646,84.391,81.488
2021-10-17 01:00:00,87.289,86.646,84.391,81.488
2021-10-17 02:00:00,87.289,86.646,84.391,81.488
2021-10-17 03:00:00,87.289,86.646,84.391,81.488
2021-10-17 04:00:00,87.289,86.646,84.391,81.488
2021-10-17 05:00:00,83.731,75.877,75.588,72.166
2021-10-17 06:00:00,83.731,75.877,75.588,72.166
2021-10-17 07:00:00,83.731,75.877,75.588,72.166
2021-10-17 08:00:00,83.731,75.877,75.588,72.166
2021-10-17 09:00:00,83.731,75.877,75.588,72.166
2021-10-17 10:00:00,83.731,75.877,75.588,72.166
2021-10-17 11:00:00,78.137,77.247,74.59,71.661
2021-10-17 12:00:00,78.137,77.247,74.59,71.661
2021-10-17 13:00:00,78.137,77.247,74.59,71.661
2021-10-17 14:00:00,78.137,77.247,74.59,71.661
2021-10-17 15:00:00,78.137,77.247,74.59,71.661
2021-10-17 16:00:00,78.137,77.247,74.59,71.661
2021-10-17 17:00:00,87.007,75.142,72.629,70.998
2021-10-17 18:00:00,87.007,75.142,72.629,70.998
2021-10-17 19:00:00,87.007,75.142,72.629,70.998
2021-10-17 20:00:00,87.007,75.142,72.629,70.998
2021-10-17 21:00:00,87.007,75.142,72.629,70.998
2021-10-17 22:00:00,87.007,75.142,72.629,70.998
2021-10-17 23:00:00,88.209,76.544,74.354,72.978
2021-10-18 00:00:00,88.209,76.544,74.354,72.978
2021-10-18 01:00:00,88.209,76.544,74.354,72.978
2021-10-18 02:00:00,88.209,76.544,74.354,72.978
2021-10-18 03:00:00,88.209,76.544,74.354,72.978
2021-10-18 04:00:00,88.209,76.544,74.354,72.978
2021-10-18 05:00:00,89.288,78.391,76.214,74.634
2021-10-18 06:00:00,89.288,78.391,76.214,74.634
2021-10-18 07:00:00,89.288,78.391,76.214,74.634
2021-10-18 08:00:00,89.288,78.391,76.214,74.634
2021-10-18 09:00:00,89.288,78.391,76.214,74.634
2021-10-18 10:00:00,89.288,78.391,76.214,74.634
2021-10-18 11:00:00,87.136,78.597,75.044,76.296
2021-10-18 12:00:00,87.136,78.597,75.044,76.296
2021-10-18 13:00:00,87.136,78.597,75.044,76.296
2021-10-18 14:00:00,87.136,78.597,75.044,76.296
2021-10-18 15:00:00,87.136,78.597,75.044,76.296
2021-10-18 16:00:00,87.136,78.597,75.044,76.296
2021-10-18 17:00:00,88.691,81.265,79.556,78.075
2021-10-18 18:00:00,88.691,81.265,79.556,78.075
2021-10-18 19:00:00,88.691,81.265,79.556,78.075
2021-10-18 20:00:00,88.691,81.265,79.556,78.075
2021-10-18 21:00:00,88.691,81.265,79.556,78.075
2021-10-18 22:00:00,88.691,81.265,79.556,78.075
2021-10-18 23:00:00,90.171,82.667,80.323,77.116
2021-10-19 00:00:00,90.171,82.667,80.323,77.116
2021-10-19 01:00:00,90.171,82.667,80.323,77.116
2021-10-19 02:00:00,90.171,82.667,80.323,77.116
2021-10-19 03:00:00,90.171,82.667,80.323,77.116
2021-10-19 04:00:00,90.171,82.667,80.323,77.116
2021-10-19 05:00:00,90.004,82.222,79.651,76.816
2021-10-19 06:00:00,90.004,82.222,79.651,76.816
2021-10-19 07:00:00,90.004,82.222,79.651,76.816
2021-10-19 08:00:00,90.004,82.222,79.651,76.816
2021-10-19 09:00:00,90.004,82.222,79.651,76.816
2021-10-19 10:00:00,90.004,82.222,79.651,76.816
2021-10-19 11:00:00,78.538,75.946,73.04,68.822
2021-10-19 12:00:00,78.538,75.946,73.04,68.822
2021-10-19 13:00:00,78.538,75.946,73.04,68.822
2021-10-19 14:00:00,78.538,75.946,73.04,68.822
2021-10-19 15:00:00,78.538,75.946,73.04,68.822
2021-10-19 16:00:00,78.538,75.946,73.04,68.822
2021-10-19 17:00:00,86.606,79.28,76.821,74.506
2021-10-19 18:00:00,86.606,79.28,76.821,74.506
2021-10-19 19:00:00,86.606,79.28,76.821,74.506
2021-10-19 20:00:00,86.606,79.28,76.821,74.506
2021-10-19 21:00:00,86.606,79.28,76.821,74.506
2021-10-19 22:00:00,86.606,79.28,76.821,74.506
2021-10-19 23:00:00,86.663,81.448,79.391,80.268
2021-10-20 00:00:00,86.663,81.448,79.391,80.268
2021-10-20 01:00:00,86.663,81.448,79.391,80.268
2021-10-20 02:00:00,86.663,81.448,79.391,80.268
2021-10-20 03:00:00,86.663,81.448,79.391,80.268
2021-10-20 04:00:00,86.663,81.448,79.391,80.268
2021-10-20 05:00:00,108.781,86.913,86.907,85.91
2021-10-20 06:00:00,108.781,86.913,86.907,85.91
2021-10-20 07:00:00,108.781,86.913,86.907,85.91
2021-10-20 08:00:00,108.781,86.913,86.907,85.91
2021-10-20 09:00:00,108.781,86.913,86.907,85.91
2021-10-20 10:00:00,108.781,86.913,86.907,85.91
2021-10-20 11:00:00,100.861,78.081,72.033,85.358
2021-10-20 12:00:00,100.861,78.081,72.033,85.358
2021-10-20 13:00:00,100.861,78.081,72.033,85.358
2021-10-20 14:00:00,100.861,78.081,72.033,85.358
2021-10-20 15:00:00,100.861,78.081,72.033,85.358
2021-10-20 16:00:00,100.861,78.081,72.033,85.358
2021-10-20 17:00:00,100.38,87.595,87.688,85.189
2021-10-20 18:00:00,100.38,87.595,87.688,85.189
2021-10-20 19:00:00,100.38,87.595,87.688,85.189
2021-10-20 20:00:00,100.38,87.595,87.688,85.189
2021-10-20 21:00:00,100.38,87.595,87.688,85.189
2021-10-20 22:00:00,100.38,87.595,87.688,85.189
2021-10-20 23:00:00,99.898,89.479,86.843,82.639
2021-10-21 00:00:00,99.898,89.479,86.843,82.639
2021-10-21 01:00:00,99.898,89.479,86.843,82.639
2021-10-21 02:00:00,99.898,89.479,86.843,82.639
2021-10-21 03:00:00,99.898,89.479,86.843,82.639
2021-10-21 04:00:00,99.898,89.479,86.843,82.639
2021-10-21 05:00:00,99.418,88.286,85.591,83.27
2021-10-21 06:00:00,99.418,88.286,85.591,83.27
2021-10-21 07:00:00,99.418,88.286,85.591,83.27
2021-10-21 08:00:00,99.418,88.286,85.591,83.27
2021-10-21 09:00:00,99.418,88.286,85.591,83.27
2021-10-21 10:00:00,99.418,88.286,85.591,83.27
2021-10-21 11:00:00,102.615,85.456,82.559,81.701
2021-10-21 12:00:00,102.615,85.456,82.559,81.701
2021-10-21 13:00:00,102.615,85.456,82.559,81.701
2021-10-21 14:00:00,102.615,85.456,82.559,81.701
2021-10-21 15:00:00,102.615,85.456,82.559,81.701
2021-10-21 16:00:00,102.615,85.456,82.559,81.701
2021-10-21 17:00:00,99.093,84.844,82.787,79.892
2021-10-21 18:00:00,99.093,84.844,82.787,79.892
2021-10-21 19:00:00,99.093,84.844,82.787,79.892
2021-10-21 20:00:00,99.093,84.844,82.787,79.892
2021-10-21 21:00:00,99.093,84.844,82.787,79.892
2021-10-21 22:00:00,99.093,84.844,82.787,79.892
2021-10-21 23:00:00,97.337,85.075,82.459,79.534
2021-10-22 00:00:00,97.337,85.075,82.459,79.534
2021-10-22 01:00:00,97.337,85.075,82.459,79.534
2021-10-22 02:00:00,97.337,85.075,82.459,79.534
2021-10-22 03:00:00,97.337,85.075,82.459,79.534
2021-10-22 04:00:00,97.337,85.075,82.459,79.534
2021-10-22 05:00:00,109.978,81.717,80.183,78.384
2021-10-22 06:00:00,109.978,81.717,80.183,78.384
2021-10-22 07:00:00,109.978,81.717,80.183,78.384
2021-10-22 08:00:00,109.978,81.717,80.183,78.384
2021-10-22 09:00:00,109.978,81.717,80.183,78.384
2021-10-22 10:00:00,109.978,81.717,80.183,78.384
2021-10-22 11:00:00,108.732,78.351,72.623,84.233
2021-10-22 12:00:00,108.732,78.351,72.623,84.233
2021-10-22 13:00:00,108.732,78.351,72.623,84.233
2021-10-22 14:00:00,108.732,78.351,72.623,84.233
2021-10-22 15:00:00,108.732,78.351,72.623,84.233
2021-10-22 16:00:00,108.732,78.351,72.623,84.233
2021-10-22 17:00:00,107.888,88.686,88.218,87.928
2021-10-22 18:00:00,107.888,88.686,88.218,87.928
2021-10-22 19:00:00,107.888,88.686,88.218,87.928
2021-10-22 20:00:00,107.888,88.686,88.218,87.928
2021-10-22 21:00:00,107.888,88.686,88.218,87.928
2021-10-22 22:00:00,107.888,88.686,88.218,87.928
2021-10-22 23:00:00,107.044,94.599,92.233,91.779
2021-10-23 00:00:00,107.044,94.599,92.233,91.779
2021-10-23 01:00:00,107.044,94.599,92.233,91.779
2021-10-23 02:00:00,107.044,94.599,92.233,91.779
2021-10-23 03:00:00,107.044,94.599,92.233,91.779
2021-10-23 04:00:00,107.044,94.599,92.233,91.779
2021-10-23 05:00:00,106.2,97.637,95.455,93.963
2021-10-23 06:00:00,106.2,97.637,95.455,93.963
2021-10-23 07:00:00,106.2,97.637,95.455,93.963
2021-10-23 08:00:00,106.2,97.637,95.455,93.963
2021-10-23 09:00:00,106.2,97.637,95.455,93.963
2021-10-23 10:00:00,106.2,97.637,95.455,93.963
2021-10-23 11:00:00,116.347,96.31,93.688,102.809
2021-10-23 12:00:00,116.347,96.31,93.688,102.809
2021-10-23 13:00:00,116.347,96.31,93.688,102.809
2021-10-23 14:00:00,116.347,96.31,93.688,102.809
2021-10-23 15:00:00,116.347,96.31,93.688,102.809
2021-10-23 16:00:00,116.347,96.31,93.688,102.809
2021-10-23 17:00:00,125.751,105.031,103.547,98.232
2021-10-23 18:00:00,125.751,105.031,103.547,98.232
2021-10-23 19:00:00,125.751,105.031,103.547,98.232
2021-10-23 20:00:00,125.751,105.031,103.547,98.232
2021-10-23 21:00:00,125.751,105.031,103.547,98.232
2021-10-23 22:00:00,125.751,105.031,103.547,98.232
2021-10-23 23:00:00,124.683,101.004,97.015,88.46
2021-10-24 00:00:00,124.683,101.004,97.015,88.46
2021-10-24 01:00:00,124.683,101.004,97.015,88.46
2021-10-24 02:00:00,124.683,101.004,97.015,88.46
2021-10-24 03:00:00,124.683,101.004,97.015,88.46
2021-10-24 04:00:00,124.683,101.004,97.015,88.46
2021-10-24 05:00:00,100.746,97.102,97.531,87.048
2021-10-24 06:00:00,100.746,97.102,97.531,87.048
2021-10-24 07:00:00,100.746,97.102,97.531,87.048
2021-10-24 08:00:00,100.746,97.102,97.531,87.048
2021-10-24 09:00:00,100.746,97.102,97.531,87.048
2021-10-24 10:00:00,100.746,97.102,97.531,87.048
2021-10-24 11:00:00,80.482,81.312,77.779,87.455
2021-10-24 12:00:00,80.482,81.312,77.779,87.455
2021-10-24 13:00:00,80.482,81.312,77.779,87.455
2021-10-24 14:00:00,80.482,81.312,77.779,87.455
2021-10-24 15:00:00,80.482,81.312,77.779,87.455
2021-10-24 16:00:00,80.482,81.312,77.779,87.455
2021-10-24 17:00:00,88.031,89.175,87.703,81.546
2021-10-24 18:00:00,88.031,89.175,87.703,81.546
2021-10-24 19:00:00,88.031,89.175,87.703,81.546
2021-10-24 20:00:00,88.031,89.175,87.703,81.546
2021-10-24 21:00:00,88.031,89.175,87.703,81.546
2021-10-24 22:00:00,88.031,89.175,87.703,81.546
2021-10-24 23:00:00,88.82,85.989,81.886,75.007
2021-10-25 00:00:00,88.82,85.989,81.886,75.007
2021-10-25 01:00:00,88.82,85.989,81.886,75.007
2021-10-25 02:00:00,88.82,85.989,81.886,75.007
2021-10-25 03:00:00,88.82,85.989,81.886,75.007
2021-10-25 04:00:00,88.82,85.989,81.886,75.007
2021-10-25 05:00:00,85.092,81.751,77.958,74.984
2021-10-25 06:00:00,85.092,81.751,77.958,74.984
2021-10-25 07:00:00,85.092,81.751,77.958,74.984
2021-10-25 08:00:00,85.092,81.751,77.958,74.984
2021-10-25 09:00:00,85.092,81.751,77.958,74.984
2021-10-25 10:00:00,85.092,81.751,77.958,74.984
2021-10-25 11:00:00,95.007,96.09,93.535,95.478
2021-10-25 12:00:00,95.007,96.09,93.535,95.478
2021-10-25 13:00:00,95.007,96.09,93.535,95.478
2021-10-25 14:00:00,95.007,96.09,93.535,95.478
2021-10-25 15:00:00,95.007,96.09,93.535,95.478
2021-10-25 16:00:00,95.007,96.09,93.535,95.478
2021-10-25 17:00:00,95.239,96.991,96.539,91.062
2021-10-25 18:00:00,95.239,96.991,96.539,91.062
2021-10-25 19:00:00,95.239,96.991,96.539,91.062
2021-10-25 20:00:00,95.239,96.991,96.539,91.062
2021-10-25 21:00:00,95.239,96.991,96.539,91.062
2021-10-25 22:00:00,95.239,96.991,96.539,91.062
2021-10-25 23:00:00,97.089,94.32,90.16,81.604
2021-10-26 00:00:00,97.089,94.32,90.16,81.604
2021-10-26 01:00:00,97.089,94.32,90.16,81.604
2021-10-26 02:00:00,97.089,94.32,90.16,81.604
2021-10-26 03:00:00,97.089,94.32,90.16,81.604
2021-10-26 04:00:00,97.089,94.32,90.16,81.604
2021-10-26 05:00:00,91.335,86.839,82.458,76.157
2021-10-26 06:00:00,91.335,86.839,82.458,76.157
2021-10-26 07:00:00,91.335,86.839,82.458,76.157
2021-10-26 08:00:00,91.335,86.839,82.458,76.157
2021-10-26 09:00:00,91.335,86.839,82.458,76.157
2021-10-26 10:00:00,91.335,86.839,82.458,76.157
2021-10-26 11:00:00,88.859,84.636,79.863,76.082
2021-10-26 12:00:00,88.859,84.636,79.863,76.082
2021-10-26 13:00:00,88.859,84.636,79.863,76.082
2021-10-26 14:00:00,88.859,84.636,79.863,76.082
2021-10-26 15:00:00,88.859,84.636,79.863,76.082
2021-10-26 16:00:00,88.859,84.636,79.863,76.082
2021-10-26 17:00:00,91.857,85.261,79.152,76.402
2021-10-26 18:00:00,91.857,85.261,79.152,76.402
2021-10-26 19:00:00,91.857,85.261,79.152,76.402
2021-10-26 20:00:00,91.857,85.261,79.152,76.402
2021-10-26 21:00:00,91.857,85.261,79.152,76.402
2021-10-26 22:00:00,91.857,85.261,79.152,76.402
2021-10-26 23:00:00,85.582,82.86,79.647,77.242
2021-10-27 00:00:00,85.582,82.86,79.647,77.242
2021-10-27 01:00:00,85.582,82.86,79.647,77.242
2021-10-27 02:00:00,85.582,82.86,79.647,77.242
2021-10-27 03:00:00,85.582,82.86,79.647,77.242
2021-10-27 04:00:00,85.582,82.86,79.647,77.242
2021-10-27 05:00:00,94.466,90.247,88.621,77.936
2021-10-27 06:00:00,94.466,90.247,88.621,77.936
2021-10-27 07:00:00,94.466,90.247,88.621,77.936
2021-10-27 08:00:00,94.466,90.247,88.621,77.936
2021-10-27 09:00:00,94.466,90.247,88.621,77.936
2021-10-27 10:00:00,94.466,90.247,88.621,77.936
2021-10-27 11:00:00,88.842,85.044,80.35,76.235
2021-10-27 12:00:00,88.842,85.044,80.35,76.235
2021-10-27 13:00:00,88.842,85.044,80.35,76.235
2021-10-27 14:00:00,88.842,85.044,80.35,76.235
2021-10-27 15:00:00,88.842,85.044,80.35,76.235
2021-10-27 16:00:00,88.842,85.044,80.35,76.235
2021-10-27 17:00:00,87.489,84.075,79.92,77.451
2021-10-27 18:00:00,87.489,84.075,79.92,77.451
2021-10-27 19:00:00,87.489,84.075,79.92,77.451
2021-10-27 20:00:00,87.489,84.075,79.92,77.451
2021-10-27 21:00:00,87.489,84.075,79.92,77.451
2021-10-27 22:00:00,87.489,84.075,79.92,77.451
2021-10-27 23:00:00,85.86,83.671,80.492,77.734
2021-10-28 00:00:00,85.86,83.671,80.492,77.734
2021-10-28 01:00:00,85.86,83.671,80.492,77.734
2021-10-28 02:00:00,85.86,83.671,80.492,77.734
2021-10-28 03:00:00,85.86,83.671,80.492,77.734
2021-10-28 04:00:00,85.86,83.671,80.492,77.734
2021-10-28 05:00:00,85.741,83.752,80.537,77.385
2021-10-28 06:00:00,85.741,83.752,80.537,77.385
2021-10-28 07:00:00,85.741,83.752,80.537,77.385
2021-10-28 08:00:00,85.741,83.752,80.537,77.385
2021-10-28 09:00:00,85.741,83.752,80.537,77.385
2021-10-28 10:00:00,85.741,83.752,80.537,77.385
2021-10-28 11:00:00,91.258,90.855,88.197,87.785
2021-10-28 12:00:00,91.258,90.855,88.197,87.785
2021-10-28 13:00:00,91.258,90.855,88.197,87.785
2021-10-28 14:00:00,91.258,90.855,88.197,87.785
2021-10-28 15:00:00,91.258,90.855,88.197,87.785
2021-10-28 16:00:00,91.258,90.855,88.197,87.785
2021-10-28 17:00:00,94.669,93.798,90.63,87.168
2021-10-28 18:00:00,94.669,93.798,90.63,87.168
2021-10-28 19:00:00,94.669,93.798,90.63,87.168
2021-10-28 20:00:00,94.669,93.798,90.63,87.168
2021-10-28 21:00:00,94.669,93.798,90.63,87.168
2021-10-28 22:00:00,94.669,93.798,90.63,87.168
2021-10-28 23:00:00,94.965,92.226,88.525,83.151
2021-10-29 00:00:00,94.965,92.226,88.525,83.151
2021-10-29 01:00:00,94.965,92.226,88.525,83.151
2021-10-29 02:00:00,94.965,92.226,88.525,83.151
2021-10-29 03:00:00,94.965,92.226,88.525,83.151
2021-10-29 04:00:00,94.965,92.226,88.525,83.151
2021-10-29 05:00:00,92.896,89.356,85.56,81.655
2021-10-29 06:00:00,92.896,89.356,85.56,81.655
2021-10-29 07:00:00,92.896,89.356,85.56,81.655
2021-10-29 08:00:00,92.896,89.356,85.56,81.655
2021-10-29 09:00:00,92.896,89.356,85.56,81.655
2021-10-29 10:00:00,92.896,89.356,85.56,81.655
2021-10-29 11:00:00,77.315,79.726,77.52,66.429
2021-10-29 12:00:00,77.315,79.726,77.52,66.429
2021-10-29 13:00:00,77.315,79.726,77.52,66.429
2021-10-29 14:00:00,77.315,79.726,77.52,66.429
2021-10-29 15:00:00,77.315,79.726,77.52,66.429
2021-10-29 16:00:00,77.315,79.726,77.52,66.429
2021-10-29 17:00:00,81.882,78.87,75.158,69.517
2021-10-29 18:00:00,81.882,78.87,75.158,69.517
2021-10-29 19:00:00,81.882,78.87,75.158,69.517
2021-10-29 20:00:00,81.882,78.87,75.158,69.517
2021-10-29 21:00:00,81.882,78.87,75.158,69.517
2021-10-29 22:00:00,81.882,78.87,75.158,69.517
2021-10-29 23:00:00,82.692,80.214,77.279,77.338
2021-10-30 00:00:00,82.692,80.214,77.279,77.338
2021-10-30 01:00:00,82.692,80.214,77.279,77.338
2021-10-30 02:00:00,82.692,80.214,77.279,77.338
2021-10-30 03:00:00,82.692,80.214,77.279,77.338
2021-10-30 04:00:00,82.692,80.214,77.279,77.338
2021-10-30 05:00:00,83.298,80.778,80.529,77.7
2021-10-30 06:00:00,83.298,80.778,80.529,77.7
2021-10-30 07:00:00,83.298,80.778,80.529,77.7
2021-10-30 08:00:00,83.298,80.778,80.529,77.7
2021-10-30 09:00:00,83.298,80.778,80.529,77.7
2021-10-30 10:00:00,83.298,80.778,80.529,77.7
2021-10-30 11:00:00,86.144,84.603,81.405,79.584
2021-10-30 12:00:00,86.144,84.603,81.405,79.584
2021-10-30 13:00:00,86.144,84.603,81.405,79.584
2021-10-30 14:00:00,86.144,84.603,81.405,79.584
2021-10-30 15:00:00,86.144,84.603,81.405,79.584
2021-10-30 16:00:00,86.144,84.603,81.405,79.584
2021-10-30 17:00:00,87.624,84.856,81.645,78.514
2021-10-30 18:00:00,87.624,84.856,81.645,78.514
2021-10-30 19:00:00,87.624,84.856,81.645,78.514
2021-10-30 20:00:00,87.624,84.856,81.645,78.514
2021-10-30 21:00:00,87.624,84.856,81.645,78.514
2021-10-30 22:00:00,87.624,84.856,81.645,78.514
2021-10-30 23:00:00,87.604,84.963,81.6,78.742
2021-10-31 00:00:00,87.604,84.963,81.6,78.742
2021-10-31 01:00:00,87.604,84.963,81.6,78.742
2021-10-31 02:00:00,87.604,84.963,81.6,78.742
2021-10-31 03:00:00,87.604,84.963,81.6,78.742
2021-10-31 04:00:00,87.604,84.963,81.6,78.742
2021-10-31 05:00:00,95.835,93.179,93.466,93.794
2021-10-31 06:00:00,95.835,93.179,93.466,93.794
2021-10-31 07:00:00,95.835,93.179,93.466,93.794
2021-10-31 08:00:00,95.835,93.179,93.466,93.794
2021-10-31 09:00:00,95.835,93.179,93.466,93.794
2021-10-31 10:00:00,95.835,93.179,93.466,93.794
2021-10-31 11:00:00,101.989,102.817,100.388,102.535
2021-10-31 12:00:00,101.989,102.817,100.388,102.535
2021-10-31 13:00:00,101.989,102.817,100.388,102.535
2021-10-31 14:00:00,101.989,102.817,100.388,102.535
2021-10-31 15:00:00,101.989,102.817,100.388,102.535
2021-10-31 16:00:00,101.989,102.817,100.388,102.535
2021-10-31 17:00:00,104.88,105.276,102.912,98.082
2021-10-31 18:00:00,104.88,105.276,102.912,98.082
2021-10-31 19:00:00,104.88,105.276,102.912,98.082
2021-10-31 20:00:00,104.88,105.276,102.912,98.082
2021-10-31 21:00:00,104.88,105.276,102.912,98.082
2021-10-31 22:00:00,104.88,105.276,102.912,98.082
2021-10-31 23:00:00,106.369,103.656,99.782,94.907
2021-11-01 00:00:00,106.369,103.656,99.782,94.907
2021-11-01 01:00:00,106.369,103.656,99.782,94.907
2021-11-01 02:00:00,106.369,103.656,99.782,94.907
2021-11-01 03:00:00,106.369,103.656,99.782,94.907
2021-11-01 04:00:00,106.369,103.656,99.782,94.907
2021-11-01 05:00:00,105.378,103.113,99.989,99.809
2021-11-01 06:00:00,105.378,103.113,99.989,99.809
2021-11-01 07:00:00,105.378,103.113,99.989,99.809
2021-11-01 08:00:00,105.378,103.113,99.989,99.809
2021-11-01 09:00:00,105.378,103.113,99.989,99.809
2021-11-01 10:00:00,105.378,103.113,99.989,99.809
2021-11-01 11:00:00,100.71,107.602,102.268,118.402
2021-11-01 12:00:00,100.71,107.602,102.268,118.402
2021-11-01 13:00:00,100.71,107.602,102.268,118.402
2021-11-01 14:00:00,100.71,107.602,102.268,118.402
2021-11-01 15:00:00,100.71,107.602,102.268,118.402
2021-11-01 16:00:00,100.71,107.602,102.268,118.402
2021-11-01 17:00:00,118.74,121.268,121.286,118.569
2021-11-01 18:00:00,118.74,121.268,121.286,118.569
2021-11-01 19:00:00,118.74,121.268,121.286,118.569
2021-11-01 20:00:00,118.74,121.268,121.286,118.569
2021-11-01 21:00:00,118.74,121.268,121.286,118.569
2021-11-01 22:00:00,118.74,121.268,121.286,118.569
2021-11-01 23:00:00,123.7,121.991,118.545,111.171
2021-11-02 00:00:00,123.7,121.991,118.545,111.171
2021-11-02 01:00:00,123.7,121.991,118.545,111.171
2021-11-02 02:00:00,123.7,121.991,118.545,111.171
2021-11-02 03:00:00,123.7,121.991,118.545,111.171
2021-11-02 04:00:00,123.7,121.991,118.545,111.171
2021-11-02 05:00:00,133.317,125.432,122.019,104.235
2021-11-02 06:00:00,133.317,125.432,122.019,104.235
2021-11-02 07:00:00,133.317,125.432,122.019,104.235
2021-11-02 08:00:00,133.317,125.432,122.019,104.235
2021-11-02 09:00:00,133.317,125.432,122.019,104.235
2021-11-02 10:00:00,133.317,125.432,122.019,104.235
2021-11-02 11:00:00,122.92,118.795,114.583,121.144
2021-11-02 12:00:00,122.92,118.795,114.583,121.144
2021-11-02 13:00:00,122.92,118.795,114.583,121.144
2021-11-02 14:00:00,122.92,118.795,114.583,121.144
2021-11-02 15:00:00,122.92,118.795,114.583,121.144
2021-11-02 16:00:00,122.92,118.795,114.583,121.144
2021-11-02 17:00:00,118.864,120.216,119.763,115.449
2021-11-02 18:00:00,118.864,120.216,119.763,115.449
2021-11-02 19:00:00,118.864,120.216,119.763,115.449
2021-11-02 20:00:00,118.864,120.216,119.763,115.449
2021-11-02 21:00:00,118.864,120.216,119.763,115.449
2021-11-02 22:00:00,118.864,120.216,119.763,115.449
2021-11-02 23:00:00,121.691,119.654,115.915,109.09
2021-11-03 00:00:00,121.691,119.654,115.915,109.09
2021-11-03 01:00:00,121.691,119.654,115.915,109.09
2021-11-03 02:00:00,121.691,119.654,115.915,109.09
2021-11-03 03:00:00,121.691,119.654,115.915,109.09
2021-11-03 04:00:00,121.691,119.654,115.915,109.09
2021-11-03 05:00:00,128.112,122.677,118.735,117.572
2021-11-03 06:00:00,128.112,122.677,118.735,117.572
2021-11-03 07:00:00,128.112,122.677,118.735,117.572
2021-11-03 08:00:00,128.112,122.677,118.735,117.572
2021-11-03 09:00:00,128.112,122.677,118.735,117.572
2021-11-03 10:00:00,128.112,122.677,118.735,117.572
2021-11-03 11:00:00,97.89,113.746,107.804,133.249
2021-11-03 12:00:00,97.89,113.746,107.804,133.249
2021-11-03 13:00:00,97.89,113.746,107.804,133.249
2021-11-03 14:00:00,97.89,113.746,107.804,133.249
2021-11-03 15:00:00,97.89,113.746,107.804,133.249
2021-11-03 16:00:00,97.89,113.746,107.804,133.249
2021-11-03 17:00:00,127.496,131.54,132.469,124.759
2021-11-03 18:00:00,127.496,131.54,132.469,124.759
2021-11-03 19:00:00,127.496,131.54,132.469,124.759
2021-11-03 20:00:00,127.496,131.54,132.469,124.759
2021-11-03 21:00:00,127.496,131.54,132.469,124.759
2021-11-03 22:00:00,127.496,131.54,132.469,124.759
2021-11-03 23:00:00,130.239,126.968,122.206,110.952
2021-11-04 00:00:00,130.239,126.968,122.206,110.952
2021-11-04 01:00:00,130.239,126.968,122.206,110.952
2021-11-04 02:00:00,130.239,126.968,122.206,110.952
2021-11-04 03:00:00,130.239,126.968,122.206,110.952
2021-11-04 04:00:00,130.239,126.968,122.206,110.952
2021-11-04 05:00:00,122.722,118.023,113.376,109.09
2021-11-04 06:00:00,122.722,118.023,113.376,109.09
2021-11-04 07:00:00,122.722,118.023,113.376,109.09
2021-11-04 08:00:00,122.722,118.023,113.376,109.09
2021-11-04 09:00:00,122.722,118.023,113.376,109.09
2021-11-04 10:00:00,122.722,118.023,113.376,109.09
2021-11-04 11:00:00,128.421,128.39,126.399,134.841
2021-11-04 12:00:00,128.421,128.39,126.399,134.841
2021-11-04 13:00:00,128.421,128.39,126.399,134.841
2021-11-04 14:00:00,128.421,128.39,126.399,134.841
2021-11-04 15:00:00,128.421,128.39,126.399,134.841
2021-11-04 16:00:00,128.421,128.39,126.399,134.841
2021-11-04 17:00:00,133.807,133.417,131.071,124.734
2021-11-04 18:00:00,133.807,133.417,131.071,124.734
2021-11-04 19:00:00,133.807,133.417,131.071,124.734
2021-11-04 20:00:00,133.807,133.417,131.071,124.734
2021-11-04 21:00:00,133.807,133.417,131.071,124.734
2021-11-04 22:00:00,133.807,133.417,131.071,124.734
2021-11-04 23:00:00,132.115,128.303,124.054,115.452
2021-11-05 00:00:00,132.115,128.303,124.054,115.452
2021-11-05 01:00:00,132.115,128.303,124.054,115.452
2021-11-05 02:00:00,132.115,128.303,124.054,115.452
2021-11-05 03:00:00,132.115,128.303,124.054,115.452
2021-11-05 04:00:00,132.115,128.303,124.054,115.452
2021-11-05 05:00:00,124.46,116.237,119.571,116.882
2021-11-05 06:00:00,124.46,116.237,119.571,116.882
2021-11-05 07:00:00,124.46,116.237,119.571,116.882
2021-11-05 08:00:00,124.46,116.237,119.571,116.882
2021-11-05 09:00:00,124.46,116.237,119.571,116.882
2021-11-05 10:00:00,124.46,116.237,119.571,116.882
2021-11-05 11:00:00,128.147,130.255,128.719,137.985
2021-11-05 12:00:00,128.147,130.255,128.719,137.985
2021-11-05 13:00:00,128.147,130.255,128.719,137.985
2021-11-05 14:00:00,128.147,130.255,128.719,137.985
2021-11-05 15:00:00,128.147,130.255,128.719,137.985
2021-11-05 16:00:00,128.147,130.255,128.719,137.985
2021-11-05 17:00:00,135.838,135.647,133.625,126.885
2021-11-05 18:00:00,135.838,135.647,133.625,126.885
2021-11-05 19:00:00,135.838,135.647,133.625,126.885
2021-11-05 20:00:00,135.838,135.647,133.625,126.885
2021-11-05 21:00:00,135.838,135.647,133.625,126.885
2021-11-05 22:00:00,135.838,135.647,133.625,126.885
2021-11-05 23:00:00,134.106,129.643,125.174,115.037
2021-11-06 00:00:00,134.106,129.643,125.174,115.037
2021-11-06 01:00:00,134.106,129.643,125.174,115.037
2021-11-06 02:00:00,134.106,129.643,125.174,115.037
2021-11-06 03:00:00,134.106,129.643,125.174,115.037
2021-11-06 04:00:00,134.106,129.643,125.174,115.037
2021-11-06 05:00:00,126.671,121.517,116.966,111.921
2021-11-06 06:00:00,126.671,121.517,116.966,111.921
2021-11-06 07:00:00,126.671,121.517,116.966,111.921
2021-11-06 08:00:00,126.671,121.517,116.966,111.921
2021-11-06 09:00:00,126.671,121.517,116.966,111.921
2021-11-06 10:00:00,126.671,121.517,116.966,111.921
2021-11-06 11:00:00,132.935,129.352,125.088,128.685
2021-11-06 12:00:00,132.935,129.352,125.088,128.685
2021-11-06 13:00:00,132.935,129.352,125.088,128.685
2021-11-06 14:00:00,132.935,129.352,125.088,128.685
2021-11-06 15:00:00,132.935,129.352,125.088,128.685
2021-11-06 16:00:00,132.935,129.352,125.088,128.685
2021-11-06 17:00:00,128.578,125.612,122.083,114.933
2021-11-06 18:00:00,128.578,125.612,122.083,114.933
2021-11-06 19:00:00,128.578,125.612,122.083,114.933
2021-11-06 20:00:00,128.578,125.612,122.083,114.933
2021-11-06 21:00:00,128.578,125.612,122.083,114.933
2021-11-06 22:00:00,128.578,125.612,122.083,114.933
2021-11-06 23:00:00,124.812,120.89,116.953,107.824
2021-11-07 00:00:00,124.812,120.89,116.953,107.824
2021-11-07 01:00:00,124.812,120.89,116.953,107.824
2021-11-07 02:00:00,124.812,120.89,116.953,107.824
2021-11-07 03:00:00,124.812,120.89,116.953,107.824
2021-11-07 04:00:00,124.812,120.89,116.953,107.824
2021-11-07 05:00:00,119.629,115.406,111.237,108.214
2021-11-07 06:00:00,119.629,115.406,111.237,108.214
2021-11-07 07:00:00,119.629,115.406,111.237,108.214
2021-11-07 08:00:00,119.629,115.406,111.237,108.214
2021-11-07 09:00:00,119.629,115.406,111.237,108.214
2021-11-07 10:00:00,119.629,115.406,111.237,108.214
2021-11-07 11:00:00,111.354,110.317,107.277,82.765
2021-11-07 12:00:00,111.354,110.317,107.277,82.765
2021-11-07 13:00:00,111.354,110.317,107.277,82.765
2021-11-07 14:00:00,111.354,110.317,107.277,82.765
2021-11-07 15:00:00,111.354,110.317,107.277,82.765
2021-11-07 16:00:00,111.354,110.317,107.277,82.765
2021-11-07 17:00:00,112.483,109.951,106.873,82.598
2021-11-07 18:00:00,112.483,109.951,106.873,82.598
2021-11-07 19:00:00,112.483,109.951,106.873,82.598
2021-11-07 20:00:00,112.483,109.951,106.873,82.598
2021-11-07 21:00:00,112.483,109.951,106.873,82.598
2021-11-07 22:00:00,112.483,109.951,106.873,82.598
2021-11-07 23:00:00,112.266,110.098,107.027,90.959
2021-11-08 00:00:00,112.266,110.098,107.027,90.959
2021-11-08 01:00:00,112.266,110.098,107.027,90.959
2021-11-08 02:00:00,112.266,110.098,107.027,90.959
2021-11-08 03:00:00,112.266,110.098,107.027,90.959
2021-11-08 04:00:00,112.266,110.098,107.027,90.959
2021-11-08 05:00:00,111.951,109.594,106.233,101.657
2021-11-08 06:00:00,111.951,109.594,106.233,101.657
2021-11-08 07:00:00,111.951,109.594,106.233,101.657
2021-11-08 08:00:00,111.951,109.594,106.233,101.657
2021-11-08 09:00:00,111.951,109.594,106.233,101.657
2021-11-08 10:00:00,111.951,109.594,106.233,101.657
2021-11-08 11:00:00,105.927,105.542,103.085,106.8
2021-11-08 12:00:00,105.927,105.542,103.085,106.8
2021-11-08 13:00:00,105.927,105.542,103.085,106.8
2021-11-08 14:00:00,105.927,105.542,103.085,106.8
2021-11-08 15:00:00,105.927,105.542,103.085,106.8
2021-11-08 16:00:00,105.927,105.542,103.085,106.8
2021-11-08 17:00:00,108.077,108.354,107.165,104.732
2021-11-08 18:00:00,108.077,108.354,107.165,104.732
2021-11-08 19:00:00,108.077,108.354,107.165,104.732
2021-11-08 20:00:00,108.077,108.354,107.165,104.732
2021-11-08 21:00:00,108.077,108.354,107.165,104.732
2021-11-08 22:00:00,108.077,108.354,107.165,104.732
2021-11-08 23:00:00,112.592,111.538,108.899,106.987
2021-11-09 00:00:00,112.592,111.538,108.899,106.987
2021-11-09 01:00:00,112.592,111.538,108.899,106.987
2021-11-09 02:00:00,112.592,111.538,108.899,106.987
2021-11-09 03:00:00,112.592,111.538,108.899,106.987
2021-11-09 04:00:00,112.592,111.538,108.899,106.987
2021-11-09 05:00:00,116.149,115.357,113.141,114.014
2021-11-09 06:00:00,116.149,115.357,113.141,114.014
2021-11-09 07:00:00,116.149,115.357,113.141,114.014
2021-11-09 08:00:00,116.149,115.357,113.141,114.014
2021-11-09 09:00:00,116.149,115.357,113.141,114.014
2021-11-09 10:00:00,116.149,115.357,113.141,114.014
2021-11-09 11:00:00,122.282,126.124,126.641,134.956
2021-11-09 12:00:00,122.282,126.124,126.641,134.956
2021-11-09 13:00:00,122.282,126.124,126.641,134.956
2021-11-09 14:00:00,122.282,126.124,126.641,134.956
2021-11-09 15:00:00,122.282,126.124,126.641,134.956
2021-11-09 16:00:00,122.282,126.124,126.641,134.956
2021-11-09 17:00:00,125.647,130.497,132.154,126.499
2021-11-09 18:00:00,125.647,130.497,132.154,126.499
2021-11-09 19:00:00,125.647,130.497,132.154,126.499
2021-11-09 20:00:00,125.647,130.497,132.154,126.499
2021-11-09 21:00:00,125.647,130.497,132.154,126.499
2021-11-09 22:00:00,125.647,130.497,132.154,126.499
2021-11-09 23:00:00,132.169,129.169,125.373,115.824
2021-11-10 00:00:00,132.169,129.169,125.373,115.824
2021-11-10 01:00:00,132.169,129.169,125.373,115.824
2021-11-10 02:00:00,132.169,129.169,125.373,115.824
2021-11-10 03:00:00,132.169,129.169,125.373,115.824
2021-11-10 04:00:00,132.169,129.169,125.373,115.824
2021-11-10 05:00:00,127.143,121.879,117.999,113.035
2021-11-10 06:00:00,127.143,121.879,117.999,113.035
2021-11-10 07:00:00,127.143,121.879,117.999,113.035
2021-11-10 08:00:00,127.143,121.879,117.999,113.035
2021-11-10 09:00:00,127.143,121.879,117.999,113.035
2021-11-10 10:00:00,127.143,121.879,117.999,113.035
2021-11-10 11:00:00,117.085,117.744,116.207,119.596
2021-11-10 12:00:00,117.085,117.744,116.207,119.596
2021-11-10 13:00:00,117.085,117.744,116.207,119.596
2021-11-10 14:00:00,117.085,117.744,116.207,119.596
2021-11-10 15:00:00,117.085,117.744,116.207,119.596
2021-11-10 16:00:00,117.085,117.744,116.207,119.596
2021-11-10 17:00:00,119.371,118.007,116.26,110.398
2021-11-10 18:00:00,119.371,118.007,116.26,110.398
2021-11-10 19:00:00,119.371,118.007,116.26,110.398
2021-11-10 20:00:00,119.371,118.007,116.26,110.398
2021-11-10 21:00:00,119.371,118.007,116.26,110.398
2021-11-10 22:00:00,119.371,118.007,116.26,110.398
2021-11-10 23:00:00,117.941,114.397,110.693,103.254
2021-11-11 00:00:00,117.941,114.397,110.693,103.254
2021-11-11 01:00:00,117.941,114.397,110.693,103.254
2021-11-11 02:00:00,117.941,114.397,110.693,103.254
2021-11-11 03:00:00,117.941,114.397,110.693,103.254
2021-11-11 04:00:00,117.941,114.397,110.693,103.254
2021-11-11 05:00:00,113.851,110.086,106.222,102.447
2021-11-11 06:00:00,113.851,110.086,106.222,102.447
2021-11-11 07:00:00,113.851,110.086,106.222,102.447
2021-11-11 08:00:00,113.851,110.086,106.222,102.447
2021-11-11 09:00:00,113.851,110.086,106.222,102.447
2021-11-11 10:00:00,113.851,110.086,106.222,102.447
2021-11-11 11:00:00,122.285,120.949,117.403,111.673
2021-11-11 12:00:00,122.285,120.949,117.403,111.673
2021-11-11 13:00:00,122.285,120.949,117.403,111.673
2021-11-11 14:00:00,122.285,120.949,117.403,111.673
2021-11-11 15:00:00,122.285,120.949,117.403,111.673
2021-11-11 16:00:00,122.285,120.949,117.403,111.673
2021-11-11 17:00:00,118.3,114.474,110.534,106.374
2021-11-11 18:00:00,118.3,114.474,110.534,106.374
2021-11-11 19:00:00,118.3,114.474,110.534,106.374
2021-11-11 20:00:00,118.3,114.474,110.534,106.374
2021-11-11 21:00:00,118.3,114.474,110.534,106.374
2021-11-11 22:00:00,118.3,114.474,110.534,106.374
2021-11-11 23:00:00,116.797,112.531,109.022,104.785
2021-11-12 00:00:00,116.797,112.531,109.022,104.785
2021-11-12 01:00:00,116.797,112.531,109.022,104.785
2021-11-12 02:00:00,116.797,112.531,109.022,104.785
2021-11-12 03:00:00,116.797,112.531,109.022,104.785
2021-11-12 04:00:00,116.797,112.531,109.022,104.785
2021-11-12 05:00:00,117.389,113.133,109.995,109.229
2021-11-12 06:00:00,117.389,113.133,109.995,109.229
2021-11-12 07:00:00,117.389,113.133,109.995,109.229
2021-11-12 08:00:00,117.389,113.133,109.995,109.229
2021-11-12 09:00:00,117.389,113.133,109.995,109.229
2021-11-12 10:00:00,117.389,113.133,109.995,109.229
2021-11-12 11:00:00,120.706,109.577,106.379,106.615
2021-11-12 12:00:00,120.706,109.577,106.379,106.615
2021-11-12 13:00:00,120.706,109.577,106.379,106.615
2021-11-12 14:00:00,120.706,109.577,106.379,106.615
2021-11-12 15:00:00,120.706,109.577,106.379,106.615
2021-11-12 16:00:00,120.706,109.577,106.379,106.615
2021-11-12 17:00:00,122.994,114.586,110.536,105.873
2021-11-12 18:00:00,122.994,114.586,110.536,105.873
2021-11-12 19:00:00,122.994,114.586,110.536,105.873
2021-11-12 20:00:00,122.994,114.586,110.536,105.873
2021-11-12 21:00:00,122.994,114.586,110.536,105.873
2021-11-12 22:00:00,122.994,114.586,110.536,105.873
2021-11-12 23:00:00,123.874,112.371,107.686,102.081
2021-11-13 00:00:00,123.874,112.371,107.686,102.081
2021-11-13 01:00:00,123.874,112.371,107.686,102.081
2021-11-13 02:00:00,123.874,112.371,107.686,102.081
2021-11-13 03:00:00,123.874,112.371,107.686,102.081
2021-11-13 04:00:00,123.874,112.371,107.686,102.081
2021-11-13 05:00:00,122.789,110.367,106.258,103.824
2021-11-13 06:00:00,122.789,110.367,106.258,103.824
2021-11-13 07:00:00,122.789,110.367,106.258,103.824
2021-11-13 08:00:00,122.789,110.367,106.258,103.824
2021-11-13 09:00:00,122.789,110.367,106.258,103.824
2021-11-13 10:00:00,122.789,110.367,106.258,103.824
2021-11-13 11:00:00,118.268,110.297,105.232,108.016
2021-11-13 12:00:00,118.268,110.297,105.232,108.016
2021-11-13 13:00:00,118.268,110.297,105.232,108.016
2021-11-13 14:00:00,118.268,110.297,105.232,108.016
2021-11-13 15:00:00,118.268,110.297,105.232,108.016
2021-11-13 16:00:00,118.268,110.297,105.232,108.016
2021-11-13 17:00:00,118.648,104.989,102.976,102.909
2021-11-13 18:00:00,118.648,104.989,102.976,102.909
2021-11-13 19:00:00,118.648,104.989,102.976,102.909
2021-11-13 20:00:00,118.648,104.989,102.976,102.909
2021-11-13 21:00:00,118.648,104.989,102.976,102.909
2021-11-13 22:00:00,118.648,104.989,102.976,102.909
2021-11-13 23:00:00,119.689,109.635,105.475,100.924
2021-11-14 00:00:00,119.689,109.635,105.475,100.924
2021-11-14 01:00:00,119.689,109.635,105.475,100.924
2021-11-14 02:00:00,119.689,109.635,105.475,100.924
2021-11-14 03:00:00,119.689,109.635,105.475,100.924
2021-11-14 04:00:00,119.689,109.635,105.475,100.924
2021-11-14 05:00:00,117.509,110.383,106.457,105.795
2021-11-14 06:00:00,117.509,110.383,106.457,105.795
2021-11-14 07:00:00,117.509,110.383,106.457,105.795
2021-11-14 08:00:00,117.509,110.383,106.457,105.795
2021-11-14 09:00:00,117.509,110.383,106.457,105.795
2021-11-14 10:00:00,117.509,110.383,106.457,105.795
2021-11-14 11:00:00,124.556,116.352,113.354,115.947
2021-11-14 12:00:00,124.556,116.352,113.354,115.947
2021-11-14 13:00:00,124.556,116.352,113.354,115.947
2021-11-14 14:00:00,124.556,116.352,113.354,115.947
2021-11-14 15:00:00,124.556,116.352,113.354,115.947
2021-11-14 16:00:00,124.556,116.352,113.354,115.947
2021-11-14 17:00:00,122.885,117.314,115.716,112.734
2021-11-14 18:00:00,122.885,117.314,115.716,112.734
2021-11-14 19:00:00,122.885,117.314,115.716,112.734
2021-11-14 20:00:00,122.885,117.314,115.716,112.734
2021-11-14 21:00:00,122.885,117.314,115.716,112.734
2021-11-14 22:00:00,122.885,117.314,115.716,112.734
2021-11-14 23:00:00,127.522,120.794,117.084,114.465
2021-11-15 00:00:00,127.522,120.794,117.084,114.465
2021-11-15 01:00:00,127.522,120.794,117.084,114.465
2021-11-15 02:00:00,127.522,120.794,117.084,114.465
2021-11-15 03:00:00,127.522,120.794,117.084,114.465
2021-11-15 04:00:00,127.522,120.794,117.084,114.465
2021-11-15 05:00:00,128.476,123.394,120.061,119.178
2021-11-15 06:00:00,128.476,123.394,120.061,119.178
2021-11-15 07:00:00,128.476,123.394,120.061,119.178
2021-11-15 08:00:00,128.476,123.394,120.061,119.178
2021-11-15 09:00:00,128.476,123.394,120.061,119.178
2021-11-15 10:00:00,128.476,123.394,120.061,119.178
2021-11-15 11:00:00,127.645,107.426,104.189,104.343
2021-11-15 12:00:00,127.645,107.426,104.189,104.343
2021-11-15 13:00:00,127.645,107.426,104.189,104.343
2021-11-15 14:00:00,127.645,107.426,104.189,104.343
2021-11-15 15:00:00,127.645,107.426,104.189,104.343
2021-11-15 16:00:00,127.645,107.426,104.189,104.343
2021-11-15 17:00:00,109.625,108.531,106.12,103.742
2021-11-15 18:00:00,109.625,108.531,106.12,103.742
2021-11-15 19:00:00,109.625,108.531,106.12,103.742
2021-11-15 20:00:00,109.625,108.531,106.12,103.742
2021-11-15 21:00:00,109.625,108.531,106.12,103.742
2021-11-15 22:00:00,109.625,108.531,106.12,103.742
2021-11-15 23:00:00,117.694,109.501,106.405,102.193
2021-11-16 00:00:00,117.694,109.501,106.405,102.193
2021-11-16 01:00:00,117.694,109.501,106.405,102.193
2021-11-16 02:00:00,117.694,109.501,106.405,102.193
2021-11-16 03:00:00,117.694,109.501,106.405,102.193
2021-11-16 04:00:00,117.694,109.501,106.405,102.193
2021-11-16 05:00:00,115.691,110.276,107.91,107.24
2021-11-16 06:00:00,115.691,110.276,107.91,107.24
2021-11-16 07:00:00,115.691,110.276,107.91,107.24
2021-11-16 08:00:00,115.691,110.276,107.91,107.24
2021-11-16 09:00:00,115.691,110.276,107.91,107.24
2021-11-16 10:00:00,115.691,110.276,107.91,107.24
2021-11-16 11:00:00,132.543,108.277,105.848,111.37
2021-11-16 12:00:00,132.543,108.277,105.848,111.37
2021-11-16 13:00:00,132.543,108.277,105.848,111.37
2021-11-16 14:00:00,132.543,108.277,105.848,111.37
2021-11-16 15:00:00,132.543,108.277,105.848,111.37
2021-11-16 16:00:00,132.543,108.277,105.848,111.37
2021-11-16 17:00:00,130.492,116.065,113.065,106.085
2021-11-16 18:00:00,130.492,116.065,113.065,106.085
2021-11-16 19:00:00,130.492,116.065,113.065,106.085
2021-11-16 20:00:00,130.492,116.065,113.065,106.085
2021-11-16 21:00:00,130.492,116.065,113.065,106.085
2021-11-16 22:00:00,130.492,116.065,113.065,106.085
2021-11-16 23:00:00,133.848,112.928,109.295,105.169
2021-11-17 00:00:00,133.848,112.928,109.295,105.169
2021-11-17 01:00:00,133.848,112.928,109.295,105.169
2021-11-17 02:00:00,133.848,112.928,109.295,105.169
2021-11-17 03:00:00,133.848,112.928,109.295,105.169
2021-11-17 04:00:00,133.848,112.928,109.295,105.169
2021-11-17 05:00:00,135.609,129.569,128.325,124.315
2021-11-17 06:00:00,135.609,129.569,128.325,124.315
2021-11-17 07:00:00,135.609,129.569,128.325,124.315
2021-11-17 08:00:00,135.609,129.569,128.325,124.315
2021-11-17 09:00:00,135.609,129.569,128.325,124.315
2021-11-17 10:00:00,135.609,129.569,128.325,124.315
2021-11-17 11:00:00,141.489,140.869,139.592,147.098
2021-11-17 12:00:00,141.489,140.869,139.592,147.098
2021-11-17 13:00:00,141.489,140.869,139.592,147.098
2021-11-17 14:00:00,141.489,140.869,139.592,147.098
2021-11-17 15:00:00,141.489,140.869,139.592,147.098
2021-11-17 16:00:00,141.489,140.869,139.592,147.098
2021-11-17 17:00:00,148.101,148.082,146.874,142.886
2021-11-17 18:00:00,148.101,148.082,146.874,142.886
2021-11-17 19:00:00,148.101,148.082,146.874,142.886
2021-11-17 20:00:00,148.101,148.082,146.874,142.886
2021-11-17 21:00:00,148.101,148.082,146.874,142.886
2021-11-17 22:00:00,148.101,148.082,146.874,142.886
2021-11-17 23:00:00,150.347,145.677,141.807,131.568
2021-11-18 00:00:00,150.347,145.677,141.807,131.568
2021-11-18 01:00:00,150.347,145.677,141.807,131.568
2021-11-18 02:00:00,150.347,145.677,141.807,131.568
2021-11-18 03:00:00,150.347,145.677,141.807,131.568
2021-11-18 04:00:00,150.347,145.677,141.807,131.568
2021-11-18 05:00:00,144.058,137.773,133.249,126.899
2021-11-18 06:00:00,144.058,137.773,133.249,126.899
2021-11-18 07:00:00,144.058,137.773,133.249,126.899
2021-11-18 08:00:00,144.058,137.773,133.249,126.899
2021-11-18 09:00:00,144.058,137.773,133.249,126.899
2021-11-18 10:00:00,144.058,137.773,133.249,126.899
2021-11-18 11:00:00,168.38,170.321,170.751,178.708
2021-11-18 12:00:00,168.38,170.321,170.751,178.708
2021-11-18 13:00:00,168.38,170.321,170.751,178.708
2021-11-18 14:00:00,168.38,170.321,170.751,178.708
2021-11-18 15:00:00,168.38,170.321,170.751,178.708
2021-11-18 16:00:00,168.38,170.321,170.751,178.708
2021-11-18 17:00:00,179.117,178.084,175.954,163.337
2021-11-18 18:00:00,179.117,178.084,175.954,163.337
2021-11-18 19:00:00,179.117,178.084,175.954,163.337
2021-11-18 20:00:00,179.117,178.084,175.954,163.337
2021-11-18 21:00:00,179.117,178.084,175.954,163.337
2021-11-18 22:00:00,179.117,178.084,175.954,163.337
2021-11-18 23:00:00,153.705,151.233,148.53,146.702
2021-11-19 00:00:00,153.705,151.233,148.53,146.702
2021-11-19 01:00:00,153.705,151.233,148.53,146.702
2021-11-19 02:00:00,153.705,151.233,148.53,146.702
2021-11-19 03:00:00,153.705,151.233,148.53,146.702
2021-11-19 04:00:00,153.705,151.233,148.53,146.702
2021-11-19 05:00:00,153.527,132.837,130.32,146.917
2021-11-19 06:00:00,153.527,132.837,130.32,146.917
2021-11-19 07:00:00,153.527,132.837,130.32,146.917
2021-11-19 08:00:00,153.527,132.837,130.32,146.917
2021-11-19 09:00:00,153.527,132.837,130.32,146.917
2021-11-19 10:00:00,153.527,132.837,130.32,146.917
2021-11-19 11:00:00,158.205,165.334,168.359,165.365
2021-11-19 12:00:00,158.205,165.334,168.359,165.365
2021-11-19 13:00:00,158.205,165.334,168.359,165.365
2021-11-19 14:00:00,158.205,165.334,168.359,165.365
2021-11-19 15:00:00,158.205,165.334,168.359,165.365
2021-11-19 16:00:00,158.205,165.334,168.359,165.365
2021-11-19 17:00:00,171.269,168.813,165.391,157.491
2021-11-19 18:00:00,171.269,168.813,165.391,157.491
2021-11-19 19:00:00,171.269,168.813,165.391,157.491
2021-11-19 20:00:00,171.269,168.813,165.391,157.491
2021-11-19 21:00:00,171.269,168.813,165.391,157.491
2021-11-19 22:00:00,171.269,168.813,165.391,157.491
2021-11-19 23:00:00,166.673,160.021,155.577,143.841
2021-11-20 00:00:00,166.673,160.021,155.577,143.841
2021-11-20 01:00:00,166.673,160.021,155.577,143.841
2021-11-20 02:00:00,166.673,160.021,155.577,143.841
2021-11-20 03:00:00,166.673,160.021,155.577,143.841
2021-11-20 04:00:00,166.673,160.021,155.577,143.841
2021-11-20 05:00:00,157.157,149.843,145.214,138.315
2021-11-20 06:00:00,157.157,149.843,145.214,138.315
2021-11-20 07:00:00,157.157,149.843,145.214,138.315
2021-11-20 08:00:00,157.157,149.843,145.214,138.315
2021-11-20 09:00:00,157.157,149.843,145.214,138.315
2021-11-20 10:00:00,157.157,149.843,145.214,138.315
2021-11-20 11:00:00,149.675,143.449,139.017,143.52
2021-11-20 12:00:00,149.675,143.449,139.017,143.52
2021-11-20 13:00:00,149.675,143.449,139.017,143.52
2021-11-20 14:00:00,149.675,143.449,139.017,143.52
2021-11-20 15:00:00,149.675,143.449,139.017,143.52
2021-11-20 16:00:00,149.675,143.449,139.017,143.52
2021-11-20 17:00:00,138.972,137.782,137.167,128.812
2021-11-20 18:00:00,138.972,137.782,137.167,128.812
2021-11-20 19:00:00,138.972,137.782,137.167,128.812
2021-11-20 20:00:00,138.972,137.782,137.167,128.812
2021-11-20 21:00:00,138.972,137.782,137.167,128.812
2021-11-20 22:00:00,138.972,137.782,137.167,128.812
2021-11-20 23:00:00,137.395,132.207,128.071,118.39
2021-11-21 00:00:00,137.395,132.207,128.071,118.39
2021-11-21 01:00:00,137.395,132.207,128.071,118.39
2021-11-21 02:00:00,137.395,132.207,128.071,118.39
2021-11-21 03:00:00,137.395,132.207,128.071,118.39
2021-11-21 04:00:00,137.395,132.207,128.071,118.39
2021-11-21 05:00:00,135.792,120.524,123.646,121.498
2021-11-21 06:00:00,135.792,120.524,123.646,121.498
2021-11-21 07:00:00,135.792,120.524,123.646,121.498
2021-11-21 08:00:00,135.792,120.524,123.646,121.498
2021-11-21 09:00:00,135.792,120.524,123.646,121.498
2021-11-21 10:00:00,135.792,120.524,123.646,121.498
2021-11-21 11:00:00,132.397,133.46,132.215,138.982
2021-11-21 12:00:00,132.397,133.46,132.215,138.982
2021-11-21 13:00:00,132.397,133.46,132.215,138.982
2021-11-21 14:00:00,132.397,133.46,132.215,138.982
2021-11-21 15:00:00,132.397,133.46,132.215,138.982
2021-11-21 16:00:00,132.397,133.46,132.215,138.982
2021-11-21 17:00:00,132.22,133.692,134.056,127.601
2021-11-21 18:00:00,132.22,133.692,134.056,127.601
2021-11-21 19:00:00,132.22,133.692,134.056,127.601
2021-11-21 20:00:00,132.22,133.692,134.056,127.601
2021-11-21 21:00:00,132.22,133.692,134.056,127.601
2021-11-21 22:00:00,132.22,133.692,134.056,127.601
2021-11-21 23:00:00,135.304,131.614,128.011,119.905
2021-11-22 00:00:00,135.304,131.614,128.011,119.905
2021-11-22 01:00:00,135.304,131.614,128.011,119.905
2021-11-22 02:00:00,135.304,131.614,128.011,119.905
2021-11-22 03:00:00,135.304,131.614,128.011,119.905
2021-11-22 04:00:00,135.304,131.614,128.011,119.905
2021-11-22 05:00:00,131.74,127.423,124.121,121.344
2021-11-22 06:00:00,131.74,127.423,124.121,121.344
2021-11-22 07:00:00,131.74,127.423,124.121,121.344
2021-11-22 08:00:00,131.74,127.423,124.121,121.344
2021-11-22 09:00:00,131.74,127.423,124.121,121.344
2021-11-22 10:00:00,131.74,127.423,124.121,121.344
2021-11-22 11:00:00,141.469,134.11,130.057,124.036
2021-11-22 12:00:00,141.469,134.11,130.057,124.036
2021-11-22 13:00:00,141.469,134.11,130.057,124.036
2021-11-22 14:00:00,141.469,134.11,130.057,124.036
2021-11-22 15:00:00,141.469,134.11,130.057,124.036
2021-11-22 16:00:00,141.469,134.11,130.057,124.036
2021-11-22 17:00:00,136.642,133.644,131.324,133.055
2021-11-22 18:00:00,136.642,133.644,131.324,133.055
2021-11-22 19:00:00,136.642,133.644,131.324,133.055
2021-11-22 20:00:00,136.642,133.644,131.324,133.055
2021-11-22 21:00:00,136.642,133.644,131.324,133.055
2021-11-22 22:00:00,136.642,133.644,131.324,133.055
2021-11-22 23:00:00,139.847,138.669,137.017,134.091
2021-11-23 00:00:00,139.847,138.669,137.017,134.091
2021-11-23 01:00:00,139.847,138.669,137.017,134.091
2021-11-23 02:00:00,139.847,138.669,137.017,134.091
2021-11-23 03:00:00,139.847,138.669,137.017,134.091
2021-11-23 04:00:00,139.847,138.669,137.017,134.091
2021-11-23 05:00:00,150.445,136.015,134.373,130.571
2021-11-23 06:00:00,150.445,136.015,134.373,130.571
2021-11-23 07:00:00,150.445,136.015,134.373,130.571
2021-11-23 08:00:00,150.445,136.015,134.373,130.571
2021-11-23 09:00:00,150.445,136.015,134.373,130.571
2021-11-23 10:00:00,150.445,136.015,134.373,130.571
2021-11-23 11:00:00,140.385,138.461,136.209,135.468
2021-11-23 12:00:00,140.385,138.461,136.209,135.468
2021-11-23 13:00:00,140.385,138.461,136.209,135.468
2021-11-23 14:00:00,140.385,138.461,136.209,135.468
2021-11-23 15:00:00,140.385,138.461,136.209,135.468
2021-11-23 16:00:00,140.385,138.461,136.209,135.468
2021-11-23 17:00:00,140.057,139.174,137.814,135.196
2021-11-23 18:00:00,140.057,139.174,137.814,135.196
2021-11-23 19:00:00,140.057,139.174,137.814,135.196
2021-11-23 20:00:00,140.057,139.174,137.814,135.196
2021-11-23 21:00:00,140.057,139.174,137.814,135.196
2021-11-23 22:00:00,140.057,139.174,137.814,135.196
2021-11-23 23:00:00,143.253,141.039,138.598,134.676
2021-11-24 00:00:00,143.253,141.039,138.598,134.676
2021-11-24 01:00:00,143.253,141.039,138.598,134.676
2021-11-24 02:00:00,143.253,141.039,138.598,134.676
2021-11-24 03:00:00,143.253,141.039,138.598,134.676
2021-11-24 04:00:00,143.253,141.039,138.598,134.676
2021-11-24 05:00:00,143.707,140.683,137.957,133.827
2021-11-24 06:00:00,143.707,140.683,137.957,133.827
2021-11-24 07:00:00,143.707,140.683,137.957,133.827
2021-11-24 08:00:00,143.707,140.683,137.957,133.827
2021-11-24 09:00:00,143.707,140.683,137.957,133.827
2021-11-24 10:00:00,143.707,140.683,137.957,133.827
2021-11-24 11:00:00,134.587,133.679,131.73,128.638
2021-11-24 12:00:00,134.587,133.679,131.73,128.638
2021-11-24 13:00:00,134.587,133.679,131.73,128.638
2021-11-24 14:00:00,134.587,133.679,131.73,128.638
2021-11-24 15:00:00,134.587,133.679,131.73,128.638
2021-11-24 16:00:00,134.587,133.679,131.73,128.638
2021-11-24 17:00:00,138.023,135.142,132.486,128.941
2021-11-24 18:00:00,138.023,135.142,132.486,128.941
2021-11-24 19:00:00,138.023,135.142,132.486,128.941
2021-11-24 20:00:00,138.023,135.142,132.486,128.941
2021-11-24 21:00:00,138.023,135.142,132.486,128.941
2021-11-24 22:00:00,138.023,135.142,132.486,128.941
2021-11-24 23:00:00,137.695,135.005,132.562,128.958
2021-11-25 00:00:00,137.695,135.005,132.562,128.958
2021-11-25 01:00:00,137.695,135.005,132.562,128.958
2021-11-25 02:00:00,137.695,135.005,132.562,128.958
2021-11-25 03:00:00,137.695,135.005,132.562,128.958
2021-11-25 04:00:00,137.695,135.005,132.562,128.958
2021-11-25 05:00:00,138.134,135.776,133.414,131.008
2021-11-25 06:00:00,138.134,135.776,133.414,131.008
2021-11-25 07:00:00,138.134,135.776,133.414,131.008
2021-11-25 08:00:00,138.134,135.776,133.414,131.008
2021-11-25 09:00:00,138.134,135.776,133.414,131.008
2021-11-25 10:00:00,138.134,135.776,133.414,131.008
2021-11-25 11:00:00,137.33,134.473,131.26,127.88
2021-11-25 12:00:00,137.33,134.473,131.26,127.88
2021-11-25 13:00:00,137.33,134.473,131.26,127.88
2021-11-25 14:00:00,137.33,134.473,131.26,127.88
2021-11-25 15:00:00,137.33,134.473,131.26,127.88
2021-11-25 16:00:00,137.33,134.473,131.26,127.88
2021-11-25 17:00:00,137.353,136.104,134.136,132.215
2021-11-25 18:00:00,137.353,136.104,134.136,132.215
2021-11-25 19:00:00,137.353,136.104,134.136,132.215
2021-11-25 20:00:00,137.353,136.104,134.136,132.215
2021-11-25 21:00:00,137.353,136.104,134.136,132.215
2021-11-25 22:00:00,137.353,136.104,134.136,132.215
2021-11-25 23:00:00,139.954,138.13,135.943,132.434
2021-11-26 00:00:00,139.954,138.13,135.943,132.434
2021-11-26 01:00:00,139.954,138.13,135.943,132.434
2021-11-26 02:00:00,139.954,138.13,135.943,132.434
2021-11-26 03:00:00,139.954,138.13,135.943,132.434
2021-11-26 04:00:00,139.954,138.13,135.943,132.434
2021-11-26 05:00:00,140.054,137.336,134.528,128.607
2021-11-26 06:00:00,140.054,137.336,134.528,128.607
2021-11-26 07:00:00,140.054,137.336,134.528,128.607
2021-11-26 08:00:00,140.054,137.336,134.528,128.607
2021-11-26 09:00:00,140.054,137.336,134.528,128.607
2021-11-26 10:00:00,140.054,137.336,134.528,128.607
2021-11-26 11:00:00,138.131,137.66,135.474,128.794
2021-11-26 12:00:00,138.131,137.66,135.474,128.794
2021-11-26 13:00:00,138.131,137.66,135.474,128.794
2021-11-26 14:00:00,138.131,137.66,135.474,128.794
2021-11-26 15:00:00,138.131,137.66,135.474,128.794
2021-11-26 16:00:00,138.131,137.66,135.474,128.794
2021-11-26 17:00:00,130.731,129.003,126.678,120.246
2021-11-26 18:00:00,130.731,129.003,126.678,120.246
2021-11-26 19:00:00,130.731,129.003,126.678,120.246
2021-11-26 20:00:00,130.731,129.003,126.678,120.246
2021-11-26 21:00:00,130.731,129.003,126.678,120.246
2021-11-26 22:00:00,130.731,129.003,126.678,120.246
2021-11-26 23:00:00,130.407,127.138,124.234,120.852
2021-11-27 00:00:00,130.407,127.138,124.234,120.852
2021-11-27 01:00:00,130.407,127.138,124.234,120.852
2021-11-27 02:00:00,130.407,127.138,124.234,120.852
2021-11-27 03:00:00,130.407,127.138,124.234,120.852
2021-11-27 04:00:00,130.407,127.138,124.234,120.852
2021-11-27 05:00:00,118.753,109.324,109.482,106.626
2021-11-27 06:00:00,118.753,109.324,109.482,106.626
2021-11-27 07:00:00,118.753,109.324,109.482,106.626
2021-11-27 08:00:00,118.753,109.324,109.482,106.626
2021-11-27 09:00:00,118.753,109.324,109.482,106.626
2021-11-27 10:00:00,118.753,109.324,109.482,106.626
2021-11-27 11:00:00,114.769,113.52,111.5,109.453
2021-11-27 12:00:00,114.769,113.52,111.5,109.453
2021-11-27 13:00:00,114.769,113.52,111.5,109.453
2021-11-27 14:00:00,114.769,113.52,111.5,109.453
2021-11-27 15:00:00,114.769,113.52,111.5,109.453
2021-11-27 16:00:00,114.769,113.52,111.5,109.453
2021-11-27 17:00:00,117.927,126.858,123.367,115.624
2021-11-27 18:00:00,117.927,126.858,123.367,115.624
2021-11-27 19:00:00,117.927,126.858,123.367,115.624
2021-11-27 20:00:00,117.927,126.858,123.367,115.624
2021-11-27 21:00:00,117.927,126.858,123.367,115.624
2021-11-27 22:00:00,117.927,126.858,123.367,115.624
2021-11-27 23:00:00,126.788,122.876,119.813,116.63
2021-11-28 00:00:00,126.788,122.876,119.813,116.63
2021-11-28 01:00:00,126.788,122.876,119.813,116.63
2021-11-28 02:00:00,126.788,122.876,119.813,116.63
2021-11-28 03:00:00,126.788,122.876,119.813,116.63
2021-11-28 04:00:00,126.788,122.876,119.813,116.63
2021-11-28 05:00:00,127.148,114.133,115.001,113.164
2021-11-28 06:00:00,127.148,114.133,115.001,113.164
2021-11-28 07:00:00,127.148,114.133,115.001,113.164
2021-11-28 08:00:00,127.148,114.133,115.001,113.164
2021-11-28 09:00:00,127.148,114.133,115.001,113.164
2021-11-28 10:00:00,127.148,114.133,115.001,113.164
2021-11-28 11:00:00,127.342,117.677,115.332,109.412
2021-11-28 12:00:00,127.342,117.677,115.332,109.412
2021-11-28 13:00:00,127.342,117.677,115.332,109.412
2021-11-28 14:00:00,127.342,117.677,115.332,109.412
2021-11-28 15:00:00,127.342,117.677,115.332,109.412
2021-11-28 16:00:00,127.342,117.677,115.332,109.412
2021-11-28 17:00:00,127.535,109.91,106.542,100.182
2021-11-28 18:00:00,127.535,109.91,106.542,100.182
2021-11-28 19:00:00,127.535,109.91,106.542,100.182
2021-11-28 20:00:00,127.535,109.91,106.542,100.182
2021-11-28 21:00:00,127.535,109.91,106.542,100.182
2021-11-28 22:00:00,127.535,109.91,106.542,100.182
2021-11-28 23:00:00,127.729,117.154,114.275,105.071
2021-11-29 00:00:00,127.729,117.154,114.275,105.071
2021-11-29 01:00:00,127.729,117.154,114.275,105.071
2021-11-29 02:00:00,127.729,117.154,114.275,105.071
2021-11-29 03:00:00,127.729,117.154,114.275,105.071
2021-11-29 04:00:00,127.729,117.154,114.275,105.071
2021-11-29 05:00:00,127.922,105.61,101.36,103.4
2021-11-29 06:00:00,127.922,105.61,101.36,103.4
2021-11-29 07:00:00,127.922,105.61,101.36,103.4
2021-11-29 08:00:00,127.922,105.61,101.36,103.4
2021-11-29 09:00:00,127.922,105.61,101.36,103.4
2021-11-29 10:00:00,127.922,105.61,101.36,103.4
2021-11-29 11:00:00,114.427,111.134,107.964,105.374
2021-11-29 12:00:00,114.427,111.134,107.964,105.374
2021-11-29 13:00:00,114.427,111.134,107.964,105.374
2021-11-29 14:00:00,114.427,111.134,107.964,105.374
2021-11-29 15:00:00,114.427,111.134,107.964,105.374
2021-11-29 16:00:00,114.427,111.134,107.964,105.374
2021-11-29 17:00:00,117.135,110.724,106.167,101.165
2021-11-29 18:00:00,117.135,110.724,106.167,101.165
2021-11-29 19:00:00,117.135,110.724,106.167,101.165
2021-11-29 20:00:00,117.135,110.724,106.167,101.165
2021-11-29 21:00:00,117.135,110.724,106.167,101.165
2021-11-29 22:00:00,117.135,110.724,106.167,101.165
2021-11-29 23:00:00,113.67,109.931,107.507,107.213
2021-11-30 00:00:00,113.67,109.931,107.507,107.213
2021-11-30 01:00:00,113.67,109.931,107.507,107.213
2021-11-30 02:00:00,113.67,109.931,107.507,107.213
2021-11-30 03:00:00,113.67,109.931,107.507,107.213
2021-11-30 04:00:00,113.67,109.931,107.507,107.213
2021-11-30 05:00:00,118.442,117.308,115.942,119.127
2021-11-30 06:00:00,118.442,117.308,115.942,119.127
2021-11-30 07:00:00,118.442,117.308,115.942,119.127
2021-11-30 08:00:00,118.442,117.308,115.942,119.127
2021-11-30 09:00:00,118.442,117.308,115.942,119.127
2021-11-30 10:00:00,118.442,117.308,115.942,119.127
2021-11-30 11:00:00,121.224,118.926,116.821,119.5
2021-11-30 12:00:00,121.224,118.926,116.821,119.5
2021-11-30 13:00:00,121.224,118.926,116.821,119.5
2021-11-30 14:00:00,121.224,118.926,116.821,119.5
2021-11-30 15:00:00,121.224,118.926,116.821,119.5
2021-11-30 16:00:00,121.224,118.926,116.821,119.5
2021-11-30 17:00:00,147.126,142.612,139.59,146.936
2021-11-30 18:00:00,147.126,142.612,139.59,146.936
2021-11-30 19:00:00,147.126,142.612,139.59,146.936
2021-11-30 20:00:00,147.126,142.612,139.59,146.936
2021-11-30 21:00:00,147.126,142.612,139.59,146.936
2021-11-30 22:00:00,147.126,142.612,139.59,146.936
2021-11-30 23:00:00,155.424,156.799,157.024,162.967
2021-12-01 00:00:00,155.424,156.799,157.024,162.967
2021-12-01 01:00:00,155.424,156.799,157.024,162.967
2021-12-01 02:00:00,155.424,156.799,157.024,162.967
2021-12-01 03:00:00,155.424,156.799,157.024,162.967
2021-12-01 04:00:00,155.424,156.799,157.024,162.967
2021-12-01 05:00:00,149.506,147.912,147.358,155.629
2021-12-01 06:00:00,149.506,147.912,147.358,155.629
2021-12-01 07:00:00,149.506,147.912,147.358,155.629
2021-12-01 08:00:00,149.506,147.912,147.358,155.629
2021-12-01 09:00:00,149.506,147.912,147.358,155.629
2021-12-01 10:00:00,149.506,147.912,147.358,155.629
2021-12-01 11:00:00,157.896,157.982,157.116,150.075
2021-12-01 12:00:00,157.896,157.982,157.116,150.075
2021-12-01 13:00:00,157.896,157.982,157.116,150.075
2021-12-01 14:00:00,157.896,157.982,157.116,150.075
2021-12-01 15:00:00,157.896,157.982,157.116,150.075
2021-12-01 16:00:00,157.896,157.982,157.116,150.075
2021-12-01 17:00:00,162.858,157.375,152.85,147.842
2021-12-01 18:00:00,162.858,157.375,152.85,147.842
2021-12-01 19:00:00,162.858,157.375,152.85,147.842
2021-12-01 20:00:00,162.858,157.375,152.85,147.842
2021-12-01 21:00:00,162.858,157.375,152.85,147.842
2021-12-01 22:00:00,162.858,157.375,152.85,147.842
2021-12-01 23:00:00,159.95,156.578,154.323,154.279
2021-12-02 00:00:00,159.95,156.578,154.323,154.279
2021-12-02 01:00:00,159.95,156.578,154.323,154.279
2021-12-02 02:00:00,159.95,156.578,154.323,154.279
2021-12-02 03:00:00,159.95,156.578,154.323,154.279
2021-12-02 04:00:00,159.95,156.578,154.323,154.279
2021-12-02 05:00:00,162.757,161.229,159.239,157.136
2021-12-02 06:00:00,162.757,161.229,159.239,157.136
2021-12-02 07:00:00,162.757,161.229,159.239,157.136
2021-12-02 08:00:00,162.757,161.229,159.239,157.136
2021-12-02 09:00:00,162.757,161.229,159.239,157.136
2021-12-02 10:00:00,162.757,161.229,159.239,157.136
2021-12-02 11:00:00,166.715,166.899,165.632,155.351
2021-12-02 12:00:00,166.715,166.899,165.632,155.351
2021-12-02 13:00:00,166.715,166.899,165.632,155.351
2021-12-02 14:00:00,166.715,166.899,165.632,155.351
2021-12-02 15:00:00,166.715,166.899,165.632,155.351
2021-12-02 16:00:00,166.715,166.899,165.632,155.351
2021-12-02 17:00:00,165.979,160.362,156.385,148.085
2021-12-02 18:00:00,165.979,160.362,156.385,148.085
2021-12-02 19:00:00,165.979,160.362,156.385,148.085
2021-12-02 20:00:00,165.979,160.362,156.385,148.085
2021-12-02 21:00:00,165.979,160.362,156.385,148.085
2021-12-02 22:00:00,165.979,160.362,156.385,148.085
2021-12-02 23:00:00,159.633,154.902,151.68,147.107
2021-12-03 00:00:00,159.633,154.902,151.68,147.107
2021-12-03 01:00:00,159.633,154.902,151.68,147.107
2021-12-03 02:00:00,159.633,154.902,151.68,147.107
2021-12-03 03:00:00,159.633,154.902,151.68,147.107
2021-12-03 04:00:00,159.633,154.902,151.68,147.107
2021-12-03 05:00:00,157.209,154.005,151.073,147.183
2021-12-03 06:00:00,157.209,154.005,151.073,147.183
2021-12-03 07:00:00,157.209,154.005,151.073,147.183
2021-12-03 08:00:00,157.209,154.005,151.073,147.183
2021-12-03 09:00:00,157.209,154.005,151.073,147.183
2021-12-03 10:00:00,157.209,154.005,151.073,147.183
2021-12-03 11:00:00,145.821,141.054,137.3,137.179
2021-12-03 12:00:00,145.821,141.054,137.3,137.179
2021-12-03 13:00:00,145.821,141.054,137.3,137.179
2021-12-03 14:00:00,145.821,141.054,137.3,137.179
2021-12-03 15:00:00,145.821,141.054,137.3,137.179
2021-12-03 16:00:00,145.821,141.054,137.3,137.179
2021-12-03 17:00:00,155.841,154.784,153.4,159.909
2021-12-03 18:00:00,155.841,154.784,153.4,159.909
2021-12-03 19:00:00,155.841,154.784,153.4,159.909
2021-12-03 20:00:00,155.841,154.784,153.4,159.909
2021-12-03 21:00:00,155.841,154.784,153.4,159.909
2021-12-03 22:00:00,155.841,154.784,153.4,159.909
2021-12-03 23:00:00,166.783,168.366,168.188,171.262
2021-12-04 00:00:00,166.783,168.366,168.188,171.262
2021-12-04 01:00:00,166.783,168.366,168.188,171.262
2021-12-04 02:00:00,166.783,168.366,168.188,171.262
2021-12-04 03:00:00,166.783,168.366,168.188,171.262
2021-12-04 04:00:00,166.783,168.366,168.188,171.262
2021-12-04 05:00:00,156.053,174.569,175.848,197.278
2021-12-04 06:00:00,156.053,174.569,175.848,197.278
2021-12-04 07:00:00,156.053,174.569,175.848,197.278
2021-12-04 08:00:00,156.053,174.569,175.848,197.278
2021-12-04 09:00:00,156.053,174.569,175.848,197.278
2021-12-04 10:00:00,156.053,174.569,175.848,197.278
2021-12-04 11:00:00,193.292,197.971,199.208,193.502
2021-12-04 12:00:00,193.292,197.971,199.208,193.502
2021-12-04 13:00:00,193.292,197.971,199.208,193.502
2021-12-04 14:00:00,193.292,197.971,199.208,193.502
2021-12-04 15:00:00,193.292,197.971,199.208,193.502
2021-12-04 16:00:00,193.292,197.971,199.208,193.502
2021-12-04 17:00:00,196.903,195.904,193.753,184.207
2021-12-04 18:00:00,196.903,195.904,193.753,184.207
2021-12-04 19:00:00,196.903,195.904,193.753,184.207
2021-12-04 20:00:00,196.903,195.904,193.753,184.207
2021-12-04 21:00:00,196.903,195.904,193.753,184.207
2021-12-04 22:00:00,196.903,195.904,193.753,184.207
2021-12-04 23:00:00,193.574,188.677,184.912,175.588
2021-12-05 00:00:00,193.574,188.677,184.912,175.588
2021-12-05 01:00:00,193.574,188.677,184.912,175.588
2021-12-05 02:00:00,193.574,188.677,184.912,175.588
2021-12-05 03:00:00,193.574,188.677,184.912,175.588
2021-12-05 04:00:00,193.574,188.677,184.912,175.588
2021-12-05 05:00:00,165.236,178.608,177.894,161.26
2021-12-05 06:00:00,165.236,178.608,177.894,161.26
2021-12-05 07:00:00,165.236,178.608,177.894,161.26
2021-12-05 08:00:00,165.236,178.608,177.894,161.26
2021-12-05 09:00:00,165.236,178.608,177.894,161.26
2021-12-05 10:00:00,165.236,178.608,177.894,161.26
2021-12-05 11:00:00,175.337,169.799,165.723,161.965
2021-12-05 12:00:00,175.337,169.799,165.723,161.965
2021-12-05 13:00:00,175.337,169.799,165.723,161.965
2021-12-05 14:00:00,175.337,169.799,165.723,161.965
2021-12-05 15:00:00,175.337,169.799,165.723,161.965
2021-12-05 16:00:00,175.337,169.799,165.723,161.965
2021-12-05 17:00:00,178.443,175.386,172.913,173.614
2021-12-05 18:00:00,178.443,175.386,172.913,173.614
2021-12-05 19:00:00,178.443,175.386,172.913,173.614
2021-12-05 20:00:00,178.443,175.386,172.913,173.614
2021-12-05 21:00:00,178.443,175.386,172.913,173.614
2021-12-05 22:00:00,178.443,175.386,172.913,173.614
2021-12-05 23:00:00,180.311,178.661,176.886,172.035
2022-09-07 00:00:00,130.442,130.588,128.873,129.861
2022-09-07 01:00:00,130.442,130.588,128.873,129.861
2022-09-07 02:00:00,130.442,130.588,128.873,129.861
2022-09-07 03:00:00,130.442,130.588,128.873,129.861
2022-09-07 04:00:00,130.442,130.588,128.873,129.861
2022-09-07 05:00:00,124.543,131.636,133.299,133.503
2022-09-07 06:00:00,124.543,131.636,133.299,133.503
2022-09-07 07:00:00,124.543,131.636,133.299,133.503
2022-09-07 08:00:00,124.543,131.636,133.299,133.503
2022-09-07 09:00:00,124.543,131.636,133.299,133.503
2022-09-07 10:00:00,124.543,131.636,133.299,133.503
2022-09-07 11:00:00,122.621,125.418,124.27,130.32
2022-09-07 12:00:00,122.621,125.418,124.27,130.32
2022-09-07 13:00:00,122.621,125.418,124.27,130.32
2022-09-07 14:00:00,122.621,125.418,124.27,130.32
2022-09-07 15:00:00,122.621,125.418,124.27,130.32
2022-09-07 16:00:00,122.621,125.418,124.27,130.32
2022-09-07 17:00:00,131.141,131.323,129.633,132.148
2022-09-07 18:00:00,131.141,131.323,129.633,132.148
2022-09-07 19:00:00,131.141,131.323,129.633,132.148
2022-09-07 20:00:00,131.141,131.323,129.633,132.148
2022-09-07 21:00:00,131.141,131.323,129.633,132.148
2022-09-07 22:00:00,131.141,131.323,129.633,132.148
2022-09-07 23:00:00,134.755,133.811,131.57,133.363
2022-09-08 00:00:00,134.755,133.811,131.57,133.363
2022-09-08 01:00:00,134.755,133.811,131.57,133.363
2022-09-08 02:00:00,134.755,133.811,131.57,133.363
2022-09-08 03:00:00,134.755,133.811,131.57,133.363
2022-09-08 04:00:00,134.755,133.811,131.57,133.363
2022-09-08 05:00:00,133.4,140.155,138.208,146.186
2022-09-08 06:00:00,133.4,140.155,138.208,146.186
2022-09-08 07:00:00,133.4,140.155,138.208,146.186
2022-09-08 08:00:00,133.4,140.155,138.208,146.186
2022-09-08 09:00:00,133.4,140.155,138.208,146.186
2022-09-08 10:00:00,133.4,140.155,138.208,146.186
2022-09-08 11:00:00,149.11,150.83,150.158,154.333
2022-09-08 12:00:00,149.11,150.83,150.158,154.333
2022-09-08 13:00:00,149.11,150.83,150.158,154.333
2022-09-08 14:00:00,149.11,150.83,150.158,154.333
2022-09-08 15:00:00,149.11,150.83,150.158,154.333
2022-09-08 16:00:00,149.11,150.83,150.158,154.333
2022-09-08 17:00:00,160.425,157.821,153.996,149.591
2022-09-08 18:00:00,160.425,157.821,153.996,149.591
2022-09-08 19:00:00,160.425,157.821,153.996,149.591
2022-09-08 20:00:00,160.425,157.821,153.996,149.591
2022-09-08 21:00:00,160.425,157.821,153.996,149.591
2022-09-08 22:00:00,160.425,157.821,153.996,149.591
2022-09-08 23:00:00,154.03,149.676,145.804,138.102
2022-09-09 00:00:00,154.03,149.676,145.804,138.102
2022-09-09 01:00:00,154.03,149.676,145.804,138.102
2022-09-09 02:00:00,154.03,149.676,145.804,138.102
2022-09-09 03:00:00,154.03,149.676,145.804,138.102
2022-09-09 04:00:00,154.03,149.676,145.804,138.102
2022-09-09 05:00:00,143.56,141.829,141.689,130.979
2022-09-09 06:00:00,143.56,141.829,141.689,130.979
2022-09-09 07:00:00,143.56,141.829,141.689,130.979
2022-09-09 08:00:00,143.56,141.829,141.689,130.979
2022-09-09 09:00:00,143.56,141.829,141.689,130.979
2022-09-09 10:00:00,143.56,141.829,141.689,130.979
2022-09-09 11:00:00,130.105,132.238,132.202,140.067
2022-09-09 12:00:00,130.105,132.238,132.202,140.067
2022-09-09 13:00:00,130.105,132.238,132.202,140.067
2022-09-09 14:00:00,130.105,132.238,132.202,140.067
2022-09-09 15:00:00,130.105,132.238,132.202,140.067
2022-09-09 16:00:00,130.105,132.238,132.202,140.067
2022-09-09 17:00:00,140.955,142.64,141.468,141.907
2022-09-09 18:00:00,140.955,142.64,141.468,141.907
2022-09-09 19:00:00,140.955,142.64,141.468,141.907
2022-09-09 20:00:00,140.955,142.64,141.468,141.907
2022-09-09 21:00:00,140.955,142.64,141.468,141.907
2022-09-09 22:00:00,140.955,142.64,141.468,141.907
2022-09-09 23:00:00,143.587,141.53,138.404,131.427
2022-09-10 00:00:00,143.587,141.53,138.404,131.427
2022-09-10 01:00:00,143.587,141.53,138.404,131.427
2022-09-10 02:00:00,143.587,141.53,138.404,131.427
2022-09-10 03:00:00,143.587,141.53,138.404,131.427
2022-09-10 04:00:00,143.587,141.53,138.404,131.427
2022-09-10 05:00:00,137.136,132.501,128.235,121.548
2022-09-10 06:00:00,137.136,132.501,128.235,121.548
2022-09-10 07:00:00,137.136,132.501,128.235,121.548
2022-09-10 08:00:00,137.136,132.501,128.235,121.548
2022-09-10 09:00:00,137.136,132.501,128.235,121.548
2022-09-10 10:00:00,137.136,132.501,128.235,121.548
2022-09-10 11:00:00,129.455,128.367,125.722,119.65
2022-09-10 12:00:00,129.455,128.367,125.722,119.65
2022-09-10 13:00:00,129.455,128.367,125.722,119.65
2022-09-10 14:00:00,129.455,128.367,125.722,119.65
2022-09-10 15:00:00,129.455,128.367,125.722,119.65
2022-09-10 16:00:00,129.455,128.367,125.722,119.65
2022-09-10 17:00:00,125.76,121.974,118.001,113.662
2022-09-10 18:00:00,125.76,121.974,118.001,113.662
2022-09-10 19:00:00,125.76,121.974,118.001,113.662
2022-09-10 20:00:00,125.76,121.974,118.001,113.662
2022-09-10 21:00:00,125.76,121.974,118.001,113.662
2022-09-10 22:00:00,125.76,121.974,118.001,113.662
2022-09-10 23:00:00,120.359,117.034,113.601,111.573
2022-09-11 00:00:00,120.359,117.034,113.601,111.573
2022-09-11 01:00:00,120.359,117.034,113.601,111.573
2022-09-11 02:00:00,120.359,117.034,113.601,111.573
2022-09-11 03:00:00,120.359,117.034,113.601,111.573
2022-09-11 04:00:00,120.359,117.034,113.601,111.573
2022-09-11 05:00:00,116.599,113.84,110.645,107.487
2022-09-11 06:00:00,116.599,113.84,110.645,107.487
2022-09-11 07:00:00,116.599,113.84,110.645,107.487
2022-09-11 08:00:00,116.599,113.84,110.645,107.487
2022-09-11 09:00:00,116.599,113.84,110.645,107.487
2022-09-11 10:00:00,116.599,113.84,110.645,107.487
2022-09-11 11:00:00,117.189,115.834,112.63,108.299
2022-09-11 12:00:00,117.189,115.834,112.63,108.299
2022-09-11 13:00:00,117.189,115.834,112.63,108.299
2022-09-11 14:00:00,117.189,115.834,112.63,108.299
2022-09-11 15:00:00,117.189,115.834,112.63,108.299
2022-09-11 16:00:00,117.189,115.834,112.63,108.299
2022-09-11 17:00:00,113.427,109.697,105.827,100.523
2022-09-11 18:00:00,113.427,109.697,105.827,100.523
2022-09-11 19:00:00,113.427,109.697,105.827,100.523
2022-09-11 20:00:00,113.427,109.697,105.827,100.523
2022-09-11 21:00:00,113.427,109.697,105.827,100.523
2022-09-11 22:00:00,113.427,109.697,105.827,100.523
2022-09-11 23:00:00,107.26,103.485,99.717,96.708
2022-09-12 00:00:00,107.26,103.485,99.717,96.708
2022-09-12 01:00:00,107.26,103.485,99.717,96.708
2022-09-12 02:00:00,107.26,103.485,99.717,96.708
2022-09-12 03:00:00,107.26,103.485,99.717,96.708
2022-09-12 04:00:00,107.26,103.485,99.717,96.708
2022-09-12 05:00:00,103.8,101.375,98.398,98.882
2022-09-12 06:00:00,103.8,101.375,98.398,98.882
2022-09-12 07:00:00,103.8,101.375,98.398,98.882
2022-09-12 08:00:00,103.8,101.375,98.398,98.882
2022-09-12 09:00:00,103.8,101.375,98.398,98.882
2022-09-12 10:00:00,103.8,101.375,98.398,98.882
2022-09-12 11:00:00,88.802,91.26,89.646,99.346
2022-09-12 12:00:00,88.802,91.26,89.646,99.346
2022-09-12 13:00:00,88.802,91.26,89.646,99.346
2022-09-12 14:00:00,88.802,91.26,89.646,99.346
2022-09-12 15:00:00,88.802,91.26,89.646,99.346
2022-09-12 16:00:00,88.802,91.26,89.646,99.346
2022-09-12 17:00:00,99.584,101.206,100.201,99.883
2022-09-12 18:00:00,99.584,101.206,100.201,99.883
2022-09-12 19:00:00,99.584,101.206,100.201,99.883
2022-09-12 20:00:00,99.584,101.206,100.201,99.883
2022-09-12 21:00:00,99.584,101.206,100.201,99.883
2022-09-12 22:00:00,99.584,101.206,100.201,99.883
2022-09-12 23:00:00,103.611,102.189,99.274,96.662
2022-09-13 00:00:00,103.611,102.189,99.274,96.662
2022-09-13 01:00:00,103.611,102.189,99.274,96.662
2022-09-13 02:00:00,103.611,102.189,99.274,96.662
2022-09-13 03:00:00,103.611,102.189,99.274,96.662
2022-09-13 04:00:00,103.611,102.189,99.274,96.662
2022-09-13 05:00:00,98.392,97.861,99.643,104.409
2022-09-13 06:00:00,98.392,97.861,99.643,104.409
2022-09-13 07:00:00,98.392,97.861,99.643,104.409
2022-09-13 08:00:00,98.392,97.861,99.643,104.409
2022-09-13 09:00:00,98.392,97.861,99.643,104.409
2022-09-13 10:00:00,98.392,97.861,99.643,104.409
2022-09-13 11:00:00,106.498,108.717,105.032,111.153
2022-09-13 12:00:00,106.498,108.717,105.032,111.153
2022-09-13 13:00:00,106.498,108.717,105.032,111.153
2022-09-13 14:00:00,106.498,108.717,105.032,111.153
2022-09-13 15:00:00,106.498,108.717,105.032,111.153
2022-09-13 16:00:00,106.498,108.717,105.032,111.153
2022-09-13 17:00:00,113.784,113.61,111.89,111.347
2022-09-13 18:00:00,113.784,113.61,111.89,111.347
2022-09-13 19:00:00,113.784,113.61,111.89,111.347
2022-09-13 20:00:00,113.784,113.61,111.89,111.347
2022-09-13 21:00:00,113.784,113.61,111.89,111.347
2022-09-13 22:00:00,113.784,113.61,111.89,111.347
2022-09-13 23:00:00,116.132,114.743,111.906,110.912
2022-09-14 00:00:00,116.132,114.743,111.906,110.912
2022-09-14 01:00:00,116.132,114.743,111.906,110.912
2022-09-14 02:00:00,116.132,114.743,111.906,110.912
2022-09-14 03:00:00,116.132,114.743,111.906,110.912
2022-09-14 04:00:00,116.132,114.743,111.906,110.912
2022-09-14 05:00:00,104.654,101.43,104.856,106.845
2022-09-14 06:00:00,104.654,101.43,104.856,106.845
2022-09-14 07:00:00,104.654,101.43,104.856,106.845
2022-09-14 08:00:00,104.654,101.43,104.856,106.845
2022-09-14 09:00:00,104.654,101.43,104.856,106.845
2022-09-14 10:00:00,104.654,101.43,104.856,106.845
2022-09-14 11:00:00,95.674,100.011,98.599,99.517
2022-09-14 12:00:00,95.674,100.011,98.599,99.517
2022-09-14 13:00:00,95.674,100.011,98.599,99.517
2022-09-14 14:00:00,95.674,100.011,98.599,99.517
2022-09-14 15:00:00,95.674,100.011,98.599,99.517
2022-09-14 16:00:00,95.674,100.011,98.599,99.517
2022-09-14 17:00:00,102.817,101.601,98.72,95.935
2022-09-14 18:00:00,102.817,101.601,98.72,95.935
2022-09-14 19:00:00,102.817,101.601,98.72,95.935
2022-09-14 20:00:00,102.817,101.601,98.72,95.935
2022-09-14 21:00:00,102.817,101.601,98.72,95.935
2022-09-14 22:00:00,102.817,101.601,98.72,95.935
2022-09-14 23:00:00,102.056,99.685,96.41,95.25
2022-09-15 00:00:00,102.056,99.685,96.41,95.25
2022-09-15 01:00:00,102.056,99.685,96.41,95.25
2022-09-15 02:00:00,102.056,99.685,96.41,95.25
2022-09-15 03:00:00,102.056,99.685,96.41,95.25
2022-09-15 04:00:00,102.056,99.685,96.41,95.25
2022-09-15 05:00:00,101.582,99.951,97.237,98.225
2022-09-15 06:00:00,101.582,99.951,97.237,98.225
2022-09-15 07:00:00,101.582,99.951,97.237,98.225
2022-09-15 08:00:00,101.582,99.951,97.237,98.225
2022-09-15 09:00:00,101.582,99.951,97.237,98.225
2022-09-15 10:00:00,101.582,99.951,97.237,98.225
2022-09-15 11:00:00,96.309,98.528,97.357,92.177
2022-09-15 12:00:00,96.309,98.528,97.357,92.177
2022-09-15 13:00:00,96.309,98.528,97.357,92.177
2022-09-15 14:00:00,96.309,98.528,97.357,92.177
2022-09-15 15:00:00,96.309,98.528,97.357,92.177
2022-09-15 16:00:00,96.309,98.528,97.357,92.177
2022-09-15 17:00:00,99.267,97.054,93.391,93.236
2022-09-15 18:00:00,99.267,97.054,93.391,93.236
2022-09-15 19:00:00,99.267,97.054,93.391,93.236
2022-09-15 20:00:00,99.267,97.054,93.391,93.236
2022-09-15 21:00:00,99.267,97.054,93.391,93.236
2022-09-15 22:00:00,99.267,97.054,93.391,93.236
2022-09-15 23:00:00,99.115,97.588,94.85,95.413
2022-09-16 00:00:00,99.115,97.588,94.85,95.413
2022-09-16 01:00:00,99.115,97.588,94.85,95.413
2022-09-16 02:00:00,99.115,97.588,94.85,95.413
2022-09-16 03:00:00,99.115,97.588,94.85,95.413
2022-09-16 04:00:00,99.115,97.588,94.85,95.413
2022-09-16 05:00:00,84.651,89.556,91.271,85.526
2022-09-16 06:00:00,84.651,89.556,91.271,85.526
2022-09-16 07:00:00,84.651,89.556,91.271,85.526
2022-09-16 08:00:00,84.651,89.556,91.271,85.526
2022-09-16 09:00:00,84.651,89.556,91.271,85.526
2022-09-16 10:00:00,84.651,89.556,91.271,85.526
2022-09-16 11:00:00,92.074,95.311,94.663,85.204
2022-09-16 12:00:00,92.074,95.311,94.663,85.204
2022-09-16 13:00:00,92.074,95.311,94.663,85.204
2022-09-16 14:00:00,92.074,95.311,94.663,85.204
2022-09-16 15:00:00,92.074,95.311,94.663,85.204
2022-09-16 16:00:00,92.074,95.311,94.663,85.204
2022-09-16 17:00:00,94.269,91.146,86.88,87.115
2022-09-16 18:00:00,94.269,91.146,86.88,87.115
2022-09-16 19:00:00,94.269,91.146,86.88,87.115
2022-09-16 20:00:00,94.269,91.146,86.88,87.115
2022-09-16 21:00:00,94.269,91.146,86.88,87.115
2022-09-16 22:00:00,94.269,91.146,86.88,87.115
2022-09-16 23:00:00,93.127,91.609,89.019,89.968
2022-09-17 00:00:00,93.127,91.609,89.019,89.968
2022-09-17 01:00:00,93.127,91.609,89.019,89.968
2022-09-17 02:00:00,93.127,91.609,89.019,89.968
2022-09-17 03:00:00,93.127,91.609,89.019,89.968
2022-09-17 04:00:00,93.127,91.609,89.019,89.968
2022-09-17 05:00:00,84.754,86.646,87.154,80.285
2022-09-17 06:00:00,84.754,86.646,87.154,80.285
2022-09-17 07:00:00,84.754,86.646,87.154,80.285
2022-09-17 08:00:00,84.754,86.646,87.154,80.285
2022-09-17 09:00:00,84.754,86.646,87.154,80.285
2022-09-17 10:00:00,84.754,86.646,87.154,80.285
2022-09-17 11:00:00,87.737,85.751,81.88,82.097
2022-09-17 12:00:00,87.737,85.751,81.88,82.097
2022-09-17 13:00:00,87.737,85.751,81.88,82.097
2022-09-17 14:00:00,87.737,85.751,81.88,82.097
2022-09-17 15:00:00,87.737,85.751,81.88,82.097
2022-09-17 16:00:00,87.737,85.751,81.88,82.097
2022-09-17 17:00:00,88.114,86.828,84.261,85.499
2022-09-17 18:00:00,88.114,86.828,84.261,85.499
2022-09-17 19:00:00,88.114,86.828,84.261,85.499
2022-09-17 20:00:00,88.114,86.828,84.261,85.499
2022-09-17 21:00:00,88.114,86.828,84.261,85.499
2022-09-17 22:00:00,88.114,86.828,84.261,85.499
2022-09-17 23:00:00,90.147,89.378,86.912,87.039
2022-09-18 00:00:00,90.147,89.378,86.912,87.039
2022-09-18 01:00:00,90.147,89.378,86.912,87.039
2022-09-18 02:00:00,90.147,89.378,86.912,87.039
2022-09-18 03:00:00,90.147,89.378,86.912,87.039
2022-09-18 04:00:00,90.147,89.378,86.912,87.039
2022-09-18 05:00:00,91.557,93.573,92.256,92.174
2022-09-18 06:00:00,91.557,93.573,92.256,92.174
2022-09-18 07:00:00,91.557,93.573,92.256,92.174
2022-09-18 08:00:00,91.557,93.573,92.256,92.174
2022-09-18 09:00:00,91.557,93.573,92.256,92.174
2022-09-18 10:00:00,91.557,93.573,92.256,92.174
2022-09-18 11:00:00,97.506,96.993,94.18,95.06
2022-09-18 12:00:00,97.506,96.993,94.18,95.06
2022-09-18 13:00:00,97.506,96.993,94.18,95.06
2022-09-18 14:00:00,97.506,96.993,94.18,95.06
2022-09-18 15:00:00,97.506,96.993,94.18,95.06
2022-09-18 16:00:00,97.506,96.993,94.18,95.06
2022-09-18 17:00:00,99.067,97.568,94.558,91.78
2022-09-18 18:00:00,99.067,97.568,94.558,91.78
2022-09-18 19:00:00,99.067,97.568,94.558,91.78
2022-09-18 20:00:00,99.067,97.568,94.558,91.78
2022-09-18 21:00:00,99.067,97.568,94.558,91.78
2022-09-18 22:00:00,99.067,97.568,94.558,91.78
2022-09-18 23:00:00,97.246,94.498,90.888,87.368
2022-09-19 00:00:00,97.246,94.498,90.888,87.368
2022-09-19 01:00:00,97.246,94.498,90.888,87.368
2022-09-19 02:00:00,97.246,94.498,90.888,87.368
2022-09-19 03:00:00,97.246,94.498,90.888,87.368
2022-09-19 04:00:00,97.246,94.498,90.888,87.368
2022-09-19 05:00:00,94.021,85.225,84.027,81.557
2022-09-19 06:00:00,94.021,85.225,84.027,81.557
2022-09-19 07:00:00,94.021,85.225,84.027,81.557
2022-09-19 08:00:00,94.021,85.225,84.027,81.557
2022-09-19 09:00:00,94.021,85.225,84.027,81.557
2022-09-19 10:00:00,94.021,85.225,84.027,81.557
2022-09-19 11:00:00,80.79,77.808,74.069,86.93
2022-09-19 12:00:00,80.79,77.808,74.069,86.93
2022-09-19 13:00:00,80.79,77.808,74.069,86.93
2022-09-19 14:00:00,80.79,77.808,74.069,86.93
2022-09-19 15:00:00,80.79,77.808,74.069,86.93
2022-09-19 16:00:00,80.79,77.808,74.069,86.93
2022-09-19 17:00:00,86.383,88.558,87.801,87.28
2022-09-19 18:00:00,86.383,88.558,87.801,87.28
2022-09-19 19:00:00,86.383,88.558,87.801,87.28
2022-09-19 20:00:00,86.383,88.558,87.801,87.28
2022-09-19 21:00:00,86.383,88.558,87.801,87.28
2022-09-19 22:00:00,86.383,88.558,87.801,87.28
2022-09-19 23:00:00,91.62,90.668,87.636,85.798
2022-09-20 00:00:00,91.62,90.668,87.636,85.798
2022-09-20 01:00:00,91.62,90.668,87.636,85.798
2022-09-20 02:00:00,91.62,90.668,87.636,85.798
2022-09-20 03:00:00,91.62,90.668,87.636,85.798
2022-09-20 04:00:00,91.62,90.668,87.636,85.798
2022-09-20 05:00:00,84.537,84.756,83.669,89.075
2022-09-20 06:00:00,84.537,84.756,83.669,89.075
2022-09-20 07:00:00,84.537,84.756,83.669,89.075
2022-09-20 08:00:00,84.537,84.756,83.669,89.075
2022-09-20 09:00:00,84.537,84.756,83.669,89.075
2022-09-20 10:00:00,84.537,84.756,83.669,89.075
2022-09-20 11:00:00,91.229,92.136,90.193,89.694
2022-09-20 12:00:00,91.229,92.136,90.193,89.694
2022-09-20 13:00:00,91.229,92.136,90.193,89.694
2022-09-20 14:00:00,91.229,92.136,90.193,89.694
2022-09-20 15:00:00,91.229,92.136,90.193,89.694
2022-09-20 16:00:00,91.229,92.136,90.193,89.694
2022-09-20 17:00:00,94.745,93.539,90.642,89.527
2022-09-20 18:00:00,94.745,93.539,90.642,89.527
2022-09-20 19:00:00,94.745,93.539,90.642,89.527
2022-09-20 20:00:00,94.745,93.539,90.642,89.527
2022-09-20 21:00:00,94.745,93.539,90.642,89.527
2022-09-20 22:00:00,94.745,93.539,90.642,89.527
2022-09-20 23:00:00,95.464,93.907,91.085,90.821
2022-09-21 00:00:00,95.464,93.907,91.085,90.821
2022-09-21 01:00:00,95.464,93.907,91.085,90.821
2022-09-21 02:00:00,95.464,93.907,91.085,90.821
2022-09-21 03:00:00,95.464,93.907,91.085,90.821
2022-09-21 04:00:00,95.464,93.907,91.085,90.821
2022-09-21 05:00:00,96.255,94.92,92.256,91.835
2022-09-21 06:00:00,96.255,94.92,92.256,91.835
2022-09-21 07:00:00,96.255,94.92,92.256,91.835
2022-09-21 08:00:00,96.255,94.92,92.256,91.835
2022-09-21 09:00:00,96.255,94.92,92.256,91.835
2022-09-21 10:00:00,96.255,94.92,92.256,91.835
2022-09-21 11:00:00,95.084,96.129,93.728,91.017
2022-09-21 12:00:00,95.084,96.129,93.728,91.017
2022-09-21 13:00:00,95.084,96.129,93.728,91.017
2022-09-21 14:00:00,95.084,96.129,93.728,91.017
2022-09-21 15:00:00,95.084,96.129,93.728,91.017
2022-09-21 16:00:00,95.084,96.129,93.728,91.017
2022-09-21 17:00:00,96.585,94.304,90.874,88.019
2022-09-21 18:00:00,96.585,94.304,90.874,88.019
2022-09-21 19:00:00,96.585,94.304,90.874,88.019
2022-09-21 20:00:00,96.585,94.304,90.874,88.019
2022-09-21 21:00:00,96.585,94.304,90.874,88.019
2022-09-21 22:00:00,96.585,94.304,90.874,88.019
2022-09-21 23:00:00,94.532,92.122,88.868,87.44
2022-09-22 00:00:00,94.532,92.122,88.868,87.44
2022-09-22 01:00:00,94.532,92.122,88.868,87.44
2022-09-22 02:00:00,94.532,92.122,88.868,87.44
2022-09-22 03:00:00,94.532,92.122,88.868,87.44
2022-09-22 04:00:00,94.532,92.122,88.868,87.44
2022-09-22 05:00:00,92.421,91.144,90.365,80.414
2022-09-22 06:00:00,92.421,91.144,90.365,80.414
2022-09-22 07:00:00,92.421,91.144,90.365,80.414
2022-09-22 08:00:00,92.421,91.144,90.365,80.414
2022-09-22 09:00:00,92.421,91.144,90.365,80.414
2022-09-22 10:00:00,92.421,91.144,90.365,80.414
2022-09-22 11:00:00,82.932,83.784,82.33,75.925
2022-09-22 12:00:00,82.932,83.784,82.33,75.925
2022-09-22 13:00:00,82.932,83.784,82.33,75.925
2022-09-22 14:00:00,82.932,83.784,82.33,75.925
2022-09-22 15:00:00,82.932,83.784,82.33,75.925
2022-09-22 16:00:00,82.932,83.784,82.33,75.925
2022-09-22 17:00:00,82.828,79.697,75.645,72.036
2022-09-22 18:00:00,82.828,79.697,75.645,72.036
2022-09-22 19:00:00,82.828,79.697,75.645,72.036
2022-09-22 20:00:00,82.828,79.697,75.645,72.036
2022-09-22 21:00:00,82.828,79.697,75.645,72.036
2022-09-22 22:00:00,82.828,79.697,75.645,72.036
2022-09-22 23:00:00,79.522,76.823,73.561,73.018
2022-09-23 00:00:00,79.522,76.823,73.561,73.018
2022-09-23 01:00:00,79.522,76.823,73.561,73.018
2022-09-23 02:00:00,79.522,76.823,73.561,73.018
2022-09-23 03:00:00,79.522,76.823,73.561,73.018
2022-09-23 04:00:00,79.522,76.823,73.561,73.018
2022-09-23 05:00:00,71.948,72.908,71.827,67.673
2022-09-23 06:00:00,71.948,72.908,71.827,67.673
2022-09-23 07:00:00,71.948,72.908,71.827,67.673
2022-09-23 08:00:00,71.948,72.908,71.827,67.673
2022-09-23 09:00:00,71.948,72.908,71.827,67.673
2022-09-23 10:00:00,71.948,72.908,71.827,67.673
2022-09-23 11:00:00,73.738,72.328,69.782,65.643
2022-09-23 12:00:00,73.738,72.328,69.782,65.643
2022-09-23 13:00:00,73.738,72.328,69.782,65.643
2022-09-23 14:00:00,73.738,72.328,69.782,65.643
2022-09-23 15:00:00,73.738,72.328,69.782,65.643
2022-09-23 16:00:00,73.738,72.328,69.782,65.643
2022-09-23 17:00:00,73.198,71.088,67.89,68.391
2022-09-23 18:00:00,73.198,71.088,67.89,68.391
2022-09-23 19:00:00,73.198,71.088,67.89,68.391
2022-09-23 20:00:00,73.198,71.088,67.89,68.391
2022-09-23 21:00:00,73.198,71.088,67.89,68.391
2022-09-23 22:00:00,73.198,71.088,67.89,68.391
2022-09-23 23:00:00,74.526,73.993,71.79,74.377
2022-09-24 00:00:00,74.526,73.993,71.79,74.377
2022-09-24 01:00:00,74.526,73.993,71.79,74.377
2022-09-24 02:00:00,74.526,73.993,71.79,74.377
2022-09-24 03:00:00,74.526,73.993,71.79,74.377
2022-09-24 04:00:00,74.526,73.993,71.79,74.377
2022-09-24 05:00:00,71.536,71.782,70.857,70.085
2022-09-24 06:00:00,71.536,71.782,70.857,70.085
2022-09-24 07:00:00,71.536,71.782,70.857,70.085
2022-09-24 08:00:00,71.536,71.782,70.857,70.085
2022-09-24 09:00:00,71.536,71.782,70.857,70.085
2022-09-24 10:00:00,71.536,71.782,70.857,70.085
2022-09-24 11:00:00,75.938,75.832,73.429,75.773
2022-09-24 12:00:00,75.938,75.832,73.429,75.773
2022-09-24 13:00:00,75.938,75.832,73.429,75.773
2022-09-24 14:00:00,75.938,75.832,73.429,75.773
2022-09-24 15:00:00,75.938,75.832,73.429,75.773
2022-09-24 16:00:00,75.938,75.832,73.429,75.773
2022-09-24 17:00:00,80.744,81.022,79.192,81.549
2022-09-24 18:00:00,80.744,81.022,79.192,81.549
2022-09-24 19:00:00,80.744,81.022,79.192,81.549
2022-09-24 20:00:00,80.744,81.022,79.192,81.549
2022-09-24 21:00:00,80.744,81.022,79.192,81.549
2022-09-24 22:00:00,80.744,81.022,79.192,81.549
2022-09-24 23:00:00,86.19,86.539,84.719,86.575
2022-09-25 00:00:00,86.19,86.539,84.719,86.575
2022-09-25 01:00:00,86.19,86.539,84.719,86.575
2022-09-25 02:00:00,86.19,86.539,84.719,86.575
2022-09-25 03:00:00,86.19,86.539,84.719,86.575
2022-09-25 04:00:00,86.19,86.539,84.719,86.575
2022-09-25 05:00:00,91.284,91.331,89.392,90.644
2022-09-25 06:00:00,91.284,91.331,89.392,90.644
2022-09-25 07:00:00,91.284,91.331,89.392,90.644
2022-09-25 08:00:00,91.284,91.331,89.392,90.644
2022-09-25 09:00:00,91.284,91.331,89.392,90.644
2022-09-25 10:00:00,91.284,91.331,89.392,90.644
2022-09-25 11:00:00,91.827,94.7,93.655,91.307
2022-09-25 12:00:00,91.827,94.7,93.655,91.307
2022-09-25 13:00:00,91.827,94.7,93.655,91.307
2022-09-25 14:00:00,91.827,94.7,93.655,91.307
2022-09-25 15:00:00,91.827,94.7,93.655,91.307
2022-09-25 16:00:00,91.827,94.7,93.655,91.307
2022-09-25 17:00:00,96.149,94.383,91.174,87.808
2022-09-25 18:00:00,96.149,94.383,91.174,87.808
2022-09-25 19:00:00,96.149,94.383,91.174,87.808
2022-09-25 20:00:00,96.149,94.383,91.174,87.808
2022-09-25 21:00:00,96.149,94.383,91.174,87.808
2022-09-25 22:00:00,96.149,94.383,91.174,87.808
2022-09-25 23:00:00,94.628,92.229,89.159,87.911
2022-09-26 00:00:00,94.628,92.229,89.159,87.911
2022-09-26 01:00:00,94.628,92.229,89.159,87.911
2022-09-26 02:00:00,94.628,92.229,89.159,87.911
2022-09-26 03:00:00,94.628,92.229,89.159,87.911
2022-09-26 04:00:00,94.628,92.229,89.159,87.911
2022-09-26 05:00:00,85.242,90.169,93.302,90.628
2022-09-26 06:00:00,85.242,90.169,93.302,90.628
2022-09-26 07:00:00,85.242,90.169,93.302,90.628
2022-09-26 08:00:00,85.242,90.169,93.302,90.628
2022-09-26 09:00:00,85.242,90.169,93.302,90.628
2022-09-26 10:00:00,85.242,90.169,93.302,90.628
2022-09-26 11:00:00,82.5,84.602,79.927,92.937
2022-09-26 12:00:00,82.5,84.602,79.927,92.937
2022-09-26 13:00:00,82.5,84.602,79.927,92.937
2022-09-26 14:00:00,82.5,84.602,79.927,92.937
2022-09-26 15:00:00,82.5,84.602,79.927,92.937
2022-09-26 16:00:00,82.5,84.602,79.927,92.937
2022-09-26 17:00:00,92.46,94.159,93.573,91.705
2022-09-26 18:00:00,92.46,94.159,93.573,91.705
2022-09-26 19:00:00,92.46,94.159,93.573,91.705
2022-09-26 20:00:00,92.46,94.159,93.573,91.705
2022-09-26 21:00:00,92.46,94.159,93.573,91.705
2022-09-26 22:00:00,92.46,94.159,93.573,91.705
2022-09-26 23:00:00,97.084,96.104,93.165,91.959
2022-09-27 00:00:00,97.084,96.104,93.165,91.959
2022-09-27 01:00:00,97.084,96.104,93.165,91.959
2022-09-27 02:00:00,97.084,96.104,93.165,91.959
2022-09-27 03:00:00,97.084,96.104,93.165,91.959
2022-09-27 04:00:00,97.084,96.104,93.165,91.959
2022-09-27 05:00:00,98.478,97.203,98.093,95.03
2022-09-27 06:00:00,98.478,97.203,98.093,95.03
2022-09-27 07:00:00,98.478,97.203,98.093,95.03
2022-09-27 08:00:00,98.478,97.203,98.093,95.03
2022-09-27 09:00:00,98.478,97.203,98.093,95.03
2022-09-27 10:00:00,98.478,97.203,98.093,95.03
2022-09-27 11:00:00,97.419,101.244,101.261,102.475
2022-09-27 12:00:00,97.419,101.244,101.261,102.475
2022-09-27 13:00:00,97.419,101.244,101.261,102.475
2022-09-27 14:00:00,97.419,101.244,101.261,102.475
2022-09-27 15:00:00,97.419,101.244,101.261,102.475
2022-09-27 16:00:00,97.419,101.244,101.261,102.475
2022-09-27 17:00:00,105.804,105.606,103.049,100.582
2022-09-27 18:00:00,105.804,105.606,103.049,100.582
2022-09-27 19:00:00,105.804,105.606,103.049,100.582
2022-09-27 20:00:00,105.804,105.606,103.049,100.582
2022-09-27 21:00:00,105.804,105.606,103.049,100.582
2022-09-27 22:00:00,105.804,105.606,103.049,100.582
2022-09-27 23:00:00,107.153,105.45,102.508,101.8
2022-09-28 00:00:00,107.153,105.45,102.508,101.8
2022-09-28 01:00:00,107.153,105.45,102.508,101.8
2022-09-28 02:00:00,107.153,105.45,102.508,101.8
2022-09-28 03:00:00,107.153,105.45,102.508,101.8
2022-09-28 04:00:00,107.153,105.45,102.508,101.8
2022-09-28 05:00:00,107.793,106.477,103.848,103.359
2022-09-28 06:00:00,107.793,106.477,103.848,103.359
2022-09-28 07:00:00,107.793,106.477,103.848,103.359
2022-09-28 08:00:00,107.793,106.477,103.848,103.359
2022-09-28 09:00:00,107.793,106.477,103.848,103.359
2022-09-28 10:00:00,107.793,106.477,103.848,103.359
2022-09-28 11:00:00,112.763,114.901,113.856,106.492
2022-09-28 12:00:00,112.763,114.901,113.856,106.492
2022-09-28 13:00:00,112.763,114.901,113.856,106.492
2022-09-28 14:00:00,112.763,114.901,113.856,106.492
2022-09-28 15:00:00,112.763,114.901,113.856,106.492
2022-09-28 16:00:00,112.763,114.901,113.856,106.492
2022-09-28 17:00:00,113.558,110.411,106.262,102.361
2022-09-28 18:00:00,113.558,110.411,106.262,102.361
2022-09-28 19:00:00,113.558,110.411,106.262,102.361
2022-09-28 20:00:00,113.558,110.411,106.262,102.361
2022-09-28 21:00:00,113.558,110.411,106.262,102.361
2022-09-28 22:00:00,113.558,110.411,106.262,102.361
2022-09-28 23:00:00,109.472,106.525,103.119,100.679
2022-09-29 00:00:00,109.472,106.525,103.119,100.679
2022-09-29 01:00:00,109.472,106.525,103.119,100.679
2022-09-29 02:00:00,109.472,106.525,103.119,100.679
2022-09-29 03:00:00,109.472,106.525,103.119,100.679
2022-09-29 04:00:00,109.472,106.525,103.119,100.679
2022-09-29 05:00:00,96.539,99.562,102.621,95.841
2022-09-29 06:00:00,96.539,99.562,102.621,95.841
2022-09-29 07:00:00,96.539,99.562,102.621,95.841
2022-09-29 08:00:00,96.539,99.562,102.621,95.841
2022-09-29 09:00:00,96.539,99.562,102.621,95.841
2022-09-29 10:00:00,96.539,99.562,102.621,95.841
2022-09-29 11:00:00,95.445,97.892,97.26,91.302
2022-09-29 12:00:00,95.445,97.892,97.26,91.302
2022-09-29 13:00:00,95.445,97.892,97.26,91.302
2022-09-29 14:00:00,95.445,97.892,97.26,91.302
2022-09-29 15:00:00,95.445,97.892,97.26,91.302
2022-09-29 16:00:00,95.445,97.892,97.26,91.302
2022-09-29 17:00:00,97.828,95.28,91.45,87.848
2022-09-29 18:00:00,97.828,95.28,91.45,87.848
2022-09-29 19:00:00,97.828,95.28,91.45,87.848
2022-09-29 20:00:00,97.828,95.28,91.45,87.848
2022-09-29 21:00:00,97.828,95.28,91.45,87.848
2022-09-29 22:00:00,97.828,95.28,91.45,87.848
2022-09-29 23:00:00,95.648,93.266,90.209,89.791
2022-09-30 00:00:00,95.648,93.266,90.209,89.791
2022-09-30 01:00:00,95.648,93.266,90.209,89.791
2022-09-30 02:00:00,95.648,93.266,90.209,89.791
2022-09-30 03:00:00,95.648,93.266,90.209,89.791
2022-09-30 04:00:00,95.648,93.266,90.209,89.791
2022-09-30 05:00:00,96.028,91.772,91.928,82.663
2022-09-30 06:00:00,96.028,91.772,91.928,82.663
2022-09-30 07:00:00,96.028,91.772,91.928,82.663
2022-09-30 08:00:00,96.028,91.772,91.928,82.663
2022-09-30 09:00:00,96.028,91.772,91.928,82.663
2022-09-30 10:00:00,96.028,91.772,91.928,82.663
2022-09-30 11:00:00,83.818,84.893,81.164,94.219
2022-09-30 12:00:00,83.818,84.893,81.164,94.219
2022-09-30 13:00:00,83.818,84.893,81.164,94.219
2022-09-30 14:00:00,83.818,84.893,81.164,94.219
2022-09-30 15:00:00,83.818,84.893,81.164,94.219
2022-09-30 16:00:00,83.818,84.893,81.164,94.219
2022-09-30 17:00:00,95.709,98.809,98.96,102.103
2022-09-30 18:00:00,95.709,98.809,98.96,102.103
2022-09-30 19:00:00,95.709,98.809,98.96,102.103
2022-09-30 20:00:00,95.709,98.809,98.96,102.103
2022-09-30 21:00:00,95.709,98.809,98.96,102.103
2022-09-30 22:00:00,95.709,98.809,98.96,102.103
2022-09-30 23:00:00,104.467,104.793,102.591,99.495
2022-10-01 00:00:00,104.467,104.793,102.591,99.495
2022-10-01 01:00:00,104.467,104.793,102.591,99.495
2022-10-01 02:00:00,104.467,104.793,102.591,99.495
2022-10-01 03:00:00,104.467,104.793,102.591,99.495
2022-10-01 04:00:00,104.467,104.793,102.591,99.495
2022-10-01 05:00:00,88.95,91.49,93.507,102.791
2022-10-01 06:00:00,88.95,91.49,93.507,102.791
2022-10-01 07:00:00,88.95,91.49,93.507,102.791
2022-10-01 08:00:00,88.95,91.49,93.507,102.791
2022-10-01 09:00:00,88.95,91.49,93.507,102.791
2022-10-01 10:00:00,88.95,91.49,93.507,102.791
2022-10-01 11:00:00,81.099,86.404,86.315,93.469
2022-10-01 12:00:00,81.099,86.404,86.315,93.469
2022-10-01 13:00:00,81.099,86.404,86.315,93.469
2022-10-01 14:00:00,81.099,86.404,86.315,93.469
2022-10-01 15:00:00,81.099,86.404,86.315,93.469
2022-10-01 16:00:00,81.099,86.404,86.315,93.469
2022-10-01 17:00:00,90.37,89.908,87.296,84.724
2022-10-01 18:00:00,90.37,89.908,87.296,84.724
2022-10-01 19:00:00,90.37,89.908,87.296,84.724
2022-10-01 20:00:00,90.37,89.908,87.296,84.724
2022-10-01 21:00:00,90.37,89.908,87.296,84.724
2022-10-01 22:00:00,90.37,89.908,87.296,84.724
2022-10-01 23:00:00,89.242,86.231,82.692,84.253
2022-10-02 00:00:00,89.242,86.231,82.692,84.253
2022-10-02 01:00:00,89.242,86.231,82.692,84.253
2022-10-02 02:00:00,89.242,86.231,82.692,84.253
2022-10-02 03:00:00,89.242,86.231,82.692,84.253
2022-10-02 04:00:00,89.242,86.231,82.692,84.253
2022-10-02 05:00:00,75.511,74.751,73.681,74.683
2022-10-02 06:00:00,75.511,74.751,73.681,74.683
2022-10-02 07:00:00,75.511,74.751,73.681,74.683
2022-10-02 08:00:00,75.511,74.751,73.681,74.683
2022-10-02 09:00:00,75.511,74.751,73.681,74.683
2022-10-02 10:00:00,75.511,74.751,73.681,74.683
2022-10-02 11:00:00,71.464,69.439,66.19,80.117
2022-10-02 12:00:00,71.464,69.439,66.19,80.117
2022-10-02 13:00:00,71.464,69.439,66.19,80.117
2022-10-02 14:00:00,71.464,69.439,66.19,80.117
2022-10-02 15:00:00,71.464,69.439,66.19,80.117
2022-10-02 16:00:00,71.464,69.439,66.19,80.117
2022-10-02 17:00:00,77.245,79.187,78.477,83.674
2022-10-02 18:00:00,77.245,79.187,78.477,83.674
2022-10-02 19:00:00,77.245,79.187,78.477,83.674
2022-10-02 20:00:00,77.245,79.187,78.477,83.674
2022-10-02 21:00:00,77.245,79.187,78.477,83.674
2022-10-02 22:00:00,77.245,79.187,78.477,83.674
2022-10-02 23:00:00,83.911,83.929,81.71,84.325
2022-10-03 00:00:00,83.911,83.929,81.71,84.325
2022-10-03 01:00:00,83.911,83.929,81.71,84.325
2022-10-03 02:00:00,83.911,83.929,81.71,84.325
2022-10-03 03:00:00,83.911,83.929,81.71,84.325
2022-10-03 04:00:00,83.911,83.929,81.71,84.325
2022-10-03 05:00:00,86.736,85.674,83.158,85.228
2022-10-03 06:00:00,86.736,85.674,83.158,85.228
2022-10-03 07:00:00,86.736,85.674,83.158,85.228
2022-10-03 08:00:00,86.736,85.674,83.158,85.228
2022-10-03 09:00:00,86.736,85.674,83.158,85.228
2022-10-03 10:00:00,86.736,85.674,83.158,85.228
2022-10-03 11:00:00,86.71,90.708,88.709,87.038
2022-10-03 12:00:00,86.71,90.708,88.709,87.038
2022-10-03 13:00:00,86.71,90.708,88.709,87.038
2022-10-03 14:00:00,86.71,90.708,88.709,87.038
2022-10-03 15:00:00,86.71,90.708,88.709,87.038
2022-10-03 16:00:00,86.71,90.708,88.709,87.038
2022-10-03 17:00:00,92.076,90.189,87.248,83.699
2022-10-03 18:00:00,92.076,90.189,87.248,83.699
2022-10-03 19:00:00,92.076,90.189,87.248,83.699
2022-10-03 20:00:00,92.076,90.189,87.248,83.699
2022-10-03 21:00:00,92.076,90.189,87.248,83.699
2022-10-03 22:00:00,92.076,90.189,87.248,83.699
2022-10-03 23:00:00,90.202,87.593,84.427,81.421
2022-10-04 00:00:00,90.202,87.593,84.427,81.421
2022-10-04 01:00:00,90.202,87.593,84.427,81.421
2022-10-04 02:00:00,90.202,87.593,84.427,81.421
2022-10-04 03:00:00,90.202,87.593,84.427,81.421
2022-10-04 04:00:00,90.202,87.593,84.427,81.421
2022-10-04 05:00:00,83.42,83.762,83.765,70.978
2022-10-04 06:00:00,83.42,83.762,83.765,70.978
2022-10-04 07:00:00,83.42,83.762,83.765,70.978
2022-10-04 08:00:00,83.42,83.762,83.765,70.978
2022-10-04 09:00:00,83.42,83.762,83.765,70.978
2022-10-04 10:00:00,83.42,83.762,83.765,70.978
2022-10-04 11:00:00,71.712,70.048,67.713,69.346
2022-10-04 12:00:00,71.712,70.048,67.713,69.346
2022-10-04 13:00:00,71.712,70.048,67.713,69.346
2022-10-04 14:00:00,71.712,70.048,67.713,69.346
2022-10-04 15:00:00,71.712,70.048,67.713,69.346
2022-10-04 16:00:00,71.712,70.048,67.713,69.346
2022-10-04 17:00:00,73.611,73.029,70.939,73.543
2022-10-04 18:00:00,73.611,73.029,70.939,73.543
2022-10-04 19:00:00,73.611,73.029,70.939,73.543
2022-10-04 20:00:00,73.611,73.029,70.939,73.543
2022-10-04 21:00:00,73.611,73.029,70.939,73.543
2022-10-04 22:00:00,73.611,73.029,70.939,73.543
2022-10-04 23:00:00,77.798,77.914,76.133,79.554
2022-10-05 00:00:00,77.798,77.914,76.133,79.554
2022-10-05 01:00:00,77.798,77.914,76.133,79.554
2022-10-05 02:00:00,77.798,77.914,76.133,79.554
2022-10-05 03:00:00,77.798,77.914,76.133,79.554
2022-10-05 04:00:00,77.798,77.914,76.133,79.554
2022-10-05 05:00:00,72.542,70.91,69.099,80.601
2022-10-05 06:00:00,72.542,70.91,69.099,80.601
2022-10-05 07:00:00,72.542,70.91,69.099,80.601
2022-10-05 08:00:00,72.542,70.91,69.099,80.601
2022-10-05 09:00:00,72.542,70.91,69.099,80.601
2022-10-05 10:00:00,72.542,70.91,69.099,80.601
2022-10-05 11:00:00,68.4,69.121,66.675,83.516
2022-10-05 12:00:00,68.4,69.121,66.675,83.516
2022-10-05 13:00:00,68.4,69.121,66.675,83.516
2022-10-05 14:00:00,68.4,69.121,66.675,83.516
2022-10-05 15:00:00,68.4,69.121,66.675,83.516
2022-10-05 16:00:00,68.4,69.121,66.675,83.516
2022-10-05 17:00:00,78.159,80.821,80.55,85.319
2022-10-05 18:00:00,78.159,80.821,80.55,85.319
2022-10-05 19:00:00,78.159,80.821,80.55,85.319
2022-10-05 20:00:00,78.159,80.821,80.55,85.319
2022-10-05 21:00:00,78.159,80.821,80.55,85.319
2022-10-05 22:00:00,78.159,80.821,80.55,85.319
2022-10-05 23:00:00,85.427,85.365,83.226,86.826
2022-10-06 00:00:00,85.427,85.365,83.226,86.826
2022-10-06 01:00:00,85.427,85.365,83.226,86.826
2022-10-06 02:00:00,85.427,85.365,83.226,86.826
2022-10-06 03:00:00,85.427,85.365,83.226,86.826
2022-10-06 04:00:00,85.427,85.365,83.226,86.826
2022-10-06 05:00:00,88.389,87.425,85.17,87.464
2022-10-06 06:00:00,88.389,87.425,85.17,87.464
2022-10-06 07:00:00,88.389,87.425,85.17,87.464
2022-10-06 08:00:00,88.389,87.425,85.17,87.464
2022-10-06 09:00:00,88.389,87.425,85.17,87.464
2022-10-06 10:00:00,88.389,87.425,85.17,87.464
2022-10-06 11:00:00,84.318,88.788,88.483,90.744
2022-10-06 12:00:00,84.318,88.788,88.483,90.744
2022-10-06 13:00:00,84.318,88.788,88.483,90.744
2022-10-06 14:00:00,84.318,88.788,88.483,90.744
2022-10-06 15:00:00,84.318,88.788,88.483,90.744
2022-10-06 16:00:00,84.318,88.788,88.483,90.744
2022-10-06 17:00:00,93.132,92.819,90.576,90.303
2022-10-06 18:00:00,93.132,92.819,90.576,90.303
2022-10-06 19:00:00,93.132,92.819,90.576,90.303
2022-10-06 20:00:00,93.132,92.819,90.576,90.303
2022-10-06 21:00:00,93.132,92.819,90.576,90.303
2022-10-06 22:00:00,93.132,92.819,90.576,90.303
2022-10-06 23:00:00,94.444,92.696,90.02,88.797
2022-10-07 00:00:00,94.444,92.696,90.02,88.797
2022-10-07 01:00:00,94.444,92.696,90.02,88.797
2022-10-07 02:00:00,94.444,92.696,90.02,88.797
2022-10-07 03:00:00,94.444,92.696,90.02,88.797
2022-10-07 04:00:00,94.444,92.696,90.02,88.797
2022-10-07 05:00:00,89.83,88.299,85.816,82.081
2022-10-07 06:00:00,89.83,88.299,85.816,82.081
2022-10-07 07:00:00,89.83,88.299,85.816,82.081
2022-10-07 08:00:00,89.83,88.299,85.816,82.081
2022-10-07 09:00:00,89.83,88.299,85.816,82.081
2022-10-07 10:00:00,89.83,88.299,85.816,82.081
2022-10-07 11:00:00,89.948,86.051,82.208,81.688
2022-10-07 12:00:00,89.948,86.051,82.208,81.688
2022-10-07 13:00:00,89.948,86.051,82.208,81.688
2022-10-07 14:00:00,89.948,86.051,82.208,81.688
2022-10-07 15:00:00,89.948,86.051,82.208,81.688
2022-10-07 16:00:00,89.948,86.051,82.208,81.688
2022-10-07 17:00:00,86.189,83.653,80.876,79.501
2022-10-07 18:00:00,86.189,83.653,80.876,79.501
2022-10-07 19:00:00,86.189,83.653,80.876,79.501
2022-10-07 20:00:00,86.189,83.653,80.876,79.501
2022-10-07 21:00:00,86.189,83.653,80.876,79.501
2022-10-07 22:00:00,86.189,83.653,80.876,79.501
2022-10-07 23:00:00,83.929,81.498,78.557,76.173
2022-10-08 00:00:00,83.929,81.498,78.557,76.173
2022-10-08 01:00:00,83.929,81.498,78.557,76.173
2022-10-08 02:00:00,83.929,81.498,78.557,76.173
2022-10-08 03:00:00,83.929,81.498,78.557,76.173
2022-10-08 04:00:00,83.929,81.498,78.557,76.173
2022-10-08 05:00:00,76.272,76.688,76.411,81.725
2022-10-08 06:00:00,76.272,76.688,76.411,81.725
2022-10-08 07:00:00,76.272,76.688,76.411,81.725
2022-10-08 08:00:00,76.272,76.688,76.411,81.725
2022-10-08 09:00:00,76.272,76.688,76.411,81.725
2022-10-08 10:00:00,76.272,76.688,76.411,81.725
2022-10-08 11:00:00,72.202,76.819,77.686,81.157
2022-10-08 12:00:00,72.202,76.819,77.686,81.157
2022-10-08 13:00:00,72.202,76.819,77.686,81.157
2022-10-08 14:00:00,72.202,76.819,77.686,81.157
2022-10-08 15:00:00,72.202,76.819,77.686,81.157
2022-10-08 16:00:00,72.202,76.819,77.686,81.157
2022-10-08 17:00:00,80.006,79.277,76.519,76.329
2022-10-08 18:00:00,80.006,79.277,76.519,76.329
2022-10-08 19:00:00,80.006,79.277,76.519,76.329
2022-10-08 20:00:00,80.006,79.277,76.519,76.329
2022-10-08 21:00:00,80.006,79.277,76.519,76.329
2022-10-08 22:00:00,80.006,79.277,76.519,76.329
2022-10-08 23:00:00,78.864,76.039,72.874,72.53
2022-10-09 00:00:00,78.864,76.039,72.874,72.53
2022-10-09 01:00:00,78.864,76.039,72.874,72.53
2022-10-09 02:00:00,78.864,76.039,72.874,72.53
2022-10-09 03:00:00,78.864,76.039,72.874,72.53
2022-10-09 04:00:00,78.864,76.039,72.874,72.53
2022-10-09 05:00:00,75.852,76.427,75.847,70.283
2022-10-09 06:00:00,75.852,76.427,75.847,70.283
2022-10-09 07:00:00,75.852,76.427,75.847,70.283
2022-10-09 08:00:00,75.852,76.427,75.847,70.283
2022-10-09 09:00:00,75.852,76.427,75.847,70.283
2022-10-09 10:00:00,75.852,76.427,75.847,70.283
2022-10-09 11:00:00,69.748,70.869,70.172,70.911
2022-10-09 12:00:00,69.748,70.869,70.172,70.911
2022-10-09 13:00:00,69.748,70.869,70.172,70.911
2022-10-09 14:00:00,69.748,70.869,70.172,70.911
2022-10-09 15:00:00,69.748,70.869,70.172,70.911
2022-10-09 16:00:00,69.748,70.869,70.172,70.911
2022-10-09 17:00:00,73.914,73.167,70.682,69.398
2022-10-09 18:00:00,73.914,73.167,70.682,69.398
2022-10-09 19:00:00,73.914,73.167,70.682,69.398
2022-10-09 20:00:00,73.914,73.167,70.682,69.398
2022-10-09 21:00:00,73.914,73.167,70.682,69.398
2022-10-09 22:00:00,73.914,73.167,70.682,69.398
2022-10-09 23:00:00,74.564,72.812,70.165,69.747
2022-10-10 00:00:00,74.564,72.812,70.165,69.747
2022-10-10 01:00:00,74.564,72.812,70.165,69.747
2022-10-10 02:00:00,74.564,72.812,70.165,69.747
2022-10-10 03:00:00,74.564,72.812,70.165,69.747
2022-10-10 04:00:00,74.564,72.812,70.165,69.747
2022-10-10 05:00:00,71.576,70.049,69.135,77.425
2022-10-10 06:00:00,71.576,70.049,69.135,77.425
2022-10-10 07:00:00,71.576,70.049,69.135,77.425
2022-10-10 08:00:00,71.576,70.049,69.135,77.425
2022-10-10 09:00:00,71.576,70.049,69.135,77.425
2022-10-10 10:00:00,71.576,70.049,69.135,77.425
2022-10-10 11:00:00,65.725,66.978,62.73,77.758
2022-10-10 12:00:00,65.725,66.978,62.73,77.758
2022-10-10 13:00:00,65.725,66.978,62.73,77.758
2022-10-10 14:00:00,65.725,66.978,62.73,77.758
2022-10-10 15:00:00,65.725,66.978,62.73,77.758
2022-10-10 16:00:00,65.725,66.978,62.73,77.758
2022-10-10 17:00:00,72.679,73.577,72.688,73.923
2022-10-10 18:00:00,72.679,73.577,72.688,73.923
2022-10-10 19:00:00,72.679,73.577,72.688,73.923
2022-10-10 20:00:00,72.679,73.577,72.688,73.923
2022-10-10 21:00:00,72.679,73.577,72.688,73.923
2022-10-10 22:00:00,72.679,73.577,72.688,73.923
2022-10-10 23:00:00,75.454,73.993,71.215,73.371
2022-10-11 00:00:00,75.454,73.993,71.215,73.371
2022-10-11 01:00:00,75.454,73.993,71.215,73.371
2022-10-11 02:00:00,75.454,73.993,71.215,73.371
2022-10-11 03:00:00,75.454,73.993,71.215,73.371
2022-10-11 04:00:00,75.454,73.993,71.215,73.371
2022-10-11 05:00:00,75.997,74.62,72.294,75.065
2022-10-11 06:00:00,75.997,74.62,72.294,75.065
2022-10-11 07:00:00,75.997,74.62,72.294,75.065
2022-10-11 08:00:00,75.997,74.62,72.294,75.065
2022-10-11 09:00:00,75.997,74.62,72.294,75.065
2022-10-11 10:00:00,75.997,74.62,72.294,75.065
2022-10-11 11:00:00,68.687,63.862,59.261,58.616
2022-10-11 12:00:00,68.687,63.862,59.261,58.616
2022-10-11 13:00:00,68.687,63.862,59.261,58.616
2022-10-11 14:00:00,68.687,63.862,59.261,58.616
2022-10-11 15:00:00,68.687,63.862,59.261,58.616
2022-10-11 16:00:00,68.687,63.862,59.261,58.616
2022-10-11 17:00:00,63.427,60.463,57.654,61.191
2022-10-11 18:00:00,63.427,60.463,57.654,61.191
2022-10-11 19:00:00,63.427,60.463,57.654,61.191
2022-10-11 20:00:00,63.427,60.463,57.654,61.191
2022-10-11 21:00:00,63.427,60.463,57.654,61.191
2022-10-11 22:00:00,63.427,60.463,57.654,61.191
2022-10-11 23:00:00,63.608,62.989,61.027,64.511
2022-10-12 00:00:00,63.608,62.989,61.027,64.511
2022-10-12 01:00:00,63.608,62.989,61.027,64.511
2022-10-12 02:00:00,63.608,62.989,61.027,64.511
2022-10-12 03:00:00,63.608,62.989,61.027,64.511
2022-10-12 04:00:00,63.608,62.989,61.027,64.511
2022-10-12 05:00:00,76.478,76.918,76.632,71.815
2022-10-12 06:00:00,76.478,76.918,76.632,71.815
2022-10-12 07:00:00,76.478,76.918,76.632,71.815
2022-10-12 08:00:00,76.478,76.918,76.632,71.815
2022-10-12 09:00:00,76.478,76.918,76.632,71.815
2022-10-12 10:00:00,76.478,76.918,76.632,71.815
2022-10-12 11:00:00,72.486,75.293,75.308,71.105
2022-10-12 12:00:00,72.486,75.293,75.308,71.105
2022-10-12 13:00:00,72.486,75.293,75.308,71.105
2022-10-12 14:00:00,72.486,75.293,75.308,71.105
2022-10-12 15:00:00,72.486,75.293,75.308,71.105
2022-10-12 16:00:00,72.486,75.293,75.308,71.105
2022-10-12 17:00:00,78.179,77.316,74.666,65.03
2022-10-12 18:00:00,78.179,77.316,74.666,65.03
2022-10-12 19:00:00,78.179,77.316,74.666,65.03
2022-10-12 20:00:00,78.179,77.316,74.666,65.03
2022-10-12 21:00:00,78.179,77.316,74.666,65.03
2022-10-12 22:00:00,78.179,77.316,74.666,65.03
2022-10-12 23:00:00,75.854,72.396,68.914,60.79
2022-10-13 00:00:00,75.854,72.396,68.914,60.79
2022-10-13 01:00:00,75.854,72.396,68.914,60.79
2022-10-13 02:00:00,75.854,72.396,68.914,60.79
2022-10-13 03:00:00,75.854,72.396,68.914,60.79
2022-10-13 04:00:00,75.854,72.396,68.914,60.79
2022-10-13 05:00:00,71.174,68.721,67.72,56.254
2022-10-13 06:00:00,71.174,68.721,67.72,56.254
2022-10-13 07:00:00,71.174,68.721,67.72,56.254
2022-10-13 08:00:00,71.174,68.721,67.72,56.254
2022-10-13 09:00:00,71.174,68.721,67.72,56.254
2022-10-13 10:00:00,71.174,68.721,67.72,56.254
2022-10-13 11:00:00,62.167,60.596,56.344,58.224
2022-10-13 12:00:00,62.167,60.596,56.344,58.224
2022-10-13 13:00:00,62.167,60.596,56.344,58.224
2022-10-13 14:00:00,62.167,60.596,56.344,58.224
2022-10-13 15:00:00,62.167,60.596,56.344,58.224
2022-10-13 16:00:00,62.167,60.596,56.344,58.224
2022-10-13 17:00:00,62.507,61.122,59.079,63.9
2022-10-13 18:00:00,62.507,61.122,59.079,63.9
2022-10-13 19:00:00,62.507,61.122,59.079,63.9
2022-10-13 20:00:00,62.507,61.122,59.079,63.9
2022-10-13 21:00:00,62.507,61.122,59.079,63.9
2022-10-13 22:00:00,62.507,61.122,59.079,63.9
2022-10-13 23:00:00,66.581,67.487,66.186,72.044
2022-10-14 00:00:00,66.581,67.487,66.186,72.044
2022-10-14 01:00:00,66.581,67.487,66.186,72.044
2022-10-14 02:00:00,66.581,67.487,66.186,72.044
2022-10-14 03:00:00,66.581,67.487,66.186,72.044
2022-10-14 04:00:00,66.581,67.487,66.186,72.044
2022-10-14 05:00:00,77.979,78.122,78.293,91.318
2022-10-14 06:00:00,77.979,78.122,78.293,91.318
2022-10-14 07:00:00,77.979,78.122,78.293,91.318
2022-10-14 08:00:00,77.979,78.122,78.293,91.318
2022-10-14 09:00:00,77.979,78.122,78.293,91.318
2022-10-14 10:00:00,77.979,78.122,78.293,91.318
2022-10-14 11:00:00,83.982,84.685,83.346,101.379
2022-10-14 12:00:00,83.982,84.685,83.346,101.379
2022-10-14 13:00:00,83.982,84.685,83.346,101.379
2022-10-14 14:00:00,83.982,84.685,83.346,101.379
2022-10-14 15:00:00,83.982,84.685,83.346,101.379
2022-10-14 16:00:00,83.982,84.685,83.346,101.379
2022-10-14 17:00:00,96.165,99.766,100.071,97.735
2022-10-14 18:00:00,96.165,99.766,100.071,97.735
2022-10-14 19:00:00,96.165,99.766,100.071,97.735
2022-10-14 20:00:00,96.165,99.766,100.071,97.735
2022-10-14 21:00:00,96.165,99.766,100.071,97.735
2022-10-14 22:00:00,96.165,99.766,100.071,97.735
2022-10-14 23:00:00,100.487,98.464,95.183,89.779
2022-10-15 00:00:00,100.487,98.464,95.183,89.779
2022-10-15 01:00:00,100.487,98.464,95.183,89.779
2022-10-15 02:00:00,100.487,98.464,95.183,89.779
2022-10-15 03:00:00,100.487,98.464,95.183,89.779
2022-10-15 04:00:00,100.487,98.464,95.183,89.779
2022-10-15 05:00:00,82.178,83.317,84.525,87.393
2022-10-15 06:00:00,82.178,83.317,84.525,87.393
2022-10-15 07:00:00,82.178,83.317,84.525,87.393
2022-10-15 08:00:00,82.178,83.317,84.525,87.393
2022-10-15 09:00:00,82.178,83.317,84.525,87.393
2022-10-15 10:00:00,82.178,83.317,84.525,87.393
2022-10-15 11:00:00,85.739,85.806,84.876,85.298
2022-10-15 12:00:00,85.739,85.806,84.876,85.298
2022-10-15 13:00:00,85.739,85.806,84.876,85.298
2022-10-15 14:00:00,85.739,85.806,84.876,85.298
2022-10-15 15:00:00,85.739,85.806,84.876,85.298
2022-10-15 16:00:00,85.739,85.806,84.876,85.298
2022-10-15 17:00:00,87.202,85.482,82.624,79.829
2022-10-15 18:00:00,87.202,85.482,82.624,79.829
2022-10-15 19:00:00,87.202,85.482,82.624,79.829
2022-10-15 20:00:00,87.202,85.482,82.624,79.829
2022-10-15 21:00:00,87.202,85.482,82.624,79.829
2022-10-15 22:00:00,87.202,85.482,82.624,79.829
2022-10-15 23:00:00,84.226,81.007,77.73,74.478
2022-10-16 00:00:00,84.226,81.007,77.73,74.478
2022-10-16 01:00:00,84.226,81.007,77.73,74.478
2022-10-16 02:00:00,84.226,81.007,77.73,74.478
2022-10-16 03:00:00,84.226,81.007,77.73,74.478
2022-10-16 04:00:00,84.226,81.007,77.73,74.478
2022-10-16 05:00:00,80.151,77.124,74.082,72.306
2022-10-16 06:00:00,80.151,77.124,74.082,72.306
2022-10-16 07:00:00,80.151,77.124,74.082,72.306
2022-10-16 08:00:00,80.151,77.124,74.082,72.306
2022-10-16 09:00:00,80.151,77.124,74.082,72.306
2022-10-16 10:00:00,80.151,77.124,74.082,72.306
2022-10-16 11:00:00,77.631,75.388,72.745,71.28
2022-10-16 12:00:00,77.631,75.388,72.745,71.28
2022-10-16 13:00:00,77.631,75.388,72.745,71.28
2022-10-16 14:00:00,77.631,75.388,72.745,71.28
2022-10-16 15:00:00,77.631,75.388,72.745,71.28
2022-10-16 16:00:00,77.631,75.388,72.745,71.28
2022-10-16 17:00:00,70.301,66.861,63.828,65.584
2022-10-16 18:00:00,70.301,66.861,63.828,65.584
2022-10-16 19:00:00,70.301,66.861,63.828,65.584
2022-10-16 20:00:00,70.301,66.861,63.828,65.584
2022-10-16 21:00:00,70.301,66.861,63.828,65.584
2022-10-16 22:00:00,70.301,66.861,63.828,65.584
2022-10-16 23:00:00,69.275,68.196,66.104,68.901
2022-10-17 00:00:00,69.275,68.196,66.104,68.901
2022-10-17 01:00:00,69.275,68.196,66.104,68.901
2022-10-17 02:00:00,69.275,68.196,66.104,68.901
2022-10-17 03:00:00,69.275,68.196,66.104,68.901
2022-10-17 04:00:00,69.275,68.196,66.104,68.901
2022-10-17 05:00:00,71.914,71.642,69.829,71.875
2022-10-17 06:00:00,71.914,71.642,69.829,71.875
2022-10-17 07:00:00,71.914,71.642,69.829,71.875
2022-10-17 08:00:00,71.914,71.642,69.829,71.875
2022-10-17 09:00:00,71.914,71.642,69.829,71.875
2022-10-17 10:00:00,71.914,71.642,69.829,71.875
2022-10-17 11:00:00,75.71,71.945,67.131,67.018
2022-10-17 12:00:00,75.71,71.945,67.131,67.018
2022-10-17 13:00:00,75.71,71.945,67.131,67.018
2022-10-17 14:00:00,75.71,71.945,67.131,67.018
2022-10-17 15:00:00,75.71,71.945,67.131,67.018
2022-10-17 16:00:00,75.71,71.945,67.131,67.018
2022-10-17 17:00:00,71.131,68.055,65.237,68.654
2022-10-17 18:00:00,71.131,68.055,65.237,68.654
2022-10-17 19:00:00,71.131,68.055,65.237,68.654
2022-10-17 20:00:00,71.131,68.055,65.237,68.654
2022-10-17 21:00:00,71.131,68.055,65.237,68.654
2022-10-17 22:00:00,71.131,68.055,65.237,68.654
2022-10-17 23:00:00,70.795,69.944,67.898,71.289
2022-10-18 00:00:00,70.795,69.944,67.898,71.289
2022-10-18 01:00:00,70.795,69.944,67.898,71.289
2022-10-18 02:00:00,70.795,69.944,67.898,71.289
2022-10-18 03:00:00,70.795,69.944,67.898,71.289
2022-10-18 04:00:00,70.795,69.944,67.898,71.289
2022-10-18 05:00:00,73.686,75.118,74.703,78.334
2022-10-18 06:00:00,73.686,75.118,74.703,78.334
2022-10-18 07:00:00,73.686,75.118,74.703,78.334
2022-10-18 08:00:00,73.686,75.118,74.703,78.334
2022-10-18 09:00:00,73.686,75.118,74.703,78.334
2022-10-18 10:00:00,73.686,75.118,74.703,78.334
2022-10-18 11:00:00,76.308,75.581,72.549,86.414
2022-10-18 12:00:00,76.308,75.581,72.549,86.414
2022-10-18 13:00:00,76.308,75.581,72.549,86.414
2022-10-18 14:00:00,76.308,75.581,72.549,86.414
2022-10-18 15:00:00,76.308,75.581,72.549,86.414
2022-10-18 16:00:00,76.308,75.581,72.549,86.414
2022-10-18 17:00:00,84.203,86.65,86.387,82.199
2022-10-18 18:00:00,84.203,86.65,86.387,82.199
2022-10-18 19:00:00,84.203,86.65,86.387,82.199
2022-10-18 20:00:00,84.203,86.65,86.387,82.199
2022-10-18 21:00:00,84.203,86.65,86.387,82.199
2022-10-18 22:00:00,84.203,86.65,86.387,82.199
2022-10-18 23:00:00,87.965,86.254,83.141,79.355
2022-10-19 00:00:00,87.965,86.254,83.141,79.355
2022-10-19 01:00:00,87.965,86.254,83.141,79.355
2022-10-19 02:00:00,87.965,86.254,83.141,79.355
2022-10-19 03:00:00,87.965,86.254,83.141,79.355
2022-10-19 04:00:00,87.965,86.254,83.141,79.355
2022-10-19 05:00:00,77.713,78.646,78.792,80.761
2022-10-19 06:00:00,77.713,78.646,78.792,80.761
2022-10-19 07:00:00,77.713,78.646,78.792,80.761
2022-10-19 08:00:00,77.713,78.646,78.792,80.761
2022-10-19 09:00:00,77.713,78.646,78.792,80.761
2022-10-19 10:00:00,77.713,78.646,78.792,80.761
2022-10-19 11:00:00,80.011,82.545,77.325,81.158
2022-10-19 12:00:00,80.011,82.545,77.325,81.158
2022-10-19 13:00:00,80.011,82.545,77.325,81.158
2022-10-19 14:00:00,80.011,82.545,77.325,81.158
2022-10-19 15:00:00,80.011,82.545,77.325,81.158
2022-10-19 16:00:00,80.011,82.545,77.325,81.158
2022-10-19 17:00:00,83.892,82.19,79.871,80.922
2022-10-19 18:00:00,83.892,82.19,79.871,80.922
2022-10-19 19:00:00,83.892,82.19,79.871,80.922
2022-10-19 20:00:00,83.892,82.19,79.871,80.922
2022-10-19 21:00:00,83.892,82.19,79.871,80.922
2022-10-19 22:00:00,83.892,82.19,79.871,80.922
2022-10-19 23:00:00,84.121,82.753,80.122,80.436
2022-10-20 00:00:00,84.121,82.753,80.122,80.436
2022-10-20 01:00:00,84.121,82.753,80.122,80.436
2022-10-20 02:00:00,84.121,82.753,80.122,80.436
2022-10-20 03:00:00,84.121,82.753,80.122,80.436
2022-10-20 04:00:00,84.121,82.753,80.122,80.436
2022-10-20 05:00:00,84.73,83.392,81.005,82.039
2022-10-20 06:00:00,84.73,83.392,81.005,82.039
2022-10-20 07:00:00,84.73,83.392,81.005,82.039
2022-10-20 08:00:00,84.73,83.392,81.005,82.039
2022-10-20 09:00:00,84.73,83.392,81.005,82.039
2022-10-20 10:00:00,84.73,83.392,81.005,82.039
2022-10-20 11:00:00,83.485,81.387,77.813,80.871
2022-10-20 12:00:00,83.485,81.387,77.813,80.871
2022-10-20 13:00:00,83.485,81.387,77.813,80.871
2022-10-20 14:00:00,83.485,81.387,77.813,80.871
2022-10-20 15:00:00,83.485,81.387,77.813,80.871
2022-10-20 16:00:00,83.485,81.387,77.813,80.871
2022-10-20 17:00:00,83.769,82.672,80.391,80.742
2022-10-20 18:00:00,83.769,82.672,80.391,80.742
2022-10-20 19:00:00,83.769,82.672,80.391,80.742
2022-10-20 20:00:00,83.769,82.672,80.391,80.742
2022-10-20 21:00:00,83.769,82.672,80.391,80.742
2022-10-20 22:00:00,83.769,82.672,80.391,80.742
2022-10-20 23:00:00,84.877,83.683,81.187,81.735
2022-10-21 00:00:00,84.877,83.683,81.187,81.735
2022-10-21 01:00:00,84.877,83.683,81.187,81.735
2022-10-21 02:00:00,84.877,83.683,81.187,81.735
2022-10-21 03:00:00,84.877,83.683,81.187,81.735
2022-10-21 04:00:00,84.877,83.683,81.187,81.735
2022-10-21 05:00:00,76.245,80.426,80.936,97.724
2022-10-21 06:00:00,76.245,80.426,80.936,97.724
2022-10-21 07:00:00,76.245,80.426,80.936,97.724
2022-10-21 08:00:00,76.245,80.426,80.936,97.724
2022-10-21 09:00:00,76.245,80.426,80.936,97.724
2022-10-21 10:00:00,76.245,80.426,80.936,97.724
2022-10-21 11:00:00,84.046,90.112,88.648,104.998
2022-10-21 12:00:00,84.046,90.112,88.648,104.998
2022-10-21 13:00:00,84.046,90.112,88.648,104.998
2022-10-21 14:00:00,84.046,90.112,88.648,104.998
2022-10-21 15:00:00,84.046,90.112,88.648,104.998
2022-10-21 16:00:00,84.046,90.112,88.648,104.998
2022-10-21 17:00:00,97.633,99.152,97.952,96.167
2022-10-21 18:00:00,97.633,99.152,97.952,96.167
2022-10-21 19:00:00,97.633,99.152,97.952,96.167
2022-10-21 20:00:00,97.633,99.152,97.952,96.167
2022-10-21 21:00:00,97.633,99.152,97.952,96.167
2022-10-21 22:00:00,97.633,99.152,97.952,96.167
2022-10-21 23:00:00,96.898,93.374,89.167,84.712
2022-10-22 00:00:00,96.898,93.374,89.167,84.712
2022-10-22 01:00:00,96.898,93.374,89.167,84.712
2022-10-22 02:00:00,96.898,93.374,89.167,84.712
2022-10-22 03:00:00,96.898,93.374,89.167,84.712
2022-10-22 04:00:00,96.898,93.374,89.167,84.712
2022-10-22 05:00:00,89.773,85.403,81.323,79.695
2022-10-22 06:00:00,89.773,85.403,81.323,79.695
2022-10-22 07:00:00,89.773,85.403,81.323,79.695
2022-10-22 08:00:00,89.773,85.403,81.323,79.695
2022-10-22 09:00:00,89.773,85.403,81.323,79.695
2022-10-22 10:00:00,89.773,85.403,81.323,79.695
2022-10-22 11:00:00,99.73,101.621,100.069,100.445
2022-10-22 12:00:00,99.73,101.621,100.069,100.445
2022-10-22 13:00:00,99.73,101.621,100.069,100.445
2022-10-22 14:00:00,99.73,101.621,100.069,100.445
2022-10-22 15:00:00,99.73,101.621,100.069,100.445
2022-10-22 16:00:00,99.73,101.621,100.069,100.445
2022-10-22 17:00:00,101.995,101.745,99.063,92.784
2022-10-22 18:00:00,101.995,101.745,99.063,92.784
2022-10-22 19:00:00,101.995,101.745,99.063,92.784
2022-10-22 20:00:00,101.995,101.745,99.063,92.784
2022-10-22 21:00:00,101.995,101.745,99.063,92.784
2022-10-22 22:00:00,101.995,101.745,99.063,92.784
2022-10-22 23:00:00,100.061,96.534,92.582,86.003
2022-10-23 00:00:00,100.061,96.534,92.582,86.003
2022-10-23 01:00:00,100.061,96.534,92.582,86.003
2022-10-23 02:00:00,100.061,96.534,92.582,86.003
2022-10-23 03:00:00,100.061,96.534,92.582,86.003
2022-10-23 04:00:00,100.061,96.534,92.582,86.003
2022-10-23 05:00:00,78.154,79.102,75.9,75.346
2022-10-23 06:00:00,78.154,79.102,75.9,75.346
2022-10-23 07:00:00,78.154,79.102,75.9,75.346
2022-10-23 08:00:00,78.154,79.102,75.9,75.346
2022-10-23 09:00:00,78.154,79.102,75.9,75.346
2022-10-23 10:00:00,78.154,79.102,75.9,75.346
2022-10-23 11:00:00,78.908,70.728,64.147,74.422
2022-10-23 12:00:00,78.908,70.728,64.147,74.422
2022-10-23 13:00:00,78.908,70.728,64.147,74.422
2022-10-23 14:00:00,78.908,70.728,64.147,74.422
2022-10-23 15:00:00,78.908,70.728,64.147,74.422
2022-10-23 16:00:00,78.908,70.728,64.147,74.422
2022-10-23 17:00:00,71.444,69.131,66.61,71.079
2022-10-23 18:00:00,71.444,69.131,66.61,71.079
2022-10-23 19:00:00,71.444,69.131,66.61,71.079
2022-10-23 20:00:00,71.444,69.131,66.61,71.079
2022-10-23 21:00:00,71.444,69.131,66.61,71.079
2022-10-23 22:00:00,71.444,69.131,66.61,71.079
2022-10-23 23:00:00,70.734,69.009,65.937,71.071
2022-10-24 00:00:00,70.734,69.009,65.937,71.071
2022-10-24 01:00:00,70.734,69.009,65.937,71.071
2022-10-24 02:00:00,70.734,69.009,65.937,71.071
2022-10-24 03:00:00,70.734,69.009,65.937,71.071
2022-10-24 04:00:00,70.734,69.009,65.937,71.071
2022-10-24 05:00:00,72.043,71.233,68.669,74.852
2022-10-24 06:00:00,72.043,71.233,68.669,74.852
2022-10-24 07:00:00,72.043,71.233,68.669,74.852
2022-10-24 08:00:00,72.043,71.233,68.669,74.852
2022-10-24 09:00:00,72.043,71.233,68.669,74.852
2022-10-24 10:00:00,72.043,71.233,68.669,74.852
2022-10-24 11:00:00,92.178,88.434,82.916,79.001
2022-10-24 12:00:00,92.178,88.434,82.916,79.001
2022-10-24 13:00:00,92.178,88.434,82.916,79.001
2022-10-24 14:00:00,92.178,88.434,82.916,79.001
2022-10-24 15:00:00,92.178,88.434,82.916,79.001
2022-10-24 16:00:00,92.178,88.434,82.916,79.001
2022-10-24 17:00:00,87.604,86.007,83.072,76.618
2022-10-24 18:00:00,87.604,86.007,83.072,76.618
2022-10-24 19:00:00,87.604,86.007,83.072,76.618
2022-10-24 20:00:00,87.604,86.007,83.072,76.618
2022-10-24 21:00:00,87.604,86.007,83.072,76.618
2022-10-24 22:00:00,87.604,86.007,83.072,76.618
2022-10-24 23:00:00,86.835,84.74,81.541,76.044
2022-10-25 00:00:00,86.835,84.74,81.541,76.044
2022-10-25 01:00:00,86.835,84.74,81.541,76.044
2022-10-25 02:00:00,86.835,84.74,81.541,76.044
2022-10-25 03:00:00,86.835,84.74,81.541,76.044
2022-10-25 04:00:00,86.835,84.74,81.541,76.044
2022-10-25 05:00:00,86.159,84.406,81.374,77.483
2022-10-25 06:00:00,86.159,84.406,81.374,77.483
2022-10-25 07:00:00,86.159,84.406,81.374,77.483
2022-10-25 08:00:00,86.159,84.406,81.374,77.483
2022-10-25 09:00:00,86.159,84.406,81.374,77.483
2022-10-25 10:00:00,86.159,84.406,81.374,77.483
2022-10-25 11:00:00,83.477,80.284,74.689,70.603
2022-10-25 12:00:00,83.477,80.284,74.689,70.603
2022-10-25 13:00:00,83.477,80.284,74.689,70.603
2022-10-25 14:00:00,83.477,80.284,74.689,70.603
2022-10-25 15:00:00,83.477,80.284,74.689,70.603
2022-10-25 16:00:00,83.477,80.284,74.689,70.603
2022-10-25 17:00:00,76.026,70.664,66.374,70.98
2022-10-25 18:00:00,76.026,70.664,66.374,70.98
2022-10-25 19:00:00,76.026,70.664,66.374,70.98
2022-10-25 20:00:00,76.026,70.664,66.374,70.98
2022-10-25 21:00:00,76.026,70.664,66.374,70.98
2022-10-25 22:00:00,76.026,70.664,66.374,70.98
2022-10-25 23:00:00,72.738,71.198,68.657,74.159
2022-10-26 00:00:00,72.738,71.198,68.657,74.159
2022-10-26 01:00:00,72.738,71.198,68.657,74.159
2022-10-26 02:00:00,72.738,71.198,68.657,74.159
2022-10-26 03:00:00,72.738,71.198,68.657,74.159
2022-10-26 04:00:00,72.738,71.198,68.657,74.159
2022-10-26 05:00:00,80.85,78.089,76.875,72.282
2022-10-26 06:00:00,80.85,78.089,76.875,72.282
2022-10-26 07:00:00,80.85,78.089,76.875,72.282
2022-10-26 08:00:00,80.85,78.089,76.875,72.282
2022-10-26 09:00:00,80.85,78.089,76.875,72.282
2022-10-26 10:00:00,80.85,78.089,76.875,72.282
2022-10-26 11:00:00,78.684,76.127,72.484,71.486
2022-10-26 12:00:00,78.684,76.127,72.484,71.486
2022-10-26 13:00:00,78.684,76.127,72.484,71.486
2022-10-26 14:00:00,78.684,76.127,72.484,71.486
2022-10-26 15:00:00,78.684,76.127,72.484,71.486
2022-10-26 16:00:00,78.684,76.127,72.484,71.486
2022-10-26 17:00:00,78.288,74.767,71.447,70.888
2022-10-26 18:00:00,78.288,74.767,71.447,70.888
2022-10-26 19:00:00,78.288,74.767,71.447,70.888
2022-10-26 20:00:00,78.288,74.767,71.447,70.888
2022-10-26 21:00:00,78.288,74.767,71.447,70.888
2022-10-26 22:00:00,78.288,74.767,71.447,70.888
2022-10-26 23:00:00,77.668,76.465,73.907,76.009
2022-10-27 00:00:00,77.668,76.465,73.907,76.009
2022-10-27 01:00:00,77.668,76.465,73.907,76.009
2022-10-27 02:00:00,77.668,76.465,73.907,76.009
2022-10-27 03:00:00,77.668,76.465,73.907,76.009
2022-10-27 04:00:00,77.668,76.465,73.907,76.009
2022-10-27 05:00:00,81.641,81.768,79.727,82.184
2022-10-27 06:00:00,81.641,81.768,79.727,82.184
2022-10-27 07:00:00,81.641,81.768,79.727,82.184
2022-10-27 08:00:00,81.641,81.768,79.727,82.184
2022-10-27 09:00:00,81.641,81.768,79.727,82.184
2022-10-27 10:00:00,81.641,81.768,79.727,82.184
2022-10-27 11:00:00,72.927,70.376,66.948,67.234
2022-10-27 12:00:00,72.927,70.376,66.948,67.234
2022-10-27 13:00:00,72.927,70.376,66.948,67.234
2022-10-27 14:00:00,72.927,70.376,66.948,67.234
2022-10-27 15:00:00,72.927,70.376,66.948,67.234
2022-10-27 16:00:00,72.927,70.376,66.948,67.234
2022-10-27 17:00:00,72.128,69.538,67.17,69.377
2022-10-27 18:00:00,72.128,69.538,67.17,69.377
2022-10-27 19:00:00,72.128,69.538,67.17,69.377
2022-10-27 20:00:00,72.128,69.538,67.17,69.377
2022-10-27 21:00:00,72.128,69.538,67.17,69.377
2022-10-27 22:00:00,72.128,69.538,67.17,69.377
2022-10-27 23:00:00,74.176,74.266,72.197,76.814
2022-10-28 00:00:00,74.176,74.266,72.197,76.814
2022-10-28 01:00:00,74.176,74.266,72.197,76.814
2022-10-28 02:00:00,74.176,74.266,72.197,76.814
2022-10-28 03:00:00,74.176,74.266,72.197,76.814
2022-10-28 04:00:00,74.176,74.266,72.197,76.814
2022-10-28 05:00:00,81.188,81.942,81.281,79.429
2022-10-28 06:00:00,81.188,81.942,81.281,79.429
2022-10-28 07:00:00,81.188,81.942,81.281,79.429
2022-10-28 08:00:00,81.188,81.942,81.281,79.429
2022-10-28 09:00:00,81.188,81.942,81.281,79.429
2022-10-28 10:00:00,81.188,81.942,81.281,79.429
2022-10-28 11:00:00,85.79,85.319,82.788,81.85
2022-10-28 12:00:00,85.79,85.319,82.788,81.85
2022-10-28 13:00:00,85.79,85.319,82.788,81.85
2022-10-28 14:00:00,85.79,85.319,82.788,81.85
2022-10-28 15:00:00,85.79,85.319,82.788,81.85
2022-10-28 16:00:00,85.79,85.319,82.788,81.85
2022-10-28 17:00:00,88.087,86.223,83.653,81.795
2022-10-28 18:00:00,88.087,86.223,83.653,81.795
2022-10-28 19:00:00,88.087,86.223,83.653,81.795
2022-10-28 20:00:00,88.087,86.223,83.653,81.795
2022-10-28 21:00:00,88.087,86.223,83.653,81.795
2022-10-28 22:00:00,88.087,86.223,83.653,81.795
2022-10-28 23:00:00,88.942,87.851,85.272,84.085
2022-10-29 00:00:00,88.942,87.851,85.272,84.085
2022-10-29 01:00:00,88.942,87.851,85.272,84.085
2022-10-29 02:00:00,88.942,87.851,85.272,84.085
2022-10-29 03:00:00,88.942,87.851,85.272,84.085
2022-10-29 04:00:00,88.942,87.851,85.272,84.085
2022-10-29 05:00:00,85.853,88.875,89.562,88.061
2022-10-29 06:00:00,85.853,88.875,89.562,88.061
2022-10-29 07:00:00,85.853,88.875,89.562,88.061
2022-10-29 08:00:00,85.853,88.875,89.562,88.061
2022-10-29 09:00:00,85.853,88.875,89.562,88.061
2022-10-29 10:00:00,85.853,88.875,89.562,88.061
2022-10-29 11:00:00,89.536,92.581,89.63,99.883
2022-10-29 12:00:00,89.536,92.581,89.63,99.883
2022-10-29 13:00:00,89.536,92.581,89.63,99.883
2022-10-29 14:00:00,89.536,92.581,89.63,99.883
2022-10-29 15:00:00,89.536,92.581,89.63,99.883
2022-10-29 16:00:00,89.536,92.581,89.63,99.883
2022-10-29 17:00:00,98.998,99.774,98.529,97.333
2022-10-29 18:00:00,98.998,99.774,98.529,97.333
2022-10-29 19:00:00,98.998,99.774,98.529,97.333
2022-10-29 20:00:00,98.998,99.774,98.529,97.333
2022-10-29 21:00:00,98.998,99.774,98.529,97.333
2022-10-29 22:00:00,98.998,99.774,98.529,97.333
2022-10-29 23:00:00,101.241,99.476,96.28,94.099
2022-10-30 00:00:00,101.241,99.476,96.28,94.099
2022-10-30 01:00:00,101.241,99.476,96.28,94.099
2022-10-30 02:00:00,101.241,99.476,96.28,94.099
2022-10-30 03:00:00,101.241,99.476,96.28,94.099
2022-10-30 04:00:00,101.241,99.476,96.28,94.099
2022-10-30 05:00:00,100.401,98.356,95.183,94.899
2022-10-30 06:00:00,100.401,98.356,95.183,94.899
2022-10-30 07:00:00,100.401,98.356,95.183,94.899
2022-10-30 08:00:00,100.401,98.356,95.183,94.899
2022-10-30 09:00:00,100.401,98.356,95.183,94.899
2022-10-30 10:00:00,100.401,98.356,95.183,94.899
2022-10-30 11:00:00,81.486,78.544,74.096,93.065
2022-10-30 12:00:00,81.486,78.544,74.096,93.065
2022-10-30 13:00:00,81.486,78.544,74.096,93.065
2022-10-30 14:00:00,81.486,78.544,74.096,93.065
2022-10-30 15:00:00,81.486,78.544,74.096,93.065
2022-10-30 16:00:00,81.486,78.544,74.096,93.065
2022-10-30 17:00:00,87.982,90.668,90.721,87.665
2022-10-30 18:00:00,87.982,90.668,90.721,87.665
2022-10-30 19:00:00,87.982,90.668,90.721,87.665
2022-10-30 20:00:00,87.982,90.668,90.721,87.665
2022-10-30 21:00:00,87.982,90.668,90.721,87.665
2022-10-30 22:00:00,87.982,90.668,90.721,87.665
2022-10-30 23:00:00,91.025,88.698,84.899,79.292
2022-10-31 00:00:00,91.025,88.698,84.899,79.292
2022-10-31 01:00:00,91.025,88.698,84.899,79.292
2022-10-31 02:00:00,91.025,88.698,84.899,79.292
2022-10-31 03:00:00,91.025,88.698,84.899,79.292
2022-10-31 04:00:00,91.025,88.698,84.899,79.292
2022-10-31 05:00:00,86.937,83.427,79.506,77.176
2022-10-31 06:00:00,86.937,83.427,79.506,77.176
2022-10-31 07:00:00,86.937,83.427,79.506,77.176
2022-10-31 08:00:00,86.937,83.427,79.506,77.176
2022-10-31 09:00:00,86.937,83.427,79.506,77.176
2022-10-31 10:00:00,86.937,83.427,79.506,77.176
2022-10-31 11:00:00,98.675,100.193,97.576,98.012
2022-10-31 12:00:00,98.675,100.193,97.576,98.012
2022-10-31 13:00:00,98.675,100.193,97.576,98.012
2022-10-31 14:00:00,98.675,100.193,97.576,98.012
2022-10-31 15:00:00,98.675,100.193,97.576,98.012
2022-10-31 16:00:00,98.675,100.193,97.576,98.012
2022-10-31 17:00:00,103.531,102.731,100.514,96.901
2022-10-31 18:00:00,103.531,102.731,100.514,96.901
2022-10-31 19:00:00,103.531,102.731,100.514,96.901
2022-10-31 20:00:00,103.531,102.731,100.514,96.901
2022-10-31 21:00:00,103.531,102.731,100.514,96.901
2022-10-31 22:00:00,103.531,102.731,100.514,96.901
2022-10-31 23:00:00,103.887,101.873,98.75,94.095
2022-11-01 00:00:00,103.887,101.873,98.75,94.095
2022-11-01 01:00:00,103.887,101.873,98.75,94.095
2022-11-01 02:00:00,103.887,101.873,98.75,94.095
2022-11-01 03:00:00,103.887,101.873,98.75,94.095
2022-11-01 04:00:00,103.887,101.873,98.75,94.095
2022-11-01 05:00:00,104.159,102.336,99.405,99.551
2022-11-01 06:00:00,104.159,102.336,99.405,99.551
2022-11-01 07:00:00,104.159,102.336,99.405,99.551
2022-11-01 08:00:00,104.159,102.336,99.405,99.551
2022-11-01 09:00:00,104.159,102.336,99.405,99.551
2022-11-01 10:00:00,104.159,102.336,99.405,99.551
2022-11-01 11:00:00,110.765,106.91,101.366,97.657
2022-11-01 12:00:00,110.765,106.91,101.366,97.657
2022-11-01 13:00:00,110.765,106.91,101.366,97.657
2022-11-01 14:00:00,110.765,106.91,101.366,97.657
2022-11-01 15:00:00,110.765,106.91,101.366,97.657
2022-11-01 16:00:00,110.765,106.91,101.366,97.657
2022-11-01 17:00:00,107.757,105.252,102.727,102.356
2022-11-01 18:00:00,107.757,105.252,102.727,102.356
2022-11-01 19:00:00,107.757,105.252,102.727,102.356
2022-11-01 20:00:00,107.757,105.252,102.727,102.356
2022-11-01 21:00:00,107.757,105.252,102.727,102.356
2022-11-01 22:00:00,107.757,105.252,102.727,102.356
2022-11-01 23:00:00,109.621,108.946,106.716,105.405
2022-11-02 00:00:00,109.621,108.946,106.716,105.405
2022-11-02 01:00:00,109.621,108.946,106.716,105.405
2022-11-02 02:00:00,109.621,108.946,106.716,105.405
2022-11-02 03:00:00,109.621,108.946,106.716,105.405
2022-11-02 04:00:00,109.621,108.946,106.716,105.405
2022-11-02 05:00:00,113.691,113.295,110.833,110.887
2022-11-02 06:00:00,113.691,113.295,110.833,110.887
2022-11-02 07:00:00,113.691,113.295,110.833,110.887
2022-11-02 08:00:00,113.691,113.295,110.833,110.887
2022-11-02 09:00:00,113.691,113.295,110.833,110.887
2022-11-02 10:00:00,113.691,113.295,110.833,110.887
2022-11-02 11:00:00,119.803,123.786,122.337,132.972
2022-11-02 12:00:00,119.803,123.786,122.337,132.972
2022-11-02 13:00:00,119.803,123.786,122.337,132.972
2022-11-02 14:00:00,119.803,123.786,122.337,132.972
2022-11-02 15:00:00,119.803,123.786,122.337,132.972
2022-11-02 16:00:00,119.803,123.786,122.337,132.972
2022-11-02 17:00:00,132.884,134.602,133.615,127.259
2022-11-02 18:00:00,132.884,134.602,133.615,127.259
2022-11-02 19:00:00,132.884,134.602,133.615,127.259
2022-11-02 20:00:00,132.884,134.602,133.615,127.259
2022-11-02 21:00:00,132.884,134.602,133.615,127.259
2022-11-02 22:00:00,132.884,134.602,133.615,127.259
2022-11-02 23:00:00,133.703,130.599,126.501,117.578
2022-11-03 00:00:00,133.703,130.599,126.501,117.578
2022-11-03 01:00:00,133.703,130.599,126.501,117.578
2022-11-03 02:00:00,133.703,130.599,126.501,117.578
2022-11-03 03:00:00,133.703,130.599,126.501,117.578
2022-11-03 04:00:00,133.703,130.599,126.501,117.578
2022-11-03 05:00:00,128.735,125.158,121.064,118.055
2022-11-03 06:00:00,128.735,125.158,121.064,118.055
2022-11-03 07:00:00,128.735,125.158,121.064,118.055
2022-11-03 08:00:00,128.735,125.158,121.064,118.055
2022-11-03 09:00:00,128.735,125.158,121.064,118.055
2022-11-03 10:00:00,128.735,125.158,121.064,118.055
2022-11-03 11:00:00,127.016,119.999,113.112,132.866
2022-11-03 12:00:00,127.016,119.999,113.112,132.866
2022-11-03 13:00:00,127.016,119.999,113.112,132.866
2022-11-03 14:00:00,127.016,119.999,113.112,132.866
2022-11-03 15:00:00,127.016,119.999,113.112,132.866
2022-11-03 16:00:00,127.016,119.999,113.112,132.866
2022-11-03 17:00:00,130.206,132.605,133.037,126.285
2022-11-03 18:00:00,130.206,132.605,133.037,126.285
2022-11-03 19:00:00,130.206,132.605,133.037,126.285
2022-11-03 20:00:00,130.206,132.605,133.037,126.285
2022-11-03 21:00:00,130.206,132.605,133.037,126.285
2022-11-03 22:00:00,130.206,132.605,133.037,126.285
2022-11-03 23:00:00,132.051,129.243,125.063,115.459
2022-11-04 00:00:00,132.051,129.243,125.063,115.459
2022-11-04 01:00:00,132.051,129.243,125.063,115.459
2022-11-04 02:00:00,132.051,129.243,125.063,115.459
2022-11-04 03:00:00,132.051,129.243,125.063,115.459
2022-11-04 04:00:00,132.051,129.243,125.063,115.459
2022-11-04 05:00:00,118.333,124.663,128.566,117.463
2022-11-04 06:00:00,118.333,124.663,128.566,117.463
2022-11-04 07:00:00,118.333,124.663,128.566,117.463
2022-11-04 08:00:00,118.333,124.663,128.566,117.463
2022-11-04 09:00:00,118.333,124.663,128.566,117.463
2022-11-04 10:00:00,118.333,124.663,128.566,117.463
2022-11-04 11:00:00,132.967,134.403,132.186,135.613
2022-11-04 12:00:00,132.967,134.403,132.186,135.613
2022-11-04 13:00:00,132.967,134.403,132.186,135.613
2022-11-04 14:00:00,132.967,134.403,132.186,135.613
2022-11-04 15:00:00,132.967,134.403,132.186,135.613
2022-11-04 16:00:00,132.967,134.403,132.186,135.613
2022-11-04 17:00:00,133.892,133.238,130.687,129.309
2022-11-04 18:00:00,133.892,133.238,130.687,129.309
2022-11-04 19:00:00,133.892,133.238,130.687,129.309
2022-11-04 20:00:00,133.892,133.238,130.687,129.309
2022-11-04 21:00:00,133.892,133.238,130.687,129.309
2022-11-04 22:00:00,133.892,133.238,130.687,129.309
2022-11-04 23:00:00,135.956,132.894,129.285,121.41
2022-11-05 00:00:00,135.956,132.894,129.285,121.41
2022-11-05 01:00:00,135.956,132.894,129.285,121.41
2022-11-05 02:00:00,135.956,132.894,129.285,121.41
2022-11-05 03:00:00,135.956,132.894,129.285,121.41
2022-11-05 04:00:00,135.956,132.894,129.285,121.41
2022-11-05 05:00:00,136.08,130.324,125.604,123.463
2022-11-05 06:00:00,136.08,130.324,125.604,123.463
2022-11-05 07:00:00,136.08,130.324,125.604,123.463
2022-11-05 08:00:00,136.08,130.324,125.604,123.463
2022-11-05 09:00:00,136.08,130.324,125.604,123.463
2022-11-05 10:00:00,136.08,130.324,125.604,123.463
2022-11-05 11:00:00,127.104,118.17,113.836,118.66
2022-11-05 12:00:00,127.104,118.17,113.836,118.66
2022-11-05 13:00:00,127.104,118.17,113.836,118.66
2022-11-05 14:00:00,127.104,118.17,113.836,118.66
2022-11-05 15:00:00,127.104,118.17,113.836,118.66
2022-11-05 16:00:00,127.104,118.17,113.836,118.66
2022-11-05 17:00:00,117.043,108.993,103.41,112.269
2022-11-05 18:00:00,117.043,108.993,103.41,112.269
2022-11-05 19:00:00,117.043,108.993,103.41,112.269
2022-11-05 20:00:00,117.043,108.993,103.41,112.269
2022-11-05 21:00:00,117.043,108.993,103.41,112.269
2022-11-05 22:00:00,117.043,108.993,103.41,112.269
2022-11-05 23:00:00,120.103,116.317,112.802,105.604
2022-11-06 00:00:00,120.103,116.317,112.802,105.604
2022-11-06 01:00:00,120.103,116.317,112.802,105.604
2022-11-06 02:00:00,120.103,116.317,112.802,105.604
2022-11-06 03:00:00,120.103,116.317,112.802,105.604
2022-11-06 04:00:00,120.103,116.317,112.802,105.604
2022-11-06 05:00:00,120.164,113.694,108.431,103.245
2022-11-06 06:00:00,120.164,113.694,108.431,103.245
2022-11-06 07:00:00,120.164,113.694,108.431,103.245
2022-11-06 08:00:00,120.164,113.694,108.431,103.245
2022-11-06 09:00:00,120.164,113.694,108.431,103.245
2022-11-06 10:00:00,120.164,113.694,108.431,103.245
2022-11-06 11:00:00,116.389,111.126,105.438,100.787
2022-11-06 12:00:00,116.389,111.126,105.438,100.787
2022-11-06 13:00:00,116.389,111.126,105.438,100.787
2022-11-06 14:00:00,116.389,111.126,105.438,100.787
2022-11-06 15:00:00,116.389,111.126,105.438,100.787
2022-11-06 16:00:00,116.389,111.126,105.438,100.787
2022-11-06 17:00:00,130.485,121.638,115.093,101.54
2022-11-06 18:00:00,130.485,121.638,115.093,101.54
2022-11-06 19:00:00,130.485,121.638,115.093,101.54
2022-11-06 20:00:00,130.485,121.638,115.093,101.54
2022-11-06 21:00:00,130.485,121.638,115.093,101.54
2022-11-06 22:00:00,130.485,121.638,115.093,101.54
2022-11-06 23:00:00,117.601,109.535,103.202,95.599
2022-11-07 00:00:00,117.601,109.535,103.202,95.599
2022-11-07 01:00:00,117.601,109.535,103.202,95.599
2022-11-07 02:00:00,117.601,109.535,103.202,95.599
2022-11-07 03:00:00,117.601,109.535,103.202,95.599
2022-11-07 04:00:00,117.601,109.535,103.202,95.599
2022-11-07 05:00:00,111.72,107.133,102.812,103.055
2022-11-07 06:00:00,111.72,107.133,102.812,103.055
2022-11-07 07:00:00,111.72,107.133,102.812,103.055
2022-11-07 08:00:00,111.72,107.133,102.812,103.055
2022-11-07 09:00:00,111.72,107.133,102.812,103.055
2022-11-07 10:00:00,111.72,107.133,102.812,103.055
2022-11-07 11:00:00,109.917,107.751,103.458,105.043
2022-11-07 12:00:00,109.917,107.751,103.458,105.043
2022-11-07 13:00:00,109.917,107.751,103.458,105.043
2022-11-07 14:00:00,109.917,107.751,103.458,105.043
2022-11-07 15:00:00,109.917,107.751,103.458,105.043
2022-11-07 16:00:00,109.917,107.751,103.458,105.043
2022-11-07 17:00:00,114.299,110.346,106.848,97.261
2022-11-07 18:00:00,114.299,110.346,106.848,97.261
2022-11-07 19:00:00,114.299,110.346,106.848,97.261
2022-11-07 20:00:00,114.299,110.346,106.848,97.261
2022-11-07 21:00:00,114.299,110.346,106.848,97.261
2022-11-07 22:00:00,114.299,110.346,106.848,97.261
2022-11-07 23:00:00,110.997,106.892,102.561,100.13
2022-11-08 00:00:00,110.997,106.892,102.561,100.13
2022-11-08 01:00:00,110.997,106.892,102.561,100.13
2022-11-08 02:00:00,110.997,106.892,102.561,100.13
2022-11-08 03:00:00,110.997,106.892,102.561,100.13
2022-11-08 04:00:00,110.997,106.892,102.561,100.13
2022-11-08 05:00:00,120.391,122.323,121.064,138.682
2022-11-08 06:00:00,120.391,122.323,121.064,138.682
2022-11-08 07:00:00,120.391,122.323,121.064,138.682
2022-11-08 08:00:00,120.391,122.323,121.064,138.682
2022-11-08 09:00:00,120.391,122.323,121.064,138.682
2022-11-08 10:00:00,120.391,122.323,121.064,138.682
2022-11-08 11:00:00,146.402,141.709,137.96,166.19
2022-11-08 12:00:00,146.402,141.709,137.96,166.19
2022-11-08 13:00:00,146.402,141.709,137.96,166.19
2022-11-08 14:00:00,146.402,141.709,137.96,166.19
2022-11-08 15:00:00,146.402,141.709,137.96,166.19
2022-11-08 16:00:00,146.402,141.709,137.96,166.19
2022-11-08 17:00:00,159.95,164.828,165.821,156.998
2022-11-08 18:00:00,159.95,164.828,165.821,156.998
2022-11-08 19:00:00,159.95,164.828,165.821,156.998
2022-11-08 20:00:00,159.95,164.828,165.821,156.998
2022-11-08 21:00:00,159.95,164.828,165.821,156.998
2022-11-08 22:00:00,159.95,164.828,165.821,156.998
2022-11-08 23:00:00,163.936,159.867,154.749,141.707
2022-11-09 00:00:00,163.936,159.867,154.749,141.707
2022-11-09 01:00:00,163.936,159.867,154.749,141.707
2022-11-09 02:00:00,163.936,159.867,154.749,141.707
2022-11-09 03:00:00,163.936,159.867,154.749,141.707
2022-11-09 04:00:00,163.936,159.867,154.749,141.707
2022-11-09 05:00:00,144.307,145.505,145.197,139.293
2022-11-09 06:00:00,144.307,145.505,145.197,139.293
2022-11-09 07:00:00,144.307,145.505,145.197,139.293
2022-11-09 08:00:00,144.307,145.505,145.197,139.293
2022-11-09 09:00:00,144.307,145.505,145.197,139.293
2022-11-09 10:00:00,144.307,145.505,145.197,139.293
2022-11-09 11:00:00,154.627,155.506,153.603,165.415
2022-11-09 12:00:00,154.627,155.506,153.603,165.415
2022-11-09 13:00:00,154.627,155.506,153.603,165.415
2022-11-09 14:00:00,154.627,155.506,153.603,165.415
2022-11-09 15:00:00,154.627,155.506,153.603,165.415
2022-11-09 16:00:00,154.627,155.506,153.603,165.415
2022-11-09 17:00:00,150.255,154.604,155.971,145.713
2022-11-09 18:00:00,150.255,154.604,155.971,145.713
2022-11-09 19:00:00,150.255,154.604,155.971,145.713
2022-11-09 20:00:00,150.255,154.604,155.971,145.713
2022-11-09 21:00:00,150.255,154.604,155.971,145.713
2022-11-09 22:00:00,150.255,154.604,155.971,145.713
2022-11-09 23:00:00,151.812,147.172,141.588,126.252
2022-11-10 00:00:00,151.812,147.172,141.588,126.252
2022-11-10 01:00:00,151.812,147.172,141.588,126.252
2022-11-10 02:00:00,151.812,147.172,141.588,126.252
2022-11-10 03:00:00,151.812,147.172,141.588,126.252
2022-11-10 04:00:00,151.812,147.172,141.588,126.252
2022-11-10 05:00:00,140.071,133.358,127.566,120.185
2022-11-10 06:00:00,140.071,133.358,127.566,120.185
2022-11-10 07:00:00,140.071,133.358,127.566,120.185
2022-11-10 08:00:00,140.071,133.358,127.566,120.185
2022-11-10 09:00:00,140.071,133.358,127.566,120.185
2022-11-10 10:00:00,140.071,133.358,127.566,120.185
2022-11-10 11:00:00,114.911,114.756,112.829,116.657
2022-11-10 12:00:00,114.911,114.756,112.829,116.657
2022-11-10 13:00:00,114.911,114.756,112.829,116.657
2022-11-10 14:00:00,114.911,114.756,112.829,116.657
2022-11-10 15:00:00,114.911,114.756,112.829,116.657
2022-11-10 16:00:00,114.911,114.756,112.829,116.657
2022-11-10 17:00:00,123.05,121.936,120.087,117.334
2022-11-10 18:00:00,123.05,121.936,120.087,117.334
2022-11-10 19:00:00,123.05,121.936,120.087,117.334
2022-11-10 20:00:00,123.05,121.936,120.087,117.334
2022-11-10 21:00:00,123.05,121.936,120.087,117.334
2022-11-10 22:00:00,123.05,121.936,120.087,117.334
2022-11-10 23:00:00,124.65,122.87,119.491,113.918
2022-11-11 00:00:00,124.65,122.87,119.491,113.918
2022-11-11 01:00:00,124.65,122.87,119.491,113.918
2022-11-11 02:00:00,124.65,122.87,119.491,113.918
2022-11-11 03:00:00,124.65,122.87,119.491,113.918
2022-11-11 04:00:00,124.65,122.87,119.491,113.918
2022-11-11 05:00:00,121.592,120.275,121.035,124.203
2022-11-11 06:00:00,121.592,120.275,121.035,124.203
2022-11-11 07:00:00,121.592,120.275,121.035,124.203
2022-11-11 08:00:00,121.592,120.275,121.035,124.203
2022-11-11 09:00:00,121.592,120.275,121.035,124.203
2022-11-11 10:00:00,121.592,120.275,121.035,124.203
2022-11-11 11:00:00,133.667,137.161,136.517,145.73
2022-11-11 12:00:00,133.667,137.161,136.517,145.73
2022-11-11 13:00:00,133.667,137.161,136.517,145.73
2022-11-11 14:00:00,133.667,137.161,136.517,145.73
2022-11-11 15:00:00,133.667,137.161,136.517,145.73
2022-11-11 16:00:00,133.667,137.161,136.517,145.73
2022-11-11 17:00:00,124.695,121.244,117.117,125.009
2022-11-11 18:00:00,124.695,121.244,117.117,125.009
2022-11-11 19:00:00,124.695,121.244,117.117,125.009
2022-11-11 20:00:00,124.695,121.244,117.117,125.009
2022-11-11 21:00:00,124.695,121.244,117.117,125.009
2022-11-11 22:00:00,124.695,121.244,117.117,125.009
2022-11-11 23:00:00,122.709,120.447,117.218,108.531
2022-11-12 00:00:00,122.709,120.447,117.218,108.531
2022-11-12 01:00:00,122.709,120.447,117.218,108.531
2022-11-12 02:00:00,122.709,120.447,117.218,108.531
2022-11-12 03:00:00,122.709,120.447,117.218,108.531
2022-11-12 04:00:00,122.709,120.447,117.218,108.531
2022-11-12 05:00:00,122.673,120.774,117.318,108.503
2022-11-12 06:00:00,122.673,120.774,117.318,108.503
2022-11-12 07:00:00,122.673,120.774,117.318,108.503
2022-11-12 08:00:00,122.673,120.774,117.318,108.503
2022-11-12 09:00:00,122.673,120.774,117.318,108.503
2022-11-12 10:00:00,122.673,120.774,117.318,108.503
2022-11-12 11:00:00,127.762,127.219,124.009,129.033
2022-11-12 12:00:00,127.762,127.219,124.009,129.033
2022-11-12 13:00:00,127.762,127.219,124.009,129.033
2022-11-12 14:00:00,127.762,127.219,124.009,129.033
2022-11-12 15:00:00,127.762,127.219,124.009,129.033
2022-11-12 16:00:00,127.762,127.219,124.009,129.033
2022-11-12 17:00:00,132.961,132.727,130.756,123.558
2022-11-12 18:00:00,132.961,132.727,130.756,123.558
2022-11-12 19:00:00,132.961,132.727,130.756,123.558
2022-11-12 20:00:00,132.961,132.727,130.756,123.558
2022-11-12 21:00:00,132.961,132.727,130.756,123.558
2022-11-12 22:00:00,132.961,132.727,130.756,123.558
2022-11-12 23:00:00,131.297,127.756,123.659,115.224
2022-11-13 00:00:00,131.297,127.756,123.659,115.224
2022-11-13 01:00:00,131.297,127.756,123.659,115.224
2022-11-13 02:00:00,131.297,127.756,123.659,115.224
2022-11-13 03:00:00,131.297,127.756,123.659,115.224
2022-11-13 04:00:00,131.297,127.756,123.659,115.224
2022-11-13 05:00:00,126.054,122.373,118.611,114.812
2022-11-13 06:00:00,126.054,122.373,118.611,114.812
2022-11-13 07:00:00,126.054,122.373,118.611,114.812
2022-11-13 08:00:00,126.054,122.373,118.611,114.812
2022-11-13 09:00:00,126.054,122.373,118.611,114.812
2022-11-13 10:00:00,126.054,122.373,118.611,114.812
2022-11-13 11:00:00,123.914,121.815,118.928,116.292
2022-11-13 12:00:00,123.914,121.815,118.928,116.292
2022-11-13 13:00:00,123.914,121.815,118.928,116.292
2022-11-13 14:00:00,123.914,121.815,118.928,116.292
2022-11-13 15:00:00,123.914,121.815,118.928,116.292
2022-11-13 16:00:00,123.914,121.815,118.928,116.292
2022-11-13 17:00:00,124.414,122.829,120.096,117.001
2022-11-13 18:00:00,124.414,122.829,120.096,117.001
2022-11-13 19:00:00,124.414,122.829,120.096,117.001
2022-11-13 20:00:00,124.414,122.829,120.096,117.001
2022-11-13 21:00:00,124.414,122.829,120.096,117.001
2022-11-13 22:00:00,124.414,122.829,120.096,117.001
2022-11-13 23:00:00,125.157,123.435,120.599,117.2
2022-11-14 00:00:00,125.157,123.435,120.599,117.2
2022-11-14 01:00:00,125.157,123.435,120.599,117.2
2022-11-14 02:00:00,125.157,123.435,120.599,117.2
2022-11-14 03:00:00,125.157,123.435,120.599,117.2
2022-11-14 04:00:00,125.157,123.435,120.599,117.2
2022-11-14 05:00:00,121.384,118.96,115.803,113.412
2022-11-14 06:00:00,121.384,118.96,115.803,113.412
2022-11-14 07:00:00,121.384,118.96,115.803,113.412
2022-11-14 08:00:00,121.384,118.96,115.803,113.412
2022-11-14 09:00:00,121.384,118.96,115.803,113.412
2022-11-14 10:00:00,121.384,118.96,115.803,113.412
2022-11-14 11:00:00,129.892,131.745,130.449,138.182
2022-11-14 12:00:00,129.892,131.745,130.449,138.182
2022-11-14 13:00:00,129.892,131.745,130.449,138.182
2022-11-14 14:00:00,129.892,131.745,130.449,138.182
2022-11-14 15:00:00,129.892,131.745,130.449,138.182
2022-11-14 16:00:00,129.892,131.745,130.449,138.182
2022-11-14 17:00:00,137.28,137.188,135.131,129.344
2022-11-14 18:00:00,137.28,137.188,135.131,129.344
2022-11-14 19:00:00,137.28,137.188,135.131,129.344
2022-11-14 20:00:00,137.28,137.188,135.131,129.344
2022-11-14 21:00:00,137.28,137.188,135.131,129.344
2022-11-14 22:00:00,137.28,137.188,135.131,129.344
2022-11-14 23:00:00,136.623,133.643,129.945,122.251
2022-11-15 00:00:00,136.623,133.643,129.945,122.251
2022-11-15 01:00:00,136.623,133.643,129.945,122.251
2022-11-15 02:00:00,136.623,133.643,129.945,122.251
2022-11-15 03:00:00,136.623,133.643,129.945,122.251
2022-11-15 04:00:00,136.623,133.643,129.945,122.251
2022-11-15 05:00:00,132.869,129.796,126.339,123.555
2022-11-15 06:00:00,132.869,129.796,126.339,123.555
2022-11-15 07:00:00,132.869,129.796,126.339,123.555
2022-11-15 08:00:00,132.869,129.796,126.339,123.555
2022-11-15 09:00:00,132.869,129.796,126.339,123.555
2022-11-15 10:00:00,132.869,129.796,126.339,123.555
2022-11-15 11:00:00,129.781,129.37,126.655,124.655
2022-11-15 12:00:00,129.781,129.37,126.655,124.655
2022-11-15 13:00:00,129.781,129.37,126.655,124.655
2022-11-15 14:00:00,129.781,129.37,126.655,124.655
2022-11-15 15:00:00,129.781,129.37,126.655,124.655
2022-11-15 16:00:00,129.781,129.37,126.655,124.655
2022-11-15 17:00:00,130.352,127.647,124.836,122.454
2022-11-15 18:00:00,130.352,127.647,124.836,122.454
2022-11-15 19:00:00,130.352,127.647,124.836,122.454
2022-11-15 20:00:00,130.352,127.647,124.836,122.454
2022-11-15 21:00:00,130.352,127.647,124.836,122.454
2022-11-15 22:00:00,130.352,127.647,124.836,122.454
2022-11-15 23:00:00,129.91,128.35,125.693,121.859
2022-11-16 00:00:00,129.91,128.35,125.693,121.859
2022-11-16 01:00:00,129.91,128.35,125.693,121.859
2022-11-16 02:00:00,129.91,128.35,125.693,121.859
2022-11-16 03:00:00,129.91,128.35,125.693,121.859
2022-11-16 04:00:00,129.91,128.35,125.693,121.859
2022-11-16 05:00:00,130.928,129.53,126.891,125.586
2022-11-16 06:00:00,130.928,129.53,126.891,125.586
2022-11-16 07:00:00,130.928,129.53,126.891,125.586
2022-11-16 08:00:00,130.928,129.53,126.891,125.586
2022-11-16 09:00:00,130.928,129.53,126.891,125.586
2022-11-16 10:00:00,130.928,129.53,126.891,125.586
2022-11-16 11:00:00,132.426,125.806,120.546,143.788
2022-11-16 12:00:00,132.426,125.806,120.546,143.788
2022-11-16 13:00:00,132.426,125.806,120.546,143.788
2022-11-16 14:00:00,132.426,125.806,120.546,143.788
2022-11-16 15:00:00,132.426,125.806,120.546,143.788
2022-11-16 16:00:00,132.426,125.806,120.546,143.788
2022-11-16 17:00:00,139.755,143.873,145.195,139.678
2022-11-16 18:00:00,139.755,143.873,145.195,139.678
2022-11-16 19:00:00,139.755,143.873,145.195,139.678
2022-11-16 20:00:00,139.755,143.873,145.195,139.678
2022-11-16 21:00:00,139.755,143.873,145.195,139.678
2022-11-16 22:00:00,139.755,143.873,145.195,139.678
2022-11-16 23:00:00,143.551,140.794,136.842,124.184
2022-11-17 00:00:00,143.551,140.794,136.842,124.184
2022-11-17 01:00:00,143.551,140.794,136.842,124.184
2022-11-17 02:00:00,143.551,140.794,136.842,124.184
2022-11-17 03:00:00,143.551,140.794,136.842,124.184
2022-11-17 04:00:00,143.551,140.794,136.842,124.184
2022-11-17 05:00:00,135.594,130.478,126.022,119.995
2022-11-17 06:00:00,135.594,130.478,126.022,119.995
2022-11-17 07:00:00,135.594,130.478,126.022,119.995
2022-11-17 08:00:00,135.594,130.478,126.022,119.995
2022-11-17 09:00:00,135.594,130.478,126.022,119.995
2022-11-17 10:00:00,135.594,130.478,126.022,119.995
2022-11-17 11:00:00,135.381,134.01,130.83,150.764
2022-11-17 12:00:00,135.381,134.01,130.83,150.764
2022-11-17 13:00:00,135.381,134.01,130.83,150.764
2022-11-17 14:00:00,135.381,134.01,130.83,150.764
2022-11-17 15:00:00,135.381,134.01,130.83,150.764
2022-11-17 16:00:00,135.381,134.01,130.83,150.764
2022-11-17 17:00:00,133.882,131.251,128.317,143.702
2022-11-17 18:00:00,133.882,131.251,128.317,143.702
2022-11-17 19:00:00,133.882,131.251,128.317,143.702
2022-11-17 20:00:00,133.882,131.251,128.317,143.702
2022-11-17 21:00:00,133.882,131.251,128.317,143.702
2022-11-17 22:00:00,133.882,131.251,128.317,143.702
2022-11-17 23:00:00,133.4,131.863,129.459,129.764
2022-11-18 00:00:00,133.4,131.863,129.459,129.764
2022-11-18 01:00:00,133.4,131.863,129.459,129.764
2022-11-18 02:00:00,133.4,131.863,129.459,129.764
2022-11-18 03:00:00,133.4,131.863,129.459,129.764
2022-11-18 04:00:00,133.4,131.863,129.459,129.764
2022-11-18 05:00:00,135.248,134.315,132.06,127.203
2022-11-18 06:00:00,135.248,134.315,132.06,127.203
2022-11-18 07:00:00,135.248,134.315,132.06,127.203
2022-11-18 08:00:00,135.248,134.315,132.06,127.203
2022-11-18 09:00:00,135.248,134.315,132.06,127.203
2022-11-18 10:00:00,135.248,134.315,132.06,127.203
2022-11-18 11:00:00,145.778,142.612,138.169,132.657
2022-11-18 12:00:00,145.778,142.612,138.169,132.657
2022-11-18 13:00:00,145.778,142.612,138.169,132.657
2022-11-18 14:00:00,145.778,142.612,138.169,132.657
2022-11-18 15:00:00,145.778,142.612,138.169,132.657
2022-11-18 16:00:00,145.778,142.612,138.169,132.657
2022-11-18 17:00:00,141.417,138.309,135.339,130.798
2022-11-18 18:00:00,141.417,138.309,135.339,130.798
2022-11-18 19:00:00,141.417,138.309,135.339,130.798
2022-11-18 20:00:00,141.417,138.309,135.339,130.798
2022-11-18 21:00:00,141.417,138.309,135.339,130.798
2022-11-18 22:00:00,141.417,138.309,135.339,130.798
2022-11-18 23:00:00,138.666,136.321,133.445,128.938
2022-11-19 00:00:00,138.666,136.321,133.445,128.938
2022-11-19 01:00:00,138.666,136.321,133.445,128.938
2022-11-19 02:00:00,138.666,136.321,133.445,128.938
2022-11-19 03:00:00,138.666,136.321,133.445,128.938
2022-11-19 04:00:00,138.666,136.321,133.445,128.938
2022-11-19 05:00:00,142.03,146.984,150.722,144.474
2022-11-19 06:00:00,142.03,146.984,150.722,144.474
2022-11-19 07:00:00,142.03,146.984,150.722,144.474
2022-11-19 08:00:00,142.03,146.984,150.722,144.474
2022-11-19 09:00:00,142.03,146.984,150.722,144.474
2022-11-19 10:00:00,142.03,146.984,150.722,144.474
2022-11-19 11:00:00,153.856,154.665,152.462,155.792
2022-11-19 12:00:00,153.856,154.665,152.462,155.792
2022-11-19 13:00:00,153.856,154.665,152.462,155.792
2022-11-19 14:00:00,153.856,154.665,152.462,155.792
2022-11-19 15:00:00,153.856,154.665,152.462,155.792
2022-11-19 16:00:00,153.856,154.665,152.462,155.792
2022-11-19 17:00:00,153.599,151.679,148.851,140.444
2022-11-19 18:00:00,153.599,151.679,148.851,140.444
2022-11-19 19:00:00,153.599,151.679,148.851,140.444
2022-11-19 20:00:00,153.599,151.679,148.851,140.444
2022-11-19 21:00:00,153.599,151.679,148.851,140.444
2022-11-19 22:00:00,153.599,151.679,148.851,140.444
2022-11-19 23:00:00,147.969,143.753,139.846,130.486
2022-11-20 00:00:00,147.969,143.753,139.846,130.486
2022-11-20 01:00:00,147.969,143.753,139.846,130.486
2022-11-20 02:00:00,147.969,143.753,139.846,130.486
2022-11-20 03:00:00,147.969,143.753,139.846,130.486
2022-11-20 04:00:00,147.969,143.753,139.846,130.486
2022-11-20 05:00:00,140.958,144.962,146.97,137.455
2022-11-20 06:00:00,140.958,144.962,146.97,137.455
2022-11-20 07:00:00,140.958,144.962,146.97,137.455
2022-11-20 08:00:00,140.958,144.962,146.97,137.455
2022-11-20 09:00:00,140.958,144.962,146.97,137.455
2022-11-20 10:00:00,140.958,144.962,146.97,137.455
2022-11-20 11:00:00,153.362,154.94,153.53,168.658
2022-11-20 12:00:00,153.362,154.94,153.53,168.658
2022-11-20 13:00:00,153.362,154.94,153.53,168.658
2022-11-20 14:00:00,153.362,154.94,153.53,168.658
2022-11-20 15:00:00,153.362,154.94,153.53,168.658
2022-11-20 16:00:00,153.362,154.94,153.53,168.658
2022-11-20 17:00:00,139.176,145.823,142.888,149.498
2022-11-20 18:00:00,139.176,145.823,142.888,149.498
2022-11-20 19:00:00,139.176,145.823,142.888,149.498
2022-11-20 20:00:00,139.176,145.823,142.888,149.498
2022-11-20 21:00:00,139.176,145.823,142.888,149.498
2022-11-20 22:00:00,139.176,145.823,142.888,149.498
2022-11-20 23:00:00,142.551,142.613,139.651,133.588
2022-11-21 00:00:00,142.551,142.613,139.651,133.588
2022-11-21 01:00:00,142.551,142.613,139.651,133.588
2022-11-21 02:00:00,142.551,142.613,139.651,133.588
2022-11-21 03:00:00,142.551,142.613,139.651,133.588
2022-11-21 04:00:00,142.551,142.613,139.651,133.588
2022-11-21 05:00:00,141.981,139.282,136.195,131.584
2022-11-21 06:00:00,141.981,139.282,136.195,131.584
2022-11-21 07:00:00,141.981,139.282,136.195,131.584
2022-11-21 08:00:00,141.981,139.282,136.195,131.584
2022-11-21 09:00:00,141.981,139.282,136.195,131.584
2022-11-21 10:00:00,141.981,139.282,136.195,131.584
2022-11-21 11:00:00,120.012,115.128,108.622,128.199
2022-11-21 12:00:00,120.012,115.128,108.622,128.199
2022-11-21 13:00:00,120.012,115.128,108.622,128.199
2022-11-21 14:00:00,120.012,115.128,108.622,128.199
2022-11-21 15:00:00,120.012,115.128,108.622,128.199
2022-11-21 16:00:00,120.012,115.128,108.622,128.199
2022-11-21 17:00:00,135.204,133.058,130.495,125.283
2022-11-21 18:00:00,135.204,133.058,130.495,125.283
2022-11-21 19:00:00,135.204,133.058,130.495,125.283
2022-11-21 20:00:00,135.204,133.058,130.495,125.283
2022-11-21 21:00:00,135.204,133.058,130.495,125.283
2022-11-21 22:00:00,135.204,133.058,130.495,125.283
2022-11-21 23:00:00,132.783,130.2,127.293,121.802
2022-11-22 00:00:00,132.783,130.2,127.293,121.802
2022-11-22 01:00:00,132.783,130.2,127.293,121.802
2022-11-22 02:00:00,132.783,130.2,127.293,121.802
2022-11-22 03:00:00,132.783,130.2,127.293,121.802
2022-11-22 04:00:00,132.783,130.2,127.293,121.802
2022-11-22 05:00:00,126.767,127.113,126.975,118.07
2022-11-22 06:00:00,126.767,127.113,126.975,118.07
2022-11-22 07:00:00,126.767,127.113,126.975,118.07
2022-11-22 08:00:00,126.767,127.113,126.975,118.07
2022-11-22 09:00:00,126.767,127.113,126.975,118.07
2022-11-22 10:00:00,126.767,127.113,126.975,118.07
2022-11-22 11:00:00,137.31,134.26,131.292,137.532
2022-11-22 12:00:00,137.31,134.26,131.292,137.532
2022-11-22 13:00:00,137.31,134.26,131.292,137.532
2022-11-22 14:00:00,137.31,134.26,131.292,137.532
2022-11-22 15:00:00,137.31,134.26,131.292,137.532
2022-11-22 16:00:00,137.31,134.26,131.292,137.532
2022-11-22 17:00:00,140.678,141.257,140.237,136.02
2022-11-22 18:00:00,140.678,141.257,140.237,136.02
2022-11-22 19:00:00,140.678,141.257,140.237,136.02
2022-11-22 20:00:00,140.678,141.257,140.237,136.02
2022-11-22 21:00:00,140.678,141.257,140.237,136.02
2022-11-22 22:00:00,140.678,141.257,140.237,136.02
2022-11-22 23:00:00,141.542,138.986,135.722,126.767
2022-11-23 00:00:00,141.542,138.986,135.722,126.767
2022-11-23 01:00:00,141.542,138.986,135.722,126.767
2022-11-23 02:00:00,141.542,138.986,135.722,126.767
2022-11-23 03:00:00,141.542,138.986,135.722,126.767
2022-11-23 04:00:00,141.542,138.986,135.722,126.767
2022-11-23 05:00:00,109.384,114.647,118.054,112.967
2022-11-23 06:00:00,109.384,114.647,118.054,112.967
2022-11-23 07:00:00,109.384,114.647,118.054,112.967
2022-11-23 08:00:00,109.384,114.647,118.054,112.967
2022-11-23 09:00:00,109.384,114.647,118.054,112.967
2022-11-23 10:00:00,109.384,114.647,118.054,112.967
2022-11-23 11:00:00,118.95,116.457,111.387,117.594
2022-11-23 12:00:00,118.95,116.457,111.387,117.594
2022-11-23 13:00:00,118.95,116.457,111.387,117.594
2022-11-23 14:00:00,118.95,116.457,111.387,117.594
2022-11-23 15:00:00,118.95,116.457,111.387,117.594
2022-11-23 16:00:00,118.95,116.457,111.387,117.594
2022-11-23 17:00:00,120.08,118.596,117.151,108.389
2022-11-23 18:00:00,120.08,118.596,117.151,108.389
2022-11-23 19:00:00,120.08,118.596,117.151,108.389
2022-11-23 20:00:00,120.08,118.596,117.151,108.389
2022-11-23 21:00:00,120.08,118.596,117.151,108.389
2022-11-23 22:00:00,120.08,118.596,117.151,108.389
2022-11-23 23:00:00,118.414,115.177,111.891,108.16
2022-11-24 00:00:00,118.414,115.177,111.891,108.16
2022-11-24 01:00:00,118.414,115.177,111.891,108.16
2022-11-24 02:00:00,118.414,115.177,111.891,108.16
2022-11-24 03:00:00,118.414,115.177,111.891,108.16
2022-11-24 04:00:00,118.414,115.177,111.891,108.16
2022-11-24 05:00:00,111.945,114.248,116.889,117.298
2022-11-24 06:00:00,111.945,114.248,116.889,117.298
2022-11-24 07:00:00,111.945,114.248,116.889,117.298
2022-11-24 08:00:00,111.945,114.248,116.889,117.298
2022-11-24 09:00:00,111.945,114.248,116.889,117.298
2022-11-24 10:00:00,111.945,114.248,116.889,117.298
2022-11-24 11:00:00,126.04,128.768,128.158,135.113
2022-11-24 12:00:00,126.04,128.768,128.158,135.113
2022-11-24 13:00:00,126.04,128.768,128.158,135.113
2022-11-24 14:00:00,126.04,128.768,128.158,135.113
2022-11-24 15:00:00,126.04,128.768,128.158,135.113
2022-11-24 16:00:00,126.04,128.768,128.158,135.113
2022-11-24 17:00:00,132.667,133.49,132.511,126.242
2022-11-24 18:00:00,132.667,133.49,132.511,126.242
2022-11-24 19:00:00,132.667,133.49,132.511,126.242
2022-11-24 20:00:00,132.667,133.49,132.511,126.242
2022-11-24 21:00:00,132.667,133.49,132.511,126.242
2022-11-24 22:00:00,132.667,133.49,132.511,126.242
2022-11-24 23:00:00,133.023,129.891,126.518,118.176
2022-11-25 00:00:00,133.023,129.891,126.518,118.176
2022-11-25 01:00:00,133.023,129.891,126.518,118.176
2022-11-25 02:00:00,133.023,129.891,126.518,118.176
2022-11-25 03:00:00,133.023,129.891,126.518,118.176
2022-11-25 04:00:00,133.023,129.891,126.518,118.176
2022-11-25 05:00:00,117.394,126.764,130.986,129.557
2022-11-25 06:00:00,117.394,126.764,130.986,129.557
2022-11-25 07:00:00,117.394,126.764,130.986,129.557
2022-11-25 08:00:00,117.394,126.764,130.986,129.557
2022-11-25 09:00:00,117.394,126.764,130.986,129.557
2022-11-25 10:00:00,117.394,126.764,130.986,129.557
2022-11-25 11:00:00,114.254,113.685,110.181,150.475
2022-11-25 12:00:00,114.254,113.685,110.181,150.475
2022-11-25 13:00:00,114.254,113.685,110.181,150.475
2022-11-25 14:00:00,114.254,113.685,110.181,150.475
2022-11-25 15:00:00,114.254,113.685,110.181,150.475
2022-11-25 16:00:00,114.254,113.685,110.181,150.475
2022-11-25 17:00:00,137.586,146.332,150.353,142.983
2022-11-25 18:00:00,137.586,146.332,150.353,142.983
2022-11-25 19:00:00,137.586,146.332,150.353,142.983
2022-11-25 20:00:00,137.586,146.332,150.353,142.983
2022-11-25 21:00:00,137.586,146.332,150.353,142.983
2022-11-25 22:00:00,137.586,146.332,150.353,142.983
2022-11-25 23:00:00,146.406,143.654,139.564,125.599
2022-11-26 00:00:00,146.406,143.654,139.564,125.599
2022-11-26 01:00:00,146.406,143.654,139.564,125.599
2022-11-26 02:00:00,146.406,143.654,139.564,125.599
2022-11-26 03:00:00,146.406,143.654,139.564,125.599
2022-11-26 04:00:00,146.406,143.654,139.564,125.599
2022-11-26 05:00:00,136.804,130.686,126.025,117.572
2022-11-26 06:00:00,136.804,130.686,126.025,117.572
2022-11-26 07:00:00,136.804,130.686,126.025,117.572
2022-11-26 08:00:00,136.804,130.686,126.025,117.572
2022-11-26 09:00:00,136.804,130.686,126.025,117.572
2022-11-26 10:00:00,136.804,130.686,126.025,117.572
2022-11-26 11:00:00,114.306,117.924,116.069,114.274
2022-11-26 12:00:00,114.306,117.924,116.069,114.274
2022-11-26 13:00:00,114.306,117.924,116.069,114.274
2022-11-26 14:00:00,114.306,117.924,116.069,114.274
2022-11-26 15:00:00,114.306,117.924,116.069,114.274
2022-11-26 16:00:00,114.306,117.924,116.069,114.274
2022-11-26 17:00:00,120.435,118.902,116.738,111.643
2022-11-26 18:00:00,120.435,118.902,116.738,111.643
2022-11-26 19:00:00,120.435,118.902,116.738,111.643
2022-11-26 20:00:00,120.435,118.902,116.738,111.643
2022-11-26 21:00:00,120.435,118.902,116.738,111.643
2022-11-26 22:00:00,120.435,118.902,116.738,111.643
2022-11-26 23:00:00,118.902,116.148,113.238,106.708
2022-11-27 00:00:00,118.902,116.148,113.238,106.708
2022-11-27 01:00:00,118.902,116.148,113.238,106.708
2022-11-27 02:00:00,118.902,116.148,113.238,106.708
2022-11-27 03:00:00,118.902,116.148,113.238,106.708
2022-11-27 04:00:00,118.902,116.148,113.238,106.708
2022-11-27 05:00:00,116.104,113.357,110.454,106.855
2022-11-27 06:00:00,116.104,113.357,110.454,106.855
2022-11-27 07:00:00,116.104,113.357,110.454,106.855
2022-11-27 08:00:00,116.104,113.357,110.454,106.855
2022-11-27 09:00:00,116.104,113.357,110.454,106.855
2022-11-27 10:00:00,116.104,113.357,110.454,106.855
2022-11-27 11:00:00,115.725,121.572,123.028,125.37
2022-11-27 12:00:00,115.725,121.572,123.028,125.37
2022-11-27 13:00:00,115.725,121.572,123.028,125.37
2022-11-27 14:00:00,115.725,121.572,123.028,125.37
2022-11-27 15:00:00,115.725,121.572,123.028,125.37
2022-11-27 16:00:00,115.725,121.572,123.028,125.37
2022-11-27 17:00:00,125.61,124.831,122.478,115.325
2022-11-27 18:00:00,125.61,124.831,122.478,115.325
2022-11-27 19:00:00,125.61,124.831,122.478,115.325
2022-11-27 20:00:00,125.61,124.831,122.478,115.325
2022-11-27 21:00:00,125.61,124.831,122.478,115.325
2022-11-27 22:00:00,125.61,124.831,122.478,115.325
2022-11-27 23:00:00,126.471,124.363,121.903,105.478
2022-11-28 00:00:00,126.471,124.363,121.903,105.478
2022-11-28 01:00:00,126.471,124.363,121.903,105.478
2022-11-28 02:00:00,126.471,124.363,121.903,105.478
2022-11-28 03:00:00,126.471,124.363,121.903,105.478
2022-11-28 04:00:00,126.471,124.363,121.903,105.478
2022-11-28 05:00:00,126.192,123.929,121.326,107.191
2022-11-28 06:00:00,126.192,123.929,121.326,107.191
2022-11-28 07:00:00,126.192,123.929,121.326,107.191
2022-11-28 08:00:00,126.192,123.929,121.326,107.191
2022-11-28 09:00:00,126.192,123.929,121.326,107.191
2022-11-28 10:00:00,126.192,123.929,121.326,107.191
2022-11-28 11:00:00,118.381,119.012,116.853,101.789
2022-11-28 12:00:00,118.381,119.012,116.853,101.789
2022-11-28 13:00:00,118.381,119.012,116.853,101.789
2022-11-28 14:00:00,118.381,119.012,116.853,101.789
2022-11-28 15:00:00,118.381,119.012,116.853,101.789
2022-11-28 16:00:00,118.381,119.012,116.853,101.789
2022-11-28 17:00:00,121.505,119.758,117.689,103.865
2022-11-28 18:00:00,121.505,119.758,117.689,103.865
2022-11-28 19:00:00,121.505,119.758,117.689,103.865
2022-11-28 20:00:00,121.505,119.758,117.689,103.865
2022-11-28 21:00:00,121.505,119.758,117.689,103.865
2022-11-28 22:00:00,121.505,119.758,117.689,103.865
2022-11-28 23:00:00,120.18,117.456,114.786,107.005
2022-11-29 00:00:00,120.18,117.456,114.786,107.005
2022-11-29 01:00:00,120.18,117.456,114.786,107.005
2022-11-29 02:00:00,120.18,117.456,114.786,107.005
2022-11-29 03:00:00,120.18,117.456,114.786,107.005
2022-11-29 04:00:00,120.18,117.456,114.786,107.005
2022-11-29 05:00:00,118.114,115.565,113.099,112.526
2022-11-29 06:00:00,118.114,115.565,113.099,112.526
2022-11-29 07:00:00,118.114,115.565,113.099,112.526
2022-11-29 08:00:00,118.114,115.565,113.099,112.526
2022-11-29 09:00:00,118.114,115.565,113.099,112.526
2022-11-29 10:00:00,118.114,115.565,113.099,112.526
2022-11-29 11:00:00,117.68,118.503,117.325,121.548
2022-11-29 12:00:00,117.68,118.503,117.325,121.548
2022-11-29 13:00:00,117.68,118.503,117.325,121.548
2022-11-29 14:00:00,117.68,118.503,117.325,121.548
2022-11-29 15:00:00,117.68,118.503,117.325,121.548
2022-11-29 16:00:00,117.68,118.503,117.325,121.548
2022-11-29 17:00:00,131.376,131.517,130.997,132.259
2022-11-29 18:00:00,131.376,131.517,130.997,132.259
2022-11-29 19:00:00,131.376,131.517,130.997,132.259
2022-11-29 20:00:00,131.376,131.517,130.997,132.259
2022-11-29 21:00:00,131.376,131.517,130.997,132.259
2022-11-29 22:00:00,131.376,131.517,130.997,132.259
2022-11-29 23:00:00,137.014,136.907,135.421,130.961
2022-11-30 00:00:00,137.014,136.907,135.421,130.961
2022-11-30 01:00:00,137.014,136.907,135.421,130.961
2022-11-30 02:00:00,137.014,136.907,135.421,130.961
2022-11-30 03:00:00,137.014,136.907,135.421,130.961
2022-11-30 04:00:00,137.014,136.907,135.421,130.961
2022-11-30 05:00:00,130.6,133.685,137.479,134.402
2022-11-30 06:00:00,130.6,133.685,137.479,134.402
2022-11-30 07:00:00,130.6,133.685,137.479,134.402
2022-11-30 08:00:00,130.6,133.685,137.479,134.402
2022-11-30 09:00:00,130.6,133.685,137.479,134.402
2022-11-30 10:00:00,130.6,133.685,137.479,134.402
2022-11-30 11:00:00,140.263,140.578,138.594,135.469
2022-11-30 12:00:00,140.263,140.578,138.594,135.469
2022-11-30 13:00:00,140.263,140.578,138.594,135.469
2022-11-30 14:00:00,140.263,140.578,138.594,135.469
2022-11-30 15:00:00,140.263,140.578,138.594,135.469
2022-11-30 16:00:00,140.263,140.578,138.594,135.469
2022-11-30 17:00:00,133.718,134.476,133.987,126.532
2022-11-30 18:00:00,133.718,134.476,133.987,126.532
2022-11-30 19:00:00,133.718,134.476,133.987,126.532
2022-11-30 20:00:00,133.718,134.476,133.987,126.532
2022-11-30 21:00:00,133.718,134.476,133.987,126.532
2022-11-30 22:00:00,133.718,134.476,133.987,126.532
2022-11-30 23:00:00,134.238,130.537,127.307,119.087
2022-12-01 00:00:00,134.238,130.537,127.307,119.087
2022-12-01 01:00:00,134.238,130.537,127.307,119.087
2022-12-01 02:00:00,134.238,130.537,127.307,119.087
2022-12-01 03:00:00,134.238,130.537,127.307,119.087
2022-12-01 04:00:00,134.238,130.537,127.307,119.087
2022-12-01 05:00:00,129.459,124.749,121.667,115.999
2022-12-01 06:00:00,129.459,124.749,121.667,115.999
2022-12-01 07:00:00,129.459,124.749,121.667,115.999
2022-12-01 08:00:00,129.459,124.749,121.667,115.999
2022-12-01 09:00:00,129.459,124.749,121.667,115.999
2022-12-01 10:00:00,129.459,124.749,121.667,115.999
2022-12-01 11:00:00,123.111,121.53,118.665,117.508
2022-12-01 12:00:00,123.111,121.53,118.665,117.508
2022-12-01 13:00:00,123.111,121.53,118.665,117.508
2022-12-01 14:00:00,123.111,121.53,118.665,117.508
2022-12-01 15:00:00,123.111,121.53,118.665,117.508
2022-12-01 16:00:00,123.111,121.53,118.665,117.508
2022-12-01 17:00:00,125.128,125.831,125.818,125.487
2022-12-01 18:00:00,125.128,125.831,125.818,125.487
2022-12-01 19:00:00,125.128,125.831,125.818,125.487
2022-12-01 20:00:00,125.128,125.831,125.818,125.487
2022-12-01 21:00:00,125.128,125.831,125.818,125.487
2022-12-01 22:00:00,125.128,125.831,125.818,125.487
2022-12-01 23:00:00,131.639,131.382,129.89,127.0
2022-12-02 00:00:00,131.639,131.382,129.89,127.0
2022-12-02 01:00:00,131.639,131.382,129.89,127.0
2022-12-02 02:00:00,131.639,131.382,129.89,127.0
2022-12-02 03:00:00,131.639,131.382,129.89,127.0
2022-12-02 04:00:00,131.639,131.382,129.89,127.0
2022-12-02 05:00:00,113.346,118.868,122.96,120.983
2022-12-02 06:00:00,113.346,118.868,122.96,120.983
2022-12-02 07:00:00,113.346,118.868,122.96,120.983
2022-12-02 08:00:00,113.346,118.868,122.96,120.983
2022-12-02 09:00:00,113.346,118.868,122.96,120.983
2022-12-02 10:00:00,113.346,118.868,122.96,120.983
2022-12-02 11:00:00,125.146,125.208,123.104,116.916
2022-12-02 12:00:00,125.146,125.208,123.104,116.916
2022-12-02 13:00:00,125.146,125.208,123.104,116.916
2022-12-02 14:00:00,125.146,125.208,123.104,116.916
2022-12-02 15:00:00,125.146,125.208,123.104,116.916
2022-12-02 16:00:00,125.146,125.208,123.104,116.916
2022-12-02 17:00:00,132.028,126.443,122.189,117.962
2022-12-02 18:00:00,132.028,126.443,122.189,117.962
2022-12-02 19:00:00,132.028,126.443,122.189,117.962
2022-12-02 20:00:00,132.028,126.443,122.189,117.962
2022-12-02 21:00:00,132.028,126.443,122.189,117.962
2022-12-02 22:00:00,132.028,126.443,122.189,117.962
2022-12-02 23:00:00,126.64,123.842,121.667,117.563
2022-12-03 00:00:00,126.64,123.842,121.667,117.563
2022-12-03 01:00:00,126.64,123.842,121.667,117.563
2022-12-03 02:00:00,126.64,123.842,121.667,117.563
2022-12-03 03:00:00,126.64,123.842,121.667,117.563
2022-12-03 04:00:00,126.64,123.842,121.667,117.563
2022-12-03 05:00:00,125.113,122.927,120.688,115.768
2022-12-03 06:00:00,125.113,122.927,120.688,115.768
2022-12-03 07:00:00,125.113,122.927,120.688,115.768
2022-12-03 08:00:00,125.113,122.927,120.688,115.768
2022-12-03 09:00:00,125.113,122.927,120.688,115.768
2022-12-03 10:00:00,125.113,122.927,120.688,115.768
2022-12-03 11:00:00,130.934,129.618,127.582,124.958
2022-12-03 12:00:00,130.934,129.618,127.582,124.958
2022-12-03 13:00:00,130.934,129.618,127.582,124.958
2022-12-03 14:00:00,130.934,129.618,127.582,124.958
2022-12-03 15:00:00,130.934,129.618,127.582,124.958
2022-12-03 16:00:00,130.934,129.618,127.582,124.958
2022-12-03 17:00:00,131.532,130.427,128.596,125.235
2022-12-03 18:00:00,131.532,130.427,128.596,125.235
2022-12-03 19:00:00,131.532,130.427,128.596,125.235
2022-12-03 20:00:00,131.532,130.427,128.596,125.235
2022-12-03 21:00:00,131.532,130.427,128.596,125.235
2022-12-03 22:00:00,131.532,130.427,128.596,125.235
2022-12-03 23:00:00,133.116,131.634,129.79,126.877
2022-12-04 00:00:00,133.116,131.634,129.79,126.877
2022-12-04 01:00:00,133.116,131.634,129.79,126.877
2022-12-04 02:00:00,133.116,131.634,129.79,126.877
2022-12-04 03:00:00,133.116,131.634,129.79,126.877
2022-12-04 04:00:00,133.116,131.634,129.79,126.877
2022-12-04 05:00:00,134.23,132.727,130.867,127.17
2022-12-04 06:00:00,134.23,132.727,130.867,127.17
2022-12-04 07:00:00,134.23,132.727,130.867,127.17
2022-12-04 08:00:00,134.23,132.727,130.867,127.17
2022-12-04 09:00:00,134.23,132.727,130.867,127.17
2022-12-04 10:00:00,134.23,132.727,130.867,127.17
2022-12-04 11:00:00,120.731,118.675,116.193,108.582
2022-12-04 12:00:00,120.731,118.675,116.193,108.582
2022-12-04 13:00:00,120.731,118.675,116.193,108.582
2022-12-04 14:00:00,120.731,118.675,116.193,108.582
2022-12-04 15:00:00,120.731,118.675,116.193,108.582
2022-12-04 16:00:00,120.731,118.675,116.193,108.582
2022-12-04 17:00:00,115.127,110.456,106.971,96.561
2022-12-04 18:00:00,115.127,110.456,106.971,96.561
2022-12-04 19:00:00,115.127,110.456,106.971,96.561
2022-12-04 20:00:00,115.127,110.456,106.971,96.561
2022-12-04 21:00:00,115.127,110.456,106.971,96.561
2022-12-04 22:00:00,115.127,110.456,106.971,96.561
2022-12-04 23:00:00,106.469,101.753,98.31,91.223
2022-12-05 00:00:00,106.469,101.753,98.31,91.223
2022-12-05 01:00:00,106.469,101.753,98.31,91.223
2022-12-05 02:00:00,106.469,101.753,98.31,91.223
2022-12-05 03:00:00,106.469,101.753,98.31,91.223
2022-12-05 04:00:00,106.469,101.753,98.31,91.223
2022-12-05 05:00:00,101.024,97.938,95.47,91.969
2022-12-05 06:00:00,101.024,97.938,95.47,91.969
2022-12-05 07:00:00,101.024,97.938,95.47,91.969
2022-12-05 08:00:00,101.024,97.938,95.47,91.969
2022-12-05 09:00:00,101.024,97.938,95.47,91.969
2022-12-05 10:00:00,101.024,97.938,95.47,91.969
2022-12-05 11:00:00,117.671,107.585,101.894,114.27
2022-12-05 12:00:00,117.671,107.585,101.894,114.27
2022-12-05 13:00:00,117.671,107.585,101.894,114.27
2022-12-05 14:00:00,117.671,107.585,101.894,114.27
2022-12-05 15:00:00,117.671,107.585,101.894,114.27
2022-12-05 16:00:00,117.671,107.585,101.894,114.27
2022-12-05 17:00:00,118.709,121.508,122.968,126.224
2022-12-05 18:00:00,118.709,121.508,122.968,126.224
2022-12-05 19:00:00,118.709,121.508,122.968,126.224
2022-12-05 20:00:00,118.709,121.508,122.968,126.224
2022-12-05 21:00:00,118.709,121.508,122.968,126.224
2022-12-05 22:00:00,118.709,121.508,122.968,126.224
2022-12-05 23:00:00,130.146,131.694,131.016,128.555
2023-09-07 00:00:00,87.087,85.39,82.64,83.271
2023-09-07 01:00:00,87.087,85.39,82.64,83.271
2023-09-07 02:00:00,87.087,85.39,82.64,83.271
2023-09-07 03:00:00,87.087,85.39,82.64,83.271
2023-09-07 04:00:00,87.087,85.39,82.64,83.271
2023-09-07 05:00:00,82.693,87.376,87.657,82.397
2023-09-07 06:00:00,82.693,87.376,87.657,82.397
2023-09-07 07:00:00,82.693,87.376,87.657,82.397
2023-09-07 08:00:00,82.693,87.376,87.657,82.397
2023-09-07 09:00:00,82.693,87.376,87.657,82.397
2023-09-07 10:00:00,82.693,87.376,87.657,82.397
2023-09-07 11:00:00,81.166,84.789,84.128,80.228
2023-09-07 12:00:00,81.166,84.789,84.128,80.228
2023-09-07 13:00:00,81.166,84.789,84.128,80.228
2023-09-07 14:00:00,81.166,84.789,84.128,80.228
2023-09-07 15:00:00,81.166,84.789,84.128,80.228
2023-09-07 16:00:00,81.166,84.789,84.128,80.228
2023-09-07 17:00:00,86.096,84.283,81.02,78.553
2023-09-07 18:00:00,86.096,84.283,81.02,78.553
2023-09-07 19:00:00,86.096,84.283,81.02,78.553
2023-09-07 20:00:00,86.096,84.283,81.02,78.553
2023-09-07 21:00:00,86.096,84.283,81.02,78.553
2023-09-07 22:00:00,86.096,84.283,81.02,78.553
2023-09-07 23:00:00,85.292,83.313,80.428,79.94
2023-09-08 00:00:00,85.292,83.313,80.428,79.94
2023-09-08 01:00:00,85.292,83.313,80.428,79.94
2023-09-08 02:00:00,85.292,83.313,80.428,79.94
2023-09-08 03:00:00,85.292,83.313,80.428,79.94
2023-09-08 04:00:00,85.292,83.313,80.428,79.94
2023-09-08 05:00:00,73.633,72.692,71.101,78.56
2023-09-08 06:00:00,73.633,72.692,71.101,78.56
2023-09-08 07:00:00,73.633,72.692,71.101,78.56
2023-09-08 08:00:00,73.633,72.692,71.101,78.56
2023-09-08 09:00:00,73.633,72.692,71.101,78.56
2023-09-08 10:00:00,73.633,72.692,71.101,78.56
2023-09-08 11:00:00,73.031,76.981,74.239,81.76
2023-09-08 12:00:00,73.031,76.981,74.239,81.76
2023-09-08 13:00:00,73.031,76.981,74.239,81.76
2023-09-08 14:00:00,73.031,76.981,74.239,81.76
2023-09-08 15:00:00,73.031,76.981,74.239,81.76
2023-09-08 16:00:00,73.031,76.981,74.239,81.76
2023-09-08 17:00:00,82.018,82.37,80.701,82.126
2023-09-08 18:00:00,82.018,82.37,80.701,82.126
2023-09-08 19:00:00,82.018,82.37,80.701,82.126
2023-09-08 20:00:00,82.018,82.37,80.701,82.126
2023-09-08 21:00:00,82.018,82.37,80.701,82.126
2023-09-08 22:00:00,82.018,82.37,80.701,82.126
2023-09-08 23:00:00,84.741,83.554,80.781,80.492
2023-09-09 00:00:00,84.741,83.554,80.781,80.492
2023-09-09 01:00:00,84.741,83.554,80.781,80.492
2023-09-09 02:00:00,84.741,83.554,80.781,80.492
2023-09-09 03:00:00,84.741,83.554,80.781,80.492
2023-09-09 04:00:00,84.741,83.554,80.781,80.492
2023-09-09 05:00:00,84.737,82.874,79.815,79.47
2023-09-09 06:00:00,84.737,82.874,79.815,79.47
2023-09-09 07:00:00,84.737,82.874,79.815,79.47
2023-09-09 08:00:00,84.737,82.874,79.815,79.47
2023-09-09 09:00:00,84.737,82.874,79.815,79.47
2023-09-09 10:00:00,84.737,82.874,79.815,79.47
2023-09-09 11:00:00,98.148,98.054,95.394,94.338
2023-09-09 12:00:00,98.148,98.054,95.394,94.338
2023-09-09 13:00:00,98.148,98.054,95.394,94.338
2023-09-09 14:00:00,98.148,98.054,95.394,94.338
2023-09-09 15:00:00,98.148,98.054,95.394,94.338
2023-09-09 16:00:00,98.148,98.054,95.394,94.338
2023-09-09 17:00:00,97.579,94.863,91.403,86.434
2023-09-09 18:00:00,97.579,94.863,91.403,86.434
2023-09-09 19:00:00,97.579,94.863,91.403,86.434
2023-09-09 20:00:00,97.579,94.863,91.403,86.434
2023-09-09 21:00:00,97.579,94.863,91.403,86.434
2023-09-09 22:00:00,97.579,94.863,91.403,86.434
2023-09-09 23:00:00,92.698,89.023,85.047,81.761
2023-09-10 00:00:00,92.698,89.023,85.047,81.761
2023-09-10 01:00:00,92.698,89.023,85.047,81.761
2023-09-10 02:00:00,92.698,89.023,85.047,81.761
2023-09-10 03:00:00,92.698,89.023,85.047,81.761
2023-09-10 04:00:00,92.698,89.023,85.047,81.761
2023-09-10 05:00:00,81.926,81.687,80.649,88.185
2023-09-10 06:00:00,81.926,81.687,80.649,88.185
2023-09-10 07:00:00,81.926,81.687,80.649,88.185
2023-09-10 08:00:00,81.926,81.687,80.649,88.185
2023-09-10 09:00:00,81.926,81.687,80.649,88.185
2023-09-10 10:00:00,81.926,81.687,80.649,88.185
2023-09-10 11:00:00,86.444,86.568,84.474,88.516
2023-09-10 12:00:00,86.444,86.568,84.474,88.516
2023-09-10 13:00:00,86.444,86.568,84.474,88.516
2023-09-10 14:00:00,86.444,86.568,84.474,88.516
2023-09-10 15:00:00,86.444,86.568,84.474,88.516
2023-09-10 16:00:00,86.444,86.568,84.474,88.516
2023-09-10 17:00:00,87.93,86.115,83.019,82.426
2023-09-10 18:00:00,87.93,86.115,83.019,82.426
2023-09-10 19:00:00,87.93,86.115,83.019,82.426
2023-09-10 20:00:00,87.93,86.115,83.019,82.426
2023-09-10 21:00:00,87.93,86.115,83.019,82.426
2023-09-10 22:00:00,87.93,86.115,83.019,82.426
2023-09-10 23:00:00,85.649,82.765,79.138,79.675
2023-09-11 00:00:00,85.649,82.765,79.138,79.675
2023-09-11 01:00:00,85.649,82.765,79.138,79.675
2023-09-11 02:00:00,85.649,82.765,79.138,79.675
2023-09-11 03:00:00,85.649,82.765,79.138,79.675
2023-09-11 04:00:00,85.649,82.765,79.138,79.675
2023-09-11 05:00:00,83.327,81.002,77.729,78.421
2023-09-11 06:00:00,83.327,81.002,77.729,78.421
2023-09-11 07:00:00,83.327,81.002,77.729,78.421
2023-09-11 08:00:00,83.327,81.002,77.729,78.421
2023-09-11 09:00:00,83.327,81.002,77.729,78.421
2023-09-11 10:00:00,83.327,81.002,77.729,78.421
2023-09-11 11:00:00,65.183,66.391,64.483,74.525
2023-09-11 12:00:00,65.183,66.391,64.483,74.525
2023-09-11 13:00:00,65.183,66.391,64.483,74.525
2023-09-11 14:00:00,65.183,66.391,64.483,74.525
2023-09-11 15:00:00,65.183,66.391,64.483,74.525
2023-09-11 16:00:00,65.183,66.391,64.483,74.525
2023-09-11 17:00:00,72.791,74.113,72.629,67.429
2023-09-11 18:00:00,72.791,74.113,72.629,67.429
2023-09-11 19:00:00,72.791,74.113,72.629,67.429
2023-09-11 20:00:00,72.791,74.113,72.629,67.429
2023-09-11 21:00:00,72.791,74.113,72.629,67.429
2023-09-11 22:00:00,72.791,74.113,72.629,67.429
2023-09-11 23:00:00,74.518,72.142,68.555,67.779
2023-09-12 00:00:00,74.518,72.142,68.555,67.779
2023-09-12 01:00:00,74.518,72.142,68.555,67.779
2023-09-12 02:00:00,74.518,72.142,68.555,67.779
2023-09-12 03:00:00,74.518,72.142,68.555,67.779
2023-09-12 04:00:00,74.518,72.142,68.555,67.779
2023-09-12 05:00:00,69.664,66.98,64.658,73.13
2023-09-12 06:00:00,69.664,66.98,64.658,73.13
2023-09-12 07:00:00,69.664,66.98,64.658,73.13
2023-09-12 08:00:00,69.664,66.98,64.658,73.13
2023-09-12 09:00:00,69.664,66.98,64.658,73.13
2023-09-12 10:00:00,69.664,66.98,64.658,73.13
2023-09-12 11:00:00,68.501,66.042,63.456,72.647
2023-09-12 12:00:00,68.501,66.042,63.456,72.647
2023-09-12 13:00:00,68.501,66.042,63.456,72.647
2023-09-12 14:00:00,68.501,66.042,63.456,72.647
2023-09-12 15:00:00,68.501,66.042,63.456,72.647
2023-09-12 16:00:00,68.501,66.042,63.456,72.647
2023-09-12 17:00:00,70.362,70.452,68.327,68.785
2023-09-12 18:00:00,70.362,70.452,68.327,68.785
2023-09-12 19:00:00,70.362,70.452,68.327,68.785
2023-09-12 20:00:00,70.362,70.452,68.327,68.785
2023-09-12 21:00:00,70.362,70.452,68.327,68.785
2023-09-12 22:00:00,70.362,70.452,68.327,68.785
2023-09-12 23:00:00,71.648,69.797,66.485,68.035
2023-09-13 00:00:00,71.648,69.797,66.485,68.035
2023-09-13 01:00:00,71.648,69.797,66.485,68.035
2023-09-13 02:00:00,71.648,69.797,66.485,68.035
2023-09-13 03:00:00,71.648,69.797,66.485,68.035
2023-09-13 04:00:00,71.648,69.797,66.485,68.035
2023-09-13 05:00:00,75.908,78.977,79.061,80.22
2023-09-13 06:00:00,75.908,78.977,79.061,80.22
2023-09-13 07:00:00,75.908,78.977,79.061,80.22
2023-09-13 08:00:00,75.908,78.977,79.061,80.22
2023-09-13 09:00:00,75.908,78.977,79.061,80.22
2023-09-13 10:00:00,75.908,78.977,79.061,80.22
2023-09-13 11:00:00,74.776,77.416,76.026,82.685
2023-09-13 12:00:00,74.776,77.416,76.026,82.685
2023-09-13 13:00:00,74.776,77.416,76.026,82.685
2023-09-13 14:00:00,74.776,77.416,76.026,82.685
2023-09-13 15:00:00,74.776,77.416,76.026,82.685
2023-09-13 16:00:00,74.776,77.416,76.026,82.685
2023-09-13 17:00:00,84.383,85.832,84.206,79.36
2023-09-13 18:00:00,84.383,85.832,84.206,79.36
2023-09-13 19:00:00,84.383,85.832,84.206,79.36
2023-09-13 20:00:00,84.383,85.832,84.206,79.36
2023-09-13 21:00:00,84.383,85.832,84.206,79.36
2023-09-13 22:00:00,84.383,85.832,84.206,79.36
2023-09-13 23:00:00,86.528,84.428,80.809,76.348
2023-09-14 00:00:00,86.528,84.428,80.809,76.348
2023-09-14 01:00:00,86.528,84.428,80.809,76.348
2023-09-14 02:00:00,86.528,84.428,80.809,76.348
2023-09-14 03:00:00,86.528,84.428,80.809,76.348
2023-09-14 04:00:00,86.528,84.428,80.809,76.348
2023-09-14 05:00:00,84.396,81.87,78.281,75.689
2023-09-14 06:00:00,84.396,81.87,78.281,75.689
2023-09-14 07:00:00,84.396,81.87,78.281,75.689
2023-09-14 08:00:00,84.396,81.87,78.281,75.689
2023-09-14 09:00:00,84.396,81.87,78.281,75.689
2023-09-14 10:00:00,84.396,81.87,78.281,75.689
2023-09-14 11:00:00,88.109,90.815,89.673,85.682
2023-09-14 12:00:00,88.109,90.815,89.673,85.682
2023-09-14 13:00:00,88.109,90.815,89.673,85.682
2023-09-14 14:00:00,88.109,90.815,89.673,85.682
2023-09-14 15:00:00,88.109,90.815,89.673,85.682
2023-09-14 16:00:00,88.109,90.815,89.673,85.682
2023-09-14 17:00:00,88.473,84.736,79.984,77.835
2023-09-14 18:00:00,88.473,84.736,79.984,77.835
2023-09-14 19:00:00,88.473,84.736,79.984,77.835
2023-09-14 20:00:00,88.473,84.736,79.984,77.835
2023-09-14 21:00:00,88.473,84.736,79.984,77.835
2023-09-14 22:00:00,88.473,84.736,79.984,77.835
2023-09-14 23:00:00,82.969,79.454,75.505,76.733
2023-09-15 00:00:00,82.969,79.454,75.505,76.733
2023-09-15 01:00:00,82.969,79.454,75.505,76.733
2023-09-15 02:00:00,82.969,79.454,75.505,76.733
2023-09-15 03:00:00,82.969,79.454,75.505,76.733
2023-09-15 04:00:00,82.969,79.454,75.505,76.733
2023-09-15 05:00:00,82.159,84.36,84.493,80.749
2023-09-15 06:00:00,82.159,84.36,84.493,80.749
2023-09-15 07:00:00,82.159,84.36,84.493,80.749
2023-09-15 08:00:00,82.159,84.36,84.493,80.749
2023-09-15 09:00:00,82.159,84.36,84.493,80.749
2023-09-15 10:00:00,82.159,84.36,84.493,80.749
2023-09-15 11:00:00,74.14,76.451,75.272,77.051
2023-09-15 12:00:00,74.14,76.451,75.272,77.051
2023-09-15 13:00:00,74.14,76.451,75.272,77.051
2023-09-15 14:00:00,74.14,76.451,75.272,77.051
2023-09-15 15:00:00,74.14,76.451,75.272,77.051
2023-09-15 16:00:00,74.14,76.451,75.272,77.051
2023-09-15 17:00:00,78.965,77.952,74.606,70.46
2023-09-15 18:00:00,78.965,77.952,74.606,70.46
2023-09-15 19:00:00,78.965,77.952,74.606,70.46
2023-09-15 20:00:00,78.965,77.952,74.606,70.46
2023-09-15 21:00:00,78.965,77.952,74.606,70.46
2023-09-15 22:00:00,78.965,77.952,74.606,70.46
2023-09-15 23:00:00,77.388,74.541,70.599,69.918
2023-09-16 00:00:00,77.388,74.541,70.599,69.918
2023-09-16 01:00:00,77.388,74.541,70.599,69.918
2023-09-16 02:00:00,77.388,74.541,70.599,69.918
2023-09-16 03:00:00,77.388,74.541,70.599,69.918
2023-09-16 04:00:00,77.388,74.541,70.599,69.918
2023-09-16 05:00:00,76.142,74.576,71.35,72.619
2023-09-16 06:00:00,76.142,74.576,71.35,72.619
2023-09-16 07:00:00,76.142,74.576,71.35,72.619
2023-09-16 08:00:00,76.142,74.576,71.35,72.619
2023-09-16 09:00:00,76.142,74.576,71.35,72.619
2023-09-16 10:00:00,76.142,74.576,71.35,72.619
2023-09-16 11:00:00,74.419,73.446,70.44,76.548
2023-09-16 12:00:00,74.419,73.446,70.44,76.548
2023-09-16 13:00:00,74.419,73.446,70.44,76.548
2023-09-16 14:00:00,74.419,73.446,70.44,76.548
2023-09-16 15:00:00,74.419,73.446,70.44,76.548
2023-09-16 16:00:00,74.419,73.446,70.44,76.548
2023-09-16 17:00:00,74.936,73.291,69.918,72.393
2023-09-16 18:00:00,74.936,73.291,69.918,72.393
2023-09-16 19:00:00,74.936,73.291,69.918,72.393
2023-09-16 20:00:00,74.936,73.291,69.918,72.393
2023-09-16 21:00:00,74.936,73.291,69.918,72.393
2023-09-16 22:00:00,74.936,73.291,69.918,72.393
2023-09-16 23:00:00,73.847,71.623,67.943,70.73
2023-09-17 00:00:00,73.847,71.623,67.943,70.73
2023-09-17 01:00:00,73.847,71.623,67.943,70.73
2023-09-17 02:00:00,73.847,71.623,67.943,70.73
2023-09-17 03:00:00,73.847,71.623,67.943,70.73
2023-09-17 04:00:00,73.847,71.623,67.943,70.73
2023-09-17 05:00:00,68.949,69.363,67.979,65.263
2023-09-17 06:00:00,68.949,69.363,67.979,65.263
2023-09-17 07:00:00,68.949,69.363,67.979,65.263
2023-09-17 08:00:00,68.949,69.363,67.979,65.263
2023-09-17 09:00:00,68.949,69.363,67.979,65.263
2023-09-17 10:00:00,68.949,69.363,67.979,65.263
2023-09-17 11:00:00,70.621,68.812,64.985,65.532
2023-09-17 12:00:00,70.621,68.812,64.985,65.532
2023-09-17 13:00:00,70.621,68.812,64.985,65.532
2023-09-17 14:00:00,70.621,68.812,64.985,65.532
2023-09-17 15:00:00,70.621,68.812,64.985,65.532
2023-09-17 16:00:00,70.621,68.812,64.985,65.532
2023-09-17 17:00:00,70.795,69.424,66.313,68.092
2023-09-17 18:00:00,70.795,69.424,66.313,68.092
2023-09-17 19:00:00,70.795,69.424,66.313,68.092
2023-09-17 20:00:00,70.795,69.424,66.313,68.092
2023-09-17 21:00:00,70.795,69.424,66.313,68.092
2023-09-17 22:00:00,70.795,69.424,66.313,68.092
2023-09-17 23:00:00,72.784,72.266,69.425,71.593
2023-09-18 00:00:00,72.784,72.266,69.425,71.593
2023-09-18 01:00:00,72.784,72.266,69.425,71.593
2023-09-18 02:00:00,72.784,72.266,69.425,71.593
2023-09-18 03:00:00,72.784,72.266,69.425,71.593
2023-09-18 04:00:00,72.784,72.266,69.425,71.593
2023-09-18 05:00:00,75.75,75.292,72.421,73.186
2023-09-18 06:00:00,75.75,75.292,72.421,73.186
2023-09-18 07:00:00,75.75,75.292,72.421,73.186
2023-09-18 08:00:00,75.75,75.292,72.421,73.186
2023-09-18 09:00:00,75.75,75.292,72.421,73.186
2023-09-18 10:00:00,75.75,75.292,72.421,73.186
2023-09-18 11:00:00,67.996,66.552,64.204,56.746
2023-09-18 12:00:00,67.996,66.552,64.204,56.746
2023-09-18 13:00:00,67.996,66.552,64.204,56.746
2023-09-18 14:00:00,67.996,66.552,64.204,56.746
2023-09-18 15:00:00,67.996,66.552,64.204,56.746
2023-09-18 16:00:00,67.996,66.552,64.204,56.746
2023-09-18 17:00:00,65.057,61.501,56.981,58.697
2023-09-18 18:00:00,65.057,61.501,56.981,58.697
2023-09-18 19:00:00,65.057,61.501,56.981,58.697
2023-09-18 20:00:00,65.057,61.501,56.981,58.697
2023-09-18 21:00:00,65.057,61.501,56.981,58.697
2023-09-18 22:00:00,65.057,61.501,56.981,58.697
2023-09-18 23:00:00,63.96,62.972,60.177,63.768
2023-09-19 00:00:00,63.96,62.972,60.177,63.768
2023-09-19 01:00:00,63.96,62.972,60.177,63.768
2023-09-19 02:00:00,63.96,62.972,60.177,63.768
2023-09-19 03:00:00,63.96,62.972,60.177,63.768
2023-09-19 04:00:00,63.96,62.972,60.177,63.768
2023-09-19 05:00:00,72.67,68.244,65.822,68.486
2023-09-19 06:00:00,72.67,68.244,65.822,68.486
2023-09-19 07:00:00,72.67,68.244,65.822,68.486
2023-09-19 08:00:00,72.67,68.244,65.822,68.486
2023-09-19 09:00:00,72.67,68.244,65.822,68.486
2023-09-19 10:00:00,72.67,68.244,65.822,68.486
2023-09-19 11:00:00,71.08,72.698,71.57,78.424
2023-09-19 12:00:00,71.08,72.698,71.57,78.424
2023-09-19 13:00:00,71.08,72.698,71.57,78.424
2023-09-19 14:00:00,71.08,72.698,71.57,78.424
2023-09-19 15:00:00,71.08,72.698,71.57,78.424
2023-09-19 16:00:00,71.08,72.698,71.57,78.424
2023-09-19 17:00:00,80.417,82.449,80.62,85.446
2023-09-19 18:00:00,80.417,82.449,80.62,85.446
2023-09-19 19:00:00,80.417,82.449,80.62,85.446
2023-09-19 20:00:00,80.417,82.449,80.62,85.446
2023-09-19 21:00:00,80.417,82.449,80.62,85.446
2023-09-19 22:00:00,80.417,82.449,80.62,85.446
2023-09-19 23:00:00,87.114,87.27,84.581,83.9
2023-09-20 00:00:00,87.114,87.27,84.581,83.9
2023-09-20 01:00:00,87.114,87.27,84.581,83.9
2023-09-20 02:00:00,87.114,87.27,84.581,83.9
2023-09-20 03:00:00,87.114,87.27,84.581,83.9
2023-09-20 04:00:00,87.114,87.27,84.581,83.9
2023-09-20 05:00:00,69.991,67.371,64.806,73.229
2023-09-20 06:00:00,69.991,67.371,64.806,73.229
2023-09-20 07:00:00,69.991,67.371,64.806,73.229
2023-09-20 08:00:00,69.991,67.371,64.806,73.229
2023-09-20 09:00:00,69.991,67.371,64.806,73.229
2023-09-20 10:00:00,69.991,67.371,64.806,73.229
2023-09-20 11:00:00,72.213,74.468,72.956,68.549
2023-09-20 12:00:00,72.213,74.468,72.956,68.549
2023-09-20 13:00:00,72.213,74.468,72.956,68.549
2023-09-20 14:00:00,72.213,74.468,72.956,68.549
2023-09-20 15:00:00,72.213,74.468,72.956,68.549
2023-09-20 16:00:00,72.213,74.468,72.956,68.549
2023-09-20 17:00:00,73.138,69.818,65.267,65.177
2023-09-20 18:00:00,73.138,69.818,65.267,65.177
2023-09-20 19:00:00,73.138,69.818,65.267,65.177
2023-09-20 20:00:00,73.138,69.818,65.267,65.177
2023-09-20 21:00:00,73.138,69.818,65.267,65.177
2023-09-20 22:00:00,73.138,69.818,65.267,65.177
2023-09-20 23:00:00,70.416,68.269,64.943,68.554
2023-09-21 00:00:00,70.416,68.269,64.943,68.554
2023-09-21 01:00:00,70.416,68.269,64.943,68.554
2023-09-21 02:00:00,70.416,68.269,64.943,68.554
2023-09-21 03:00:00,70.416,68.269,64.943,68.554
2023-09-21 04:00:00,70.416,68.269,64.943,68.554
2023-09-21 05:00:00,72.332,72.34,69.853,74.373
2023-09-21 06:00:00,72.332,72.34,69.853,74.373
2023-09-21 07:00:00,72.332,72.34,69.853,74.373
2023-09-21 08:00:00,72.332,72.34,69.853,74.373
2023-09-21 09:00:00,72.332,72.34,69.853,74.373
2023-09-21 10:00:00,72.332,72.34,69.853,74.373
2023-09-21 11:00:00,68.024,67.755,64.965,66.284
2023-09-21 12:00:00,68.024,67.755,64.965,66.284
2023-09-21 13:00:00,68.024,67.755,64.965,66.284
2023-09-21 14:00:00,68.024,67.755,64.965,66.284
2023-09-21 15:00:00,68.024,67.755,64.965,66.284
2023-09-21 16:00:00,68.024,67.755,64.965,66.284
2023-09-21 17:00:00,70.254,69.31,66.296,66.317
2023-09-21 18:00:00,70.254,69.31,66.296,66.317
2023-09-21 19:00:00,70.254,69.31,66.296,66.317
2023-09-21 20:00:00,70.254,69.31,66.296,66.317
2023-09-21 21:00:00,70.254,69.31,66.296,66.317
2023-09-21 22:00:00,70.254,69.31,66.296,66.317
2023-09-21 23:00:00,72.169,71.441,68.565,71.583
2023-09-22 00:00:00,72.169,71.441,68.565,71.583
2023-09-22 01:00:00,72.169,71.441,68.565,71.583
2023-09-22 02:00:00,72.169,71.441,68.565,71.583
2023-09-22 03:00:00,72.169,71.441,68.565,71.583
2023-09-22 04:00:00,72.169,71.441,68.565,71.583
2023-09-22 05:00:00,74.831,73.248,72.508,75.727
2023-09-22 06:00:00,74.831,73.248,72.508,75.727
2023-09-22 07:00:00,74.831,73.248,72.508,75.727
2023-09-22 08:00:00,74.831,73.248,72.508,75.727
2023-09-22 09:00:00,74.831,73.248,72.508,75.727
2023-09-22 10:00:00,74.831,73.248,72.508,75.727
2023-09-22 11:00:00,71.523,73.935,72.846,78.474
2023-09-22 12:00:00,71.523,73.935,72.846,78.474
2023-09-22 13:00:00,71.523,73.935,72.846,78.474
2023-09-22 14:00:00,71.523,73.935,72.846,78.474
2023-09-22 15:00:00,71.523,73.935,72.846,78.474
2023-09-22 16:00:00,71.523,73.935,72.846,78.474
2023-09-22 17:00:00,79.883,80.935,78.701,75.418
2023-09-22 18:00:00,79.883,80.935,78.701,75.418
2023-09-22 19:00:00,79.883,80.935,78.701,75.418
2023-09-22 20:00:00,79.883,80.935,78.701,75.418
2023-09-22 21:00:00,79.883,80.935,78.701,75.418
2023-09-22 22:00:00,79.883,80.935,78.701,75.418
2023-09-22 23:00:00,81.998,80.178,76.578,74.354
2023-09-23 00:00:00,81.998,80.178,76.578,74.354
2023-09-23 01:00:00,81.998,80.178,76.578,74.354
2023-09-23 02:00:00,81.998,80.178,76.578,74.354
2023-09-23 03:00:00,81.998,80.178,76.578,74.354
2023-09-23 04:00:00,81.998,80.178,76.578,74.354
2023-09-23 05:00:00,81.254,79.44,76.043,74.825
2023-09-23 06:00:00,81.254,79.44,76.043,74.825
2023-09-23 07:00:00,81.254,79.44,76.043,74.825
2023-09-23 08:00:00,81.254,79.44,76.043,74.825
2023-09-23 09:00:00,81.254,79.44,76.043,74.825
2023-09-23 10:00:00,81.254,79.44,76.043,74.825
2023-09-23 11:00:00,80.528,82.781,80.562,80.995
2023-09-23 12:00:00,80.528,82.781,80.562,80.995
2023-09-23 13:00:00,80.528,82.781,80.562,80.995
2023-09-23 14:00:00,80.528,82.781,80.562,80.995
2023-09-23 15:00:00,80.528,82.781,80.562,80.995
2023-09-23 16:00:00,80.528,82.781,80.562,80.995
2023-09-23 17:00:00,83.54,81.554,77.969,75.968
2023-09-23 18:00:00,83.54,81.554,77.969,75.968
2023-09-23 19:00:00,83.54,81.554,77.969,75.968
2023-09-23 20:00:00,83.54,81.554,77.969,75.968
2023-09-23 21:00:00,83.54,81.554,77.969,75.968
2023-09-23 22:00:00,83.54,81.554,77.969,75.968
2023-09-23 23:00:00,81.141,78.468,74.79,74.274
2023-09-24 00:00:00,81.141,78.468,74.79,74.274
2023-09-24 01:00:00,81.141,78.468,74.79,74.274
2023-09-24 02:00:00,81.141,78.468,74.79,74.274
2023-09-24 03:00:00,81.141,78.468,74.79,74.274
2023-09-24 04:00:00,81.141,78.468,74.79,74.274
2023-09-24 05:00:00,79.331,77.389,74.133,74.103
2023-09-24 06:00:00,79.331,77.389,74.133,74.103
2023-09-24 07:00:00,79.331,77.389,74.133,74.103
2023-09-24 08:00:00,79.331,77.389,74.133,74.103
2023-09-24 09:00:00,79.331,77.389,74.133,74.103
2023-09-24 10:00:00,79.331,77.389,74.133,74.103
2023-09-24 11:00:00,77.382,73.003,68.488,68.515
2023-09-24 12:00:00,77.382,73.003,68.488,68.515
2023-09-24 13:00:00,77.382,73.003,68.488,68.515
2023-09-24 14:00:00,77.382,73.003,68.488,68.515
2023-09-24 15:00:00,77.382,73.003,68.488,68.515
2023-09-24 16:00:00,77.382,73.003,68.488,68.515
2023-09-24 17:00:00,71.936,68.772,65.061,65.329
2023-09-24 18:00:00,71.936,68.772,65.061,65.329
2023-09-24 19:00:00,71.936,68.772,65.061,65.329
2023-09-24 20:00:00,71.936,68.772,65.061,65.329
2023-09-24 21:00:00,71.936,68.772,65.061,65.329
2023-09-24 22:00:00,71.936,68.772,65.061,65.329
2023-09-24 23:00:00,69.747,67.843,64.641,67.601
2023-09-25 00:00:00,69.747,67.843,64.641,67.601
2023-09-25 01:00:00,69.747,67.843,64.641,67.601
2023-09-25 02:00:00,69.747,67.843,64.641,67.601
2023-09-25 03:00:00,69.747,67.843,64.641,67.601
2023-09-25 04:00:00,69.747,67.843,64.641,67.601
2023-09-25 05:00:00,70.909,70.293,67.668,70.029
2023-09-25 06:00:00,70.909,70.293,67.668,70.029
2023-09-25 07:00:00,70.909,70.293,67.668,70.029
2023-09-25 08:00:00,70.909,70.293,67.668,70.029
2023-09-25 09:00:00,70.909,70.293,67.668,70.029
2023-09-25 10:00:00,70.909,70.293,67.668,70.029
2023-09-25 11:00:00,73.143,69.541,67.065,60.761
2023-09-25 12:00:00,73.143,69.541,67.065,60.761
2023-09-25 13:00:00,73.143,69.541,67.065,60.761
2023-09-25 14:00:00,73.143,69.541,67.065,60.761
2023-09-25 15:00:00,73.143,69.541,67.065,60.761
2023-09-25 16:00:00,73.143,69.541,67.065,60.761
2023-09-25 17:00:00,72.08,70.695,67.454,63.521
2023-09-25 18:00:00,72.08,70.695,67.454,63.521
2023-09-25 19:00:00,72.08,70.695,67.454,63.521
2023-09-25 20:00:00,72.08,70.695,67.454,63.521
2023-09-25 21:00:00,72.08,70.695,67.454,63.521
2023-09-25 22:00:00,72.08,70.695,67.454,63.521
2023-09-25 23:00:00,72.732,71.101,67.873,65.56
2023-09-26 00:00:00,72.732,71.101,67.873,65.56
2023-09-26 01:00:00,72.732,71.101,67.873,65.56
2023-09-26 02:00:00,72.732,71.101,67.873,65.56
2023-09-26 03:00:00,72.732,71.101,67.873,65.56
2023-09-26 04:00:00,72.732,71.101,67.873,65.56
2023-09-26 05:00:00,68.102,63.23,60.645,71.267
2023-09-26 06:00:00,68.102,63.23,60.645,71.267
2023-09-26 07:00:00,68.102,63.23,60.645,71.267
2023-09-26 08:00:00,68.102,63.23,60.645,71.267
2023-09-26 09:00:00,68.102,63.23,60.645,71.267
2023-09-26 10:00:00,68.102,63.23,60.645,71.267
2023-09-26 11:00:00,69.534,66.621,63.232,72.283
2023-09-26 12:00:00,69.534,66.621,63.232,72.283
2023-09-26 13:00:00,69.534,66.621,63.232,72.283
2023-09-26 14:00:00,69.534,66.621,63.232,72.283
2023-09-26 15:00:00,69.534,66.621,63.232,72.283
2023-09-26 16:00:00,69.534,66.621,63.232,72.283
2023-09-26 17:00:00,69.75,68.897,65.965,69.431
2023-09-26 18:00:00,69.75,68.897,65.965,69.431
2023-09-26 19:00:00,69.75,68.897,65.965,69.431
2023-09-26 20:00:00,69.75,68.897,65.965,69.431
2023-09-26 21:00:00,69.75,68.897,65.965,69.431
2023-09-26 22:00:00,69.75,68.897,65.965,69.431
2023-09-26 23:00:00,71.673,70.58,67.48,67.954
2023-09-27 00:00:00,71.673,70.58,67.48,67.954
2023-09-27 01:00:00,71.673,70.58,67.48,67.954
2023-09-27 02:00:00,71.673,70.58,67.48,67.954
2023-09-27 03:00:00,71.673,70.58,67.48,67.954
2023-09-27 04:00:00,71.673,70.58,67.48,67.954
2023-09-27 05:00:00,73.47,70.163,68.127,74.009
2023-09-27 06:00:00,73.47,70.163,68.127,74.009
2023-09-27 07:00:00,73.47,70.163,68.127,74.009
2023-09-27 08:00:00,73.47,70.163,68.127,74.009
2023-09-27 09:00:00,73.47,70.163,68.127,74.009
2023-09-27 10:00:00,73.47,70.163,68.127,74.009
2023-09-27 11:00:00,75.65,70.945,67.138,78.897
2023-09-27 12:00:00,75.65,70.945,67.138,78.897
2023-09-27 13:00:00,75.65,70.945,67.138,78.897
2023-09-27 14:00:00,75.65,70.945,67.138,78.897
2023-09-27 15:00:00,75.65,70.945,67.138,78.897
2023-09-27 16:00:00,75.65,70.945,67.138,78.897
2023-09-27 17:00:00,78.15,79.604,77.929,74.877
2023-09-27 18:00:00,78.15,79.604,77.929,74.877
2023-09-27 19:00:00,78.15,79.604,77.929,74.877
2023-09-27 20:00:00,78.15,79.604,77.929,74.877
2023-09-27 21:00:00,78.15,79.604,77.929,74.877
2023-09-27 22:00:00,78.15,79.604,77.929,74.877
2023-09-27 23:00:00,80.76,78.543,74.577,71.373
2023-09-28 00:00:00,80.76,78.543,74.577,71.373
2023-09-28 01:00:00,80.76,78.543,74.577,71.373
2023-09-28 02:00:00,80.76,78.543,74.577,71.373
2023-09-28 03:00:00,80.76,78.543,74.577,71.373
2023-09-28 04:00:00,80.76,78.543,74.577,71.373
2023-09-28 05:00:00,78.859,76.084,72.501,71.225
2023-09-28 06:00:00,78.859,76.084,72.501,71.225
2023-09-28 07:00:00,78.859,76.084,72.501,71.225
2023-09-28 08:00:00,78.859,76.084,72.501,71.225
2023-09-28 09:00:00,78.859,76.084,72.501,71.225
2023-09-28 10:00:00,78.859,76.084,72.501,71.225
2023-09-28 11:00:00,79.534,76.407,73.85,69.507
2023-09-28 12:00:00,79.534,76.407,73.85,69.507
2023-09-28 13:00:00,79.534,76.407,73.85,69.507
2023-09-28 14:00:00,79.534,76.407,73.85,69.507
2023-09-28 15:00:00,79.534,76.407,73.85,69.507
2023-09-28 16:00:00,79.534,76.407,73.85,69.507
2023-09-28 17:00:00,76.619,73.715,69.432,64.824
2023-09-28 18:00:00,76.619,73.715,69.432,64.824
2023-09-28 19:00:00,76.619,73.715,69.432,64.824
2023-09-28 20:00:00,76.619,73.715,69.432,64.824
2023-09-28 21:00:00,76.619,73.715,69.432,64.824
2023-09-28 22:00:00,76.619,73.715,69.432,64.824
2023-09-28 23:00:00,73.817,70.925,67.103,66.431
2023-09-29 00:00:00,73.817,70.925,67.103,66.431
2023-09-29 01:00:00,73.817,70.925,67.103,66.431
2023-09-29 02:00:00,73.817,70.925,67.103,66.431
2023-09-29 03:00:00,73.817,70.925,67.103,66.431
2023-09-29 04:00:00,73.817,70.925,67.103,66.431
2023-09-29 05:00:00,81.487,78.191,76.718,70.695
2023-09-29 06:00:00,81.487,78.191,76.718,70.695
2023-09-29 07:00:00,81.487,78.191,76.718,70.695
2023-09-29 08:00:00,81.487,78.191,76.718,70.695
2023-09-29 09:00:00,81.487,78.191,76.718,70.695
2023-09-29 10:00:00,81.487,78.191,76.718,70.695
2023-09-29 11:00:00,76.982,77.547,74.247,72.847
2023-09-29 12:00:00,76.982,77.547,74.247,72.847
2023-09-29 13:00:00,76.982,77.547,74.247,72.847
2023-09-29 14:00:00,76.982,77.547,74.247,72.847
2023-09-29 15:00:00,76.982,77.547,74.247,72.847
2023-09-29 16:00:00,76.982,77.547,74.247,72.847
2023-09-29 17:00:00,79.72,78.2,74.706,73.331
2023-09-29 18:00:00,79.72,78.2,74.706,73.331
2023-09-29 19:00:00,79.72,78.2,74.706,73.331
2023-09-29 20:00:00,79.72,78.2,74.706,73.331
2023-09-29 21:00:00,79.72,78.2,74.706,73.331
2023-09-29 22:00:00,79.72,78.2,74.706,73.331
2023-09-29 23:00:00,80.27,78.745,75.396,74.349
2023-09-30 00:00:00,80.27,78.745,75.396,74.349
2023-09-30 01:00:00,80.27,78.745,75.396,74.349
2023-09-30 02:00:00,80.27,78.745,75.396,74.349
2023-09-30 03:00:00,80.27,78.745,75.396,74.349
2023-09-30 04:00:00,80.27,78.745,75.396,74.349
2023-09-30 05:00:00,80.175,76.825,74.673,72.726
2023-09-30 06:00:00,80.175,76.825,74.673,72.726
2023-09-30 07:00:00,80.175,76.825,74.673,72.726
2023-09-30 08:00:00,80.175,76.825,74.673,72.726
2023-09-30 09:00:00,80.175,76.825,74.673,72.726
2023-09-30 10:00:00,80.175,76.825,74.673,72.726
2023-09-30 11:00:00,81.342,78.483,74.992,74.205
2023-09-30 12:00:00,81.342,78.483,74.992,74.205
2023-09-30 13:00:00,81.342,78.483,74.992,74.205
2023-09-30 14:00:00,81.342,78.483,74.992,74.205
2023-09-30 15:00:00,81.342,78.483,74.992,74.205
2023-09-30 16:00:00,81.342,78.483,74.992,74.205
2023-09-30 17:00:00,80.796,79.45,76.244,74.984
2023-09-30 18:00:00,80.796,79.45,76.244,74.984
2023-09-30 19:00:00,80.796,79.45,76.244,74.984
2023-09-30 20:00:00,80.796,79.45,76.244,74.984
2023-09-30 21:00:00,80.796,79.45,76.244,74.984
2023-09-30 22:00:00,80.796,79.45,76.244,74.984
2023-09-30 23:00:00,81.597,80.184,77.094,75.908
2023-10-01 00:00:00,81.597,80.184,77.094,75.908
2023-10-01 01:00:00,81.597,80.184,77.094,75.908
2023-10-01 02:00:00,81.597,80.184,77.094,75.908
2023-10-01 03:00:00,81.597,80.184,77.094,75.908
2023-10-01 04:00:00,81.597,80.184,77.094,75.908
2023-10-01 05:00:00,72.231,71.569,68.633,68.548
2023-10-01 06:00:00,72.231,71.569,68.633,68.548
2023-10-01 07:00:00,72.231,71.569,68.633,68.548
2023-10-01 08:00:00,72.231,71.569,68.633,68.548
2023-10-01 09:00:00,72.231,71.569,68.633,68.548
2023-10-01 10:00:00,72.231,71.569,68.633,68.548
2023-10-01 11:00:00,73.511,73.124,69.808,67.278
2023-10-01 12:00:00,73.511,73.124,69.808,67.278
2023-10-01 13:00:00,73.511,73.124,69.808,67.278
2023-10-01 14:00:00,73.511,73.124,69.808,67.278
2023-10-01 15:00:00,73.511,73.124,69.808,67.278
2023-10-01 16:00:00,73.511,73.124,69.808,67.278
2023-10-01 17:00:00,74.631,72.91,69.469,68.239
2023-10-01 18:00:00,74.631,72.91,69.469,68.239
2023-10-01 19:00:00,74.631,72.91,69.469,68.239
2023-10-01 20:00:00,74.631,72.91,69.469,68.239
2023-10-01 21:00:00,74.631,72.91,69.469,68.239
2023-10-01 22:00:00,74.631,72.91,69.469,68.239
2023-10-01 23:00:00,75.585,74.588,71.766,72.805
2023-10-02 00:00:00,75.585,74.588,71.766,72.805
2023-10-02 01:00:00,75.585,74.588,71.766,72.805
2023-10-02 02:00:00,75.585,74.588,71.766,72.805
2023-10-02 03:00:00,75.585,74.588,71.766,72.805
2023-10-02 04:00:00,75.585,74.588,71.766,72.805
2023-10-02 05:00:00,74.457,75.157,73.4,75.013
2023-10-02 06:00:00,74.457,75.157,73.4,75.013
2023-10-02 07:00:00,74.457,75.157,73.4,75.013
2023-10-02 08:00:00,74.457,75.157,73.4,75.013
2023-10-02 09:00:00,74.457,75.157,73.4,75.013
2023-10-02 10:00:00,74.457,75.157,73.4,75.013
2023-10-02 11:00:00,76.889,76.857,74.475,77.062
2023-10-02 12:00:00,76.889,76.857,74.475,77.062
2023-10-02 13:00:00,76.889,76.857,74.475,77.062
2023-10-02 14:00:00,76.889,76.857,74.475,77.062
2023-10-02 15:00:00,76.889,76.857,74.475,77.062
2023-10-02 16:00:00,76.889,76.857,74.475,77.062
2023-10-02 17:00:00,81.937,82.333,79.808,79.51
2023-10-02 18:00:00,81.937,82.333,79.808,79.51
2023-10-02 19:00:00,81.937,82.333,79.808,79.51
2023-10-02 20:00:00,81.937,82.333,79.808,79.51
2023-10-02 21:00:00,81.937,82.333,79.808,79.51
2023-10-02 22:00:00,81.937,82.333,79.808,79.51
2023-10-02 23:00:00,86.008,85.557,82.736,82.983
2023-10-03 00:00:00,86.008,85.557,82.736,82.983
2023-10-03 01:00:00,86.008,85.557,82.736,82.983
2023-10-03 02:00:00,86.008,85.557,82.736,82.983
2023-10-03 03:00:00,86.008,85.557,82.736,82.983
2023-10-03 04:00:00,86.008,85.557,82.736,82.983
2023-10-03 05:00:00,78.418,77.731,76.16,84.621
2023-10-03 06:00:00,78.418,77.731,76.16,84.621
2023-10-03 07:00:00,78.418,77.731,76.16,84.621
2023-10-03 08:00:00,78.418,77.731,76.16,84.621
2023-10-03 09:00:00,78.418,77.731,76.16,84.621
2023-10-03 10:00:00,78.418,77.731,76.16,84.621
2023-10-03 11:00:00,81.135,82.07,80.662,87.681
2023-10-03 12:00:00,81.135,82.07,80.662,87.681
2023-10-03 13:00:00,81.135,82.07,80.662,87.681
2023-10-03 14:00:00,81.135,82.07,80.662,87.681
2023-10-03 15:00:00,81.135,82.07,80.662,87.681
2023-10-03 16:00:00,81.135,82.07,80.662,87.681
2023-10-03 17:00:00,88.946,90.051,87.904,83.727
2023-10-03 18:00:00,88.946,90.051,87.904,83.727
2023-10-03 19:00:00,88.946,90.051,87.904,83.727
2023-10-03 20:00:00,88.946,90.051,87.904,83.727
2023-10-03 21:00:00,88.946,90.051,87.904,83.727
2023-10-03 22:00:00,88.946,90.051,87.904,83.727
2023-10-03 23:00:00,90.556,88.141,84.263,80.013
2023-10-04 00:00:00,90.556,88.141,84.263,80.013
2023-10-04 01:00:00,90.556,88.141,84.263,80.013
2023-10-04 02:00:00,90.556,88.141,84.263,80.013
2023-10-04 03:00:00,90.556,88.141,84.263,80.013
2023-10-04 04:00:00,90.556,88.141,84.263,80.013
2023-10-04 05:00:00,82.039,84.202,82.423,78.147
2023-10-04 06:00:00,82.039,84.202,82.423,78.147
2023-10-04 07:00:00,82.039,84.202,82.423,78.147
2023-10-04 08:00:00,82.039,84.202,82.423,78.147
2023-10-04 09:00:00,82.039,84.202,82.423,78.147
2023-10-04 10:00:00,82.039,84.202,82.423,78.147
2023-10-04 11:00:00,86.952,87.018,84.442,73.413
2023-10-04 12:00:00,86.952,87.018,84.442,73.413
2023-10-04 13:00:00,86.952,87.018,84.442,73.413
2023-10-04 14:00:00,86.952,87.018,84.442,73.413
2023-10-04 15:00:00,86.952,87.018,84.442,73.413
2023-10-04 16:00:00,86.952,87.018,84.442,73.413
2023-10-04 17:00:00,83.282,78.543,73.399,67.52
2023-10-04 18:00:00,83.282,78.543,73.399,67.52
2023-10-04 19:00:00,83.282,78.543,73.399,67.52
2023-10-04 20:00:00,83.282,78.543,73.399,67.52
2023-10-04 21:00:00,83.282,78.543,73.399,67.52
2023-10-04 22:00:00,83.282,78.543,73.399,67.52
2023-10-04 23:00:00,77.234,73.817,70.036,68.602
2023-10-05 00:00:00,77.234,73.817,70.036,68.602
2023-10-05 01:00:00,77.234,73.817,70.036,68.602
2023-10-05 02:00:00,77.234,73.817,70.036,68.602
2023-10-05 03:00:00,77.234,73.817,70.036,68.602
2023-10-05 04:00:00,77.234,73.817,70.036,68.602
2023-10-05 05:00:00,75.974,74.643,71.862,71.851
2023-10-05 06:00:00,75.974,74.643,71.862,71.851
2023-10-05 07:00:00,75.974,74.643,71.862,71.851
2023-10-05 08:00:00,75.974,74.643,71.862,71.851
2023-10-05 09:00:00,75.974,74.643,71.862,71.851
2023-10-05 10:00:00,75.974,74.643,71.862,71.851
2023-10-05 11:00:00,84.038,80.209,76.095,82.064
2023-10-05 12:00:00,84.038,80.209,76.095,82.064
2023-10-05 13:00:00,84.038,80.209,76.095,82.064
2023-10-05 14:00:00,84.038,80.209,76.095,82.064
2023-10-05 15:00:00,84.038,80.209,76.095,82.064
2023-10-05 16:00:00,84.038,80.209,76.095,82.064
2023-10-05 17:00:00,84.698,84.67,82.439,78.024
2023-10-05 18:00:00,84.698,84.67,82.439,78.024
2023-10-05 19:00:00,84.698,84.67,82.439,78.024
2023-10-05 20:00:00,84.698,84.67,82.439,78.024
2023-10-05 21:00:00,84.698,84.67,82.439,78.024
2023-10-05 22:00:00,84.698,84.67,82.439,78.024
2023-10-05 23:00:00,85.467,83.358,79.697,76.749
2023-10-06 00:00:00,85.467,83.358,79.697,76.749
2023-10-06 01:00:00,85.467,83.358,79.697,76.749
2023-10-06 02:00:00,85.467,83.358,79.697,76.749
2023-10-06 03:00:00,85.467,83.358,79.697,76.749
2023-10-06 04:00:00,85.467,83.358,79.697,76.749
2023-10-06 05:00:00,86.736,83.357,83.281,80.083
2023-10-06 06:00:00,86.736,83.357,83.281,80.083
2023-10-06 07:00:00,86.736,83.357,83.281,80.083
2023-10-06 08:00:00,86.736,83.357,83.281,80.083
2023-10-06 09:00:00,86.736,83.357,83.281,80.083
2023-10-06 10:00:00,86.736,83.357,83.281,80.083
2023-10-06 11:00:00,86.269,85.406,81.843,78.862
2023-10-06 12:00:00,86.269,85.406,81.843,78.862
2023-10-06 13:00:00,86.269,85.406,81.843,78.862
2023-10-06 14:00:00,86.269,85.406,81.843,78.862
2023-10-06 15:00:00,86.269,85.406,81.843,78.862
2023-10-06 16:00:00,86.269,85.406,81.843,78.862
2023-10-06 17:00:00,85.384,82.78,79.091,73.814
2023-10-06 18:00:00,85.384,82.78,79.091,73.814
2023-10-06 19:00:00,85.384,82.78,79.091,73.814
2023-10-06 20:00:00,85.384,82.78,79.091,73.814
2023-10-06 21:00:00,85.384,82.78,79.091,73.814
2023-10-06 22:00:00,85.384,82.78,79.091,73.814
2023-10-06 23:00:00,82.956,80.415,76.899,75.958
2023-10-07 00:00:00,82.956,80.415,76.899,75.958
2023-10-07 01:00:00,82.956,80.415,76.899,75.958
2023-10-07 02:00:00,82.956,80.415,76.899,75.958
2023-10-07 03:00:00,82.956,80.415,76.899,75.958
2023-10-07 04:00:00,82.956,80.415,76.899,75.958
2023-10-07 05:00:00,83.446,82.554,80.032,80.854
2023-10-07 06:00:00,83.446,82.554,80.032,80.854
2023-10-07 07:00:00,83.446,82.554,80.032,80.854
2023-10-07 08:00:00,83.446,82.554,80.032,80.854
2023-10-07 09:00:00,83.446,82.554,80.032,80.854
2023-10-07 10:00:00,83.446,82.554,80.032,80.854
2023-10-07 11:00:00,81.87,82.389,82.022,84.539
2023-10-07 12:00:00,81.87,82.389,82.022,84.539
2023-10-07 13:00:00,81.87,82.389,82.022,84.539
2023-10-07 14:00:00,81.87,82.389,82.022,84.539
2023-10-07 15:00:00,81.87,82.389,82.022,84.539
2023-10-07 16:00:00,81.87,82.389,82.022,84.539
2023-10-07 17:00:00,86.846,86.713,83.911,77.568
2023-10-07 18:00:00,86.846,86.713,83.911,77.568
2023-10-07 19:00:00,86.846,86.713,83.911,77.568
2023-10-07 20:00:00,86.846,86.713,83.911,77.568
2023-10-07 21:00:00,86.846,86.713,83.911,77.568
2023-10-07 22:00:00,86.846,86.713,83.911,77.568
2023-10-07 23:00:00,85.875,82.783,78.887,75.058
2023-10-08 00:00:00,85.875,82.783,78.887,75.058
2023-10-08 01:00:00,85.875,82.783,78.887,75.058
2023-10-08 02:00:00,85.875,82.783,78.887,75.058
2023-10-08 03:00:00,85.875,82.783,78.887,75.058
2023-10-08 04:00:00,85.875,82.783,78.887,75.058
2023-10-08 05:00:00,83.585,81.416,78.374,77.829
2023-10-08 06:00:00,83.585,81.416,78.374,77.829
2023-10-08 07:00:00,83.585,81.416,78.374,77.829
2023-10-08 08:00:00,83.585,81.416,78.374,77.829
2023-10-08 09:00:00,83.585,81.416,78.374,77.829
2023-10-08 10:00:00,83.585,81.416,78.374,77.829
2023-10-08 11:00:00,83.633,84.319,82.322,80.954
2023-10-08 12:00:00,83.633,84.319,82.322,80.954
2023-10-08 13:00:00,83.633,84.319,82.322,80.954
2023-10-08 14:00:00,83.633,84.319,82.322,80.954
2023-10-08 15:00:00,83.633,84.319,82.322,80.954
2023-10-08 16:00:00,83.633,84.319,82.322,80.954
2023-10-08 17:00:00,86.13,84.499,81.242,76.011
2023-10-08 18:00:00,86.13,84.499,81.242,76.011
2023-10-08 19:00:00,86.13,84.499,81.242,76.011
2023-10-08 20:00:00,86.13,84.499,81.242,76.011
2023-10-08 21:00:00,86.13,84.499,81.242,76.011
2023-10-08 22:00:00,86.13,84.499,81.242,76.011
2023-10-08 23:00:00,84.129,81.288,77.67,74.344
2023-10-09 00:00:00,84.129,81.288,77.67,74.344
2023-10-09 01:00:00,84.129,81.288,77.67,74.344
2023-10-09 02:00:00,84.129,81.288,77.67,74.344
2023-10-09 03:00:00,84.129,81.288,77.67,74.344
2023-10-09 04:00:00,84.129,81.288,77.67,74.344
2023-10-09 05:00:00,82.571,80.678,77.713,77.191
2023-10-09 06:00:00,82.571,80.678,77.713,77.191
2023-10-09 07:00:00,82.571,80.678,77.713,77.191
2023-10-09 08:00:00,82.571,80.678,77.713,77.191
2023-10-09 09:00:00,82.571,80.678,77.713,77.191
2023-10-09 10:00:00,82.571,80.678,77.713,77.191
2023-10-09 11:00:00,88.823,85.522,83.352,80.133
2023-10-09 12:00:00,88.823,85.522,83.352,80.133
2023-10-09 13:00:00,88.823,85.522,83.352,80.133
2023-10-09 14:00:00,88.823,85.522,83.352,80.133
2023-10-09 15:00:00,88.823,85.522,83.352,80.133
2023-10-09 16:00:00,88.823,85.522,83.352,80.133
2023-10-09 17:00:00,86.343,84.166,80.71,75.698
2023-10-09 18:00:00,86.343,84.166,80.71,75.698
2023-10-09 19:00:00,86.343,84.166,80.71,75.698
2023-10-09 20:00:00,86.343,84.166,80.71,75.698
2023-10-09 21:00:00,86.343,84.166,80.71,75.698
2023-10-09 22:00:00,86.343,84.166,80.71,75.698
2023-10-09 23:00:00,84.197,81.592,78.189,76.033
2023-10-10 00:00:00,84.197,81.592,78.189,76.033
2023-10-10 01:00:00,84.197,81.592,78.189,76.033
2023-10-10 02:00:00,84.197,81.592,78.189,76.033
2023-10-10 03:00:00,84.197,81.592,78.189,76.033
2023-10-10 04:00:00,84.197,81.592,78.189,76.033
2023-10-10 05:00:00,83.874,82.544,79.892,80.013
2023-10-10 06:00:00,83.874,82.544,79.892,80.013
2023-10-10 07:00:00,83.874,82.544,79.892,80.013
2023-10-10 08:00:00,83.874,82.544,79.892,80.013
2023-10-10 09:00:00,83.874,82.544,79.892,80.013
2023-10-10 10:00:00,83.874,82.544,79.892,80.013
2023-10-10 11:00:00,81.153,79.932,76.932,80.1
2023-10-10 12:00:00,81.153,79.932,76.932,80.1
2023-10-10 13:00:00,81.153,79.932,76.932,80.1
2023-10-10 14:00:00,81.153,79.932,76.932,80.1
2023-10-10 15:00:00,81.153,79.932,76.932,80.1
2023-10-10 16:00:00,81.153,79.932,76.932,80.1
2023-10-10 17:00:00,83.276,82.534,80.074,74.329
2023-10-10 18:00:00,83.276,82.534,80.074,74.329
2023-10-10 19:00:00,83.276,82.534,80.074,74.329
2023-10-10 20:00:00,83.276,82.534,80.074,74.329
2023-10-10 21:00:00,83.276,82.534,80.074,74.329
2023-10-10 22:00:00,83.276,82.534,80.074,74.329
2023-10-10 23:00:00,82.183,79.335,75.64,71.437
2023-10-11 00:00:00,82.183,79.335,75.64,71.437
2023-10-11 01:00:00,82.183,79.335,75.64,71.437
2023-10-11 02:00:00,82.183,79.335,75.64,71.437
2023-10-11 03:00:00,82.183,79.335,75.64,71.437
2023-10-11 04:00:00,82.183,79.335,75.64,71.437
2023-10-11 05:00:00,85.258,81.529,81.281,82.49
2023-10-11 06:00:00,85.258,81.529,81.281,82.49
2023-10-11 07:00:00,85.258,81.529,81.281,82.49
2023-10-11 08:00:00,85.258,81.529,81.281,82.49
2023-10-11 09:00:00,85.258,81.529,81.281,82.49
2023-10-11 10:00:00,85.258,81.529,81.281,82.49
2023-10-11 11:00:00,74.481,69.082,65.024,72.209
2023-10-11 12:00:00,74.481,69.082,65.024,72.209
2023-10-11 13:00:00,74.481,69.082,65.024,72.209
2023-10-11 14:00:00,74.481,69.082,65.024,72.209
2023-10-11 15:00:00,74.481,69.082,65.024,72.209
2023-10-11 16:00:00,74.481,69.082,65.024,72.209
2023-10-11 17:00:00,73.868,73.831,72.1,65.883
2023-10-11 18:00:00,73.868,73.831,72.1,65.883
2023-10-11 19:00:00,73.868,73.831,72.1,65.883
2023-10-11 20:00:00,73.868,73.831,72.1,65.883
2023-10-11 21:00:00,73.868,73.831,72.1,65.883
2023-10-11 22:00:00,73.868,73.831,72.1,65.883
2023-10-11 23:00:00,74.895,72.321,68.884,67.246
2023-10-12 00:00:00,74.895,72.321,68.884,67.246
2023-10-12 01:00:00,74.895,72.321,68.884,67.246
2023-10-12 02:00:00,74.895,72.321,68.884,67.246
2023-10-12 03:00:00,74.895,72.321,68.884,67.246
2023-10-12 04:00:00,74.895,72.321,68.884,67.246
2023-10-12 05:00:00,75.795,74.262,71.873,73.108
2023-10-12 06:00:00,75.795,74.262,71.873,73.108
2023-10-12 07:00:00,75.795,74.262,71.873,73.108
2023-10-12 08:00:00,75.795,74.262,71.873,73.108
2023-10-12 09:00:00,75.795,74.262,71.873,73.108
2023-10-12 10:00:00,75.795,74.262,71.873,73.108
2023-10-12 11:00:00,77.021,67.156,61.457,72.926
2023-10-12 12:00:00,77.021,67.156,61.457,72.926
2023-10-12 13:00:00,77.021,67.156,61.457,72.926
2023-10-12 14:00:00,77.021,67.156,61.457,72.926
2023-10-12 15:00:00,77.021,67.156,61.457,72.926
2023-10-12 16:00:00,77.021,67.156,61.457,72.926
2023-10-12 17:00:00,74.375,75.517,74.637,71.424
2023-10-12 18:00:00,74.375,75.517,74.637,71.424
2023-10-12 19:00:00,74.375,75.517,74.637,71.424
2023-10-12 20:00:00,74.375,75.517,74.637,71.424
2023-10-12 21:00:00,74.375,75.517,74.637,71.424
2023-10-12 22:00:00,74.375,75.517,74.637,71.424
2023-10-12 23:00:00,78.025,76.417,73.04,69.066
2023-10-13 00:00:00,78.025,76.417,73.04,69.066
2023-10-13 01:00:00,78.025,76.417,73.04,69.066
2023-10-13 02:00:00,78.025,76.417,73.04,69.066
2023-10-13 03:00:00,78.025,76.417,73.04,69.066
2023-10-13 04:00:00,78.025,76.417,73.04,69.066
2023-10-13 05:00:00,77.443,75.069,71.727,69.427
2023-10-13 06:00:00,77.443,75.069,71.727,69.427
2023-10-13 07:00:00,77.443,75.069,71.727,69.427
2023-10-13 08:00:00,77.443,75.069,71.727,69.427
2023-10-13 09:00:00,77.443,75.069,71.727,69.427
2023-10-13 10:00:00,77.443,75.069,71.727,69.427
2023-10-13 11:00:00,87.801,79.569,76.071,82.439
2023-10-13 12:00:00,87.801,79.569,76.071,82.439
2023-10-13 13:00:00,87.801,79.569,76.071,82.439
2023-10-13 14:00:00,87.801,79.569,76.071,82.439
2023-10-13 15:00:00,87.801,79.569,76.071,82.439
2023-10-13 16:00:00,87.801,79.569,76.071,82.439
2023-10-13 17:00:00,91.247,84.53,82.46,76.429
2023-10-13 18:00:00,91.247,84.53,82.46,76.429
2023-10-13 19:00:00,91.247,84.53,82.46,76.429
2023-10-13 20:00:00,91.247,84.53,82.46,76.429
2023-10-13 21:00:00,91.247,84.53,82.46,76.429
2023-10-13 22:00:00,91.247,84.53,82.46,76.429
2023-10-13 23:00:00,89.895,81.159,77.16,71.526
2023-10-14 00:00:00,89.895,81.159,77.16,71.526
2023-10-14 01:00:00,89.895,81.159,77.16,71.526
2023-10-14 02:00:00,89.895,81.159,77.16,71.526
2023-10-14 03:00:00,89.895,81.159,77.16,71.526
2023-10-14 04:00:00,89.895,81.159,77.16,71.526
2023-10-14 05:00:00,85.568,77.824,74.228,71.789
2023-10-14 06:00:00,85.568,77.824,74.228,71.789
2023-10-14 07:00:00,85.568,77.824,74.228,71.789
2023-10-14 08:00:00,85.568,77.824,74.228,71.789
2023-10-14 09:00:00,85.568,77.824,74.228,71.789
2023-10-14 10:00:00,85.568,77.824,74.228,71.789
2023-10-14 11:00:00,87.433,83.343,80.023,79.263
2023-10-14 12:00:00,87.433,83.343,80.023,79.263
2023-10-14 13:00:00,87.433,83.343,80.023,79.263
2023-10-14 14:00:00,87.433,83.343,80.023,79.263
2023-10-14 15:00:00,87.433,83.343,80.023,79.263
2023-10-14 16:00:00,87.433,83.343,80.023,79.263
2023-10-14 17:00:00,87.239,83.103,80.086,74.75
2023-10-14 18:00:00,87.239,83.103,80.086,74.75
2023-10-14 19:00:00,87.239,83.103,80.086,74.75
2023-10-14 20:00:00,87.239,83.103,80.086,74.75
2023-10-14 21:00:00,87.239,83.103,80.086,74.75
2023-10-14 22:00:00,87.239,83.103,80.086,74.75
2023-10-14 23:00:00,85.069,80.381,76.818,73.13
2023-10-15 00:00:00,85.069,80.381,76.818,73.13
2023-10-15 01:00:00,85.069,80.381,76.818,73.13
2023-10-15 02:00:00,85.069,80.381,76.818,73.13
2023-10-15 03:00:00,85.069,80.381,76.818,73.13
2023-10-15 04:00:00,85.069,80.381,76.818,73.13
2023-10-15 05:00:00,84.452,78.949,76.939,76.786
2023-10-15 06:00:00,84.452,78.949,76.939,76.786
2023-10-15 07:00:00,84.452,78.949,76.939,76.786
2023-10-15 08:00:00,84.452,78.949,76.939,76.786
2023-10-15 09:00:00,84.452,78.949,76.939,76.786
2023-10-15 10:00:00,84.452,78.949,76.939,76.786
2023-10-15 11:00:00,86.493,82.878,80.501,79.673
2023-10-15 12:00:00,86.493,82.878,80.501,79.673
2023-10-15 13:00:00,86.493,82.878,80.501,79.673
2023-10-15 14:00:00,86.493,82.878,80.501,79.673
2023-10-15 15:00:00,86.493,82.878,80.501,79.673
2023-10-15 16:00:00,86.493,82.878,80.501,79.673
2023-10-15 17:00:00,86.771,82.108,78.727,72.213
2023-10-15 18:00:00,86.771,82.108,78.727,72.213
2023-10-15 19:00:00,86.771,82.108,78.727,72.213
2023-10-15 20:00:00,86.771,82.108,78.727,72.213
2023-10-15 21:00:00,86.771,82.108,78.727,72.213
2023-10-15 22:00:00,86.771,82.108,78.727,72.213
2023-10-15 23:00:00,83.672,77.953,74.215,70.209
2023-10-16 00:00:00,83.672,77.953,74.215,70.209
2023-10-16 01:00:00,83.672,77.953,74.215,70.209
2023-10-16 02:00:00,83.672,77.953,74.215,70.209
2023-10-16 03:00:00,83.672,77.953,74.215,70.209
2023-10-16 04:00:00,83.672,77.953,74.215,70.209
2023-10-16 05:00:00,81.044,76.886,73.85,72.705
2023-10-16 06:00:00,81.044,76.886,73.85,72.705
2023-10-16 07:00:00,81.044,76.886,73.85,72.705
2023-10-16 08:00:00,81.044,76.886,73.85,72.705
2023-10-16 09:00:00,81.044,76.886,73.85,72.705
2023-10-16 10:00:00,81.044,76.886,73.85,72.705
2023-10-16 11:00:00,87.441,82.993,80.364,77.527
2023-10-16 12:00:00,87.441,82.993,80.364,77.527
2023-10-16 13:00:00,87.441,82.993,80.364,77.527
2023-10-16 14:00:00,87.441,82.993,80.364,77.527
2023-10-16 15:00:00,87.441,82.993,80.364,77.527
2023-10-16 16:00:00,87.441,82.993,80.364,77.527
2023-10-16 17:00:00,90.268,83.26,80.223,77.507
2023-10-16 18:00:00,90.268,83.26,80.223,77.507
2023-10-16 19:00:00,90.268,83.26,80.223,77.507
2023-10-16 20:00:00,90.268,83.26,80.223,77.507
2023-10-16 21:00:00,90.268,83.26,80.223,77.507
2023-10-16 22:00:00,90.268,83.26,80.223,77.507
2023-10-16 23:00:00,89.167,82.587,79.451,75.584
2023-10-17 00:00:00,89.167,82.587,79.451,75.584
2023-10-17 01:00:00,89.167,82.587,79.451,75.584
2023-10-17 02:00:00,89.167,82.587,79.451,75.584
2023-10-17 03:00:00,89.167,82.587,79.451,75.584
2023-10-17 04:00:00,89.167,82.587,79.451,75.584
2023-10-17 05:00:00,81.244,77.347,75.836,68.671
2023-10-17 06:00:00,81.244,77.347,75.836,68.671
2023-10-17 07:00:00,81.244,77.347,75.836,68.671
2023-10-17 08:00:00,81.244,77.347,75.836,68.671
2023-10-17 09:00:00,81.244,77.347,75.836,68.671
2023-10-17 10:00:00,81.244,77.347,75.836,68.671
2023-10-17 11:00:00,85.11,80.144,77.202,72.972
2023-10-17 12:00:00,85.11,80.144,77.202,72.972
2023-10-17 13:00:00,85.11,80.144,77.202,72.972
2023-10-17 14:00:00,85.11,80.144,77.202,72.972
2023-10-17 15:00:00,85.11,80.144,77.202,72.972
2023-10-17 16:00:00,85.11,80.144,77.202,72.972
2023-10-17 17:00:00,85.505,80.045,76.769,75.706
2023-10-17 18:00:00,85.505,80.045,76.769,75.706
2023-10-17 19:00:00,85.505,80.045,76.769,75.706
2023-10-17 20:00:00,85.505,80.045,76.769,75.706
2023-10-17 21:00:00,85.505,80.045,76.769,75.706
2023-10-17 22:00:00,85.505,80.045,76.769,75.706
2023-10-17 23:00:00,85.744,81.354,78.461,75.912
2023-10-18 00:00:00,85.744,81.354,78.461,75.912
2023-10-18 01:00:00,85.744,81.354,78.461,75.912
2023-10-18 02:00:00,85.744,81.354,78.461,75.912
2023-10-18 03:00:00,85.744,81.354,78.461,75.912
2023-10-18 04:00:00,85.744,81.354,78.461,75.912
2023-10-18 05:00:00,90.087,85.775,85.983,81.303
2023-10-18 06:00:00,90.087,85.775,85.983,81.303
2023-10-18 07:00:00,90.087,85.775,85.983,81.303
2023-10-18 08:00:00,90.087,85.775,85.983,81.303
2023-10-18 09:00:00,90.087,85.775,85.983,81.303
2023-10-18 10:00:00,90.087,85.775,85.983,81.303
2023-10-18 11:00:00,87.039,85.65,85.496,93.021
2023-10-18 12:00:00,87.039,85.65,85.496,93.021
2023-10-18 13:00:00,87.039,85.65,85.496,93.021
2023-10-18 14:00:00,87.039,85.65,85.496,93.021
2023-10-18 15:00:00,87.039,85.65,85.496,93.021
2023-10-18 16:00:00,87.039,85.65,85.496,93.021
2023-10-18 17:00:00,94.945,88.73,85.299,92.889
2023-10-18 18:00:00,94.945,88.73,85.299,92.889
2023-10-18 19:00:00,94.945,88.73,85.299,92.889
2023-10-18 20:00:00,94.945,88.73,85.299,92.889
2023-10-18 21:00:00,94.945,88.73,85.299,92.889
2023-10-18 22:00:00,94.945,88.73,85.299,92.889
2023-10-18 23:00:00,95.015,88.395,85.084,84.673
2023-10-19 00:00:00,95.015,88.395,85.084,84.673
2023-10-19 01:00:00,95.015,88.395,85.084,84.673
2023-10-19 02:00:00,95.015,88.395,85.084,84.673
2023-10-19 03:00:00,95.015,88.395,85.084,84.673
2023-10-19 04:00:00,95.015,88.395,85.084,84.673
2023-10-19 05:00:00,93.818,87.967,84.869,79.437
2023-10-19 06:00:00,93.818,87.967,84.869,79.437
2023-10-19 07:00:00,93.818,87.967,84.869,79.437
2023-10-19 08:00:00,93.818,87.967,84.869,79.437
2023-10-19 09:00:00,93.818,87.967,84.869,79.437
2023-10-19 10:00:00,93.818,87.967,84.869,79.437
2023-10-19 11:00:00,92.681,95.645,93.222,94.465
2023-10-19 12:00:00,92.681,95.645,93.222,94.465
2023-10-19 13:00:00,92.681,95.645,93.222,94.465
2023-10-19 14:00:00,92.681,95.645,93.222,94.465
2023-10-19 15:00:00,92.681,95.645,93.222,94.465
2023-10-19 16:00:00,92.681,95.645,93.222,94.465
2023-10-19 17:00:00,88.11,87.751,84.366,86.231
2023-10-19 18:00:00,88.11,87.751,84.366,86.231
2023-10-19 19:00:00,88.11,87.751,84.366,86.231
2023-10-19 20:00:00,88.11,87.751,84.366,86.231
2023-10-19 21:00:00,88.11,87.751,84.366,86.231
2023-10-19 22:00:00,88.11,87.751,84.366,86.231
2023-10-19 23:00:00,86.692,85.815,82.356,77.331
2023-10-20 00:00:00,86.692,85.815,82.356,77.331
2023-10-20 01:00:00,86.692,85.815,82.356,77.331
2023-10-20 02:00:00,86.692,85.815,82.356,77.331
2023-10-20 03:00:00,86.692,85.815,82.356,77.331
2023-10-20 04:00:00,86.692,85.815,82.356,77.331
2023-10-20 05:00:00,83.062,75.315,73.565,74.191
2023-10-20 06:00:00,83.062,75.315,73.565,74.191
2023-10-20 07:00:00,83.062,75.315,73.565,74.191
2023-10-20 08:00:00,83.062,75.315,73.565,74.191
2023-10-20 09:00:00,83.062,75.315,73.565,74.191
2023-10-20 10:00:00,83.062,75.315,73.565,74.191
2023-10-20 11:00:00,80.652,75.615,72.536,79.54
2023-10-20 12:00:00,80.652,75.615,72.536,79.54
2023-10-20 13:00:00,80.652,75.615,72.536,79.54
2023-10-20 14:00:00,80.652,75.615,72.536,79.54
2023-10-20 15:00:00,80.652,75.615,72.536,79.54
2023-10-20 16:00:00,80.652,75.615,72.536,79.54
2023-10-20 17:00:00,84.084,75.251,72.052,74.206
2023-10-20 18:00:00,84.084,75.251,72.052,74.206
2023-10-20 19:00:00,84.084,75.251,72.052,74.206
2023-10-20 20:00:00,84.084,75.251,72.052,74.206
2023-10-20 21:00:00,84.084,75.251,72.052,74.206
2023-10-20 22:00:00,84.084,75.251,72.052,74.206
2023-10-20 23:00:00,82.284,74.205,70.98,70.188
2023-10-21 00:00:00,82.284,74.205,70.98,70.188
2023-10-21 01:00:00,82.284,74.205,70.98,70.188
2023-10-21 02:00:00,82.284,74.205,70.98,70.188
2023-10-21 03:00:00,82.284,74.205,70.98,70.188
2023-10-21 04:00:00,82.284,74.205,70.98,70.188
2023-10-21 05:00:00,80.254,73.201,70.128,70.646
2023-10-21 06:00:00,80.254,73.201,70.128,70.646
2023-10-21 07:00:00,80.254,73.201,70.128,70.646
2023-10-21 08:00:00,80.254,73.201,70.128,70.646
2023-10-21 09:00:00,80.254,73.201,70.128,70.646
2023-10-21 10:00:00,80.254,73.201,70.128,70.646
2023-10-21 11:00:00,83.987,79.828,76.463,78.169
2023-10-21 12:00:00,83.987,79.828,76.463,78.169
2023-10-21 13:00:00,83.987,79.828,76.463,78.169
2023-10-21 14:00:00,83.987,79.828,76.463,78.169
2023-10-21 15:00:00,83.987,79.828,76.463,78.169
2023-10-21 16:00:00,83.987,79.828,76.463,78.169
2023-10-21 17:00:00,83.788,79.436,76.285,76.38
2023-10-21 18:00:00,83.788,79.436,76.285,76.38
2023-10-21 19:00:00,83.788,79.436,76.285,76.38
2023-10-21 20:00:00,83.788,79.436,76.285,76.38
2023-10-21 21:00:00,83.788,79.436,76.285,76.38
2023-10-21 22:00:00,83.788,79.436,76.285,76.38
2023-10-21 23:00:00,82.073,77.531,74.043,71.884
2023-10-22 00:00:00,82.073,77.531,74.043,71.884
2023-10-22 01:00:00,82.073,77.531,74.043,71.884
2023-10-22 02:00:00,82.073,77.531,74.043,71.884
2023-10-22 03:00:00,82.073,77.531,74.043,71.884
2023-10-22 04:00:00,82.073,77.531,74.043,71.884
2023-10-22 05:00:00,79.328,74.865,71.295,70.357
2023-10-22 06:00:00,79.328,74.865,71.295,70.357
2023-10-22 07:00:00,79.328,74.865,71.295,70.357
2023-10-22 08:00:00,79.328,74.865,71.295,70.357
2023-10-22 09:00:00,79.328,74.865,71.295,70.357
2023-10-22 10:00:00,79.328,74.865,71.295,70.357
2023-10-22 11:00:00,76.666,75.494,72.893,64.325
2023-10-22 12:00:00,76.666,75.494,72.893,64.325
2023-10-22 13:00:00,76.666,75.494,72.893,64.325
2023-10-22 14:00:00,76.666,75.494,72.893,64.325
2023-10-22 15:00:00,76.666,75.494,72.893,64.325
2023-10-22 16:00:00,76.666,75.494,72.893,64.325
2023-10-22 17:00:00,78.793,72.905,69.252,65.617
2023-10-22 18:00:00,78.793,72.905,69.252,65.617
2023-10-22 19:00:00,78.793,72.905,69.252,65.617
2023-10-22 20:00:00,78.793,72.905,69.252,65.617
2023-10-22 21:00:00,78.793,72.905,69.252,65.617
2023-10-22 22:00:00,78.793,72.905,69.252,65.617
2023-10-22 23:00:00,77.365,72.945,70.062,66.438
2023-10-23 00:00:00,77.365,72.945,70.062,66.438
2023-10-23 01:00:00,77.365,72.945,70.062,66.438
2023-10-23 02:00:00,77.365,72.945,70.062,66.438
2023-10-23 03:00:00,77.365,72.945,70.062,66.438
2023-10-23 04:00:00,77.365,72.945,70.062,66.438
2023-10-23 05:00:00,77.481,73.882,71.025,68.23
2023-10-23 06:00:00,77.481,73.882,71.025,68.23
2023-10-23 07:00:00,77.481,73.882,71.025,68.23
2023-10-23 08:00:00,77.481,73.882,71.025,68.23
2023-10-23 09:00:00,77.481,73.882,71.025,68.23
2023-10-23 10:00:00,77.481,73.882,71.025,68.23
2023-10-23 11:00:00,70.747,66.88,63.756,68.68
2023-10-23 12:00:00,70.747,66.88,63.756,68.68
2023-10-23 13:00:00,70.747,66.88,63.756,68.68
2023-10-23 14:00:00,70.747,66.88,63.756,68.68
2023-10-23 15:00:00,70.747,66.88,63.756,68.68
2023-10-23 16:00:00,70.747,66.88,63.756,68.68
2023-10-23 17:00:00,71.399,68.002,65.188,68.514
2023-10-23 18:00:00,71.399,68.002,65.188,68.514
2023-10-23 19:00:00,71.399,68.002,65.188,68.514
2023-10-23 20:00:00,71.399,68.002,65.188,68.514
2023-10-23 21:00:00,71.399,68.002,65.188,68.514
2023-10-23 22:00:00,71.399,68.002,65.188,68.514
2023-10-23 23:00:00,70.933,68.181,65.22,67.274
2023-10-24 00:00:00,70.933,68.181,65.22,67.274
2023-10-24 01:00:00,70.933,68.181,65.22,67.274
2023-10-24 02:00:00,70.933,68.181,65.22,67.274
2023-10-24 03:00:00,70.933,68.181,65.22,67.274
2023-10-24 04:00:00,70.933,68.181,65.22,67.274
2023-10-24 05:00:00,78.618,69.952,67.039,65.766
2023-10-24 06:00:00,78.618,69.952,67.039,65.766
2023-10-24 07:00:00,78.618,69.952,67.039,65.766
2023-10-24 08:00:00,78.618,69.952,67.039,65.766
2023-10-24 09:00:00,78.618,69.952,67.039,65.766
2023-10-24 10:00:00,78.618,69.952,67.039,65.766
2023-10-24 11:00:00,81.57,74.225,70.936,69.402
2023-10-24 12:00:00,81.57,74.225,70.936,69.402
2023-10-24 13:00:00,81.57,74.225,70.936,69.402
2023-10-24 14:00:00,81.57,74.225,70.936,69.402
2023-10-24 15:00:00,81.57,74.225,70.936,69.402
2023-10-24 16:00:00,81.57,74.225,70.936,69.402
2023-10-24 17:00:00,80.909,73.395,70.358,70.853
2023-10-24 18:00:00,80.909,73.395,70.358,70.853
2023-10-24 19:00:00,80.909,73.395,70.358,70.853
2023-10-24 20:00:00,80.909,73.395,70.358,70.853
2023-10-24 21:00:00,80.909,73.395,70.358,70.853
2023-10-24 22:00:00,80.909,73.395,70.358,70.853
2023-10-24 23:00:00,80.052,73.653,70.794,69.303
2023-10-25 00:00:00,80.052,73.653,70.794,69.303
2023-10-25 01:00:00,80.052,73.653,70.794,69.303
2023-10-25 02:00:00,80.052,73.653,70.794,69.303
2023-10-25 03:00:00,80.052,73.653,70.794,69.303
2023-10-25 04:00:00,80.052,73.653,70.794,69.303
2023-10-25 05:00:00,83.31,81.834,79.405,85.62
2023-10-25 06:00:00,83.31,81.834,79.405,85.62
2023-10-25 07:00:00,83.31,81.834,79.405,85.62
2023-10-25 08:00:00,83.31,81.834,79.405,85.62
2023-10-25 09:00:00,83.31,81.834,79.405,85.62
2023-10-25 10:00:00,83.31,81.834,79.405,85.62
2023-10-25 11:00:00,89.589,87.575,83.394,92.033
2023-10-25 12:00:00,89.589,87.575,83.394,92.033
2023-10-25 13:00:00,89.589,87.575,83.394,92.033
2023-10-25 14:00:00,89.589,87.575,83.394,92.033
2023-10-25 15:00:00,89.589,87.575,83.394,92.033
2023-10-25 16:00:00,89.589,87.575,83.394,92.033
2023-10-25 17:00:00,92.744,93.585,92.07,91.636
2023-10-25 18:00:00,92.744,93.585,92.07,91.636
2023-10-25 19:00:00,92.744,93.585,92.07,91.636
2023-10-25 20:00:00,92.744,93.585,92.07,91.636
2023-10-25 21:00:00,92.744,93.585,92.07,91.636
2023-10-25 22:00:00,92.744,93.585,92.07,91.636
2023-10-25 23:00:00,94.54,93.01,89.645,85.543
2023-10-26 00:00:00,94.54,93.01,89.645,85.543
2023-10-26 01:00:00,94.54,93.01,89.645,85.543
2023-10-26 02:00:00,94.54,93.01,89.645,85.543
2023-10-26 03:00:00,94.54,93.01,89.645,85.543
2023-10-26 04:00:00,94.54,93.01,89.645,85.543
2023-10-26 05:00:00,91.433,88.469,84.678,81.59
2023-10-26 06:00:00,91.433,88.469,84.678,81.59
2023-10-26 07:00:00,91.433,88.469,84.678,81.59
2023-10-26 08:00:00,91.433,88.469,84.678,81.59
2023-10-26 09:00:00,91.433,88.469,84.678,81.59
2023-10-26 10:00:00,91.433,88.469,84.678,81.59
2023-10-26 11:00:00,105.115,100.417,96.792,108.932
2023-10-26 12:00:00,105.115,100.417,96.792,108.932
2023-10-26 13:00:00,105.115,100.417,96.792,108.932
2023-10-26 14:00:00,105.115,100.417,96.792,108.932
2023-10-26 15:00:00,105.115,100.417,96.792,108.932
2023-10-26 16:00:00,105.115,100.417,96.792,108.932
2023-10-26 17:00:00,115.347,110.43,109.54,102.456
2023-10-26 18:00:00,115.347,110.43,109.54,102.456
2023-10-26 19:00:00,115.347,110.43,109.54,102.456
2023-10-26 20:00:00,115.347,110.43,109.54,102.456
2023-10-26 21:00:00,115.347,110.43,109.54,102.456
2023-10-26 22:00:00,115.347,110.43,109.54,102.456
2023-10-26 23:00:00,114.319,105.129,100.663,89.779
2023-10-27 00:00:00,114.319,105.129,100.663,89.779
2023-10-27 01:00:00,114.319,105.129,100.663,89.779
2023-10-27 02:00:00,114.319,105.129,100.663,89.779
2023-10-27 03:00:00,114.319,105.129,100.663,89.779
2023-10-27 04:00:00,114.319,105.129,100.663,89.779
2023-10-27 05:00:00,99.158,92.468,93.72,95.648
2023-10-27 06:00:00,99.158,92.468,93.72,95.648
2023-10-27 07:00:00,99.158,92.468,93.72,95.648
2023-10-27 08:00:00,99.158,92.468,93.72,95.648
2023-10-27 09:00:00,99.158,92.468,93.72,95.648
2023-10-27 10:00:00,99.158,92.468,93.72,95.648
2023-10-27 11:00:00,100.473,90.107,86.114,91.958
2023-10-27 12:00:00,100.473,90.107,86.114,91.958
2023-10-27 13:00:00,100.473,90.107,86.114,91.958
2023-10-27 14:00:00,100.473,90.107,86.114,91.958
2023-10-27 15:00:00,100.473,90.107,86.114,91.958
2023-10-27 16:00:00,100.473,90.107,86.114,91.958
2023-10-27 17:00:00,93.931,88.41,85.348,81.546
2023-10-27 18:00:00,93.931,88.41,85.348,81.546
2023-10-27 19:00:00,93.931,88.41,85.348,81.546
2023-10-27 20:00:00,93.931,88.41,85.348,81.546
2023-10-27 21:00:00,93.931,88.41,85.348,81.546
2023-10-27 22:00:00,93.931,88.41,85.348,81.546
2023-10-27 23:00:00,85.209,80.725,76.278,72.976
2023-10-28 00:00:00,85.209,80.725,76.278,72.976
2023-10-28 01:00:00,85.209,80.725,76.278,72.976
2023-10-28 02:00:00,85.209,80.725,76.278,72.976
2023-10-28 03:00:00,85.209,80.725,76.278,72.976
2023-10-28 04:00:00,85.209,80.725,76.278,72.976
2023-10-28 05:00:00,78.88,75.092,71.323,72.797
2023-10-28 06:00:00,78.88,75.092,71.323,72.797
2023-10-28 07:00:00,78.88,75.092,71.323,72.797
2023-10-28 08:00:00,78.88,75.092,71.323,72.797
2023-10-28 09:00:00,78.88,75.092,71.323,72.797
2023-10-28 10:00:00,78.88,75.092,71.323,72.797
2023-10-28 11:00:00,88.618,77.033,73.189,82.627
2023-10-28 12:00:00,88.618,77.033,73.189,82.627
2023-10-28 13:00:00,88.618,77.033,73.189,82.627
2023-10-28 14:00:00,88.618,77.033,73.189,82.627
2023-10-28 15:00:00,88.618,77.033,73.189,82.627
2023-10-28 16:00:00,88.618,77.033,73.189,82.627
2023-10-28 17:00:00,85.749,82.671,81.089,77.61
2023-10-28 18:00:00,85.749,82.671,81.089,77.61
2023-10-28 19:00:00,85.749,82.671,81.089,77.61
2023-10-28 20:00:00,85.749,82.671,81.089,77.61
2023-10-28 21:00:00,85.749,82.671,81.089,77.61
2023-10-28 22:00:00,85.749,82.671,81.089,77.61
2023-10-28 23:00:00,82.571,79.925,76.215,71.034
2023-10-29 00:00:00,82.571,79.925,76.215,71.034
2023-10-29 01:00:00,82.571,79.925,76.215,71.034
2023-10-29 02:00:00,82.571,79.925,76.215,71.034
2023-10-29 03:00:00,82.571,79.925,76.215,71.034
2023-10-29 04:00:00,82.571,79.925,76.215,71.034
2023-10-29 05:00:00,79.081,75.988,72.465,70.408
2023-10-29 06:00:00,79.081,75.988,72.465,70.408
2023-10-29 07:00:00,79.081,75.988,72.465,70.408
2023-10-29 08:00:00,79.081,75.988,72.465,70.408
2023-10-29 09:00:00,79.081,75.988,72.465,70.408
2023-10-29 10:00:00,79.081,75.988,72.465,70.408
2023-10-29 11:00:00,76.595,71.38,69.101,72.211
2023-10-29 12:00:00,76.595,71.38,69.101,72.211
2023-10-29 13:00:00,76.595,71.38,69.101,72.211
2023-10-29 14:00:00,76.595,71.38,69.101,72.211
2023-10-29 15:00:00,76.595,71.38,69.101,72.211
2023-10-29 16:00:00,76.595,71.38,69.101,72.211
2023-10-29 17:00:00,76.807,73.556,70.972,69.849
2023-10-29 18:00:00,76.807,73.556,70.972,69.849
2023-10-29 19:00:00,76.807,73.556,70.972,69.849
2023-10-29 20:00:00,76.807,73.556,70.972,69.849
2023-10-29 21:00:00,76.807,73.556,70.972,69.849
2023-10-29 22:00:00,76.807,73.556,70.972,69.849
2023-10-29 23:00:00,74.59,72.626,69.477,67.864
2023-10-30 00:00:00,74.59,72.626,69.477,67.864
2023-10-30 01:00:00,74.59,72.626,69.477,67.864
2023-10-30 02:00:00,74.59,72.626,69.477,67.864
2023-10-30 03:00:00,74.59,72.626,69.477,67.864
2023-10-30 04:00:00,74.59,72.626,69.477,67.864
2023-10-30 05:00:00,75.261,74.278,71.76,75.34
2023-10-30 06:00:00,75.261,74.278,71.76,75.34
2023-10-30 07:00:00,75.261,74.278,71.76,75.34
2023-10-30 08:00:00,75.261,74.278,71.76,75.34
2023-10-30 09:00:00,75.261,74.278,71.76,75.34
2023-10-30 10:00:00,75.261,74.278,71.76,75.34
2023-10-30 11:00:00,73.214,70.529,67.621,64.587
2023-10-30 12:00:00,73.214,70.529,67.621,64.587
2023-10-30 13:00:00,73.214,70.529,67.621,64.587
2023-10-30 14:00:00,73.214,70.529,67.621,64.587
2023-10-30 15:00:00,73.214,70.529,67.621,64.587
2023-10-30 16:00:00,73.214,70.529,67.621,64.587
2023-10-30 17:00:00,72.862,69.008,65.833,66.875
2023-10-30 18:00:00,72.862,69.008,65.833,66.875
2023-10-30 19:00:00,72.862,69.008,65.833,66.875
2023-10-30 20:00:00,72.862,69.008,65.833,66.875
2023-10-30 21:00:00,72.862,69.008,65.833,66.875
2023-10-30 22:00:00,72.862,69.008,65.833,66.875
2023-10-30 23:00:00,72.752,72.457,70.33,73.806
2023-10-31 00:00:00,72.752,72.457,70.33,73.806
2023-10-31 01:00:00,72.752,72.457,70.33,73.806
2023-10-31 02:00:00,72.752,72.457,70.33,73.806
2023-10-31 03:00:00,72.752,72.457,70.33,73.806
2023-10-31 04:00:00,72.752,72.457,70.33,73.806
2023-10-31 05:00:00,82.536,78.279,77.519,83.927
2023-10-31 06:00:00,82.536,78.279,77.519,83.927
2023-10-31 07:00:00,82.536,78.279,77.519,83.927
2023-10-31 08:00:00,82.536,78.279,77.519,83.927
2023-10-31 09:00:00,82.536,78.279,77.519,83.927
2023-10-31 10:00:00,82.536,78.279,77.519,83.927
2023-10-31 11:00:00,101.3,91.835,83.408,94.454
2023-10-31 12:00:00,101.3,91.835,83.408,94.454
2023-10-31 13:00:00,101.3,91.835,83.408,94.454
2023-10-31 14:00:00,101.3,91.835,83.408,94.454
2023-10-31 15:00:00,101.3,91.835,83.408,94.454
2023-10-31 16:00:00,101.3,91.835,83.408,94.454
2023-10-31 17:00:00,95.888,93.057,91.546,93.78
2023-10-31 18:00:00,95.888,93.057,91.546,93.78
2023-10-31 19:00:00,95.888,93.057,91.546,93.78
2023-10-31 20:00:00,95.888,93.057,91.546,93.78
2023-10-31 21:00:00,95.888,93.057,91.546,93.78
2023-10-31 22:00:00,95.888,93.057,91.546,93.78
2023-10-31 23:00:00,95.639,94.566,91.73,92.235
2023-11-01 00:00:00,95.639,94.566,91.73,92.235
2023-11-01 01:00:00,95.639,94.566,91.73,92.235
2023-11-01 02:00:00,95.639,94.566,91.73,92.235
2023-11-01 03:00:00,95.639,94.566,91.73,92.235
2023-11-01 04:00:00,95.639,94.566,91.73,92.235
2023-11-01 05:00:00,96.886,95.679,93.027,94.852
2023-11-01 06:00:00,96.886,95.679,93.027,94.852
2023-11-01 07:00:00,96.886,95.679,93.027,94.852
2023-11-01 08:00:00,96.886,95.679,93.027,94.852
2023-11-01 09:00:00,96.886,95.679,93.027,94.852
2023-11-01 10:00:00,96.886,95.679,93.027,94.852
2023-11-01 11:00:00,110.732,103.313,94.299,102.556
2023-11-01 12:00:00,110.732,103.313,94.299,102.556
2023-11-01 13:00:00,110.732,103.313,94.299,102.556
2023-11-01 14:00:00,110.732,103.313,94.299,102.556
2023-11-01 15:00:00,110.732,103.313,94.299,102.556
2023-11-01 16:00:00,110.732,103.313,94.299,102.556
2023-11-01 17:00:00,106.735,105.262,104.018,98.732
2023-11-01 18:00:00,106.735,105.262,104.018,98.732
2023-11-01 19:00:00,106.735,105.262,104.018,98.732
2023-11-01 20:00:00,106.735,105.262,104.018,98.732
2023-11-01 21:00:00,106.735,105.262,104.018,98.732
2023-11-01 22:00:00,106.735,105.262,104.018,98.732
2023-11-01 23:00:00,105.6,103.371,99.816,93.674
2023-11-02 00:00:00,105.6,103.371,99.816,93.674
2023-11-02 01:00:00,105.6,103.371,99.816,93.674
2023-11-02 02:00:00,105.6,103.371,99.816,93.674
2023-11-02 03:00:00,105.6,103.371,99.816,93.674
2023-11-02 04:00:00,105.6,103.371,99.816,93.674
2023-11-02 05:00:00,103.277,100.777,97.54,95.303
2023-11-02 06:00:00,103.277,100.777,97.54,95.303
2023-11-02 07:00:00,103.277,100.777,97.54,95.303
2023-11-02 08:00:00,103.277,100.777,97.54,95.303
2023-11-02 09:00:00,103.277,100.777,97.54,95.303
2023-11-02 10:00:00,103.277,100.777,97.54,95.303
2023-11-02 11:00:00,117.823,110.297,109.152,115.439
2023-11-02 12:00:00,117.823,110.297,109.152,115.439
2023-11-02 13:00:00,117.823,110.297,109.152,115.439
2023-11-02 14:00:00,117.823,110.297,109.152,115.439
2023-11-02 15:00:00,117.823,110.297,109.152,115.439
2023-11-02 16:00:00,117.823,110.297,109.152,115.439
2023-11-02 17:00:00,121.427,116.409,114.39,109.426
2023-11-02 18:00:00,121.427,116.409,114.39,109.426
2023-11-02 19:00:00,121.427,116.409,114.39,109.426
2023-11-02 20:00:00,121.427,116.409,114.39,109.426
2023-11-02 21:00:00,121.427,116.409,114.39,109.426
2023-11-02 22:00:00,121.427,116.409,114.39,109.426
2023-11-02 23:00:00,115.606,110.889,106.756,98.49
2023-11-03 00:00:00,115.606,110.889,106.756,98.49
2023-11-03 01:00:00,115.606,110.889,106.756,98.49
2023-11-03 02:00:00,115.606,110.889,106.756,98.49
2023-11-03 03:00:00,115.606,110.889,106.756,98.49
2023-11-03 04:00:00,115.606,110.889,106.756,98.49
2023-11-03 05:00:00,103.396,99.178,100.022,101.359
2023-11-03 06:00:00,103.396,99.178,100.022,101.359
2023-11-03 07:00:00,103.396,99.178,100.022,101.359
2023-11-03 08:00:00,103.396,99.178,100.022,101.359
2023-11-03 09:00:00,103.396,99.178,100.022,101.359
2023-11-03 10:00:00,103.396,99.178,100.022,101.359
2023-11-03 11:00:00,105.872,104.178,99.331,99.006
2023-11-03 12:00:00,105.872,104.178,99.331,99.006
2023-11-03 13:00:00,105.872,104.178,99.331,99.006
2023-11-03 14:00:00,105.872,104.178,99.331,99.006
2023-11-03 15:00:00,105.872,104.178,99.331,99.006
2023-11-03 16:00:00,105.872,104.178,99.331,99.006
2023-11-03 17:00:00,105.737,100.362,97.012,91.918
2023-11-03 18:00:00,105.737,100.362,97.012,91.918
2023-11-03 19:00:00,105.737,100.362,97.012,91.918
2023-11-03 20:00:00,105.737,100.362,97.012,91.918
2023-11-03 21:00:00,105.737,100.362,97.012,91.918
2023-11-03 22:00:00,105.737,100.362,97.012,91.918
2023-11-03 23:00:00,98.863,94.292,90.183,84.026
2023-11-04 00:00:00,98.863,94.292,90.183,84.026
2023-11-04 01:00:00,98.863,94.292,90.183,84.026
2023-11-04 02:00:00,98.863,94.292,90.183,84.026
2023-11-04 03:00:00,98.863,94.292,90.183,84.026
2023-11-04 04:00:00,98.863,94.292,90.183,84.026
2023-11-04 05:00:00,93.677,89.674,86.008,84.089
2023-11-04 06:00:00,93.677,89.674,86.008,84.089
2023-11-04 07:00:00,93.677,89.674,86.008,84.089
2023-11-04 08:00:00,93.677,89.674,86.008,84.089
2023-11-04 09:00:00,93.677,89.674,86.008,84.089
2023-11-04 10:00:00,93.677,89.674,86.008,84.089
2023-11-04 11:00:00,109.677,105.834,104.593,110.895
2023-11-04 12:00:00,109.677,105.834,104.593,110.895
2023-11-04 13:00:00,109.677,105.834,104.593,110.895
2023-11-04 14:00:00,109.677,105.834,104.593,110.895
2023-11-04 15:00:00,109.677,105.834,104.593,110.895
2023-11-04 16:00:00,109.677,105.834,104.593,110.895
2023-11-04 17:00:00,112.576,108.358,106.63,103.747
2023-11-04 18:00:00,112.576,108.358,106.63,103.747
2023-11-04 19:00:00,112.576,108.358,106.63,103.747
2023-11-04 20:00:00,112.576,108.358,106.63,103.747
2023-11-04 21:00:00,112.576,108.358,106.63,103.747
2023-11-04 22:00:00,112.576,108.358,106.63,103.747
2023-11-04 23:00:00,109.556,104.423,100.378,94.823
2023-11-05 00:00:00,109.556,104.423,100.378,94.823
2023-11-05 01:00:00,109.556,104.423,100.378,94.823
2023-11-05 02:00:00,109.556,104.423,100.378,94.823
2023-11-05 03:00:00,109.556,104.423,100.378,94.823
2023-11-05 04:00:00,109.556,104.423,100.378,94.823
2023-11-05 05:00:00,105.356,98.682,94.775,91.772
2023-11-05 06:00:00,105.356,98.682,94.775,91.772
2023-11-05 07:00:00,105.356,98.682,94.775,91.772
2023-11-05 08:00:00,105.356,98.682,94.775,91.772
2023-11-05 09:00:00,105.356,98.682,94.775,91.772
2023-11-05 10:00:00,105.356,98.682,94.775,91.772
2023-11-05 11:00:00,108.734,96.023,92.403,98.522
2023-11-05 12:00:00,108.734,96.023,92.403,98.522
2023-11-05 13:00:00,108.734,96.023,92.403,98.522
2023-11-05 14:00:00,108.734,96.023,92.403,98.522
2023-11-05 15:00:00,108.734,96.023,92.403,98.522
2023-11-05 16:00:00,108.734,96.023,92.403,98.522
2023-11-05 17:00:00,105.967,94.67,89.792,87.441
2023-11-05 18:00:00,105.967,94.67,89.792,87.441
2023-11-05 19:00:00,105.967,94.67,89.792,87.441
2023-11-05 20:00:00,105.967,94.67,89.792,87.441
2023-11-05 21:00:00,105.967,94.67,89.792,87.441
2023-11-05 22:00:00,105.967,94.67,89.792,87.441
2023-11-05 23:00:00,94.231,88.482,84.174,77.828
2023-11-06 00:00:00,94.231,88.482,84.174,77.828
2023-11-06 01:00:00,94.231,88.482,84.174,77.828
2023-11-06 02:00:00,94.231,88.482,84.174,77.828
2023-11-06 03:00:00,94.231,88.482,84.174,77.828
2023-11-06 04:00:00,94.231,88.482,84.174,77.828
2023-11-06 05:00:00,89.193,84.368,80.348,79.365
2023-11-06 06:00:00,89.193,84.368,80.348,79.365
2023-11-06 07:00:00,89.193,84.368,80.348,79.365
2023-11-06 08:00:00,89.193,84.368,80.348,79.365
2023-11-06 09:00:00,89.193,84.368,80.348,79.365
2023-11-06 10:00:00,89.193,84.368,80.348,79.365
2023-11-06 11:00:00,104.989,104.29,101.218,102.198
2023-11-06 12:00:00,104.989,104.29,101.218,102.198
2023-11-06 13:00:00,104.989,104.29,101.218,102.198
2023-11-06 14:00:00,104.989,104.29,101.218,102.198
2023-11-06 15:00:00,104.989,104.29,101.218,102.198
2023-11-06 16:00:00,104.989,104.29,101.218,102.198
2023-11-06 17:00:00,108.38,105.479,101.826,96.761
2023-11-06 18:00:00,108.38,105.479,101.826,96.761
2023-11-06 19:00:00,108.38,105.479,101.826,96.761
2023-11-06 20:00:00,108.38,105.479,101.826,96.761
2023-11-06 21:00:00,108.38,105.479,101.826,96.761
2023-11-06 22:00:00,108.38,105.479,101.826,96.761
2023-11-06 23:00:00,106.906,102.304,97.866,93.419
2023-11-07 00:00:00,106.906,102.304,97.866,93.419
2023-11-07 01:00:00,106.906,102.304,97.866,93.419
2023-11-07 02:00:00,106.906,102.304,97.866,93.419
2023-11-07 03:00:00,106.906,102.304,97.866,93.419
2023-11-07 04:00:00,106.906,102.304,97.866,93.419
2023-11-07 05:00:00,105.392,101.028,97.191,95.341
2023-11-07 06:00:00,105.392,101.028,97.191,95.341
2023-11-07 07:00:00,105.392,101.028,97.191,95.341
2023-11-07 08:00:00,105.392,101.028,97.191,95.341
2023-11-07 09:00:00,105.392,101.028,97.191,95.341
2023-11-07 10:00:00,105.392,101.028,97.191,95.341
2023-11-07 11:00:00,104.588,103.565,102.845,98.671
2023-11-07 12:00:00,104.588,103.565,102.845,98.671
2023-11-07 13:00:00,104.588,103.565,102.845,98.671
2023-11-07 14:00:00,104.588,103.565,102.845,98.671
2023-11-07 15:00:00,104.588,103.565,102.845,98.671
2023-11-07 16:00:00,104.588,103.565,102.845,98.671
2023-11-07 17:00:00,109.486,104.585,100.846,96.504
2023-11-07 18:00:00,109.486,104.585,100.846,96.504
2023-11-07 19:00:00,109.486,104.585,100.846,96.504
2023-11-07 20:00:00,109.486,104.585,100.846,96.504
2023-11-07 21:00:00,109.486,104.585,100.846,96.504
2023-11-07 22:00:00,109.486,104.585,100.846,96.504
2023-11-07 23:00:00,107.986,103.523,100.093,97.248
2023-11-08 00:00:00,107.986,103.523,100.093,97.248
2023-11-08 01:00:00,107.986,103.523,100.093,97.248
2023-11-08 02:00:00,107.986,103.523,100.093,97.248
2023-11-08 03:00:00,107.986,103.523,100.093,97.248
2023-11-08 04:00:00,107.986,103.523,100.093,97.248
2023-11-08 05:00:00,108.577,104.991,102.188,100.828
2023-11-08 06:00:00,108.577,104.991,102.188,100.828
2023-11-08 07:00:00,108.577,104.991,102.188,100.828
2023-11-08 08:00:00,108.577,104.991,102.188,100.828
2023-11-08 09:00:00,108.577,104.991,102.188,100.828
2023-11-08 10:00:00,108.577,104.991,102.188,100.828
2023-11-08 11:00:00,103.599,99.649,95.995,96.673
2023-11-08 12:00:00,103.599,99.649,95.995,96.673
2023-11-08 13:00:00,103.599,99.649,95.995,96.673
2023-11-08 14:00:00,103.599,99.649,95.995,96.673
2023-11-08 15:00:00,103.599,99.649,95.995,96.673
2023-11-08 16:00:00,103.599,99.649,95.995,96.673
2023-11-08 17:00:00,103.024,98.052,94.613,94.715
2023-11-08 18:00:00,103.024,98.052,94.613,94.715
2023-11-08 19:00:00,103.024,98.052,94.613,94.715
2023-11-08 20:00:00,103.024,98.052,94.613,94.715
2023-11-08 21:00:00,103.024,98.052,94.613,94.715
2023-11-08 22:00:00,103.024,98.052,94.613,94.715
2023-11-08 23:00:00,100.622,97.069,93.797,92.965
2023-11-09 00:00:00,100.622,97.069,93.797,92.965
2023-11-09 01:00:00,100.622,97.069,93.797,92.965
2023-11-09 02:00:00,100.622,97.069,93.797,92.965
2023-11-09 03:00:00,100.622,97.069,93.797,92.965
2023-11-09 04:00:00,100.622,97.069,93.797,92.965
2023-11-09 05:00:00,99.933,96.876,93.869,93.01
2023-11-09 06:00:00,99.933,96.876,93.869,93.01
2023-11-09 07:00:00,99.933,96.876,93.869,93.01
2023-11-09 08:00:00,99.933,96.876,93.869,93.01
2023-11-09 09:00:00,99.933,96.876,93.869,93.01
2023-11-09 10:00:00,99.933,96.876,93.869,93.01
2023-11-09 11:00:00,124.639,116.813,110.668,108.272
2023-11-09 12:00:00,124.639,116.813,110.668,108.272
2023-11-09 13:00:00,124.639,116.813,110.668,108.272
2023-11-09 14:00:00,124.639,116.813,110.668,108.272
2023-11-09 15:00:00,124.639,116.813,110.668,108.272
2023-11-09 16:00:00,124.639,116.813,110.668,108.272
2023-11-09 17:00:00,118.867,113.893,111.012,102.568
2023-11-09 18:00:00,118.867,113.893,111.012,102.568
2023-11-09 19:00:00,118.867,113.893,111.012,102.568
2023-11-09 20:00:00,118.867,113.893,111.012,102.568
2023-11-09 21:00:00,118.867,113.893,111.012,102.568
2023-11-09 22:00:00,118.867,113.893,111.012,102.568
2023-11-09 23:00:00,114.712,111.055,107.636,102.823
2023-11-10 00:00:00,114.712,111.055,107.636,102.823
2023-11-10 01:00:00,114.712,111.055,107.636,102.823
2023-11-10 02:00:00,114.712,111.055,107.636,102.823
2023-11-10 03:00:00,114.712,111.055,107.636,102.823
2023-11-10 04:00:00,114.712,111.055,107.636,102.823
2023-11-10 05:00:00,114.521,112.355,109.863,108.448
2023-11-10 06:00:00,114.521,112.355,109.863,108.448
2023-11-10 07:00:00,114.521,112.355,109.863,108.448
2023-11-10 08:00:00,114.521,112.355,109.863,108.448
2023-11-10 09:00:00,114.521,112.355,109.863,108.448
2023-11-10 10:00:00,114.521,112.355,109.863,108.448
2023-11-10 11:00:00,133.752,126.306,124.086,137.867
2023-11-10 12:00:00,133.752,126.306,124.086,137.867
2023-11-10 13:00:00,133.752,126.306,124.086,137.867
2023-11-10 14:00:00,133.752,126.306,124.086,137.867
2023-11-10 15:00:00,133.752,126.306,124.086,137.867
2023-11-10 16:00:00,133.752,126.306,124.086,137.867
2023-11-10 17:00:00,138.135,134.203,132.802,128.31
2023-11-10 18:00:00,138.135,134.203,132.802,128.31
2023-11-10 19:00:00,138.135,134.203,132.802,128.31
2023-11-10 20:00:00,138.135,134.203,132.802,128.31
2023-11-10 21:00:00,138.135,134.203,132.802,128.31
2023-11-10 22:00:00,138.135,134.203,132.802,128.31
2023-11-10 23:00:00,132.034,127.095,122.66,114.564
2023-11-11 00:00:00,132.034,127.095,122.66,114.564
2023-11-11 01:00:00,132.034,127.095,122.66,114.564
2023-11-11 02:00:00,132.034,127.095,122.66,114.564
2023-11-11 03:00:00,132.034,127.095,122.66,114.564
2023-11-11 04:00:00,132.034,127.095,122.66,114.564
2023-11-11 05:00:00,123.777,118.308,114.093,111.037
2023-11-11 06:00:00,123.777,118.308,114.093,111.037
2023-11-11 07:00:00,123.777,118.308,114.093,111.037
2023-11-11 08:00:00,123.777,118.308,114.093,111.037
2023-11-11 09:00:00,123.777,118.308,114.093,111.037
2023-11-11 10:00:00,123.777,118.308,114.093,111.037
2023-11-11 11:00:00,131.051,127.879,125.57,127.23
2023-11-11 12:00:00,131.051,127.879,125.57,127.23
2023-11-11 13:00:00,131.051,127.879,125.57,127.23
2023-11-11 14:00:00,131.051,127.879,125.57,127.23
2023-11-11 15:00:00,131.051,127.879,125.57,127.23
2023-11-11 16:00:00,131.051,127.879,125.57,127.23
2023-11-11 17:00:00,124.439,122.993,121.435,116.035
2023-11-11 18:00:00,124.439,122.993,121.435,116.035
2023-11-11 19:00:00,124.439,122.993,121.435,116.035
2023-11-11 20:00:00,124.439,122.993,121.435,116.035
2023-11-11 21:00:00,124.439,122.993,121.435,116.035
2023-11-11 22:00:00,124.439,122.993,121.435,116.035
2023-11-11 23:00:00,122.761,118.988,115.16,110.554
2023-11-12 00:00:00,122.761,118.988,115.16,110.554
2023-11-12 01:00:00,122.761,118.988,115.16,110.554
2023-11-12 02:00:00,122.761,118.988,115.16,110.554
2023-11-12 03:00:00,122.761,118.988,115.16,110.554
2023-11-12 04:00:00,122.761,118.988,115.16,110.554
2023-11-12 05:00:00,120.106,116.838,113.757,113.486
2023-11-12 06:00:00,120.106,116.838,113.757,113.486
2023-11-12 07:00:00,120.106,116.838,113.757,113.486
2023-11-12 08:00:00,120.106,116.838,113.757,113.486
2023-11-12 09:00:00,120.106,116.838,113.757,113.486
2023-11-12 10:00:00,120.106,116.838,113.757,113.486
2023-11-12 11:00:00,117.048,110.839,106.329,107.698
2023-11-12 12:00:00,117.048,110.839,106.329,107.698
2023-11-12 13:00:00,117.048,110.839,106.329,107.698
2023-11-12 14:00:00,117.048,110.839,106.329,107.698
2023-11-12 15:00:00,117.048,110.839,106.329,107.698
2023-11-12 16:00:00,117.048,110.839,106.329,107.698
2023-11-12 17:00:00,112.644,108.519,105.635,102.299
2023-11-12 18:00:00,112.644,108.519,105.635,102.299
2023-11-12 19:00:00,112.644,108.519,105.635,102.299
2023-11-12 20:00:00,112.644,108.519,105.635,102.299
2023-11-12 21:00:00,112.644,108.519,105.635,102.299
2023-11-12 22:00:00,112.644,108.519,105.635,102.299
2023-11-12 23:00:00,109.201,105.711,102.359,97.737
2023-11-13 00:00:00,109.201,105.711,102.359,97.737
2023-11-13 01:00:00,109.201,105.711,102.359,97.737
2023-11-13 02:00:00,109.201,105.711,102.359,97.737
2023-11-13 03:00:00,109.201,105.711,102.359,97.737
2023-11-13 04:00:00,109.201,105.711,102.359,97.737
2023-11-13 05:00:00,107.064,104.037,100.954,99.625
2023-11-13 06:00:00,107.064,104.037,100.954,99.625
2023-11-13 07:00:00,107.064,104.037,100.954,99.625
2023-11-13 08:00:00,107.064,104.037,100.954,99.625
2023-11-13 09:00:00,107.064,104.037,100.954,99.625
2023-11-13 10:00:00,107.064,104.037,100.954,99.625
2023-11-13 11:00:00,126.406,117.593,111.828,116.53
2023-11-13 12:00:00,126.406,117.593,111.828,116.53
2023-11-13 13:00:00,126.406,117.593,111.828,116.53
2023-11-13 14:00:00,126.406,117.593,111.828,116.53
2023-11-13 15:00:00,126.406,117.593,111.828,116.53
2023-11-13 16:00:00,126.406,117.593,111.828,116.53
2023-11-13 17:00:00,123.466,117.675,115.514,112.588
2023-11-13 18:00:00,123.466,117.675,115.514,112.588
2023-11-13 19:00:00,123.466,117.675,115.514,112.588
2023-11-13 20:00:00,123.466,117.675,115.514,112.588
2023-11-13 21:00:00,123.466,117.675,115.514,112.588
2023-11-13 22:00:00,123.466,117.675,115.514,112.588
2023-11-13 23:00:00,118.81,115.624,112.315,108.808
2023-11-14 00:00:00,118.81,115.624,112.315,108.808
2023-11-14 01:00:00,118.81,115.624,112.315,108.808
2023-11-14 02:00:00,118.81,115.624,112.315,108.808
2023-11-14 03:00:00,118.81,115.624,112.315,108.808
2023-11-14 04:00:00,118.81,115.624,112.315,108.808
2023-11-14 05:00:00,121.211,119.175,119.81,114.84
2023-11-14 06:00:00,121.211,119.175,119.81,114.84
2023-11-14 07:00:00,121.211,119.175,119.81,114.84
2023-11-14 08:00:00,121.211,119.175,119.81,114.84
2023-11-14 09:00:00,121.211,119.175,119.81,114.84
2023-11-14 10:00:00,121.211,119.175,119.81,114.84
2023-11-14 11:00:00,121.851,119.834,117.377,129.076
2023-11-14 12:00:00,121.851,119.834,117.377,129.076
2023-11-14 13:00:00,121.851,119.834,117.377,129.076
2023-11-14 14:00:00,121.851,119.834,117.377,129.076
2023-11-14 15:00:00,121.851,119.834,117.377,129.076
2023-11-14 16:00:00,121.851,119.834,117.377,129.076
2023-11-14 17:00:00,132.18,132.566,132.193,129.957
2023-11-14 18:00:00,132.18,132.566,132.193,129.957
2023-11-14 19:00:00,132.18,132.566,132.193,129.957
2023-11-14 20:00:00,132.18,132.566,132.193,129.957
2023-11-14 21:00:00,132.18,132.566,132.193,129.957
2023-11-14 22:00:00,132.18,132.566,132.193,129.957
2023-11-14 23:00:00,135.145,132.984,129.88,122.308
2023-11-15 00:00:00,135.145,132.984,129.88,122.308
2023-11-15 01:00:00,135.145,132.984,129.88,122.308
2023-11-15 02:00:00,135.145,132.984,129.88,122.308
2023-11-15 03:00:00,135.145,132.984,129.88,122.308
2023-11-15 04:00:00,135.145,132.984,129.88,122.308
2023-11-15 05:00:00,124.303,122.809,125.639,136.468
2023-11-15 06:00:00,124.303,122.809,125.639,136.468
2023-11-15 07:00:00,124.303,122.809,125.639,136.468
2023-11-15 08:00:00,124.303,122.809,125.639,136.468
2023-11-15 09:00:00,124.303,122.809,125.639,136.468
2023-11-15 10:00:00,124.303,122.809,125.639,136.468
2023-11-15 11:00:00,145.783,144.243,144.482,153.369
2023-11-15 12:00:00,145.783,144.243,144.482,153.369
2023-11-15 13:00:00,145.783,144.243,144.482,153.369
2023-11-15 14:00:00,145.783,144.243,144.482,153.369
2023-11-15 15:00:00,145.783,144.243,144.482,153.369
2023-11-15 16:00:00,145.783,144.243,144.482,153.369
2023-11-15 17:00:00,139.141,142.978,145.891,140.881
2023-11-15 18:00:00,139.141,142.978,145.891,140.881
2023-11-15 19:00:00,139.141,142.978,145.891,140.881
2023-11-15 20:00:00,139.141,142.978,145.891,140.881
2023-11-15 21:00:00,139.141,142.978,145.891,140.881
2023-11-15 22:00:00,139.141,142.978,145.891,140.881
2023-11-15 23:00:00,144.513,141.977,138.024,128.619
2023-11-16 00:00:00,144.513,141.977,138.024,128.619
2023-11-16 01:00:00,144.513,141.977,138.024,128.619
2023-11-16 02:00:00,144.513,141.977,138.024,128.619
2023-11-16 03:00:00,144.513,141.977,138.024,128.619
2023-11-16 04:00:00,144.513,141.977,138.024,128.619
2023-11-16 05:00:00,138.512,133.572,129.513,124.561
2023-11-16 06:00:00,138.512,133.572,129.513,124.561
2023-11-16 07:00:00,138.512,133.572,129.513,124.561
2023-11-16 08:00:00,138.512,133.572,129.513,124.561
2023-11-16 09:00:00,138.512,133.572,129.513,124.561
2023-11-16 10:00:00,138.512,133.572,129.513,124.561
2023-11-16 11:00:00,139.138,134.943,133.701,141.285
2023-11-16 12:00:00,139.138,134.943,133.701,141.285
2023-11-16 13:00:00,139.138,134.943,133.701,141.285
2023-11-16 14:00:00,139.138,134.943,133.701,141.285
2023-11-16 15:00:00,139.138,134.943,133.701,141.285
2023-11-16 16:00:00,139.138,134.943,133.701,141.285
2023-11-16 17:00:00,138.174,134.476,132.344,132.372
2023-11-16 18:00:00,138.174,134.476,132.344,132.372
2023-11-16 19:00:00,138.174,134.476,132.344,132.372
2023-11-16 20:00:00,138.174,134.476,132.344,132.372
2023-11-16 21:00:00,138.174,134.476,132.344,132.372
2023-11-16 22:00:00,138.174,134.476,132.344,132.372
2023-11-16 23:00:00,136.888,134.804,132.094,126.838
2023-11-17 00:00:00,136.888,134.804,132.094,126.838
2023-11-17 01:00:00,136.888,134.804,132.094,126.838
2023-11-17 02:00:00,136.888,134.804,132.094,126.838
2023-11-17 03:00:00,136.888,134.804,132.094,126.838
2023-11-17 04:00:00,136.888,134.804,132.094,126.838
2023-11-17 05:00:00,123.473,119.178,116.419,118.452
2023-11-17 06:00:00,123.473,119.178,116.419,118.452
2023-11-17 07:00:00,123.473,119.178,116.419,118.452
2023-11-17 08:00:00,123.473,119.178,116.419,118.452
2023-11-17 09:00:00,123.473,119.178,116.419,118.452
2023-11-17 10:00:00,123.473,119.178,116.419,118.452
2023-11-17 11:00:00,123.284,122.078,119.983,118.998
2023-11-17 12:00:00,123.284,122.078,119.983,118.998
2023-11-17 13:00:00,123.284,122.078,119.983,118.998
2023-11-17 14:00:00,123.284,122.078,119.983,118.998
2023-11-17 15:00:00,123.284,122.078,119.983,118.998
2023-11-17 16:00:00,123.284,122.078,119.983,118.998
2023-11-17 17:00:00,125.316,124.023,121.806,119.372
2023-11-17 18:00:00,125.316,124.023,121.806,119.372
2023-11-17 19:00:00,125.316,124.023,121.806,119.372
2023-11-17 20:00:00,125.316,124.023,121.806,119.372
2023-11-17 21:00:00,125.316,124.023,121.806,119.372
2023-11-17 22:00:00,125.316,124.023,121.806,119.372
2023-11-17 23:00:00,126.961,125.239,122.759,118.831
2023-11-18 00:00:00,126.961,125.239,122.759,118.831
2023-11-18 01:00:00,126.961,125.239,122.759,118.831
2023-11-18 02:00:00,126.961,125.239,122.759,118.831
2023-11-18 03:00:00,126.961,125.239,122.759,118.831
2023-11-18 04:00:00,126.961,125.239,122.759,118.831
2023-11-18 05:00:00,126.722,124.331,121.508,116.583
2023-11-18 06:00:00,126.722,124.331,121.508,116.583
2023-11-18 07:00:00,126.722,124.331,121.508,116.583
2023-11-18 08:00:00,126.722,124.331,121.508,116.583
2023-11-18 09:00:00,126.722,124.331,121.508,116.583
2023-11-18 10:00:00,126.722,124.331,121.508,116.583
2023-11-18 11:00:00,132.699,132.095,129.616,129.225
2023-11-18 12:00:00,132.699,132.095,129.616,129.225
2023-11-18 13:00:00,132.699,132.095,129.616,129.225
2023-11-18 14:00:00,132.699,132.095,129.616,129.225
2023-11-18 15:00:00,132.699,132.095,129.616,129.225
2023-11-18 16:00:00,132.699,132.095,129.616,129.225
2023-11-18 17:00:00,134.212,132.149,129.538,126.04
2023-11-18 18:00:00,134.212,132.149,129.538,126.04
2023-11-18 19:00:00,134.212,132.149,129.538,126.04
2023-11-18 20:00:00,134.212,132.149,129.538,126.04
2023-11-18 21:00:00,134.212,132.149,129.538,126.04
2023-11-18 22:00:00,134.212,132.149,129.538,126.04
2023-11-18 23:00:00,133.265,130.747,127.865,121.661
2023-11-19 00:00:00,133.265,130.747,127.865,121.661
2023-11-19 01:00:00,133.265,130.747,127.865,121.661
2023-11-19 02:00:00,133.265,130.747,127.865,121.661
2023-11-19 03:00:00,133.265,130.747,127.865,121.661
2023-11-19 04:00:00,133.265,130.747,127.865,121.661
2023-11-19 05:00:00,130.387,127.158,123.851,118.176
2023-11-19 06:00:00,130.387,127.158,123.851,118.176
2023-11-19 07:00:00,130.387,127.158,123.851,118.176
2023-11-19 08:00:00,130.387,127.158,123.851,118.176
2023-11-19 09:00:00,130.387,127.158,123.851,118.176
2023-11-19 10:00:00,130.387,127.158,123.851,118.176
2023-11-19 11:00:00,130.125,129.281,131.676,137.488
2023-11-19 12:00:00,130.125,129.281,131.676,137.488
2023-11-19 13:00:00,130.125,129.281,131.676,137.488
2023-11-19 14:00:00,130.125,129.281,131.676,137.488
2023-11-19 15:00:00,130.125,129.281,131.676,137.488
2023-11-19 16:00:00,130.125,129.281,131.676,137.488
2023-11-19 17:00:00,136.898,137.128,135.091,124.632
2023-11-19 18:00:00,136.898,137.128,135.091,124.632
2023-11-19 19:00:00,136.898,137.128,135.091,124.632
2023-11-19 20:00:00,136.898,137.128,135.091,124.632
2023-11-19 21:00:00,136.898,137.128,135.091,124.632
2023-11-19 22:00:00,136.898,137.128,135.091,124.632
2023-11-19 23:00:00,132.384,126.49,121.785,108.804
2023-11-20 00:00:00,132.384,126.49,121.785,108.804
2023-11-20 01:00:00,132.384,126.49,121.785,108.804
2023-11-20 02:00:00,132.384,126.49,121.785,108.804
2023-11-20 03:00:00,132.384,126.49,121.785,108.804
2023-11-20 04:00:00,132.384,126.49,121.785,108.804
2023-11-20 05:00:00,122.082,116.075,111.914,107.309
2023-11-20 06:00:00,122.082,116.075,111.914,107.309
2023-11-20 07:00:00,122.082,116.075,111.914,107.309
2023-11-20 08:00:00,122.082,116.075,111.914,107.309
2023-11-20 09:00:00,122.082,116.075,111.914,107.309
2023-11-20 10:00:00,122.082,116.075,111.914,107.309
2023-11-20 11:00:00,108.841,111.667,109.907,108.599
2023-11-20 12:00:00,108.841,111.667,109.907,108.599
2023-11-20 13:00:00,108.841,111.667,109.907,108.599
2023-11-20 14:00:00,108.841,111.667,109.907,108.599
2023-11-20 15:00:00,108.841,111.667,109.907,108.599
2023-11-20 16:00:00,108.841,111.667,109.907,108.599
2023-11-20 17:00:00,115.159,113.526,111.181,110.043
2023-11-20 18:00:00,115.159,113.526,111.181,110.043
2023-11-20 19:00:00,115.159,113.526,111.181,110.043
2023-11-20 20:00:00,115.159,113.526,111.181,110.043
2023-11-20 21:00:00,115.159,113.526,111.181,110.043
2023-11-20 22:00:00,115.159,113.526,111.181,110.043
2023-11-20 23:00:00,117.909,116.78,114.812,112.722
2023-11-21 00:00:00,117.909,116.78,114.812,112.722
2023-11-21 01:00:00,117.909,116.78,114.812,112.722
2023-11-21 02:00:00,117.909,116.78,114.812,112.722
2023-11-21 03:00:00,117.909,116.78,114.812,112.722
2023-11-21 04:00:00,117.909,116.78,114.812,112.722
2023-11-21 05:00:00,121.982,120.849,118.381,118.83
2023-11-21 06:00:00,121.982,120.849,118.381,118.83
2023-11-21 07:00:00,121.982,120.849,118.381,118.83
2023-11-21 08:00:00,121.982,120.849,118.381,118.83
2023-11-21 09:00:00,121.982,120.849,118.381,118.83
2023-11-21 10:00:00,121.982,120.849,118.381,118.83
2023-11-21 11:00:00,124.246,122.718,120.499,122.316
2023-11-21 12:00:00,124.246,122.718,120.499,122.316
2023-11-21 13:00:00,124.246,122.718,120.499,122.316
2023-11-21 14:00:00,124.246,122.718,120.499,122.316
2023-11-21 15:00:00,124.246,122.718,120.499,122.316
2023-11-21 16:00:00,124.246,122.718,120.499,122.316
2023-11-21 17:00:00,127.196,126.132,124.206,122.931
2023-11-21 18:00:00,127.196,126.132,124.206,122.931
2023-11-21 19:00:00,127.196,126.132,124.206,122.931
2023-11-21 20:00:00,127.196,126.132,124.206,122.931
2023-11-21 21:00:00,127.196,126.132,124.206,122.931
2023-11-21 22:00:00,127.196,126.132,124.206,122.931
2023-11-21 23:00:00,129.906,128.644,126.52,122.667
2023-11-22 00:00:00,129.906,128.644,126.52,122.667
2023-11-22 01:00:00,129.906,128.644,126.52,122.667
2023-11-22 02:00:00,129.906,128.644,126.52,122.667
2023-11-22 03:00:00,129.906,128.644,126.52,122.667
2023-11-22 04:00:00,129.906,128.644,126.52,122.667
2023-11-22 05:00:00,137.924,136.189,134.119,125.025
2023-11-22 06:00:00,137.924,136.189,134.119,125.025
2023-11-22 07:00:00,137.924,136.189,134.119,125.025
2023-11-22 08:00:00,137.924,136.189,134.119,125.025
2023-11-22 09:00:00,137.924,136.189,134.119,125.025
2023-11-22 10:00:00,137.924,136.189,134.119,125.025
2023-11-22 11:00:00,135.746,134.222,131.402,124.074
2023-11-22 12:00:00,135.746,134.222,131.402,124.074
2023-11-22 13:00:00,135.746,134.222,131.402,124.074
2023-11-22 14:00:00,135.746,134.222,131.402,124.074
2023-11-22 15:00:00,135.746,134.222,131.402,124.074
2023-11-22 16:00:00,135.746,134.222,131.402,124.074
2023-11-22 17:00:00,134.193,131.095,128.114,120.936
2023-11-22 18:00:00,134.193,131.095,128.114,120.936
2023-11-22 19:00:00,134.193,131.095,128.114,120.936
2023-11-22 20:00:00,134.193,131.095,128.114,120.936
2023-11-22 21:00:00,134.193,131.095,128.114,120.936
2023-11-22 22:00:00,134.193,131.095,128.114,120.936
2023-11-22 23:00:00,129.732,125.969,122.62,115.994
2023-11-23 00:00:00,129.732,125.969,122.62,115.994
2023-11-23 01:00:00,129.732,125.969,122.62,115.994
2023-11-23 02:00:00,129.732,125.969,122.62,115.994
2023-11-23 03:00:00,129.732,125.969,122.62,115.994
2023-11-23 04:00:00,129.732,125.969,122.62,115.994
2023-11-23 05:00:00,125.193,121.701,118.569,113.219
2023-11-23 06:00:00,125.193,121.701,118.569,113.219
2023-11-23 07:00:00,125.193,121.701,118.569,113.219
2023-11-23 08:00:00,125.193,121.701,118.569,113.219
2023-11-23 09:00:00,125.193,121.701,118.569,113.219
2023-11-23 10:00:00,125.193,121.701,118.569,113.219
2023-11-23 11:00:00,124.257,122.11,113.832,116.333
2023-11-23 12:00:00,124.257,122.11,113.832,116.333
2023-11-23 13:00:00,124.257,122.11,113.832,116.333
2023-11-23 14:00:00,124.257,122.11,113.832,116.333
2023-11-23 15:00:00,124.257,122.11,113.832,116.333
2023-11-23 16:00:00,124.257,122.11,113.832,116.333
2023-11-23 17:00:00,125.408,121.911,102.012,105.512
2023-11-23 18:00:00,125.408,121.911,102.012,105.512
2023-11-23 19:00:00,125.408,121.911,102.012,105.512
2023-11-23 20:00:00,125.408,121.911,102.012,105.512
2023-11-23 21:00:00,125.408,121.911,102.012,105.512
2023-11-23 22:00:00,125.408,121.911,102.012,105.512
2023-11-23 23:00:00,117.056,111.634,107.204,100.896
2023-11-24 00:00:00,117.056,111.634,107.204,100.896
2023-11-24 01:00:00,117.056,111.634,107.204,100.896
2023-11-24 02:00:00,117.056,111.634,107.204,100.896
2023-11-24 03:00:00,117.056,111.634,107.204,100.896
2023-11-24 04:00:00,117.056,111.634,107.204,100.896
2023-11-24 05:00:00,119.053,122.553,122.693,123.532
2023-11-24 06:00:00,119.053,122.553,122.693,123.532
2023-11-24 07:00:00,119.053,122.553,122.693,123.532
2023-11-24 08:00:00,119.053,122.553,122.693,123.532
2023-11-24 09:00:00,119.053,122.553,122.693,123.532
2023-11-24 10:00:00,119.053,122.553,122.693,123.532
2023-11-24 11:00:00,127.131,125.595,123.162,123.458
2023-11-24 12:00:00,127.131,125.595,123.162,123.458
2023-11-24 13:00:00,127.131,125.595,123.162,123.458
2023-11-24 14:00:00,127.131,125.595,123.162,123.458
2023-11-24 15:00:00,127.131,125.595,123.162,123.458
2023-11-24 16:00:00,127.131,125.595,123.162,123.458
2023-11-24 17:00:00,129.051,127.76,125.841,122.768
2023-11-24 18:00:00,129.051,127.76,125.841,122.768
2023-11-24 19:00:00,129.051,127.76,125.841,122.768
2023-11-24 20:00:00,129.051,127.76,125.841,122.768
2023-11-24 21:00:00,129.051,127.76,125.841,122.768
2023-11-24 22:00:00,129.051,127.76,125.841,122.768
2023-11-24 23:00:00,130.182,128.417,126.077,121.778
2023-11-25 00:00:00,130.182,128.417,126.077,121.778
2023-11-25 01:00:00,130.182,128.417,126.077,121.778
2023-11-25 02:00:00,130.182,128.417,126.077,121.778
2023-11-25 03:00:00,130.182,128.417,126.077,121.778
2023-11-25 04:00:00,130.182,128.417,126.077,121.778
2023-11-25 05:00:00,125.165,122.557,119.413,110.354
2023-11-25 06:00:00,125.165,122.557,119.413,110.354
2023-11-25 07:00:00,125.165,122.557,119.413,110.354
2023-11-25 08:00:00,125.165,122.557,119.413,110.354
2023-11-25 09:00:00,125.165,122.557,119.413,110.354
2023-11-25 10:00:00,125.165,122.557,119.413,110.354
2023-11-25 11:00:00,127.379,125.649,123.092,126.252
2023-11-25 12:00:00,127.379,125.649,123.092,126.252
2023-11-25 13:00:00,127.379,125.649,123.092,126.252
2023-11-25 14:00:00,127.379,125.649,123.092,126.252
2023-11-25 15:00:00,127.379,125.649,123.092,126.252
2023-11-25 16:00:00,127.379,125.649,123.092,126.252
2023-11-25 17:00:00,130.486,129.947,128.525,126.351
2023-11-25 18:00:00,130.486,129.947,128.525,126.351
2023-11-25 19:00:00,130.486,129.947,128.525,126.351
2023-11-25 20:00:00,130.486,129.947,128.525,126.351
2023-11-25 21:00:00,130.486,129.947,128.525,126.351
2023-11-25 22:00:00,130.486,129.947,128.525,126.351
2023-11-25 23:00:00,133.301,132.07,129.987,126.085
2023-11-26 00:00:00,133.301,132.07,129.987,126.085
2023-11-26 01:00:00,133.301,132.07,129.987,126.085
2023-11-26 02:00:00,133.301,132.07,129.987,126.085
2023-11-26 03:00:00,133.301,132.07,129.987,126.085
2023-11-26 04:00:00,133.301,132.07,129.987,126.085
2023-11-26 05:00:00,133.963,132.044,129.631,125.609
2023-11-26 06:00:00,133.963,132.044,129.631,125.609
2023-11-26 07:00:00,133.963,132.044,129.631,125.609
2023-11-26 08:00:00,133.963,132.044,129.631,125.609
2023-11-26 09:00:00,133.963,132.044,129.631,125.609
2023-11-26 10:00:00,133.963,132.044,129.631,125.609
2023-11-26 11:00:00,130.324,126.814,123.575,120.26
2023-11-26 12:00:00,130.324,126.814,123.575,120.26
2023-11-26 13:00:00,130.324,126.814,123.575,120.26
2023-11-26 14:00:00,130.324,126.814,123.575,120.26
2023-11-26 15:00:00,130.324,126.814,123.575,120.26
2023-11-26 16:00:00,130.324,126.814,123.575,120.26
2023-11-26 17:00:00,132.304,130.702,128.847,126.947
2023-11-26 18:00:00,132.304,130.702,128.847,126.947
2023-11-26 19:00:00,132.304,130.702,128.847,126.947
2023-11-26 20:00:00,132.304,130.702,128.847,126.947
2023-11-26 21:00:00,132.304,130.702,128.847,126.947
2023-11-26 22:00:00,132.304,130.702,128.847,126.947
2023-11-26 23:00:00,133.909,132.659,130.646,126.855
2023-11-27 00:00:00,133.909,132.659,130.646,126.855
2023-11-27 01:00:00,133.909,132.659,130.646,126.855
2023-11-27 02:00:00,133.909,132.659,130.646,126.855
2023-11-27 03:00:00,133.909,132.659,130.646,126.855
2023-11-27 04:00:00,133.909,132.659,130.646,126.855
2023-11-27 05:00:00,134.687,132.877,130.476,126.616
2023-11-27 06:00:00,134.687,132.877,130.476,126.616
2023-11-27 07:00:00,134.687,132.877,130.476,126.616
2023-11-27 08:00:00,134.687,132.877,130.476,126.616
2023-11-27 09:00:00,134.687,132.877,130.476,126.616
2023-11-27 10:00:00,134.687,132.877,130.476,126.616
2023-11-27 11:00:00,130.302,128.449,126.264,124.01
2023-11-27 12:00:00,130.302,128.449,126.264,124.01
2023-11-27 13:00:00,130.302,128.449,126.264,124.01
2023-11-27 14:00:00,130.302,128.449,126.264,124.01
2023-11-27 15:00:00,130.302,128.449,126.264,124.01
2023-11-27 16:00:00,130.302,128.449,126.264,124.01
2023-11-27 17:00:00,130.312,128.441,126.243,122.977
2023-11-27 18:00:00,130.312,128.441,126.243,122.977
2023-11-27 19:00:00,130.312,128.441,126.243,122.977
2023-11-27 20:00:00,130.312,128.441,126.243,122.977
2023-11-27 21:00:00,130.312,128.441,126.243,122.977
2023-11-27 22:00:00,130.312,128.441,126.243,122.977
2023-11-27 23:00:00,130.434,128.633,126.429,122.407
2023-11-28 00:00:00,130.434,128.633,126.429,122.407
2023-11-28 01:00:00,130.434,128.633,126.429,122.407
2023-11-28 02:00:00,130.434,128.633,126.429,122.407
2023-11-28 03:00:00,130.434,128.633,126.429,122.407
2023-11-28 04:00:00,130.434,128.633,126.429,122.407
2023-11-28 05:00:00,124.704,127.507,128.833,132.715
2023-11-28 06:00:00,124.704,127.507,128.833,132.715
2023-11-28 07:00:00,124.704,127.507,128.833,132.715
2023-11-28 08:00:00,124.704,127.507,128.833,132.715
2023-11-28 09:00:00,124.704,127.507,128.833,132.715
2023-11-28 10:00:00,124.704,127.507,128.833,132.715
2023-11-28 11:00:00,135.704,136.945,135.884,137.154
2023-11-28 12:00:00,135.704,136.945,135.884,137.154
2023-11-28 13:00:00,135.704,136.945,135.884,137.154
2023-11-28 14:00:00,135.704,136.945,135.884,137.154
2023-11-28 15:00:00,135.704,136.945,135.884,137.154
2023-11-28 16:00:00,135.704,136.945,135.884,137.154
2023-11-28 17:00:00,139.244,148.182,155.757,155.847
2023-11-28 18:00:00,139.244,148.182,155.757,155.847
2023-11-28 19:00:00,139.244,148.182,155.757,155.847
2023-11-28 20:00:00,139.244,148.182,155.757,155.847
2023-11-28 21:00:00,139.244,148.182,155.757,155.847
2023-11-28 22:00:00,139.244,148.182,155.757,155.847
2023-11-28 23:00:00,156.855,158.277,156.189,147.682
2023-11-29 00:00:00,156.855,158.277,156.189,147.682
2023-11-29 01:00:00,156.855,158.277,156.189,147.682
2023-11-29 02:00:00,156.855,158.277,156.189,147.682
2023-11-29 03:00:00,156.855,158.277,156.189,147.682
2023-11-29 04:00:00,156.855,158.277,156.189,147.682
2023-11-29 05:00:00,154.921,150.637,147.015,136.812
2023-11-29 06:00:00,154.921,150.637,147.015,136.812
2023-11-29 07:00:00,154.921,150.637,147.015,136.812
2023-11-29 08:00:00,154.921,150.637,147.015,136.812
2023-11-29 09:00:00,154.921,150.637,147.015,136.812
2023-11-29 10:00:00,154.921,150.637,147.015,136.812
2023-11-29 11:00:00,146.896,147.55,145.577,148.322
2023-11-29 12:00:00,146.896,147.55,145.577,148.322
2023-11-29 13:00:00,146.896,147.55,145.577,148.322
2023-11-29 14:00:00,146.896,147.55,145.577,148.322
2023-11-29 15:00:00,146.896,147.55,145.577,148.322
2023-11-29 16:00:00,146.896,147.55,145.577,148.322
2023-11-29 17:00:00,147.595,144.837,142.257,134.37
2023-11-29 18:00:00,147.595,144.837,142.257,134.37
2023-11-29 19:00:00,147.595,144.837,142.257,134.37
2023-11-29 20:00:00,147.595,144.837,142.257,134.37
2023-11-29 21:00:00,147.595,144.837,142.257,134.37
2023-11-29 22:00:00,147.595,144.837,142.257,134.37
2023-11-29 23:00:00,141.909,137.843,134.551,125.594
2023-11-30 00:00:00,141.909,137.843,134.551,125.594
2023-11-30 01:00:00,141.909,137.843,134.551,125.594
2023-11-30 02:00:00,141.909,137.843,134.551,125.594
2023-11-30 03:00:00,141.909,137.843,134.551,125.594
2023-11-30 04:00:00,141.909,137.843,134.551,125.594
2023-11-30 05:00:00,134.997,130.965,127.836,121.878
2023-11-30 06:00:00,134.997,130.965,127.836,121.878
2023-11-30 07:00:00,134.997,130.965,127.836,121.878
2023-11-30 08:00:00,134.997,130.965,127.836,121.878
2023-11-30 09:00:00,134.997,130.965,127.836,121.878
2023-11-30 10:00:00,134.997,130.965,127.836,121.878
2023-11-30 11:00:00,137.623,136.815,134.495,130.726
2023-11-30 12:00:00,137.623,136.815,134.495,130.726
2023-11-30 13:00:00,137.623,136.815,134.495,130.726
2023-11-30 14:00:00,137.623,136.815,134.495,130.726
2023-11-30 15:00:00,137.623,136.815,134.495,130.726
2023-11-30 16:00:00,137.623,136.815,134.495,130.726
2023-11-30 17:00:00,136.452,134.059,131.543,124.625
2023-11-30 18:00:00,136.452,134.059,131.543,124.625
2023-11-30 19:00:00,136.452,134.059,131.543,124.625
2023-11-30 20:00:00,136.452,134.059,131.543,124.625
2023-11-30 21:00:00,136.452,134.059,131.543,124.625
2023-11-30 22:00:00,136.452,134.059,131.543,124.625
2023-11-30 23:00:00,132.58,129.201,126.317,119.553
2023-12-01 00:00:00,132.58,129.201,126.317,119.553
2023-12-01 01:00:00,132.58,129.201,126.317,119.553
2023-12-01 02:00:00,132.58,129.201,126.317,119.553
2023-12-01 03:00:00,132.58,129.201,126.317,119.553
2023-12-01 04:00:00,132.58,129.201,126.317,119.553
2023-12-01 05:00:00,127.811,124.474,121.709,115.619
2023-12-01 06:00:00,127.811,124.474,121.709,115.619
2023-12-01 07:00:00,127.811,124.474,121.709,115.619
2023-12-01 08:00:00,127.811,124.474,121.709,115.619
2023-12-01 09:00:00,127.811,124.474,121.709,115.619
2023-12-01 10:00:00,127.811,124.474,121.709,115.619
2023-12-01 11:00:00,121.976,117.124,112.954,107.578
2023-12-01 12:00:00,121.976,117.124,112.954,107.578
2023-12-01 13:00:00,121.976,117.124,112.954,107.578
2023-12-01 14:00:00,121.976,117.124,112.954,107.578
2023-12-01 15:00:00,121.976,117.124,112.954,107.578
2023-12-01 16:00:00,121.976,117.124,112.954,107.578
2023-12-01 17:00:00,118.456,115.711,113.544,107.664
2023-12-01 18:00:00,118.456,115.711,113.544,107.664
2023-12-01 19:00:00,118.456,115.711,113.544,107.664
2023-12-01 20:00:00,118.456,115.711,113.544,107.664
2023-12-01 21:00:00,118.456,115.711,113.544,107.664
2023-12-01 22:00:00,118.456,115.711,113.544,107.664
2023-12-01 23:00:00,115.482,112.463,109.855,103.712
2023-12-02 00:00:00,115.482,112.463,109.855,103.712
2023-12-02 01:00:00,115.482,112.463,109.855,103.712
2023-12-02 02:00:00,115.482,112.463,109.855,103.712
2023-12-02 03:00:00,115.482,112.463,109.855,103.712
2023-12-02 04:00:00,115.482,112.463,109.855,103.712
2023-12-02 05:00:00,112.227,108.855,106.282,100.655
2023-12-02 06:00:00,112.227,108.855,106.282,100.655
2023-12-02 07:00:00,112.227,108.855,106.282,100.655
2023-12-02 08:00:00,112.227,108.855,106.282,100.655
2023-12-02 09:00:00,112.227,108.855,106.282,100.655
2023-12-02 10:00:00,112.227,108.855,106.282,100.655
2023-12-02 11:00:00,107.636,102.9,99.233,96.36
2023-12-02 12:00:00,107.636,102.9,99.233,96.36
2023-12-02 13:00:00,107.636,102.9,99.233,96.36
2023-12-02 14:00:00,107.636,102.9,99.233,96.36
2023-12-02 15:00:00,107.636,102.9,99.233,96.36
2023-12-02 16:00:00,107.636,102.9,99.233,96.36
2023-12-02 17:00:00,118.85,107.872,101.453,96.043
2023-12-02 18:00:00,118.85,107.872,101.453,96.043
2023-12-02 19:00:00,118.85,107.872,101.453,96.043
2023-12-02 20:00:00,118.85,107.872,101.453,96.043
2023-12-02 21:00:00,118.85,107.872,101.453,96.043
2023-12-02 22:00:00,118.85,107.872,101.453,96.043
2023-12-02 23:00:00,106.142,100.972,98.36,92.113
2023-12-03 00:00:00,106.142,100.972,98.36,92.113
2023-12-03 01:00:00,106.142,100.972,98.36,92.113
2023-12-03 02:00:00,106.142,100.972,98.36,92.113
2023-12-03 03:00:00,106.142,100.972,98.36,92.113
2023-12-03 04:00:00,106.142,100.972,98.36,92.113
2023-12-03 05:00:00,101.796,97.439,94.691,88.695
2023-12-03 06:00:00,101.796,97.439,94.691,88.695
2023-12-03 07:00:00,101.796,97.439,94.691,88.695
2023-12-03 08:00:00,101.796,97.439,94.691,88.695
2023-12-03 09:00:00,101.796,97.439,94.691,88.695
2023-12-03 10:00:00,101.796,97.439,94.691,88.695
2023-12-03 11:00:00,95.967,90.318,86.337,84.701
2023-12-03 12:00:00,95.967,90.318,86.337,84.701
2023-12-03 13:00:00,95.967,90.318,86.337,84.701
2023-12-03 14:00:00,95.967,90.318,86.337,84.701
2023-12-03 15:00:00,95.967,90.318,86.337,84.701
2023-12-03 16:00:00,95.967,90.318,86.337,84.701
2023-12-03 17:00:00,96.949,91.046,86.353,82.155
2023-12-03 18:00:00,96.949,91.046,86.353,82.155
2023-12-03 19:00:00,96.949,91.046,86.353,82.155
2023-12-03 20:00:00,96.949,91.046,86.353,82.155
2023-12-03 21:00:00,96.949,91.046,86.353,82.155
2023-12-03 22:00:00,96.949,91.046,86.353,82.155
2023-12-03 23:00:00,95.657,88.963,84.965,78.896
2023-12-04 00:00:00,95.657,88.963,84.965,78.896
2023-12-04 01:00:00,95.657,88.963,84.965,78.896
2023-12-04 02:00:00,95.657,88.963,84.965,78.896
2023-12-04 03:00:00,95.657,88.963,84.965,78.896
2023-12-04 04:00:00,95.657,88.963,84.965,78.896
2023-12-04 05:00:00,95.537,87.482,83.313,79.552
2023-12-04 06:00:00,95.537,87.482,83.313,79.552
2023-12-04 07:00:00,95.537,87.482,83.313,79.552
2023-12-04 08:00:00,95.537,87.482,83.313,79.552
2023-12-04 09:00:00,95.537,87.482,83.313,79.552
2023-12-04 10:00:00,95.537,87.482,83.313,79.552
2023-12-04 11:00:00,100.311,95.184,88.4,87.953
2023-12-04 12:00:00,100.311,95.184,88.4,87.953
2023-12-04 13:00:00,100.311,95.184,88.4,87.953
2023-12-04 14:00:00,100.311,95.184,88.4,87.953
2023-12-04 15:00:00,100.311,95.184,88.4,87.953
2023-12-04 16:00:00,100.311,95.184,88.4,87.953
2023-12-04 17:00:00,100.916,94.445,90.996,86.56
2023-12-04 18:00:00,100.916,94.445,90.996,86.56
2023-12-04 19:00:00,100.916,94.445,90.996,86.56
2023-12-04 20:00:00,100.916,94.445,90.996,86.56
2023-12-04 21:00:00,100.916,94.445,90.996,86.56
2023-12-04 22:00:00,100.916,94.445,90.996,86.56
2023-12-04 23:00:00,101.016,94.124,90.19,84.874
2023-12-05 00:00:00,101.016,94.124,90.19,84.874
2023-12-05 01:00:00,101.016,94.124,90.19,84.874
2023-12-05 02:00:00,101.016,94.124,90.19,84.874
2023-12-05 03:00:00,101.016,94.124,90.19,84.874
2023-12-05 04:00:00,101.016,94.124,90.19,84.874
2023-12-05 05:00:00,100.006,92.738,89.289,84.738
2023-12-05 06:00:00,100.006,92.738,89.289,84.738
2023-12-05 07:00:00,100.006,92.738,89.289,84.738
2023-12-05 08:00:00,100.006,92.738,89.289,84.738
2023-12-05 09:00:00,100.006,92.738,89.289,84.738
2023-12-05 10:00:00,100.006,92.738,89.289,84.738
2023-12-05 11:00:00,96.12,89.225,85.342,84.365
2023-12-05 12:00:00,96.12,89.225,85.342,84.365
2023-12-05 13:00:00,96.12,89.225,85.342,84.365
2023-12-05 14:00:00,96.12,89.225,85.342,84.365
2023-12-05 15:00:00,96.12,89.225,85.342,84.365
2023-12-05 16:00:00,96.12,89.225,85.342,84.365
2023-12-05 17:00:00,99.941,91.197,86.813,83.81
2023-12-05 18:00:00,99.941,91.197,86.813,83.81
2023-12-05 19:00:00,99.941,91.197,86.813,83.81
2023-12-05 20:00:00,99.941,91.197,86.813,83.81
2023-12-05 21:00:00,99.941,91.197,86.813,83.81
2023-12-05 22:00:00,99.941,91.197,86.813,83.81
2023-12-05 23:00:00,101.408,94.05,90.726,87.116
2024-09-07 00:00:00,125.833,125.966,97.916,98.951
2024-09-07 01:00:00,125.833,125.966,97.916,98.951
2024-09-07 02:00:00,125.833,125.966,97.916,98.951
2024-09-07 03:00:00,125.833,125.966,97.916,98.951
2024-09-07 04:00:00,125.833,125.966,97.916,98.951
2024-09-07 05:00:00,129.711,128.93,101.017,101.825
2024-09-07 06:00:00,129.711,128.93,101.017,101.825
2024-09-07 07:00:00,129.711,128.93,101.017,101.825
2024-09-07 08:00:00,129.711,128.93,101.017,101.825
2024-09-07 09:00:00,129.711,128.93,101.017,101.825
2024-09-07 10:00:00,129.711,128.93,101.017,101.825
2024-09-07 11:00:00,136.509,141.951,117.251,117.416
2024-09-07 12:00:00,136.509,141.951,117.251,117.416
2024-09-07 13:00:00,136.509,141.951,117.251,117.416
2024-09-07 14:00:00,136.509,141.951,117.251,117.416
2024-09-07 15:00:00,136.509,141.951,117.251,117.416
2024-09-07 16:00:00,136.509,141.951,117.251,117.416
2024-09-07 17:00:00,144.155,142.504,114.99,109.586
2024-09-07 18:00:00,144.155,142.504,114.99,109.586
2024-09-07 19:00:00,144.155,142.504,114.99,109.586
2024-09-07 20:00:00,144.155,142.504,114.99,109.586
2024-09-07 21:00:00,144.155,142.504,114.99,109.586
2024-09-07 22:00:00,144.155,142.504,114.99,109.586
2024-09-07 23:00:00,139.77,135.719,107.328,102.063
2024-09-08 00:00:00,139.77,135.719,107.328,102.063
2024-09-08 01:00:00,139.77,135.719,107.328,102.063
2024-09-08 02:00:00,139.77,135.719,107.328,102.063
2024-09-08 03:00:00,139.77,135.719,107.328,102.063
2024-09-08 04:00:00,139.77,135.719,107.328,102.063
2024-09-08 05:00:00,132.706,128.513,100.189,95.504
2024-09-08 06:00:00,132.706,128.513,100.189,95.504
2024-09-08 07:00:00,132.706,128.513,100.189,95.504
2024-09-08 08:00:00,132.706,128.513,100.189,95.504
2024-09-08 09:00:00,132.706,128.513,100.189,95.504
2024-09-08 10:00:00,132.706,128.513,100.189,95.504
2024-09-08 11:00:00,94.242,93.49,87.468,83.816
2024-09-08 12:00:00,94.242,93.49,87.468,83.816
2024-09-08 13:00:00,94.242,93.49,87.468,83.816
2024-09-08 14:00:00,94.242,93.49,87.468,83.816
2024-09-08 15:00:00,94.242,93.49,87.468,83.816
2024-09-08 16:00:00,94.242,93.49,87.468,83.816
2024-09-08 17:00:00,98.661,98.577,84.951,84.442
2024-09-08 18:00:00,98.661,98.577,84.951,84.442
2024-09-08 19:00:00,98.661,98.577,84.951,84.442
2024-09-08 20:00:00,98.661,98.577,84.951,84.442
2024-09-08 21:00:00,98.661,98.577,84.951,84.442
2024-09-08 22:00:00,98.661,98.577,84.951,84.442
2024-09-08 23:00:00,102.739,102.116,87.991,91.174
2024-09-09 00:00:00,102.739,102.116,87.991,91.174
2024-09-09 01:00:00,102.739,102.116,87.991,91.174
2024-09-09 02:00:00,102.739,102.116,87.991,91.174
2024-09-09 03:00:00,102.739,102.116,87.991,91.174
2024-09-09 04:00:00,102.739,102.116,87.991,91.174
2024-09-09 05:00:00,107.559,107.592,93.952,96.023
2024-09-09 06:00:00,107.559,107.592,93.952,96.023
2024-09-09 07:00:00,107.559,107.592,93.952,96.023
2024-09-09 08:00:00,107.559,107.592,93.952,96.023
2024-09-09 09:00:00,107.559,107.592,93.952,96.023
2024-09-09 10:00:00,107.559,107.592,93.952,96.023
2024-09-09 11:00:00,84.779,89.096,73.694,96.74
2024-09-09 12:00:00,84.779,89.096,73.694,96.74
2024-09-09 13:00:00,84.779,89.096,73.694,96.74
2024-09-09 14:00:00,84.779,89.096,73.694,96.74
2024-09-09 15:00:00,84.779,89.096,73.694,96.74
2024-09-09 16:00:00,84.779,89.096,73.694,96.74
2024-09-09 17:00:00,104.748,109.962,95.355,92.213
2024-09-09 18:00:00,104.748,109.962,95.355,92.213
2024-09-09 19:00:00,104.748,109.962,95.355,92.213
2024-09-09 20:00:00,104.748,109.962,95.355,92.213
2024-09-09 21:00:00,104.748,109.962,95.355,92.213
2024-09-09 22:00:00,104.748,109.962,95.355,92.213
2024-09-09 23:00:00,111.882,110.247,91.409,88.183
2024-09-10 00:00:00,111.882,110.247,91.409,88.183
2024-09-10 01:00:00,111.882,110.247,91.409,88.183
2024-09-10 02:00:00,111.882,110.247,91.409,88.183
2024-09-10 03:00:00,111.882,110.247,91.409,88.183
2024-09-10 04:00:00,111.882,110.247,91.409,88.183
2024-09-10 05:00:00,109.857,107.089,88.401,86.63
2024-09-10 06:00:00,109.857,107.089,88.401,86.63
2024-09-10 07:00:00,109.857,107.089,88.401,86.63
2024-09-10 08:00:00,109.857,107.089,88.401,86.63
2024-09-10 09:00:00,109.857,107.089,88.401,86.63
2024-09-10 10:00:00,109.857,107.089,88.401,86.63
2024-09-10 11:00:00,99.804,113.723,80.115,94.999
2024-09-10 12:00:00,99.804,113.723,80.115,94.999
2024-09-10 13:00:00,99.804,113.723,80.115,94.999
2024-09-10 14:00:00,99.804,113.723,80.115,94.999
2024-09-10 15:00:00,99.804,113.723,80.115,94.999
2024-09-10 16:00:00,99.804,113.723,80.115,94.999
2024-09-10 17:00:00,129.23,134.242,94.051,91.316
2024-09-10 18:00:00,129.23,134.242,94.051,91.316
2024-09-10 19:00:00,129.23,134.242,94.051,91.316
2024-09-10 20:00:00,129.23,134.242,94.051,91.316
2024-09-10 21:00:00,129.23,134.242,94.051,91.316
2024-09-10 22:00:00,129.23,134.242,94.051,91.316
2024-09-10 23:00:00,135.147,133.039,89.9,85.84
2024-09-11 00:00:00,135.147,133.039,89.9,85.84
2024-09-11 01:00:00,135.147,133.039,89.9,85.84
2024-09-11 02:00:00,135.147,133.039,89.9,85.84
2024-09-11 03:00:00,135.147,133.039,89.9,85.84
2024-09-11 04:00:00,135.147,133.039,89.9,85.84
2024-09-11 05:00:00,131.732,128.555,85.251,82.272
2024-09-11 06:00:00,131.732,128.555,85.251,82.272
2024-09-11 07:00:00,131.732,128.555,85.251,82.272
2024-09-11 08:00:00,131.732,128.555,85.251,82.272
2024-09-11 09:00:00,131.732,128.555,85.251,82.272
2024-09-11 10:00:00,131.732,128.555,85.251,82.272
2024-09-11 11:00:00,108.99,100.589,91.228,94.478
2024-09-11 12:00:00,108.99,100.589,91.228,94.478
2024-09-11 13:00:00,108.99,100.589,91.228,94.478
2024-09-11 14:00:00,108.99,100.589,91.228,94.478
2024-09-11 15:00:00,108.99,100.589,91.228,94.478
2024-09-11 16:00:00,108.99,100.589,91.228,94.478
2024-09-11 17:00:00,98.706,95.171,92.259,87.34
2024-09-11 18:00:00,98.706,95.171,92.259,87.34
2024-09-11 19:00:00,98.706,95.171,92.259,87.34
2024-09-11 20:00:00,98.706,95.171,92.259,87.34
2024-09-11 21:00:00,98.706,95.171,92.259,87.34
2024-09-11 22:00:00,98.706,95.171,92.259,87.34
2024-09-11 23:00:00,93.435,89.902,85.669,81.089
2024-09-12 00:00:00,93.435,89.902,85.669,81.089
2024-09-12 01:00:00,93.435,89.902,85.669,81.089
2024-09-12 02:00:00,93.435,89.902,85.669,81.089
2024-09-12 03:00:00,93.435,89.902,85.669,81.089
2024-09-12 04:00:00,93.435,89.902,85.669,81.089
2024-09-12 05:00:00,88.648,85.301,81.361,79.629
2024-09-12 06:00:00,88.648,85.301,81.361,79.629
2024-09-12 07:00:00,88.648,85.301,81.361,79.629
2024-09-12 08:00:00,88.648,85.301,81.361,79.629
2024-09-12 09:00:00,88.648,85.301,81.361,79.629
2024-09-12 10:00:00,88.648,85.301,81.361,79.629
2024-09-12 11:00:00,76.894,75.207,72.275,68.808
2024-09-12 12:00:00,76.894,75.207,72.275,68.808
2024-09-12 13:00:00,76.894,75.207,72.275,68.808
2024-09-12 14:00:00,76.894,75.207,72.275,68.808
2024-09-12 15:00:00,76.894,75.207,72.275,68.808
2024-09-12 16:00:00,76.894,75.207,72.275,68.808
2024-09-12 17:00:00,76.787,74.951,71.712,74.373
2024-09-12 18:00:00,76.787,74.951,71.712,74.373
2024-09-12 19:00:00,76.787,74.951,71.712,74.373
2024-09-12 20:00:00,76.787,74.951,71.712,74.373
2024-09-12 21:00:00,76.787,74.951,71.712,74.373
2024-09-12 22:00:00,76.787,74.951,71.712,74.373
2024-09-12 23:00:00,79.123,78.833,76.423,77.842
2024-09-13 00:00:00,79.123,78.833,76.423,77.842
2024-09-13 01:00:00,79.123,78.833,76.423,77.842
2024-09-13 02:00:00,79.123,78.833,76.423,77.842
2024-09-13 03:00:00,79.123,78.833,76.423,77.842
2024-09-13 04:00:00,79.123,78.833,76.423,77.842
2024-09-13 05:00:00,73.33,73.134,70.627,66.97
2024-09-13 06:00:00,73.33,73.134,70.627,66.97
2024-09-13 07:00:00,73.33,73.134,70.627,66.97
2024-09-13 08:00:00,73.33,73.134,70.627,66.97
2024-09-13 09:00:00,73.33,73.134,70.627,66.97
2024-09-13 10:00:00,73.33,73.134,70.627,66.97
2024-09-13 11:00:00,74.957,74.789,72.081,68.469
2024-09-13 12:00:00,74.957,74.789,72.081,68.469
2024-09-13 13:00:00,74.957,74.789,72.081,68.469
2024-09-13 14:00:00,74.957,74.789,72.081,68.469
2024-09-13 15:00:00,74.957,74.789,72.081,68.469
2024-09-13 16:00:00,74.957,74.789,72.081,68.469
2024-09-13 17:00:00,75.399,73.044,69.332,68.634
2024-09-13 18:00:00,75.399,73.044,69.332,68.634
2024-09-13 19:00:00,75.399,73.044,69.332,68.634
2024-09-13 20:00:00,75.399,73.044,69.332,68.634
2024-09-13 21:00:00,75.399,73.044,69.332,68.634
2024-09-13 22:00:00,75.399,73.044,69.332,68.634
2024-09-13 23:00:00,74.998,73.475,70.285,71.009
2024-09-14 00:00:00,74.998,73.475,70.285,71.009
2024-09-14 01:00:00,74.998,73.475,70.285,71.009
2024-09-14 02:00:00,74.998,73.475,70.285,71.009
2024-09-14 03:00:00,74.998,73.475,70.285,71.009
2024-09-14 04:00:00,74.998,73.475,70.285,71.009
2024-09-14 05:00:00,77.179,76.716,73.931,76.697
2024-09-14 06:00:00,77.179,76.716,73.931,76.697
2024-09-14 07:00:00,77.179,76.716,73.931,76.697
2024-09-14 08:00:00,77.179,76.716,73.931,76.697
2024-09-14 09:00:00,77.179,76.716,73.931,76.697
2024-09-14 10:00:00,77.179,76.716,73.931,76.697
2024-09-14 11:00:00,76.829,76.517,73.656,75.102
2024-09-14 12:00:00,76.829,76.517,73.656,75.102
2024-09-14 13:00:00,76.829,76.517,73.656,75.102
2024-09-14 14:00:00,76.829,76.517,73.656,75.102
2024-09-14 15:00:00,76.829,76.517,73.656,75.102
2024-09-14 16:00:00,76.829,76.517,73.656,75.102
2024-09-14 17:00:00,80.357,80.107,77.384,79.148
2024-09-14 18:00:00,80.357,80.107,77.384,79.148
2024-09-14 19:00:00,80.357,80.107,77.384,79.148
2024-09-14 20:00:00,80.357,80.107,77.384,79.148
2024-09-14 21:00:00,80.357,80.107,77.384,79.148
2024-09-14 22:00:00,80.357,80.107,77.384,79.148
2024-09-14 23:00:00,84.374,84.326,81.582,83.509
2024-09-15 00:00:00,84.374,84.326,81.582,83.509
2024-09-15 01:00:00,84.374,84.326,81.582,83.509
2024-09-15 02:00:00,84.374,84.326,81.582,83.509
2024-09-15 03:00:00,84.374,84.326,81.582,83.509
2024-09-15 04:00:00,84.374,84.326,81.582,83.509
2024-09-15 05:00:00,88.412,88.222,85.365,86.352
2024-09-15 06:00:00,88.412,88.222,85.365,86.352
2024-09-15 07:00:00,88.412,88.222,85.365,86.352
2024-09-15 08:00:00,88.412,88.222,85.365,86.352
2024-09-15 09:00:00,88.412,88.222,85.365,86.352
2024-09-15 10:00:00,88.412,88.222,85.365,86.352
2024-09-15 11:00:00,78.455,79.472,77.313,78.804
2024-09-15 12:00:00,78.455,79.472,77.313,78.804
2024-09-15 13:00:00,78.455,79.472,77.313,78.804
2024-09-15 14:00:00,78.455,79.472,77.313,78.804
2024-09-15 15:00:00,78.455,79.472,77.313,78.804
2024-09-15 16:00:00,78.455,79.472,77.313,78.804
2024-09-15 17:00:00,82.841,82.284,79.188,78.025
2024-09-15 18:00:00,82.841,82.284,79.188,78.025
2024-09-15 19:00:00,82.841,82.284,79.188,78.025
2024-09-15 20:00:00,82.841,82.284,79.188,78.025
2024-09-15 21:00:00,82.841,82.284,79.188,78.025
2024-09-15 22:00:00,82.841,82.284,79.188,78.025
2024-09-15 23:00:00,83.746,82.099,78.469,77.217
2024-09-16 00:00:00,83.746,82.099,78.469,77.217
2024-09-16 01:00:00,83.746,82.099,78.469,77.217
2024-09-16 02:00:00,83.746,82.099,78.469,77.217
2024-09-16 03:00:00,83.746,82.099,78.469,77.217
2024-09-16 04:00:00,83.746,82.099,78.469,77.217
2024-09-16 05:00:00,83.432,81.733,78.119,77.536
2024-09-16 06:00:00,83.432,81.733,78.119,77.536
2024-09-16 07:00:00,83.432,81.733,78.119,77.536
2024-09-16 08:00:00,83.432,81.733,78.119,77.536
2024-09-16 09:00:00,83.432,81.733,78.119,77.536
2024-09-16 10:00:00,83.432,81.733,78.119,77.536
2024-09-16 11:00:00,76.426,76.461,71.388,73.228
2024-09-16 12:00:00,76.426,76.461,71.388,73.228
2024-09-16 13:00:00,76.426,76.461,71.388,73.228
2024-09-16 14:00:00,76.426,76.461,71.388,73.228
2024-09-16 15:00:00,76.426,76.461,71.388,73.228
2024-09-16 16:00:00,76.426,76.461,71.388,73.228
2024-09-16 17:00:00,77.981,76.401,73.407,71.764
2024-09-16 18:00:00,77.981,76.401,73.407,71.764
2024-09-16 19:00:00,77.981,76.401,73.407,71.764
2024-09-16 20:00:00,77.981,76.401,73.407,71.764
2024-09-16 21:00:00,77.981,76.401,73.407,71.764
2024-09-16 22:00:00,77.981,76.401,73.407,71.764
2024-09-16 23:00:00,78.299,76.952,73.663,74.679
2024-09-17 00:00:00,78.299,76.952,73.663,74.679
2024-09-17 01:00:00,78.299,76.952,73.663,74.679
2024-09-17 02:00:00,78.299,76.952,73.663,74.679
2024-09-17 03:00:00,78.299,76.952,73.663,74.679
2024-09-17 04:00:00,78.299,76.952,73.663,74.679
2024-09-17 05:00:00,77.946,80.863,80.385,90.013
2024-09-17 06:00:00,77.946,80.863,80.385,90.013
2024-09-17 07:00:00,77.946,80.863,80.385,90.013
2024-09-17 08:00:00,77.946,80.863,80.385,90.013
2024-09-17 09:00:00,77.946,80.863,80.385,90.013
2024-09-17 10:00:00,77.946,80.863,80.385,90.013
2024-09-17 11:00:00,74.655,76.799,75.454,94.963
2024-09-17 12:00:00,74.655,76.799,75.454,94.963
2024-09-17 13:00:00,74.655,76.799,75.454,94.963
2024-09-17 14:00:00,74.655,76.799,75.454,94.963
2024-09-17 15:00:00,74.655,76.799,75.454,94.963
2024-09-17 16:00:00,74.655,76.799,75.454,94.963
2024-09-17 17:00:00,89.052,93.438,93.07,88.918
2024-09-17 18:00:00,89.052,93.438,93.07,88.918
2024-09-17 19:00:00,89.052,93.438,93.07,88.918
2024-09-17 20:00:00,89.052,93.438,93.07,88.918
2024-09-17 21:00:00,89.052,93.438,93.07,88.918
2024-09-17 22:00:00,89.052,93.438,93.07,88.918
2024-09-17 23:00:00,93.627,91.376,87.074,82.02
2024-09-18 00:00:00,93.627,91.376,87.074,82.02
2024-09-18 01:00:00,93.627,91.376,87.074,82.02
2024-09-18 02:00:00,93.627,91.376,87.074,82.02
2024-09-18 03:00:00,93.627,91.376,87.074,82.02
2024-09-18 04:00:00,93.627,91.376,87.074,82.02
2024-09-18 05:00:00,77.397,79.821,79.551,76.37
2024-09-18 06:00:00,77.397,79.821,79.551,76.37
2024-09-18 07:00:00,77.397,79.821,79.551,76.37
2024-09-18 08:00:00,77.397,79.821,79.551,76.37
2024-09-18 09:00:00,77.397,79.821,79.551,76.37
2024-09-18 10:00:00,77.397,79.821,79.551,76.37
2024-09-18 11:00:00,79.874,78.708,75.187,74.861
2024-09-18 12:00:00,79.874,78.708,75.187,74.861
2024-09-18 13:00:00,79.874,78.708,75.187,74.861
2024-09-18 14:00:00,79.874,78.708,75.187,74.861
2024-09-18 15:00:00,79.874,78.708,75.187,74.861
2024-09-18 16:00:00,79.874,78.708,75.187,74.861
2024-09-18 17:00:00,80.22,78.666,75.424,73.878
2024-09-18 18:00:00,80.22,78.666,75.424,73.878
2024-09-18 19:00:00,80.22,78.666,75.424,73.878
2024-09-18 20:00:00,80.22,78.666,75.424,73.878
2024-09-18 21:00:00,80.22,78.666,75.424,73.878
2024-09-18 22:00:00,80.22,78.666,75.424,73.878
2024-09-18 23:00:00,80.227,78.706,75.427,75.386
2024-09-19 00:00:00,80.227,78.706,75.427,75.386
2024-09-19 01:00:00,80.227,78.706,75.427,75.386
2024-09-19 02:00:00,80.227,78.706,75.427,75.386
2024-09-19 03:00:00,80.227,78.706,75.427,75.386
2024-09-19 04:00:00,80.227,78.706,75.427,75.386
2024-09-19 05:00:00,77.637,79.871,79.289,81.083
2024-09-19 06:00:00,77.637,79.871,79.289,81.083
2024-09-19 07:00:00,77.637,79.871,79.289,81.083
2024-09-19 08:00:00,77.637,79.871,79.289,81.083
2024-09-19 09:00:00,77.637,79.871,79.289,81.083
2024-09-19 10:00:00,77.637,79.871,79.289,81.083
2024-09-19 11:00:00,83.535,83.761,79.85,82.873
2024-09-19 12:00:00,83.535,83.761,79.85,82.873
2024-09-19 13:00:00,83.535,83.761,79.85,82.873
2024-09-19 14:00:00,83.535,83.761,79.85,82.873
2024-09-19 15:00:00,83.535,83.761,79.85,82.873
2024-09-19 16:00:00,83.535,83.761,79.85,82.873
2024-09-19 17:00:00,86.7,85.943,83.193,81.255
2024-09-19 18:00:00,86.7,85.943,83.193,81.255
2024-09-19 19:00:00,86.7,85.943,83.193,81.255
2024-09-19 20:00:00,86.7,85.943,83.193,81.255
2024-09-19 21:00:00,86.7,85.943,83.193,81.255
2024-09-19 22:00:00,86.7,85.943,83.193,81.255
2024-09-19 23:00:00,87.061,85.291,81.745,79.823
2024-09-20 00:00:00,87.061,85.291,81.745,79.823
2024-09-20 01:00:00,87.061,85.291,81.745,79.823
2024-09-20 02:00:00,87.061,85.291,81.745,79.823
2024-09-20 03:00:00,87.061,85.291,81.745,79.823
2024-09-20 04:00:00,87.061,85.291,81.745,79.823
2024-09-20 05:00:00,80.69,81.529,81.583,83.686
2024-09-20 06:00:00,80.69,81.529,81.583,83.686
2024-09-20 07:00:00,80.69,81.529,81.583,83.686
2024-09-20 08:00:00,80.69,81.529,81.583,83.686
2024-09-20 09:00:00,80.69,81.529,81.583,83.686
2024-09-20 10:00:00,80.69,81.529,81.583,83.686
2024-09-20 11:00:00,87.359,88.281,85.738,86.335
2024-09-20 12:00:00,87.359,88.281,85.738,86.335
2024-09-20 13:00:00,87.359,88.281,85.738,86.335
2024-09-20 14:00:00,87.359,88.281,85.738,86.335
2024-09-20 15:00:00,87.359,88.281,85.738,86.335
2024-09-20 16:00:00,87.359,88.281,85.738,86.335
2024-09-20 17:00:00,83.432,84.512,82.676,78.909
2024-09-20 18:00:00,83.432,84.512,82.676,78.909
2024-09-20 19:00:00,83.432,84.512,82.676,78.909
2024-09-20 20:00:00,83.432,84.512,82.676,78.909
2024-09-20 21:00:00,83.432,84.512,82.676,78.909
2024-09-20 22:00:00,83.432,84.512,82.676,78.909
2024-09-20 23:00:00,84.735,82.536,78.653,75.327
2024-09-21 00:00:00,84.735,82.536,78.653,75.327
2024-09-21 01:00:00,84.735,82.536,78.653,75.327
2024-09-21 02:00:00,84.735,82.536,78.653,75.327
2024-09-21 03:00:00,84.735,82.536,78.653,75.327
2024-09-21 04:00:00,84.735,82.536,78.653,75.327
2024-09-21 05:00:00,82.53,80.191,76.655,75.82
2024-09-21 06:00:00,82.53,80.191,76.655,75.82
2024-09-21 07:00:00,82.53,80.191,76.655,75.82
2024-09-21 08:00:00,82.53,80.191,76.655,75.82
2024-09-21 09:00:00,82.53,80.191,76.655,75.82
2024-09-21 10:00:00,82.53,80.191,76.655,75.82
2024-09-21 11:00:00,83.121,81.649,78.099,79.339
2024-09-21 12:00:00,83.121,81.649,78.099,79.339
2024-09-21 13:00:00,83.121,81.649,78.099,79.339
2024-09-21 14:00:00,83.121,81.649,78.099,79.339
2024-09-21 15:00:00,83.121,81.649,78.099,79.339
2024-09-21 16:00:00,83.121,81.649,78.099,79.339
2024-09-21 17:00:00,83.903,82.859,79.94,78.069
2024-09-21 18:00:00,83.903,82.859,79.94,78.069
2024-09-21 19:00:00,83.903,82.859,79.94,78.069
2024-09-21 20:00:00,83.903,82.859,79.94,78.069
2024-09-21 21:00:00,83.903,82.859,79.94,78.069
2024-09-21 22:00:00,83.903,82.859,79.94,78.069
2024-09-21 23:00:00,83.479,81.505,77.959,74.822
2024-09-22 00:00:00,83.479,81.505,77.959,74.822
2024-09-22 01:00:00,83.479,81.505,77.959,74.822
2024-09-22 02:00:00,83.479,81.505,77.959,74.822
2024-09-22 03:00:00,83.479,81.505,77.959,74.822
2024-09-22 04:00:00,83.479,81.505,77.959,74.822
2024-09-22 05:00:00,81.516,79.178,75.567,73.703
2024-09-22 06:00:00,81.516,79.178,75.567,73.703
2024-09-22 07:00:00,81.516,79.178,75.567,73.703
2024-09-22 08:00:00,81.516,79.178,75.567,73.703
2024-09-22 09:00:00,81.516,79.178,75.567,73.703
2024-09-22 10:00:00,81.516,79.178,75.567,73.703
2024-09-22 11:00:00,75.816,73.66,69.792,69.922
2024-09-22 12:00:00,75.816,73.66,69.792,69.922
2024-09-22 13:00:00,75.816,73.66,69.792,69.922
2024-09-22 14:00:00,75.816,73.66,69.792,69.922
2024-09-22 15:00:00,75.816,73.66,69.792,69.922
2024-09-22 16:00:00,75.816,73.66,69.792,69.922
2024-09-22 17:00:00,75.54,74.275,71.326,70.557
2024-09-22 18:00:00,75.54,74.275,71.326,70.557
2024-09-22 19:00:00,75.54,74.275,71.326,70.557
2024-09-22 20:00:00,75.54,74.275,71.326,70.557
2024-09-22 21:00:00,75.54,74.275,71.326,70.557
2024-09-22 22:00:00,75.54,74.275,71.326,70.557
2024-09-22 23:00:00,76.446,75.349,72.32,72.113
2024-09-23 00:00:00,76.446,75.349,72.32,72.113
2024-09-23 01:00:00,76.446,75.349,72.32,72.113
2024-09-23 02:00:00,76.446,75.349,72.32,72.113
2024-09-23 03:00:00,76.446,75.349,72.32,72.113
2024-09-23 04:00:00,76.446,75.349,72.32,72.113
2024-09-23 05:00:00,77.815,76.885,73.97,73.934
2024-09-23 06:00:00,77.815,76.885,73.97,73.934
2024-09-23 07:00:00,77.815,76.885,73.97,73.934
2024-09-23 08:00:00,77.815,76.885,73.97,73.934
2024-09-23 09:00:00,77.815,76.885,73.97,73.934
2024-09-23 10:00:00,77.815,76.885,73.97,73.934
2024-09-23 11:00:00,74.156,73.092,70.056,58.268
2024-09-23 12:00:00,74.156,73.092,70.056,58.268
2024-09-23 13:00:00,74.156,73.092,70.056,58.268
2024-09-23 14:00:00,74.156,73.092,70.056,58.268
2024-09-23 15:00:00,74.156,73.092,70.056,58.268
2024-09-23 16:00:00,74.156,73.092,70.056,58.268
2024-09-23 17:00:00,69.423,64.655,59.751,58.348
2024-09-23 18:00:00,69.423,64.655,59.751,58.348
2024-09-23 19:00:00,69.423,64.655,59.751,58.348
2024-09-23 20:00:00,69.423,64.655,59.751,58.348
2024-09-23 21:00:00,69.423,64.655,59.751,58.348
2024-09-23 22:00:00,69.423,64.655,59.751,58.348
2024-09-23 23:00:00,65.207,63.066,59.916,59.294
2024-09-24 00:00:00,65.207,63.066,59.916,59.294
2024-09-24 01:00:00,65.207,63.066,59.916,59.294
2024-09-24 02:00:00,65.207,63.066,59.916,59.294
2024-09-24 03:00:00,65.207,63.066,59.916,59.294
2024-09-24 04:00:00,65.207,63.066,59.916,59.294
2024-09-24 05:00:00,78.618,77.714,75.91,76.356
2024-09-24 06:00:00,78.618,77.714,75.91,76.356
2024-09-24 07:00:00,78.618,77.714,75.91,76.356
2024-09-24 08:00:00,78.618,77.714,75.91,76.356
2024-09-24 09:00:00,78.618,77.714,75.91,76.356
2024-09-24 10:00:00,78.618,77.714,75.91,76.356
2024-09-24 11:00:00,77.604,79.994,78.406,82.408
2024-09-24 12:00:00,77.604,79.994,78.406,82.408
2024-09-24 13:00:00,77.604,79.994,78.406,82.408
2024-09-24 14:00:00,77.604,79.994,78.406,82.408
2024-09-24 15:00:00,77.604,79.994,78.406,82.408
2024-09-24 16:00:00,77.604,79.994,78.406,82.408
2024-09-24 17:00:00,85.755,86.555,84.332,84.273
2024-09-24 18:00:00,85.755,86.555,84.332,84.273
2024-09-24 19:00:00,85.755,86.555,84.332,84.273
2024-09-24 20:00:00,85.755,86.555,84.332,84.273
2024-09-24 21:00:00,85.755,86.555,84.332,84.273
2024-09-24 22:00:00,85.755,86.555,84.332,84.273
2024-09-24 23:00:00,88.973,87.862,84.727,82.269
2024-09-25 00:00:00,88.973,87.862,84.727,82.269
2024-09-25 01:00:00,88.973,87.862,84.727,82.269
2024-09-25 02:00:00,88.973,87.862,84.727,82.269
2024-09-25 03:00:00,88.973,87.862,84.727,82.269
2024-09-25 04:00:00,88.973,87.862,84.727,82.269
2024-09-25 05:00:00,84.202,83.77,83.321,94.611
2024-09-25 06:00:00,84.202,83.77,83.321,94.611
2024-09-25 07:00:00,84.202,83.77,83.321,94.611
2024-09-25 08:00:00,84.202,83.77,83.321,94.611
2024-09-25 09:00:00,84.202,83.77,83.321,94.611
2024-09-25 10:00:00,84.202,83.77,83.321,94.611
2024-09-25 11:00:00,82.31,88.289,88.451,96.584
2024-09-25 12:00:00,82.31,88.289,88.451,96.584
2024-09-25 13:00:00,82.31,88.289,88.451,96.584
2024-09-25 14:00:00,82.31,88.289,88.451,96.584
2024-09-25 15:00:00,82.31,88.289,88.451,96.584
2024-09-25 16:00:00,82.31,88.289,88.451,96.584
2024-09-25 17:00:00,96.854,98.925,97.157,95.065
2024-09-25 18:00:00,96.854,98.925,97.157,95.065
2024-09-25 19:00:00,96.854,98.925,97.157,95.065
2024-09-25 20:00:00,96.854,98.925,97.157,95.065
2024-09-25 21:00:00,96.854,98.925,97.157,95.065
2024-09-25 22:00:00,96.854,98.925,97.157,95.065
2024-09-25 23:00:00,100.365,98.702,95.16,92.083
2024-09-26 00:00:00,100.365,98.702,95.16,92.083
2024-09-26 01:00:00,100.365,98.702,95.16,92.083
2024-09-26 02:00:00,100.365,98.702,95.16,92.083
2024-09-26 03:00:00,100.365,98.702,95.16,92.083
2024-09-26 04:00:00,100.365,98.702,95.16,92.083
2024-09-26 05:00:00,98.221,95.53,91.787,88.086
2024-09-26 06:00:00,98.221,95.53,91.787,88.086
2024-09-26 07:00:00,98.221,95.53,91.787,88.086
2024-09-26 08:00:00,98.221,95.53,91.787,88.086
2024-09-26 09:00:00,98.221,95.53,91.787,88.086
2024-09-26 10:00:00,98.221,95.53,91.787,88.086
2024-09-26 11:00:00,85.034,85.038,81.219,87.371
2024-09-26 12:00:00,85.034,85.038,81.219,87.371
2024-09-26 13:00:00,85.034,85.038,81.219,87.371
2024-09-26 14:00:00,85.034,85.038,81.219,87.371
2024-09-26 15:00:00,85.034,85.038,81.219,87.371
2024-09-26 16:00:00,85.034,85.038,81.219,87.371
2024-09-26 17:00:00,89.142,88.852,86.527,82.165
2024-09-26 18:00:00,89.142,88.852,86.527,82.165
2024-09-26 19:00:00,89.142,88.852,86.527,82.165
2024-09-26 20:00:00,89.142,88.852,86.527,82.165
2024-09-26 21:00:00,89.142,88.852,86.527,82.165
2024-09-26 22:00:00,89.142,88.852,86.527,82.165
2024-09-26 23:00:00,88.309,85.539,81.511,76.898
2024-09-27 00:00:00,88.309,85.539,81.511,76.898
2024-09-27 01:00:00,88.309,85.539,81.511,76.898
2024-09-27 02:00:00,88.309,85.539,81.511,76.898
2024-09-27 03:00:00,88.309,85.539,81.511,76.898
2024-09-27 04:00:00,88.309,85.539,81.511,76.898
2024-09-27 05:00:00,88.537,86.091,86.083,78.196
2024-09-27 06:00:00,88.537,86.091,86.083,78.196
2024-09-27 07:00:00,88.537,86.091,86.083,78.196
2024-09-27 08:00:00,88.537,86.091,86.083,78.196
2024-09-27 09:00:00,88.537,86.091,86.083,78.196
2024-09-27 10:00:00,88.537,86.091,86.083,78.196
2024-09-27 11:00:00,77.19,80.428,79.164,80.696
2024-09-27 12:00:00,77.19,80.428,79.164,80.696
2024-09-27 13:00:00,77.19,80.428,79.164,80.696
2024-09-27 14:00:00,77.19,80.428,79.164,80.696
2024-09-27 15:00:00,77.19,80.428,79.164,80.696
2024-09-27 16:00:00,77.19,80.428,79.164,80.696
2024-09-27 17:00:00,84.145,83.826,80.889,77.805
2024-09-27 18:00:00,84.145,83.826,80.889,77.805
2024-09-27 19:00:00,84.145,83.826,80.889,77.805
2024-09-27 20:00:00,84.145,83.826,80.889,77.805
2024-09-27 21:00:00,84.145,83.826,80.889,77.805
2024-09-27 22:00:00,84.145,83.826,80.889,77.805
2024-09-27 23:00:00,83.562,80.972,77.144,72.366
2024-09-28 00:00:00,83.562,80.972,77.144,72.366
2024-09-28 01:00:00,83.562,80.972,77.144,72.366
2024-09-28 02:00:00,83.562,80.972,77.144,72.366
2024-09-28 03:00:00,83.562,80.972,77.144,72.366
2024-09-28 04:00:00,83.562,80.972,77.144,72.366
2024-09-28 05:00:00,79.723,76.538,72.613,69.112
2024-09-28 06:00:00,79.723,76.538,72.613,69.112
2024-09-28 07:00:00,79.723,76.538,72.613,69.112
2024-09-28 08:00:00,79.723,76.538,72.613,69.112
2024-09-28 09:00:00,79.723,76.538,72.613,69.112
2024-09-28 10:00:00,79.723,76.538,72.613,69.112
2024-09-28 11:00:00,81.561,81.58,78.981,81.652
2024-09-28 12:00:00,81.561,81.58,78.981,81.652
2024-09-28 13:00:00,81.561,81.58,78.981,81.652
2024-09-28 14:00:00,81.561,81.58,78.981,81.652
2024-09-28 15:00:00,81.561,81.58,78.981,81.652
2024-09-28 16:00:00,81.561,81.58,78.981,81.652
2024-09-28 17:00:00,85.128,84.723,82.095,79.216
2024-09-28 18:00:00,85.128,84.723,82.095,79.216
2024-09-28 19:00:00,85.128,84.723,82.095,79.216
2024-09-28 20:00:00,85.128,84.723,82.095,79.216
2024-09-28 21:00:00,85.128,84.723,82.095,79.216
2024-09-28 22:00:00,85.128,84.723,82.095,79.216
2024-09-28 23:00:00,84.768,82.381,78.701,74.077
2024-09-29 00:00:00,84.768,82.381,78.701,74.077
2024-09-29 01:00:00,84.768,82.381,78.701,74.077
2024-09-29 02:00:00,84.768,82.381,78.701,74.077
2024-09-29 03:00:00,84.768,82.381,78.701,74.077
2024-09-29 04:00:00,84.768,82.381,78.701,74.077
2024-09-29 05:00:00,81.337,78.299,74.497,71.188
2024-09-29 06:00:00,81.337,78.299,74.497,71.188
2024-09-29 07:00:00,81.337,78.299,74.497,71.188
2024-09-29 08:00:00,81.337,78.299,74.497,71.188
2024-09-29 09:00:00,81.337,78.299,74.497,71.188
2024-09-29 10:00:00,81.337,78.299,74.497,71.188
2024-09-29 11:00:00,68.246,65.659,61.908,62.73
2024-09-29 12:00:00,68.246,65.659,61.908,62.73
2024-09-29 13:00:00,68.246,65.659,61.908,62.73
2024-09-29 14:00:00,68.246,65.659,61.908,62.73
2024-09-29 15:00:00,68.246,65.659,61.908,62.73
2024-09-29 16:00:00,68.246,65.659,61.908,62.73
2024-09-29 17:00:00,68.814,68.323,65.834,66.952
2024-09-29 18:00:00,68.814,68.323,65.834,66.952
2024-09-29 19:00:00,68.814,68.323,65.834,66.952
2024-09-29 20:00:00,68.814,68.323,65.834,66.952
2024-09-29 21:00:00,68.814,68.323,65.834,66.952
2024-09-29 22:00:00,68.814,68.323,65.834,66.952
2024-09-29 23:00:00,72.882,73.244,70.995,73.718
2024-09-30 00:00:00,72.882,73.244,70.995,73.718
2024-09-30 01:00:00,72.882,73.244,70.995,73.718
2024-09-30 02:00:00,72.882,73.244,70.995,73.718
2024-09-30 03:00:00,72.882,73.244,70.995,73.718
2024-09-30 04:00:00,72.882,73.244,70.995,73.718
2024-09-30 05:00:00,78.51,79.237,77.175,78.851
2024-09-30 06:00:00,78.51,79.237,77.175,78.851
2024-09-30 07:00:00,78.51,79.237,77.175,78.851
2024-09-30 08:00:00,78.51,79.237,77.175,78.851
2024-09-30 09:00:00,78.51,79.237,77.175,78.851
2024-09-30 10:00:00,78.51,79.237,77.175,78.851
2024-09-30 11:00:00,68.744,67.114,63.406,61.417
2024-09-30 12:00:00,68.744,67.114,63.406,61.417
2024-09-30 13:00:00,68.744,67.114,63.406,61.417
2024-09-30 14:00:00,68.744,67.114,63.406,61.417
2024-09-30 15:00:00,68.744,67.114,63.406,61.417
2024-09-30 16:00:00,68.744,67.114,63.406,61.417
2024-09-30 17:00:00,68.609,67.159,64.148,64.535
2024-09-30 18:00:00,68.609,67.159,64.148,64.535
2024-09-30 19:00:00,68.609,67.159,64.148,64.535
2024-09-30 20:00:00,68.609,67.159,64.148,64.535
2024-09-30 21:00:00,68.609,67.159,64.148,64.535
2024-09-30 22:00:00,68.609,67.159,64.148,64.535
2024-09-30 23:00:00,70.094,69.56,66.906,66.745
2024-10-01 00:00:00,70.094,69.56,66.906,66.745
2024-10-01 01:00:00,70.094,69.56,66.906,66.745
2024-10-01 02:00:00,70.094,69.56,66.906,66.745
2024-10-01 03:00:00,70.094,69.56,66.906,66.745
2024-10-01 04:00:00,70.094,69.56,66.906,66.745
2024-10-01 05:00:00,72.635,72.166,69.519,69.981
2024-10-01 06:00:00,72.635,72.166,69.519,69.981
2024-10-01 07:00:00,72.635,72.166,69.519,69.981
2024-10-01 08:00:00,72.635,72.166,69.519,69.981
2024-10-01 09:00:00,72.635,72.166,69.519,69.981
2024-10-01 10:00:00,72.635,72.166,69.519,69.981
2024-10-01 11:00:00,79.906,76.844,72.449,76.721
2024-10-01 12:00:00,79.906,76.844,72.449,76.721
2024-10-01 13:00:00,79.906,76.844,72.449,76.721
2024-10-01 14:00:00,79.906,76.844,72.449,76.721
2024-10-01 15:00:00,79.906,76.844,72.449,76.721
2024-10-01 16:00:00,79.906,76.844,72.449,76.721
2024-10-01 17:00:00,81.665,82.121,80.301,81.966
2024-10-01 18:00:00,81.665,82.121,80.301,81.966
2024-10-01 19:00:00,81.665,82.121,80.301,81.966
2024-10-01 20:00:00,81.665,82.121,80.301,81.966
2024-10-01 21:00:00,81.665,82.121,80.301,81.966
2024-10-01 22:00:00,81.665,82.121,80.301,81.966
2024-10-01 23:00:00,86.739,86.959,84.536,84.459
2024-10-02 00:00:00,86.739,86.959,84.536,84.459
2024-10-02 01:00:00,86.739,86.959,84.536,84.459
2024-10-02 02:00:00,86.739,86.959,84.536,84.459
2024-10-02 03:00:00,86.739,86.959,84.536,84.459
2024-10-02 04:00:00,86.739,86.959,84.536,84.459
2024-10-02 05:00:00,76.337,75.415,73.252,79.615
2024-10-02 06:00:00,76.337,75.415,73.252,79.615
2024-10-02 07:00:00,76.337,75.415,73.252,79.615
2024-10-02 08:00:00,76.337,75.415,73.252,79.615
2024-10-02 09:00:00,76.337,75.415,73.252,79.615
2024-10-02 10:00:00,76.337,75.415,73.252,79.615
2024-10-02 11:00:00,82.695,84.515,83.654,77.566
2024-10-02 12:00:00,82.695,84.515,83.654,77.566
2024-10-02 13:00:00,82.695,84.515,83.654,77.566
2024-10-02 14:00:00,82.695,84.515,83.654,77.566
2024-10-02 15:00:00,82.695,84.515,83.654,77.566
2024-10-02 16:00:00,82.695,84.515,83.654,77.566
2024-10-02 17:00:00,85.467,83.556,79.809,78.651
2024-10-02 18:00:00,85.467,83.556,79.809,78.651
2024-10-02 19:00:00,85.467,83.556,79.809,78.651
2024-10-02 20:00:00,85.467,83.556,79.809,78.651
2024-10-02 21:00:00,85.467,83.556,79.809,78.651
2024-10-02 22:00:00,85.467,83.556,79.809,78.651
2024-10-02 23:00:00,85.275,83.809,80.884,79.992
2024-10-03 00:00:00,85.275,83.809,80.884,79.992
2024-10-03 01:00:00,85.275,83.809,80.884,79.992
2024-10-03 02:00:00,85.275,83.809,80.884,79.992
2024-10-03 03:00:00,85.275,83.809,80.884,79.992
2024-10-03 04:00:00,85.275,83.809,80.884,79.992
2024-10-03 05:00:00,86.482,87.352,85.803,85.643
2024-10-03 06:00:00,86.482,87.352,85.803,85.643
2024-10-03 07:00:00,86.482,87.352,85.803,85.643
2024-10-03 08:00:00,86.482,87.352,85.803,85.643
2024-10-03 09:00:00,86.482,87.352,85.803,85.643
2024-10-03 10:00:00,86.482,87.352,85.803,85.643
2024-10-03 11:00:00,91.842,90.308,86.539,85.343
2024-10-03 12:00:00,91.842,90.308,86.539,85.343
2024-10-03 13:00:00,91.842,90.308,86.539,85.343
2024-10-03 14:00:00,91.842,90.308,86.539,85.343
2024-10-03 15:00:00,91.842,90.308,86.539,85.343
2024-10-03 16:00:00,91.842,90.308,86.539,85.343
2024-10-03 17:00:00,91.297,89.439,86.309,83.338
2024-10-03 18:00:00,91.297,89.439,86.309,83.338
2024-10-03 19:00:00,91.297,89.439,86.309,83.338
2024-10-03 20:00:00,91.297,89.439,86.309,83.338
2024-10-03 21:00:00,91.297,89.439,86.309,83.338
2024-10-03 22:00:00,91.297,89.439,86.309,83.338
2024-10-03 23:00:00,89.344,86.923,83.339,78.825
2024-10-04 00:00:00,89.344,86.923,83.339,78.825
2024-10-04 01:00:00,89.344,86.923,83.339,78.825
2024-10-04 02:00:00,89.344,86.923,83.339,78.825
2024-10-04 03:00:00,89.344,86.923,83.339,78.825
2024-10-04 04:00:00,89.344,86.923,83.339,78.825
2024-10-04 05:00:00,84.998,78.858,77.789,85.353
2024-10-04 06:00:00,84.998,78.858,77.789,85.353
2024-10-04 07:00:00,84.998,78.858,77.789,85.353
2024-10-04 08:00:00,84.998,78.858,77.789,85.353
2024-10-04 09:00:00,84.998,78.858,77.789,85.353
2024-10-04 10:00:00,84.998,78.858,77.789,85.353
2024-10-04 11:00:00,77.577,80.216,79.66,84.484
2024-10-04 12:00:00,77.577,80.216,79.66,84.484
2024-10-04 13:00:00,77.577,80.216,79.66,84.484
2024-10-04 14:00:00,77.577,80.216,79.66,84.484
2024-10-04 15:00:00,77.577,80.216,79.66,84.484
2024-10-04 16:00:00,77.577,80.216,79.66,84.484
2024-10-04 17:00:00,86.162,87.078,84.883,81.119
2024-10-04 18:00:00,86.162,87.078,84.883,81.119
2024-10-04 19:00:00,86.162,87.078,84.883,81.119
2024-10-04 20:00:00,86.162,87.078,84.883,81.119
2024-10-04 21:00:00,86.162,87.078,84.883,81.119
2024-10-04 22:00:00,86.162,87.078,84.883,81.119
2024-10-04 23:00:00,87.343,85.084,81.445,77.201
2024-10-05 00:00:00,87.343,85.084,81.445,77.201
2024-10-05 01:00:00,87.343,85.084,81.445,77.201
2024-10-05 02:00:00,87.343,85.084,81.445,77.201
2024-10-05 03:00:00,87.343,85.084,81.445,77.201
2024-10-05 04:00:00,87.343,85.084,81.445,77.201
2024-10-05 05:00:00,77.715,80.356,78.992,73.887
2024-10-05 06:00:00,77.715,80.356,78.992,73.887
2024-10-05 07:00:00,77.715,80.356,78.992,73.887
2024-10-05 08:00:00,77.715,80.356,78.992,73.887
2024-10-05 09:00:00,77.715,80.356,78.992,73.887
2024-10-05 10:00:00,77.715,80.356,78.992,73.887
2024-10-05 11:00:00,80.864,78.634,74.873,71.516
2024-10-05 12:00:00,80.864,78.634,74.873,71.516
2024-10-05 13:00:00,80.864,78.634,74.873,71.516
2024-10-05 14:00:00,80.864,78.634,74.873,71.516
2024-10-05 15:00:00,80.864,78.634,74.873,71.516
2024-10-05 16:00:00,80.864,78.634,74.873,71.516
2024-10-05 17:00:00,78.392,75.733,72.239,68.345
2024-10-05 18:00:00,78.392,75.733,72.239,68.345
2024-10-05 19:00:00,78.392,75.733,72.239,68.345
2024-10-05 20:00:00,78.392,75.733,72.239,68.345
2024-10-05 21:00:00,78.392,75.733,72.239,68.345
2024-10-05 22:00:00,78.392,75.733,72.239,68.345
2024-10-05 23:00:00,75.731,73.246,69.783,67.027
2024-10-06 00:00:00,75.731,73.246,69.783,67.027
2024-10-06 01:00:00,75.731,73.246,69.783,67.027
2024-10-06 02:00:00,75.731,73.246,69.783,67.027
2024-10-06 03:00:00,75.731,73.246,69.783,67.027
2024-10-06 04:00:00,75.731,73.246,69.783,67.027
2024-10-06 05:00:00,74.769,73.734,71.47,68.494
2024-10-06 06:00:00,74.769,73.734,71.47,68.494
2024-10-06 07:00:00,74.769,73.734,71.47,68.494
2024-10-06 08:00:00,74.769,73.734,71.47,68.494
2024-10-06 09:00:00,74.769,73.734,71.47,68.494
2024-10-06 10:00:00,74.769,73.734,71.47,68.494
2024-10-06 11:00:00,75.542,74.117,70.94,71.319
2024-10-06 12:00:00,75.542,74.117,70.94,71.319
2024-10-06 13:00:00,75.542,74.117,70.94,71.319
2024-10-06 14:00:00,75.542,74.117,70.94,71.319
2024-10-06 15:00:00,75.542,74.117,70.94,71.319
2024-10-06 16:00:00,75.542,74.117,70.94,71.319
2024-10-06 17:00:00,77.148,76.438,73.848,72.903
2024-10-06 18:00:00,77.148,76.438,73.848,72.903
2024-10-06 19:00:00,77.148,76.438,73.848,72.903
2024-10-06 20:00:00,77.148,76.438,73.848,72.903
2024-10-06 21:00:00,77.148,76.438,73.848,72.903
2024-10-06 22:00:00,77.148,76.438,73.848,72.903
2024-10-06 23:00:00,79.228,78.367,75.583,74.852
2024-10-07 00:00:00,79.228,78.367,75.583,74.852
2024-10-07 01:00:00,79.228,78.367,75.583,74.852
2024-10-07 02:00:00,79.228,78.367,75.583,74.852
2024-10-07 03:00:00,79.228,78.367,75.583,74.852
2024-10-07 04:00:00,79.228,78.367,75.583,74.852
2024-10-07 05:00:00,81.124,80.237,77.481,76.661
2024-10-07 06:00:00,81.124,80.237,77.481,76.661
2024-10-07 07:00:00,81.124,80.237,77.481,76.661
2024-10-07 08:00:00,81.124,80.237,77.481,76.661
2024-10-07 09:00:00,81.124,80.237,77.481,76.661
2024-10-07 10:00:00,81.124,80.237,77.481,76.661
2024-10-07 11:00:00,77.729,74.83,71.941,76.043
2024-10-07 12:00:00,77.729,74.83,71.941,76.043
2024-10-07 13:00:00,77.729,74.83,71.941,76.043
2024-10-07 14:00:00,77.729,74.83,71.941,76.043
2024-10-07 15:00:00,77.729,74.83,71.941,76.043
2024-10-07 16:00:00,77.729,74.83,71.941,76.043
2024-10-07 17:00:00,78.911,78.832,76.464,72.255
2024-10-07 18:00:00,78.911,78.832,76.464,72.255
2024-10-07 19:00:00,78.911,78.832,76.464,72.255
2024-10-07 20:00:00,78.911,78.832,76.464,72.255
2024-10-07 21:00:00,78.911,78.832,76.464,72.255
2024-10-07 22:00:00,78.911,78.832,76.464,72.255
2024-10-07 23:00:00,79.304,77.11,73.491,70.049
2024-10-08 00:00:00,79.304,77.11,73.491,70.049
2024-10-08 01:00:00,79.304,77.11,73.491,70.049
2024-10-08 02:00:00,79.304,77.11,73.491,70.049
2024-10-08 03:00:00,79.304,77.11,73.491,70.049
2024-10-08 04:00:00,79.304,77.11,73.491,70.049
2024-10-08 05:00:00,76.864,75.484,73.516,73.855
2024-10-08 06:00:00,76.864,75.484,73.516,73.855
2024-10-08 07:00:00,76.864,75.484,73.516,73.855
2024-10-08 08:00:00,76.864,75.484,73.516,73.855
2024-10-08 09:00:00,76.864,75.484,73.516,73.855
2024-10-08 10:00:00,76.864,75.484,73.516,73.855
2024-10-08 11:00:00,68.582,68.021,65.009,73.836
2024-10-08 12:00:00,68.582,68.021,65.009,73.836
2024-10-08 13:00:00,68.582,68.021,65.009,73.836
2024-10-08 14:00:00,68.582,68.021,65.009,73.836
2024-10-08 15:00:00,68.582,68.021,65.009,73.836
2024-10-08 16:00:00,68.582,68.021,65.009,73.836
2024-10-08 17:00:00,74.531,75.99,74.415,70.157
2024-10-08 18:00:00,74.531,75.99,74.415,70.157
2024-10-08 19:00:00,74.531,75.99,74.415,70.157
2024-10-08 20:00:00,74.531,75.99,74.415,70.157
2024-10-08 21:00:00,74.531,75.99,74.415,70.157
2024-10-08 22:00:00,74.531,75.99,74.415,70.157
2024-10-08 23:00:00,77.287,75.571,72.073,69.63
2024-10-09 00:00:00,77.287,75.571,72.073,69.63
2024-10-09 01:00:00,77.287,75.571,72.073,69.63
2024-10-09 02:00:00,77.287,75.571,72.073,69.63
2024-10-09 03:00:00,77.287,75.571,72.073,69.63
2024-10-09 04:00:00,77.287,75.571,72.073,69.63
2024-10-09 05:00:00,71.866,71.269,69.265,70.385
2024-10-09 06:00:00,71.866,71.269,69.265,70.385
2024-10-09 07:00:00,71.866,71.269,69.265,70.385
2024-10-09 08:00:00,71.866,71.269,69.265,70.385
2024-10-09 09:00:00,71.866,71.269,69.265,70.385
2024-10-09 10:00:00,71.866,71.269,69.265,70.385
2024-10-09 11:00:00,71.602,71.552,69.55,74.003
2024-10-09 12:00:00,71.602,71.552,69.55,74.003
2024-10-09 13:00:00,71.602,71.552,69.55,74.003
2024-10-09 14:00:00,71.602,71.552,69.55,74.003
2024-10-09 15:00:00,71.602,71.552,69.55,74.003
2024-10-09 16:00:00,71.602,71.552,69.55,74.003
2024-10-09 17:00:00,77.009,77.802,75.835,73.379
2024-10-09 18:00:00,77.009,77.802,75.835,73.379
2024-10-09 19:00:00,77.009,77.802,75.835,73.379
2024-10-09 20:00:00,77.009,77.802,75.835,73.379
2024-10-09 21:00:00,77.009,77.802,75.835,73.379
2024-10-09 22:00:00,77.009,77.802,75.835,73.379
2024-10-09 23:00:00,79.724,78.426,75.328,72.872
2024-10-10 00:00:00,79.724,78.426,75.328,72.872
2024-10-10 01:00:00,79.724,78.426,75.328,72.872
2024-10-10 02:00:00,79.724,78.426,75.328,72.872
2024-10-10 03:00:00,79.724,78.426,75.328,72.872
2024-10-10 04:00:00,79.724,78.426,75.328,72.872
2024-10-10 05:00:00,79.928,78.399,75.396,73.889
2024-10-10 06:00:00,79.928,78.399,75.396,73.889
2024-10-10 07:00:00,79.928,78.399,75.396,73.889
2024-10-10 08:00:00,79.928,78.399,75.396,73.889
2024-10-10 09:00:00,79.928,78.399,75.396,73.889
2024-10-10 10:00:00,79.928,78.399,75.396,73.889
2024-10-10 11:00:00,76.588,79.154,76.91,81.276
2024-10-10 12:00:00,76.588,79.154,76.91,81.276
2024-10-10 13:00:00,76.588,79.154,76.91,81.276
2024-10-10 14:00:00,76.588,79.154,76.91,81.276
2024-10-10 15:00:00,76.588,79.154,76.91,81.276
2024-10-10 16:00:00,76.588,79.154,76.91,81.276
2024-10-10 17:00:00,83.978,84.402,82.336,78.75
2024-10-10 18:00:00,83.978,84.402,82.336,78.75
2024-10-10 19:00:00,83.978,84.402,82.336,78.75
2024-10-10 20:00:00,83.978,84.402,82.336,78.75
2024-10-10 21:00:00,83.978,84.402,82.336,78.75
2024-10-10 22:00:00,83.978,84.402,82.336,78.75
2024-10-10 23:00:00,85.179,83.339,79.974,76.181
2024-10-11 00:00:00,85.179,83.339,79.974,76.181
2024-10-11 01:00:00,85.179,83.339,79.974,76.181
2024-10-11 02:00:00,85.179,83.339,79.974,76.181
2024-10-11 03:00:00,85.179,83.339,79.974,76.181
2024-10-11 04:00:00,85.179,83.339,79.974,76.181
2024-10-11 05:00:00,81.597,80.515,77.482,78.372
2024-10-11 06:00:00,81.597,80.515,77.482,78.372
2024-10-11 07:00:00,81.597,80.515,77.482,78.372
2024-10-11 08:00:00,81.597,80.515,77.482,78.372
2024-10-11 09:00:00,81.597,80.515,77.482,78.372
2024-10-11 10:00:00,81.597,80.515,77.482,78.372
2024-10-11 11:00:00,84.062,83.304,80.345,80.508
2024-10-11 12:00:00,84.062,83.304,80.345,80.508
2024-10-11 13:00:00,84.062,83.304,80.345,80.508
2024-10-11 14:00:00,84.062,83.304,80.345,80.508
2024-10-11 15:00:00,84.062,83.304,80.345,80.508
2024-10-11 16:00:00,84.062,83.304,80.345,80.508
2024-10-11 17:00:00,85.604,84.61,81.975,78.571
2024-10-11 18:00:00,85.604,84.61,81.975,78.571
2024-10-11 19:00:00,85.604,84.61,81.975,78.571
2024-10-11 20:00:00,85.604,84.61,81.975,78.571
2024-10-11 21:00:00,85.604,84.61,81.975,78.571
2024-10-11 22:00:00,85.604,84.61,81.975,78.571
2024-10-11 23:00:00,85.253,83.329,80.117,76.736
2024-10-12 00:00:00,85.253,83.329,80.117,76.736
2024-10-12 01:00:00,85.253,83.329,80.117,76.736
2024-10-12 02:00:00,85.253,83.329,80.117,76.736
2024-10-12 03:00:00,85.253,83.329,80.117,76.736
2024-10-12 04:00:00,85.253,83.329,80.117,76.736
2024-10-12 05:00:00,88.318,85.275,83.302,82.06
2024-10-12 06:00:00,88.318,85.275,83.302,82.06
2024-10-12 07:00:00,88.318,85.275,83.302,82.06
2024-10-12 08:00:00,88.318,85.275,83.302,82.06
2024-10-12 09:00:00,88.318,85.275,83.302,82.06
2024-10-12 10:00:00,88.318,85.275,83.302,82.06
2024-10-12 11:00:00,88.657,84.073,79.552,77.528
2024-10-12 12:00:00,88.657,84.073,79.552,77.528
2024-10-12 13:00:00,88.657,84.073,79.552,77.528
2024-10-12 14:00:00,88.657,84.073,79.552,77.528
2024-10-12 15:00:00,88.657,84.073,79.552,77.528
2024-10-12 16:00:00,88.657,84.073,79.552,77.528
2024-10-12 17:00:00,84.074,81.786,78.733,74.719
2024-10-12 18:00:00,84.074,81.786,78.733,74.719
2024-10-12 19:00:00,84.074,81.786,78.733,74.719
2024-10-12 20:00:00,84.074,81.786,78.733,74.719
2024-10-12 21:00:00,84.074,81.786,78.733,74.719
2024-10-12 22:00:00,84.074,81.786,78.733,74.719
2024-10-12 23:00:00,82.005,79.838,76.559,73.419
2024-10-13 00:00:00,82.005,79.838,76.559,73.419
2024-10-13 01:00:00,82.005,79.838,76.559,73.419
2024-10-13 02:00:00,82.005,79.838,76.559,73.419
2024-10-13 03:00:00,82.005,79.838,76.559,73.419
2024-10-13 04:00:00,82.005,79.838,76.559,73.419
2024-10-13 05:00:00,81.547,77.112,73.971,66.629
2024-10-13 06:00:00,81.547,77.112,73.971,66.629
2024-10-13 07:00:00,81.547,77.112,73.971,66.629
2024-10-13 08:00:00,81.547,77.112,73.971,66.629
2024-10-13 09:00:00,81.547,77.112,73.971,66.629
2024-10-13 10:00:00,81.547,77.112,73.971,66.629
2024-10-13 11:00:00,70.347,65.721,61.074,64.924
2024-10-13 12:00:00,70.347,65.721,61.074,64.924
2024-10-13 13:00:00,70.347,65.721,61.074,64.924
2024-10-13 14:00:00,70.347,65.721,61.074,64.924
2024-10-13 15:00:00,70.347,65.721,61.074,64.924
2024-10-13 16:00:00,70.347,65.721,61.074,64.924
2024-10-13 17:00:00,68.671,68.16,66.053,61.781
2024-10-13 18:00:00,68.671,68.16,66.053,61.781
2024-10-13 19:00:00,68.671,68.16,66.053,61.781
2024-10-13 20:00:00,68.671,68.16,66.053,61.781
2024-10-13 21:00:00,68.671,68.16,66.053,61.781
2024-10-13 22:00:00,68.671,68.16,66.053,61.781
2024-10-13 23:00:00,68.571,66.449,63.026,58.574
2024-10-14 00:00:00,68.571,66.449,63.026,58.574
2024-10-14 01:00:00,68.571,66.449,63.026,58.574
2024-10-14 02:00:00,68.571,66.449,63.026,58.574
2024-10-14 03:00:00,68.571,66.449,63.026,58.574
2024-10-14 04:00:00,68.571,66.449,63.026,58.574
2024-10-14 05:00:00,72.403,69.206,66.029,60.843
2024-10-14 06:00:00,72.403,69.206,66.029,60.843
2024-10-14 07:00:00,72.403,69.206,66.029,60.843
2024-10-14 08:00:00,72.403,69.206,66.029,60.843
2024-10-14 09:00:00,72.403,69.206,66.029,60.843
2024-10-14 10:00:00,72.403,69.206,66.029,60.843
2024-10-14 11:00:00,69.431,67.031,63.118,63.025
2024-10-14 12:00:00,69.431,67.031,63.118,63.025
2024-10-14 13:00:00,69.431,67.031,63.118,63.025
2024-10-14 14:00:00,69.431,67.031,63.118,63.025
2024-10-14 15:00:00,69.431,67.031,63.118,63.025
2024-10-14 16:00:00,69.431,67.031,63.118,63.025
2024-10-14 17:00:00,69.582,68.812,66.412,65.721
2024-10-14 18:00:00,69.582,68.812,66.412,65.721
2024-10-14 19:00:00,69.582,68.812,66.412,65.721
2024-10-14 20:00:00,69.582,68.812,66.412,65.721
2024-10-14 21:00:00,69.582,68.812,66.412,65.721
2024-10-14 22:00:00,69.582,68.812,66.412,65.721
2024-10-14 23:00:00,72.231,71.995,69.594,69.674
2024-10-15 00:00:00,72.231,71.995,69.594,69.674
2024-10-15 01:00:00,72.231,71.995,69.594,69.674
2024-10-15 02:00:00,72.231,71.995,69.594,69.674
2024-10-15 03:00:00,72.231,71.995,69.594,69.674
2024-10-15 04:00:00,72.231,71.995,69.594,69.674
2024-10-15 05:00:00,75.044,73.913,71.65,82.83
2024-10-15 06:00:00,75.044,73.913,71.65,82.83
2024-10-15 07:00:00,75.044,73.913,71.65,82.83
2024-10-15 08:00:00,75.044,73.913,71.65,82.83
2024-10-15 09:00:00,75.044,73.913,71.65,82.83
2024-10-15 10:00:00,75.044,73.913,71.65,82.83
2024-10-15 11:00:00,80.642,83.333,82.719,89.101
2024-10-15 12:00:00,80.642,83.333,82.719,89.101
2024-10-15 13:00:00,80.642,83.333,82.719,89.101
2024-10-15 14:00:00,80.642,83.333,82.719,89.101
2024-10-15 15:00:00,80.642,83.333,82.719,89.101
2024-10-15 16:00:00,80.642,83.333,82.719,89.101
2024-10-15 17:00:00,89.992,91.364,89.476,84.206
2024-10-15 18:00:00,89.992,91.364,89.476,84.206
2024-10-15 19:00:00,89.992,91.364,89.476,84.206
2024-10-15 20:00:00,89.992,91.364,89.476,84.206
2024-10-15 21:00:00,89.992,91.364,89.476,84.206
2024-10-15 22:00:00,89.992,91.364,89.476,84.206
2024-10-15 23:00:00,90.592,87.93,84.05,77.448
2024-10-16 00:00:00,90.592,87.93,84.05,77.448
2024-10-16 01:00:00,90.592,87.93,84.05,77.448
2024-10-16 02:00:00,90.592,87.93,84.05,77.448
2024-10-16 03:00:00,90.592,87.93,84.05,77.448
2024-10-16 04:00:00,90.592,87.93,84.05,77.448
2024-10-16 05:00:00,80.262,81.763,81.061,81.798
2024-10-16 06:00:00,80.262,81.763,81.061,81.798
2024-10-16 07:00:00,80.262,81.763,81.061,81.798
2024-10-16 08:00:00,80.262,81.763,81.061,81.798
2024-10-16 09:00:00,80.262,81.763,81.061,81.798
2024-10-16 10:00:00,80.262,81.763,81.061,81.798
2024-10-16 11:00:00,86.105,86.244,83.512,82.661
2024-10-16 12:00:00,86.105,86.244,83.512,82.661
2024-10-16 13:00:00,86.105,86.244,83.512,82.661
2024-10-16 14:00:00,86.105,86.244,83.512,82.661
2024-10-16 15:00:00,86.105,86.244,83.512,82.661
2024-10-16 16:00:00,86.105,86.244,83.512,82.661
2024-10-16 17:00:00,83.063,82.137,78.8,74.409
2024-10-16 18:00:00,83.063,82.137,78.8,74.409
2024-10-16 19:00:00,83.063,82.137,78.8,74.409
2024-10-16 20:00:00,83.063,82.137,78.8,74.409
2024-10-16 21:00:00,83.063,82.137,78.8,74.409
2024-10-16 22:00:00,83.063,82.137,78.8,74.409
2024-10-16 23:00:00,82.067,79.734,76.076,72.135
2024-10-17 00:00:00,82.067,79.734,76.076,72.135
2024-10-17 01:00:00,82.067,79.734,76.076,72.135
2024-10-17 02:00:00,82.067,79.734,76.076,72.135
2024-10-17 03:00:00,82.067,79.734,76.076,72.135
2024-10-17 04:00:00,82.067,79.734,76.076,72.135
2024-10-17 05:00:00,79.895,77.681,74.417,71.47
2024-10-17 06:00:00,79.895,77.681,74.417,71.47
2024-10-17 07:00:00,79.895,77.681,74.417,71.47
2024-10-17 08:00:00,79.895,77.681,74.417,71.47
2024-10-17 09:00:00,79.895,77.681,74.417,71.47
2024-10-17 10:00:00,79.895,77.681,74.417,71.47
2024-10-17 11:00:00,74.642,74.333,71.184,70.576
2024-10-17 12:00:00,74.642,74.333,71.184,70.576
2024-10-17 13:00:00,74.642,74.333,71.184,70.576
2024-10-17 14:00:00,74.642,74.333,71.184,70.576
2024-10-17 15:00:00,74.642,74.333,71.184,70.576
2024-10-17 16:00:00,74.642,74.333,71.184,70.576
2024-10-17 17:00:00,78.882,78.773,75.675,70.161
2024-10-17 18:00:00,78.882,78.773,75.675,70.161
2024-10-17 19:00:00,78.882,78.773,75.675,70.161
2024-10-17 20:00:00,78.882,78.773,75.675,70.161
2024-10-17 21:00:00,78.882,78.773,75.675,70.161
2024-10-17 22:00:00,78.882,78.773,75.675,70.161
2024-10-17 23:00:00,78.728,76.336,72.393,69.248
2024-10-18 00:00:00,78.728,76.336,72.393,69.248
2024-10-18 01:00:00,78.728,76.336,72.393,69.248
2024-10-18 02:00:00,78.728,76.336,72.393,69.248
2024-10-18 03:00:00,78.728,76.336,72.393,69.248
2024-10-18 04:00:00,78.728,76.336,72.393,69.248
2024-10-18 05:00:00,71.105,67.792,64.473,66.286
2024-10-18 06:00:00,71.105,67.792,64.473,66.286
2024-10-18 07:00:00,71.105,67.792,64.473,66.286
2024-10-18 08:00:00,71.105,67.792,64.473,66.286
2024-10-18 09:00:00,71.105,67.792,64.473,66.286
2024-10-18 10:00:00,71.105,67.792,64.473,66.286
2024-10-18 11:00:00,77.055,74.948,69.934,72.316
2024-10-18 12:00:00,77.055,74.948,69.934,72.316
2024-10-18 13:00:00,77.055,74.948,69.934,72.316
2024-10-18 14:00:00,77.055,74.948,69.934,72.316
2024-10-18 15:00:00,77.055,74.948,69.934,72.316
2024-10-18 16:00:00,77.055,74.948,69.934,72.316
2024-10-18 17:00:00,78.923,78.899,76.133,75.839
2024-10-18 18:00:00,78.923,78.899,76.133,75.839
2024-10-18 19:00:00,78.923,78.899,76.133,75.839
2024-10-18 20:00:00,78.923,78.899,76.133,75.839
2024-10-18 21:00:00,78.923,78.899,76.133,75.839
2024-10-18 22:00:00,78.923,78.899,76.133,75.839
2024-10-18 23:00:00,82.282,81.889,78.766,76.902
2024-10-19 00:00:00,82.282,81.889,78.766,76.902
2024-10-19 01:00:00,82.282,81.889,78.766,76.902
2024-10-19 02:00:00,82.282,81.889,78.766,76.902
2024-10-19 03:00:00,82.282,81.889,78.766,76.902
2024-10-19 04:00:00,82.282,81.889,78.766,76.902
2024-10-19 05:00:00,77.297,75.948,74.059,75.179
2024-10-19 06:00:00,77.297,75.948,74.059,75.179
2024-10-19 07:00:00,77.297,75.948,74.059,75.179
2024-10-19 08:00:00,77.297,75.948,74.059,75.179
2024-10-19 09:00:00,77.297,75.948,74.059,75.179
2024-10-19 10:00:00,77.297,75.948,74.059,75.179
2024-10-19 11:00:00,80.135,80.249,76.852,79.583
2024-10-19 12:00:00,80.135,80.249,76.852,79.583
2024-10-19 13:00:00,80.135,80.249,76.852,79.583
2024-10-19 14:00:00,80.135,80.249,76.852,79.583
2024-10-19 15:00:00,80.135,80.249,76.852,79.583
2024-10-19 16:00:00,80.135,80.249,76.852,79.583
2024-10-19 17:00:00,85.39,85.388,82.019,80.575
2024-10-19 18:00:00,85.39,85.388,82.019,80.575
2024-10-19 19:00:00,85.39,85.388,82.019,80.575
2024-10-19 20:00:00,85.39,85.388,82.019,80.575
2024-10-19 21:00:00,85.39,85.388,82.019,80.575
2024-10-19 22:00:00,85.39,85.388,82.019,80.575
2024-10-19 23:00:00,87.675,86.561,82.902,79.98
2024-10-20 00:00:00,87.675,86.561,82.902,79.98
2024-10-20 01:00:00,87.675,86.561,82.902,79.98
2024-10-20 02:00:00,87.675,86.561,82.902,79.98
2024-10-20 03:00:00,87.675,86.561,82.902,79.98
2024-10-20 04:00:00,87.675,86.561,82.902,79.98
2024-10-20 05:00:00,87.779,86.051,82.128,78.85
2024-10-20 06:00:00,87.779,86.051,82.128,78.85
2024-10-20 07:00:00,87.779,86.051,82.128,78.85
2024-10-20 08:00:00,87.779,86.051,82.128,78.85
2024-10-20 09:00:00,87.779,86.051,82.128,78.85
2024-10-20 10:00:00,87.779,86.051,82.128,78.85
2024-10-20 11:00:00,82.591,81.857,78.013,78.595
2024-10-20 12:00:00,82.591,81.857,78.013,78.595
2024-10-20 13:00:00,82.591,81.857,78.013,78.595
2024-10-20 14:00:00,82.591,81.857,78.013,78.595
2024-10-20 15:00:00,82.591,81.857,78.013,78.595
2024-10-20 16:00:00,82.591,81.857,78.013,78.595
2024-10-20 17:00:00,73.231,71.686,80.04,76.934
2024-10-20 18:00:00,73.231,71.686,80.04,76.934
2024-10-20 19:00:00,73.231,71.686,80.04,76.934
2024-10-20 20:00:00,73.231,71.686,80.04,76.934
2024-10-20 21:00:00,73.231,71.686,80.04,76.934
2024-10-20 22:00:00,73.231,71.686,80.04,76.934
2024-10-20 23:00:00,73.18,71.65,77.469,71.543
2024-10-21 00:00:00,73.18,71.65,77.469,71.543
2024-10-21 01:00:00,73.18,71.65,77.469,71.543
2024-10-21 02:00:00,73.18,71.65,77.469,71.543
2024-10-21 03:00:00,73.18,71.65,77.469,71.543
2024-10-21 04:00:00,73.18,71.65,77.469,71.543
2024-10-21 05:00:00,73.152,71.628,73.18,68.817
2024-10-21 06:00:00,73.152,71.628,73.18,68.817
2024-10-21 07:00:00,73.152,71.628,73.18,68.817
2024-10-21 08:00:00,73.152,71.628,73.18,68.817
2024-10-21 09:00:00,73.152,71.628,73.18,68.817
2024-10-21 10:00:00,73.152,71.628,73.18,68.817
2024-10-21 11:00:00,73.339,72.053,68.08,71.785
2024-10-21 12:00:00,73.339,72.053,68.08,71.785
2024-10-21 13:00:00,73.339,72.053,68.08,71.785
2024-10-21 14:00:00,73.339,72.053,68.08,71.785
2024-10-21 15:00:00,73.339,72.053,68.08,71.785
2024-10-21 16:00:00,73.339,72.053,68.08,71.785
2024-10-21 17:00:00,76.676,77.005,74.492,72.159
2024-10-21 18:00:00,76.676,77.005,74.492,72.159
2024-10-21 19:00:00,76.676,77.005,74.492,72.159
2024-10-21 20:00:00,76.676,77.005,74.492,72.159
2024-10-21 21:00:00,76.676,77.005,74.492,72.159
2024-10-21 22:00:00,76.676,77.005,74.492,72.159
2024-10-21 23:00:00,79.534,78.581,75.102,72.936
2024-10-22 00:00:00,79.534,78.581,75.102,72.936
2024-10-22 01:00:00,79.534,78.581,75.102,72.936
2024-10-22 02:00:00,79.534,78.581,75.102,72.936
2024-10-22 03:00:00,79.534,78.581,75.102,72.936
2024-10-22 04:00:00,79.534,78.581,75.102,72.936
2024-10-22 05:00:00,76.694,74.581,71.123,70.869
2024-10-22 06:00:00,76.694,74.581,71.123,70.869
2024-10-22 07:00:00,76.694,74.581,71.123,70.869
2024-10-22 08:00:00,76.694,74.581,71.123,70.869
2024-10-22 09:00:00,76.694,74.581,71.123,70.869
2024-10-22 10:00:00,76.694,74.581,71.123,70.869
2024-10-22 11:00:00,80.867,79.124,74.958,79.614
2024-10-22 12:00:00,80.867,79.124,74.958,79.614
2024-10-22 13:00:00,80.867,79.124,74.958,79.614
2024-10-22 14:00:00,80.867,79.124,74.958,79.614
2024-10-22 15:00:00,80.867,79.124,74.958,79.614
2024-10-22 16:00:00,80.867,79.124,74.958,79.614
2024-10-22 17:00:00,85.001,85.884,83.911,84.019
2024-10-22 18:00:00,85.001,85.884,83.911,84.019
2024-10-22 19:00:00,85.001,85.884,83.911,84.019
2024-10-22 20:00:00,85.001,85.884,83.911,84.019
2024-10-22 21:00:00,85.001,85.884,83.911,84.019
2024-10-22 22:00:00,85.001,85.884,83.911,84.019
2024-10-22 23:00:00,89.332,88.825,85.626,81.463
2024-10-23 00:00:00,89.332,88.825,85.626,81.463
2024-10-23 01:00:00,89.332,88.825,85.626,81.463
2024-10-23 02:00:00,89.332,88.825,85.626,81.463
2024-10-23 03:00:00,89.332,88.825,85.626,81.463
2024-10-23 04:00:00,89.332,88.825,85.626,81.463
2024-10-23 05:00:00,89.219,87.061,83.104,78.779
2024-10-23 06:00:00,89.219,87.061,83.104,78.779
2024-10-23 07:00:00,89.219,87.061,83.104,78.779
2024-10-23 08:00:00,89.219,87.061,83.104,78.779
2024-10-23 09:00:00,89.219,87.061,83.104,78.779
2024-10-23 10:00:00,89.219,87.061,83.104,78.779
2024-10-23 11:00:00,89.956,89.984,86.786,89.184
2024-10-23 12:00:00,89.956,89.984,86.786,89.184
2024-10-23 13:00:00,89.956,89.984,86.786,89.184
2024-10-23 14:00:00,89.956,89.984,86.786,89.184
2024-10-23 15:00:00,89.956,89.984,86.786,89.184
2024-10-23 16:00:00,89.956,89.984,86.786,89.184
2024-10-23 17:00:00,95.052,96.81,94.221,87.646
2024-10-23 18:00:00,95.052,96.81,94.221,87.646
2024-10-23 19:00:00,95.052,96.81,94.221,87.646
2024-10-23 20:00:00,95.052,96.81,94.221,87.646
2024-10-23 21:00:00,95.052,96.81,94.221,87.646
2024-10-23 22:00:00,95.052,96.81,94.221,87.646
2024-10-23 23:00:00,94.615,91.137,86.417,77.676
2024-10-24 00:00:00,94.615,91.137,86.417,77.676
2024-10-24 01:00:00,94.615,91.137,86.417,77.676
2024-10-24 02:00:00,94.615,91.137,86.417,77.676
2024-10-24 03:00:00,94.615,91.137,86.417,77.676
2024-10-24 04:00:00,94.615,91.137,86.417,77.676
2024-10-24 05:00:00,88.019,83.962,79.26,74.501
2024-10-24 06:00:00,88.019,83.962,79.26,74.501
2024-10-24 07:00:00,88.019,83.962,79.26,74.501
2024-10-24 08:00:00,88.019,83.962,79.26,74.501
2024-10-24 09:00:00,88.019,83.962,79.26,74.501
2024-10-24 10:00:00,88.019,83.962,79.26,74.501
2024-10-24 11:00:00,91.978,92.403,88.662,89.245
2024-10-24 12:00:00,91.978,92.403,88.662,89.245
2024-10-24 13:00:00,91.978,92.403,88.662,89.245
2024-10-24 14:00:00,91.978,92.403,88.662,89.245
2024-10-24 15:00:00,91.978,92.403,88.662,89.245
2024-10-24 16:00:00,91.978,92.403,88.662,89.245
2024-10-24 17:00:00,95.305,94.538,91.745,88.747
2024-10-24 18:00:00,95.305,94.538,91.745,88.747
2024-10-24 19:00:00,95.305,94.538,91.745,88.747
2024-10-24 20:00:00,95.305,94.538,91.745,88.747
2024-10-24 21:00:00,95.305,94.538,91.745,88.747
2024-10-24 22:00:00,95.305,94.538,91.745,88.747
2024-10-24 23:00:00,95.44,93.644,89.987,85.072
2024-10-25 00:00:00,95.44,93.644,89.987,85.072
2024-10-25 01:00:00,95.44,93.644,89.987,85.072
2024-10-25 02:00:00,95.44,93.644,89.987,85.072
2024-10-25 03:00:00,95.44,93.644,89.987,85.072
2024-10-25 04:00:00,95.44,93.644,89.987,85.072
2024-10-25 05:00:00,93.312,90.865,86.895,82.735
2024-10-25 06:00:00,93.312,90.865,86.895,82.735
2024-10-25 07:00:00,93.312,90.865,86.895,82.735
2024-10-25 08:00:00,93.312,90.865,86.895,82.735
2024-10-25 09:00:00,93.312,90.865,86.895,82.735
2024-10-25 10:00:00,93.312,90.865,86.895,82.735
2024-10-25 11:00:00,98.407,99.052,96.144,97.211
2024-10-25 12:00:00,98.407,99.052,96.144,97.211
2024-10-25 13:00:00,98.407,99.052,96.144,97.211
2024-10-25 14:00:00,98.407,99.052,96.144,97.211
2024-10-25 15:00:00,98.407,99.052,96.144,97.211
2024-10-25 16:00:00,98.407,99.052,96.144,97.211
2024-10-25 17:00:00,101.574,100.103,96.997,91.806
2024-10-25 18:00:00,101.574,100.103,96.997,91.806
2024-10-25 19:00:00,101.574,100.103,96.997,91.806
2024-10-25 20:00:00,101.574,100.103,96.997,91.806
2024-10-25 21:00:00,101.574,100.103,96.997,91.806
2024-10-25 22:00:00,101.574,100.103,96.997,91.806
2024-10-25 23:00:00,98.684,95.734,91.554,84.37
2024-10-26 00:00:00,98.684,95.734,91.554,84.37
2024-10-26 01:00:00,98.684,95.734,91.554,84.37
2024-10-26 02:00:00,98.684,95.734,91.554,84.37
2024-10-26 03:00:00,98.684,95.734,91.554,84.37
2024-10-26 04:00:00,98.684,95.734,91.554,84.37
2024-10-26 05:00:00,93.477,90.03,85.652,80.523
2024-10-26 06:00:00,93.477,90.03,85.652,80.523
2024-10-26 07:00:00,93.477,90.03,85.652,80.523
2024-10-26 08:00:00,93.477,90.03,85.652,80.523
2024-10-26 09:00:00,93.477,90.03,85.652,80.523
2024-10-26 10:00:00,93.477,90.03,85.652,80.523
2024-10-26 11:00:00,93.438,93.96,91.19,92.749
2024-10-26 12:00:00,93.438,93.96,91.19,92.749
2024-10-26 13:00:00,93.438,93.96,91.19,92.749
2024-10-26 14:00:00,93.438,93.96,91.19,92.749
2024-10-26 15:00:00,93.438,93.96,91.19,92.749
2024-10-26 16:00:00,93.438,93.96,91.19,92.749
2024-10-26 17:00:00,89.064,92.558,92.616,87.976
2024-10-26 18:00:00,89.064,92.558,92.616,87.976
2024-10-26 19:00:00,89.064,92.558,92.616,87.976
2024-10-26 20:00:00,89.064,92.558,92.616,87.976
2024-10-26 21:00:00,89.064,92.558,92.616,87.976
2024-10-26 22:00:00,89.064,92.558,92.616,87.976
2024-10-26 23:00:00,93.77,92.141,88.314,81.858
2024-10-27 00:00:00,93.77,92.141,88.314,81.858
2024-10-27 01:00:00,93.77,92.141,88.314,81.858
2024-10-27 02:00:00,93.77,92.141,88.314,81.858
2024-10-27 03:00:00,93.77,92.141,88.314,81.858
2024-10-27 04:00:00,93.77,92.141,88.314,81.858
2024-10-27 05:00:00,90.418,87.195,83.242,78.188
2024-10-27 06:00:00,90.418,87.195,83.242,78.188
2024-10-27 07:00:00,90.418,87.195,83.242,78.188
2024-10-27 08:00:00,90.418,87.195,83.242,78.188
2024-10-27 09:00:00,90.418,87.195,83.242,78.188
2024-10-27 10:00:00,90.418,87.195,83.242,78.188
2024-10-27 11:00:00,88.896,88.978,86.293,82.657
2024-10-27 12:00:00,88.896,88.978,86.293,82.657
2024-10-27 13:00:00,88.896,88.978,86.293,82.657
2024-10-27 14:00:00,88.896,88.978,86.293,82.657
2024-10-27 15:00:00,88.896,88.978,86.293,82.657
2024-10-27 16:00:00,88.896,88.978,86.293,82.657
2024-10-27 17:00:00,86.13,84.997,81.729,74.567
2024-10-27 18:00:00,86.13,84.997,81.729,74.567
2024-10-27 19:00:00,86.13,84.997,81.729,74.567
2024-10-27 20:00:00,86.13,84.997,81.729,74.567
2024-10-27 21:00:00,86.13,84.997,81.729,74.567
2024-10-27 22:00:00,86.13,84.997,81.729,74.567
2024-10-27 23:00:00,83.776,80.188,76.105,71.077
2024-10-28 00:00:00,83.776,80.188,76.105,71.077
2024-10-28 01:00:00,83.776,80.188,76.105,71.077
2024-10-28 02:00:00,83.776,80.188,76.105,71.077
2024-10-28 03:00:00,83.776,80.188,76.105,71.077
2024-10-28 04:00:00,83.776,80.188,76.105,71.077
2024-10-28 05:00:00,80.83,78.104,74.722,73.246
2024-10-28 06:00:00,80.83,78.104,74.722,73.246
2024-10-28 07:00:00,80.83,78.104,74.722,73.246
2024-10-28 08:00:00,80.83,78.104,74.722,73.246
2024-10-28 09:00:00,80.83,78.104,74.722,73.246
2024-10-28 10:00:00,80.83,78.104,74.722,73.246
2024-10-28 11:00:00,70.744,68.475,65.805,64.452
2024-10-28 12:00:00,70.744,68.475,65.805,64.452
2024-10-28 13:00:00,70.744,68.475,65.805,64.452
2024-10-28 14:00:00,70.744,68.475,65.805,64.452
2024-10-28 15:00:00,70.744,68.475,65.805,64.452
2024-10-28 16:00:00,70.744,68.475,65.805,64.452
2024-10-28 17:00:00,71.739,70.681,67.842,66.063
2024-10-28 18:00:00,71.739,70.681,67.842,66.063
2024-10-28 19:00:00,71.739,70.681,67.842,66.063
2024-10-28 20:00:00,71.739,70.681,67.842,66.063
2024-10-28 21:00:00,71.739,70.681,67.842,66.063
2024-10-28 22:00:00,71.739,70.681,67.842,66.063
2024-10-28 23:00:00,73.887,72.881,70.057,69.24
2024-10-29 00:00:00,73.887,72.881,70.057,69.24
2024-10-29 01:00:00,73.887,72.881,70.057,69.24
2024-10-29 02:00:00,73.887,72.881,70.057,69.24
2024-10-29 03:00:00,73.887,72.881,70.057,69.24
2024-10-29 04:00:00,73.887,72.881,70.057,69.24
2024-10-29 05:00:00,76.674,76.031,73.43,72.932
2024-10-29 06:00:00,76.674,76.031,73.43,72.932
2024-10-29 07:00:00,76.674,76.031,73.43,72.932
2024-10-29 08:00:00,76.674,76.031,73.43,72.932
2024-10-29 09:00:00,76.674,76.031,73.43,72.932
2024-10-29 10:00:00,76.674,76.031,73.43,72.932
2024-10-29 11:00:00,69.421,70.583,67.797,73.326
2024-10-29 12:00:00,69.421,70.583,67.797,73.326
2024-10-29 13:00:00,69.421,70.583,67.797,73.326
2024-10-29 14:00:00,69.421,70.583,67.797,73.326
2024-10-29 15:00:00,69.421,70.583,67.797,73.326
2024-10-29 16:00:00,69.421,70.583,67.797,73.326
2024-10-29 17:00:00,77.873,79.388,78.149,78.845
2024-10-29 18:00:00,77.873,79.388,78.149,78.845
2024-10-29 19:00:00,77.873,79.388,78.149,78.845
2024-10-29 20:00:00,77.873,79.388,78.149,78.845
2024-10-29 21:00:00,77.873,79.388,78.149,78.845
2024-10-29 22:00:00,77.873,79.388,78.149,78.845
2024-10-29 23:00:00,84.383,84.482,82.203,80.259
2024-10-30 00:00:00,84.383,84.482,82.203,80.259
2024-10-30 01:00:00,84.383,84.482,82.203,80.259
2024-10-30 02:00:00,84.383,84.482,82.203,80.259
2024-10-30 03:00:00,84.383,84.482,82.203,80.259
2024-10-30 04:00:00,84.383,84.482,82.203,80.259
2024-10-30 05:00:00,87.43,86.4,83.699,81.741
2024-10-30 06:00:00,87.43,86.4,83.699,81.741
2024-10-30 07:00:00,87.43,86.4,83.699,81.741
2024-10-30 08:00:00,87.43,86.4,83.699,81.741
2024-10-30 09:00:00,87.43,86.4,83.699,81.741
2024-10-30 10:00:00,87.43,86.4,83.699,81.741
2024-10-30 11:00:00,91.936,88.42,82.979,92.884
2024-10-30 12:00:00,91.936,88.42,82.979,92.884
2024-10-30 13:00:00,91.936,88.42,82.979,92.884
2024-10-30 14:00:00,91.936,88.42,82.979,92.884
2024-10-30 15:00:00,91.936,88.42,82.979,92.884
2024-10-30 16:00:00,91.936,88.42,82.979,92.884
2024-10-30 17:00:00,96.286,97.899,97.2,96.714
2024-10-30 18:00:00,96.286,97.899,97.2,96.714
2024-10-30 19:00:00,96.286,97.899,97.2,96.714
2024-10-30 20:00:00,96.286,97.899,97.2,96.714
2024-10-30 21:00:00,96.286,97.899,97.2,96.714
2024-10-30 22:00:00,96.286,97.899,97.2,96.714
2024-10-30 23:00:00,102.287,102.048,99.353,96.132
2024-10-31 00:00:00,102.287,102.048,99.353,96.132
2024-10-31 01:00:00,102.287,102.048,99.353,96.132
2024-10-31 02:00:00,102.287,102.048,99.353,96.132
2024-10-31 03:00:00,102.287,102.048,99.353,96.132
2024-10-31 04:00:00,102.287,102.048,99.353,96.132
2024-10-31 05:00:00,104.548,103.33,100.477,99.531
2024-10-31 06:00:00,104.548,103.33,100.477,99.531
2024-10-31 07:00:00,104.548,103.33,100.477,99.531
2024-10-31 08:00:00,104.548,103.33,100.477,99.531
2024-10-31 09:00:00,104.548,103.33,100.477,99.531
2024-10-31 10:00:00,104.548,103.33,100.477,99.531
2024-10-31 11:00:00,110.357,100.105,91.487,99.627
2024-10-31 12:00:00,110.357,100.105,91.487,99.627
2024-10-31 13:00:00,110.357,100.105,91.487,99.627
2024-10-31 14:00:00,110.357,100.105,91.487,99.627
2024-10-31 15:00:00,110.357,100.105,91.487,99.627
2024-10-31 16:00:00,110.357,100.105,91.487,99.627
2024-10-31 17:00:00,104.245,103.894,102.633,100.072
2024-10-31 18:00:00,104.245,103.894,102.633,100.072
2024-10-31 19:00:00,104.245,103.894,102.633,100.072
2024-10-31 20:00:00,104.245,103.894,102.633,100.072
2024-10-31 21:00:00,104.245,103.894,102.633,100.072
2024-10-31 22:00:00,104.245,103.894,102.633,100.072
2024-10-31 23:00:00,107.025,106.139,103.103,100.268
2024-11-01 00:00:00,107.025,106.139,103.103,100.268
2024-11-01 01:00:00,107.025,106.139,103.103,100.268
2024-11-01 02:00:00,107.025,106.139,103.103,100.268
2024-11-01 03:00:00,107.025,106.139,103.103,100.268
2024-11-01 04:00:00,107.025,106.139,103.103,100.268
2024-11-01 05:00:00,109.428,108.467,105.8,106.351
2024-11-01 06:00:00,109.428,108.467,105.8,106.351
2024-11-01 07:00:00,109.428,108.467,105.8,106.351
2024-11-01 08:00:00,109.428,108.467,105.8,106.351
2024-11-01 09:00:00,109.428,108.467,105.8,106.351
2024-11-01 10:00:00,109.428,108.467,105.8,106.351
2024-11-01 11:00:00,119.266,106.946,96.151,120.148
2024-11-01 12:00:00,119.266,106.946,96.151,120.148
2024-11-01 13:00:00,119.266,106.946,96.151,120.148
2024-11-01 14:00:00,119.266,106.946,96.151,120.148
2024-11-01 15:00:00,119.266,106.946,96.151,120.148
2024-11-01 16:00:00,119.266,106.946,96.151,120.148
2024-11-01 17:00:00,118.058,120.581,121.639,117.384
2024-11-01 18:00:00,118.058,120.581,121.639,117.384
2024-11-01 19:00:00,118.058,120.581,121.639,117.384
2024-11-01 20:00:00,118.058,120.581,121.639,117.384
2024-11-01 21:00:00,118.058,120.581,121.639,117.384
2024-11-01 22:00:00,118.058,120.581,121.639,117.384
2024-11-01 23:00:00,122.933,121.032,117.209,109.754
2024-11-02 00:00:00,122.933,121.032,117.209,109.754
2024-11-02 01:00:00,122.933,121.032,117.209,109.754
2024-11-02 02:00:00,122.933,121.032,117.209,109.754
2024-11-02 03:00:00,122.933,121.032,117.209,109.754
2024-11-02 04:00:00,122.933,121.032,117.209,109.754
2024-11-02 05:00:00,120.49,117.012,113.265,110.847
2024-11-02 06:00:00,120.49,117.012,113.265,110.847
2024-11-02 07:00:00,120.49,117.012,113.265,110.847
2024-11-02 08:00:00,120.49,117.012,113.265,110.847
2024-11-02 09:00:00,120.49,117.012,113.265,110.847
2024-11-02 10:00:00,120.49,117.012,113.265,110.847
2024-11-02 11:00:00,110.467,104.061,97.122,147.749
2024-11-02 12:00:00,110.467,104.061,97.122,147.749
2024-11-02 13:00:00,110.467,104.061,97.122,147.749
2024-11-02 14:00:00,110.467,104.061,97.122,147.749
2024-11-02 15:00:00,110.467,104.061,97.122,147.749
2024-11-02 16:00:00,110.467,104.061,97.122,147.749
2024-11-02 17:00:00,114.961,118.99,117.497,119.766
2024-11-02 18:00:00,114.961,118.99,117.497,119.766
2024-11-02 19:00:00,114.961,118.99,117.497,119.766
2024-11-02 20:00:00,114.961,118.99,117.497,119.766
2024-11-02 21:00:00,114.961,118.99,117.497,119.766
2024-11-02 22:00:00,114.961,118.99,117.497,119.766
2024-11-02 23:00:00,123.661,122.895,120.086,113.565
2024-11-03 00:00:00,123.661,122.895,120.086,113.565
2024-11-03 01:00:00,123.661,122.895,120.086,113.565
2024-11-03 02:00:00,123.661,122.895,120.086,113.565
2024-11-03 03:00:00,123.661,122.895,120.086,113.565
2024-11-03 04:00:00,123.661,122.895,120.086,113.565
2024-11-03 05:00:00,124.252,121.814,118.322,117.724
2024-11-03 06:00:00,124.252,121.814,118.322,117.724
2024-11-03 07:00:00,124.252,121.814,118.322,117.724
2024-11-03 08:00:00,124.252,121.814,118.322,117.724
2024-11-03 09:00:00,124.252,121.814,118.322,117.724
2024-11-03 10:00:00,124.252,121.814,118.322,117.724
2024-11-03 11:00:00,131.685,135.801,135.203,141.433
2024-11-03 12:00:00,131.685,135.801,135.203,141.433
2024-11-03 13:00:00,131.685,135.801,135.203,141.433
2024-11-03 14:00:00,131.685,135.801,135.203,141.433
2024-11-03 15:00:00,131.685,135.801,135.203,141.433
2024-11-03 16:00:00,131.685,135.801,135.203,141.433
2024-11-03 17:00:00,124.311,125.955,125.608,137.533
2024-11-03 18:00:00,124.311,125.955,125.608,137.533
2024-11-03 19:00:00,124.311,125.955,125.608,137.533
2024-11-03 20:00:00,124.311,125.955,125.608,137.533
2024-11-03 21:00:00,124.311,125.955,125.608,137.533
2024-11-03 22:00:00,124.311,125.955,125.608,137.533
2024-11-03 23:00:00,135.743,137.621,136.066,127.099
2024-11-04 00:00:00,135.743,137.621,136.066,127.099
2024-11-04 01:00:00,135.743,137.621,136.066,127.099
2024-11-04 02:00:00,135.743,137.621,136.066,127.099
2024-11-04 03:00:00,135.743,137.621,136.066,127.099
2024-11-04 04:00:00,135.743,137.621,136.066,127.099
2024-11-04 05:00:00,135.834,132.075,127.489,120.498
2024-11-04 06:00:00,135.834,132.075,127.489,120.498
2024-11-04 07:00:00,135.834,132.075,127.489,120.498
2024-11-04 08:00:00,135.834,132.075,127.489,120.498
2024-11-04 09:00:00,135.834,132.075,127.489,120.498
2024-11-04 10:00:00,135.834,132.075,127.489,120.498
2024-11-04 11:00:00,116.995,116.563,114.169,117.673
2024-11-04 12:00:00,116.995,116.563,114.169,117.673
2024-11-04 13:00:00,116.995,116.563,114.169,117.673
2024-11-04 14:00:00,116.995,116.563,114.169,117.673
2024-11-04 15:00:00,116.995,116.563,114.169,117.673
2024-11-04 16:00:00,116.995,116.563,114.169,117.673
2024-11-04 17:00:00,115.703,117.376,116.829,110.345
2024-11-04 18:00:00,115.703,117.376,116.829,110.345
2024-11-04 19:00:00,115.703,117.376,116.829,110.345
2024-11-04 20:00:00,115.703,117.376,116.829,110.345
2024-11-04 21:00:00,115.703,117.376,116.829,110.345
2024-11-04 22:00:00,115.703,117.376,116.829,110.345
2024-11-04 23:00:00,117.885,115.344,111.228,105.031
2024-11-05 00:00:00,117.885,115.344,111.228,105.031
2024-11-05 01:00:00,117.885,115.344,111.228,105.031
2024-11-05 02:00:00,117.885,115.344,111.228,105.031
2024-11-05 03:00:00,117.885,115.344,111.228,105.031
2024-11-05 04:00:00,117.885,115.344,111.228,105.031
2024-11-05 05:00:00,115.354,112.327,108.747,106.486
2024-11-05 06:00:00,115.354,112.327,108.747,106.486
2024-11-05 07:00:00,115.354,112.327,108.747,106.486
2024-11-05 08:00:00,115.354,112.327,108.747,106.486
2024-11-05 09:00:00,115.354,112.327,108.747,106.486
2024-11-05 10:00:00,115.354,112.327,108.747,106.486
2024-11-05 11:00:00,123.406,126.494,125.713,134.169
2024-11-05 12:00:00,123.406,126.494,125.713,134.169
2024-11-05 13:00:00,123.406,126.494,125.713,134.169
2024-11-05 14:00:00,123.406,126.494,125.713,134.169
2024-11-05 15:00:00,123.406,126.494,125.713,134.169
2024-11-05 16:00:00,123.406,126.494,125.713,134.169
2024-11-05 17:00:00,129.07,131.037,129.917,123.482
2024-11-05 18:00:00,129.07,131.037,129.917,123.482
2024-11-05 19:00:00,129.07,131.037,129.917,123.482
2024-11-05 20:00:00,129.07,131.037,129.917,123.482
2024-11-05 21:00:00,129.07,131.037,129.917,123.482
2024-11-05 22:00:00,129.07,131.037,129.917,123.482
2024-11-05 23:00:00,130.116,126.875,122.513,113.622
2024-11-06 00:00:00,130.116,126.875,122.513,113.622
2024-11-06 01:00:00,130.116,126.875,122.513,113.622
2024-11-06 02:00:00,130.116,126.875,122.513,113.622
2024-11-06 03:00:00,130.116,126.875,122.513,113.622
2024-11-06 04:00:00,130.116,126.875,122.513,113.622
2024-11-06 05:00:00,108.706,108.398,106.077,102.569
2024-11-06 06:00:00,108.706,108.398,106.077,102.569
2024-11-06 07:00:00,108.706,108.398,106.077,102.569
2024-11-06 08:00:00,108.706,108.398,106.077,102.569
2024-11-06 09:00:00,108.706,108.398,106.077,102.569
2024-11-06 10:00:00,108.706,108.398,106.077,102.569
2024-11-06 11:00:00,109.394,107.169,103.587,97.678
2024-11-06 12:00:00,109.394,107.169,103.587,97.678
2024-11-06 13:00:00,109.394,107.169,103.587,97.678
2024-11-06 14:00:00,109.394,107.169,103.587,97.678
2024-11-06 15:00:00,109.394,107.169,103.587,97.678
2024-11-06 16:00:00,109.394,107.169,103.587,97.678
2024-11-06 17:00:00,107.333,101.254,95.996,88.493
2024-11-06 18:00:00,107.333,101.254,95.996,88.493
2024-11-06 19:00:00,107.333,101.254,95.996,88.493
2024-11-06 20:00:00,107.333,101.254,95.996,88.493
2024-11-06 21:00:00,107.333,101.254,95.996,88.493
2024-11-06 22:00:00,107.333,101.254,95.996,88.493
2024-11-06 23:00:00,100.456,97.43,93.972,94.157
2024-11-07 00:00:00,100.456,97.43,93.972,94.157
2024-11-07 01:00:00,100.456,97.43,93.972,94.157
2024-11-07 02:00:00,100.456,97.43,93.972,94.157
2024-11-07 03:00:00,100.456,97.43,93.972,94.157
2024-11-07 04:00:00,100.456,97.43,93.972,94.157
2024-11-07 05:00:00,103.09,103.353,101.488,104.369
2024-11-07 06:00:00,103.09,103.353,101.488,104.369
2024-11-07 07:00:00,103.09,103.353,101.488,104.369
2024-11-07 08:00:00,103.09,103.353,101.488,104.369
2024-11-07 09:00:00,103.09,103.353,101.488,104.369
2024-11-07 10:00:00,103.09,103.353,101.488,104.369
2024-11-07 11:00:00,118.197,120.551,119.579,131.027
2024-11-07 12:00:00,118.197,120.551,119.579,131.027
2024-11-07 13:00:00,118.197,120.551,119.579,131.027
2024-11-07 14:00:00,118.197,120.551,119.579,131.027
2024-11-07 15:00:00,118.197,120.551,119.579,131.027
2024-11-07 16:00:00,118.197,120.551,119.579,131.027
2024-11-07 17:00:00,120.139,112.218,106.78,123.671
2024-11-07 18:00:00,120.139,112.218,106.78,123.671
2024-11-07 19:00:00,120.139,112.218,106.78,123.671
2024-11-07 20:00:00,120.139,112.218,106.78,123.671
2024-11-07 21:00:00,120.139,112.218,106.78,123.671
2024-11-07 22:00:00,120.139,112.218,106.78,123.671
2024-11-07 23:00:00,112.356,109.905,106.806,104.154
2024-11-08 00:00:00,112.356,109.905,106.806,104.154
2024-11-08 01:00:00,112.356,109.905,106.806,104.154
2024-11-08 02:00:00,112.356,109.905,106.806,104.154
2024-11-08 03:00:00,112.356,109.905,106.806,104.154
2024-11-08 04:00:00,112.356,109.905,106.806,104.154
2024-11-08 05:00:00,110.813,108.77,105.442,99.685
2024-11-08 06:00:00,110.813,108.77,105.442,99.685
2024-11-08 07:00:00,110.813,108.77,105.442,99.685
2024-11-08 08:00:00,110.813,108.77,105.442,99.685
2024-11-08 09:00:00,110.813,108.77,105.442,99.685
2024-11-08 10:00:00,110.813,108.77,105.442,99.685
2024-11-08 11:00:00,117.083,107.601,96.06,132.441
2024-11-08 12:00:00,117.083,107.601,96.06,132.441
2024-11-08 13:00:00,117.083,107.601,96.06,132.441
2024-11-08 14:00:00,117.083,107.601,96.06,132.441
2024-11-08 15:00:00,117.083,107.601,96.06,132.441
2024-11-08 16:00:00,117.083,107.601,96.06,132.441
2024-11-08 17:00:00,119.525,118.148,116.46,125.968
2024-11-08 18:00:00,119.525,118.148,116.46,125.968
2024-11-08 19:00:00,119.525,118.148,116.46,125.968
2024-11-08 20:00:00,119.525,118.148,116.46,125.968
2024-11-08 21:00:00,119.525,118.148,116.46,125.968
2024-11-08 22:00:00,119.525,118.148,116.46,125.968
2024-11-08 23:00:00,121.259,120.349,117.403,114.191
2024-11-09 00:00:00,121.259,120.349,117.403,114.191
2024-11-09 01:00:00,121.259,120.349,117.403,114.191
2024-11-09 02:00:00,121.259,120.349,117.403,114.191
2024-11-09 03:00:00,121.259,120.349,117.403,114.191
2024-11-09 04:00:00,121.259,120.349,117.403,114.191
2024-11-09 05:00:00,121.273,119.283,115.947,110.753
2024-11-09 06:00:00,121.273,119.283,115.947,110.753
2024-11-09 07:00:00,121.273,119.283,115.947,110.753
2024-11-09 08:00:00,121.273,119.283,115.947,110.753
2024-11-09 09:00:00,121.273,119.283,115.947,110.753
2024-11-09 10:00:00,121.273,119.283,115.947,110.753
2024-11-09 11:00:00,125.735,128.69,127.872,144.753
2024-11-09 12:00:00,125.735,128.69,127.872,144.753
2024-11-09 13:00:00,125.735,128.69,127.872,144.753
2024-11-09 14:00:00,125.735,128.69,127.872,144.753
2024-11-09 15:00:00,125.735,128.69,127.872,144.753
2024-11-09 16:00:00,125.735,128.69,127.872,144.753
2024-11-09 17:00:00,134.487,133.748,131.253,133.778
2024-11-09 18:00:00,134.487,133.748,131.253,133.778
2024-11-09 19:00:00,134.487,133.748,131.253,133.778
2024-11-09 20:00:00,134.487,133.748,131.253,133.778
2024-11-09 21:00:00,134.487,133.748,131.253,133.778
2024-11-09 22:00:00,134.487,133.748,131.253,133.778
2024-11-09 23:00:00,134.92,133.095,129.83,116.623
2024-11-10 00:00:00,134.92,133.095,129.83,116.623
2024-11-10 01:00:00,134.92,133.095,129.83,116.623
2024-11-10 02:00:00,134.92,133.095,129.83,116.623
2024-11-10 03:00:00,134.92,133.095,129.83,116.623
2024-11-10 04:00:00,134.92,133.095,129.83,116.623
2024-11-10 05:00:00,127.949,123.038,118.096,112.197
2024-11-10 06:00:00,127.949,123.038,118.096,112.197
2024-11-10 07:00:00,127.949,123.038,118.096,112.197
2024-11-10 08:00:00,127.949,123.038,118.096,112.197
2024-11-10 09:00:00,127.949,123.038,118.096,112.197
2024-11-10 10:00:00,127.949,123.038,118.096,112.197
2024-11-10 11:00:00,128.001,127.529,124.929,127.89
2024-11-10 12:00:00,128.001,127.529,124.929,127.89
2024-11-10 13:00:00,128.001,127.529,124.929,127.89
2024-11-10 14:00:00,128.001,127.529,124.929,127.89
2024-11-10 15:00:00,128.001,127.529,124.929,127.89
2024-11-10 16:00:00,128.001,127.529,124.929,127.89
2024-11-10 17:00:00,131.483,131.419,129.089,122.997
2024-11-10 18:00:00,131.483,131.419,129.089,122.997
2024-11-10 19:00:00,131.483,131.419,129.089,122.997
2024-11-10 20:00:00,131.483,131.419,129.089,122.997
2024-11-10 21:00:00,131.483,131.419,129.089,122.997
2024-11-10 22:00:00,131.483,131.419,129.089,122.997
2024-11-10 23:00:00,129.71,126.505,122.39,113.711
2024-11-11 00:00:00,129.71,126.505,122.39,113.711
2024-11-11 01:00:00,129.71,126.505,122.39,113.711
2024-11-11 02:00:00,129.71,126.505,122.39,113.711
2024-11-11 03:00:00,129.71,126.505,122.39,113.711
2024-11-11 04:00:00,129.71,126.505,122.39,113.711
2024-11-11 05:00:00,124.005,120.335,116.313,112.098
2024-11-11 06:00:00,124.005,120.335,116.313,112.098
2024-11-11 07:00:00,124.005,120.335,116.313,112.098
2024-11-11 08:00:00,124.005,120.335,116.313,112.098
2024-11-11 09:00:00,124.005,120.335,116.313,112.098
2024-11-11 10:00:00,124.005,120.335,116.313,112.098
2024-11-11 11:00:00,123.569,124.613,123.114,131.201
2024-11-11 12:00:00,123.569,124.613,123.114,131.201
2024-11-11 13:00:00,123.569,124.613,123.114,131.201
2024-11-11 14:00:00,123.569,124.613,123.114,131.201
2024-11-11 15:00:00,123.569,124.613,123.114,131.201
2024-11-11 16:00:00,123.569,124.613,123.114,131.201
2024-11-11 17:00:00,127.739,132.795,133.577,131.903
2024-11-11 18:00:00,127.739,132.795,133.577,131.903
2024-11-11 19:00:00,127.739,132.795,133.577,131.903
2024-11-11 20:00:00,127.739,132.795,133.577,131.903
2024-11-11 21:00:00,127.739,132.795,133.577,131.903
2024-11-11 22:00:00,127.739,132.795,133.577,131.903
2024-11-11 23:00:00,135.816,134.709,131.325,122.67
2024-11-12 00:00:00,135.816,134.709,131.325,122.67
2024-11-12 01:00:00,135.816,134.709,131.325,122.67
2024-11-12 02:00:00,135.816,134.709,131.325,122.67
2024-11-12 03:00:00,135.816,134.709,131.325,122.67
2024-11-12 04:00:00,135.816,134.709,131.325,122.67
2024-11-12 05:00:00,132.051,128.017,123.776,117.344
2024-11-12 06:00:00,132.051,128.017,123.776,117.344
2024-11-12 07:00:00,132.051,128.017,123.776,117.344
2024-11-12 08:00:00,132.051,128.017,123.776,117.344
2024-11-12 09:00:00,132.051,128.017,123.776,117.344
2024-11-12 10:00:00,132.051,128.017,123.776,117.344
2024-11-12 11:00:00,125.948,125.992,123.58,128.115
2024-11-12 12:00:00,125.948,125.992,123.58,128.115
2024-11-12 13:00:00,125.948,125.992,123.58,128.115
2024-11-12 14:00:00,125.948,125.992,123.58,128.115
2024-11-12 15:00:00,125.948,125.992,123.58,128.115
2024-11-12 16:00:00,125.948,125.992,123.58,128.115
2024-11-12 17:00:00,123.148,122.473,121.318,115.746
2024-11-12 18:00:00,123.148,122.473,121.318,115.746
2024-11-12 19:00:00,123.148,122.473,121.318,115.746
2024-11-12 20:00:00,123.148,122.473,121.318,115.746
2024-11-12 21:00:00,123.148,122.473,121.318,115.746
2024-11-12 22:00:00,123.148,122.473,121.318,115.746
2024-11-12 23:00:00,121.31,117.521,113.143,101.645
2024-11-13 00:00:00,121.31,117.521,113.143,101.645
2024-11-13 01:00:00,121.31,117.521,113.143,101.645
2024-11-13 02:00:00,121.31,117.521,113.143,101.645
2024-11-13 03:00:00,121.31,117.521,113.143,101.645
2024-11-13 04:00:00,121.31,117.521,113.143,101.645
2024-11-13 05:00:00,117.592,115.835,115.908,110.782
2024-11-13 06:00:00,117.592,115.835,115.908,110.782
2024-11-13 07:00:00,117.592,115.835,115.908,110.782
2024-11-13 08:00:00,117.592,115.835,115.908,110.782
2024-11-13 09:00:00,117.592,115.835,115.908,110.782
2024-11-13 10:00:00,117.592,115.835,115.908,110.782
2024-11-13 11:00:00,122.837,123.057,120.674,126.44
2024-11-13 12:00:00,122.837,123.057,120.674,126.44
2024-11-13 13:00:00,122.837,123.057,120.674,126.44
2024-11-13 14:00:00,122.837,123.057,120.674,126.44
2024-11-13 15:00:00,122.837,123.057,120.674,126.44
2024-11-13 16:00:00,122.837,123.057,120.674,126.44
2024-11-13 17:00:00,121.366,125.657,127.426,124.637
2024-11-13 18:00:00,121.366,125.657,127.426,124.637
2024-11-13 19:00:00,121.366,125.657,127.426,124.637
2024-11-13 20:00:00,121.366,125.657,127.426,124.637
2024-11-13 21:00:00,121.366,125.657,127.426,124.637
2024-11-13 22:00:00,121.366,125.657,127.426,124.637
2024-11-13 23:00:00,131.222,129.834,126.286,120.431
2024-11-14 00:00:00,131.222,129.834,126.286,120.431
2024-11-14 01:00:00,131.222,129.834,126.286,120.431
2024-11-14 02:00:00,131.222,129.834,126.286,120.431
2024-11-14 03:00:00,131.222,129.834,126.286,120.431
2024-11-14 04:00:00,131.222,129.834,126.286,120.431
2024-11-14 05:00:00,131.553,127.504,123.645,119.906
2024-11-14 06:00:00,131.553,127.504,123.645,119.906
2024-11-14 07:00:00,131.553,127.504,123.645,119.906
2024-11-14 08:00:00,131.553,127.504,123.645,119.906
2024-11-14 09:00:00,131.553,127.504,123.645,119.906
2024-11-14 10:00:00,131.553,127.504,123.645,119.906
2024-11-14 11:00:00,110.298,104.754,98.545,139.413
2024-11-14 12:00:00,110.298,104.754,98.545,139.413
2024-11-14 13:00:00,110.298,104.754,98.545,139.413
2024-11-14 14:00:00,110.298,104.754,98.545,139.413
2024-11-14 15:00:00,110.298,104.754,98.545,139.413
2024-11-14 16:00:00,110.298,104.754,98.545,139.413
2024-11-14 17:00:00,128.634,135.901,139.27,132.258
2024-11-14 18:00:00,128.634,135.901,139.27,132.258
2024-11-14 19:00:00,128.634,135.901,139.27,132.258
2024-11-14 20:00:00,128.634,135.901,139.27,132.258
2024-11-14 21:00:00,128.634,135.901,139.27,132.258
2024-11-14 22:00:00,128.634,135.901,139.27,132.258
2024-11-14 23:00:00,137.927,134.544,129.934,118.144
2024-11-15 00:00:00,137.927,134.544,129.934,118.144
2024-11-15 01:00:00,137.927,134.544,129.934,118.144
2024-11-15 02:00:00,137.927,134.544,129.934,118.144
2024-11-15 03:00:00,137.927,134.544,129.934,118.144
2024-11-15 04:00:00,137.927,134.544,129.934,118.144
2024-11-15 05:00:00,130.525,124.334,119.59,113.093
2024-11-15 06:00:00,130.525,124.334,119.59,113.093
2024-11-15 07:00:00,130.525,124.334,119.59,113.093
2024-11-15 08:00:00,130.525,124.334,119.59,113.093
2024-11-15 09:00:00,130.525,124.334,119.59,113.093
2024-11-15 10:00:00,130.525,124.334,119.59,113.093
2024-11-15 11:00:00,114.129,116.761,115.857,113.287
2024-11-15 12:00:00,114.129,116.761,115.857,113.287
2024-11-15 13:00:00,114.129,116.761,115.857,113.287
2024-11-15 14:00:00,114.129,116.761,115.857,113.287
2024-11-15 15:00:00,114.129,116.761,115.857,113.287
2024-11-15 16:00:00,114.129,116.761,115.857,113.287
2024-11-15 17:00:00,120.403,118.424,115.335,109.875
2024-11-15 18:00:00,120.403,118.424,115.335,109.875
2024-11-15 19:00:00,120.403,118.424,115.335,109.875
2024-11-15 20:00:00,120.403,118.424,115.335,109.875
2024-11-15 21:00:00,120.403,118.424,115.335,109.875
2024-11-15 22:00:00,120.403,118.424,115.335,109.875
2024-11-15 23:00:00,119.654,116.686,113.409,109.899
2024-11-16 00:00:00,119.654,116.686,113.409,109.899
2024-11-16 01:00:00,119.654,116.686,113.409,109.899
2024-11-16 02:00:00,119.654,116.686,113.409,109.899
2024-11-16 03:00:00,119.654,116.686,113.409,109.899
2024-11-16 04:00:00,119.654,116.686,113.409,109.899
2024-11-16 05:00:00,119.801,117.935,115.331,114.468
2024-11-16 06:00:00,119.801,117.935,115.331,114.468
2024-11-16 07:00:00,119.801,117.935,115.331,114.468
2024-11-16 08:00:00,119.801,117.935,115.331,114.468
2024-11-16 09:00:00,119.801,117.935,115.331,114.468
2024-11-16 10:00:00,119.801,117.935,115.331,114.468
2024-11-16 11:00:00,111.681,110.242,106.206,104.659
2024-11-16 12:00:00,111.681,110.242,106.206,104.659
2024-11-16 13:00:00,111.681,110.242,106.206,104.659
2024-11-16 14:00:00,111.681,110.242,106.206,104.659
2024-11-16 15:00:00,111.681,110.242,106.206,104.659
2024-11-16 16:00:00,111.681,110.242,106.206,104.659
2024-11-16 17:00:00,112.505,112.263,111.076,103.676
2024-11-16 18:00:00,112.505,112.263,111.076,103.676
2024-11-16 19:00:00,112.505,112.263,111.076,103.676
2024-11-16 20:00:00,112.505,112.263,111.076,103.676
2024-11-16 21:00:00,112.505,112.263,111.076,103.676
2024-11-16 22:00:00,112.505,112.263,111.076,103.676
2024-11-16 23:00:00,111.258,107.624,103.261,94.18
2024-11-17 00:00:00,111.258,107.624,103.261,94.18
2024-11-17 01:00:00,111.258,107.624,103.261,94.18
2024-11-17 02:00:00,111.258,107.624,103.261,94.18
2024-11-17 03:00:00,111.258,107.624,103.261,94.18
2024-11-17 04:00:00,111.258,107.624,103.261,94.18
2024-11-17 05:00:00,106.457,102.767,98.932,96.917
2024-11-17 06:00:00,106.457,102.767,98.932,96.917
2024-11-17 07:00:00,106.457,102.767,98.932,96.917
2024-11-17 08:00:00,106.457,102.767,98.932,96.917
2024-11-17 09:00:00,106.457,102.767,98.932,96.917
2024-11-17 10:00:00,106.457,102.767,98.932,96.917
2024-11-17 11:00:00,120.199,121.537,119.673,128.262
2024-11-17 12:00:00,120.199,121.537,119.673,128.262
2024-11-17 13:00:00,120.199,121.537,119.673,128.262
2024-11-17 14:00:00,120.199,121.537,119.673,128.262
2024-11-17 15:00:00,120.199,121.537,119.673,128.262
2024-11-17 16:00:00,120.199,121.537,119.673,128.262
2024-11-17 17:00:00,121.115,120.155,116.446,119.455
2024-11-17 18:00:00,121.115,120.155,116.446,119.455
2024-11-17 19:00:00,121.115,120.155,116.446,119.455
2024-11-17 20:00:00,121.115,120.155,116.446,119.455
2024-11-17 21:00:00,121.115,120.155,116.446,119.455
2024-11-17 22:00:00,121.115,120.155,116.446,119.455
2024-11-17 23:00:00,125.476,123.224,120.217,112.866
2024-11-18 00:00:00,125.476,123.224,120.217,112.866
2024-11-18 01:00:00,125.476,123.224,120.217,112.866
2024-11-18 02:00:00,125.476,123.224,120.217,112.866
2024-11-18 03:00:00,125.476,123.224,120.217,112.866
2024-11-18 04:00:00,125.476,123.224,120.217,112.866
2024-11-18 05:00:00,125.406,120.665,116.376,112.541
2024-11-18 06:00:00,125.406,120.665,116.376,112.541
2024-11-18 07:00:00,125.406,120.665,116.376,112.541
2024-11-18 08:00:00,125.406,120.665,116.376,112.541
2024-11-18 09:00:00,125.406,120.665,116.376,112.541
2024-11-18 10:00:00,125.406,120.665,116.376,112.541
2024-11-18 11:00:00,116.267,115.265,112.35,106.16
2024-11-18 12:00:00,116.267,115.265,112.35,106.16
2024-11-18 13:00:00,116.267,115.265,112.35,106.16
2024-11-18 14:00:00,116.267,115.265,112.35,106.16
2024-11-18 15:00:00,116.267,115.265,112.35,106.16
2024-11-18 16:00:00,116.267,115.265,112.35,106.16
2024-11-18 17:00:00,117.015,113.197,109.294,104.905
2024-11-18 18:00:00,117.015,113.197,109.294,104.905
2024-11-18 19:00:00,117.015,113.197,109.294,104.905
2024-11-18 20:00:00,117.015,113.197,109.294,104.905
2024-11-18 21:00:00,117.015,113.197,109.294,104.905
2024-11-18 22:00:00,117.015,113.197,109.294,104.905
2024-11-18 23:00:00,113.932,109.962,106.17,99.325
2024-11-19 00:00:00,113.932,109.962,106.17,99.325
2024-11-19 01:00:00,113.932,109.962,106.17,99.325
2024-11-19 02:00:00,113.932,109.962,106.17,99.325
2024-11-19 03:00:00,113.932,109.962,106.17,99.325
2024-11-19 04:00:00,113.932,109.962,106.17,99.325
2024-11-19 05:00:00,106.735,105.787,104.893,100.364
2024-11-19 06:00:00,106.735,105.787,104.893,100.364
2024-11-19 07:00:00,106.735,105.787,104.893,100.364
2024-11-19 08:00:00,106.735,105.787,104.893,100.364
2024-11-19 09:00:00,106.735,105.787,104.893,100.364
2024-11-19 10:00:00,106.735,105.787,104.893,100.364
2024-11-19 11:00:00,112.113,111.428,108.898,111.951
2024-11-19 12:00:00,112.113,111.428,108.898,111.951
2024-11-19 13:00:00,112.113,111.428,108.898,111.951
2024-11-19 14:00:00,112.113,111.428,108.898,111.951
2024-11-19 15:00:00,112.113,111.428,108.898,111.951
2024-11-19 16:00:00,112.113,111.428,108.898,111.951
2024-11-19 17:00:00,124.244,113.807,105.481,110.519
2024-11-19 18:00:00,124.244,113.807,105.481,110.519
2024-11-19 19:00:00,124.244,113.807,105.481,110.519
2024-11-19 20:00:00,124.244,113.807,105.481,110.519
2024-11-19 21:00:00,124.244,113.807,105.481,110.519
2024-11-19 22:00:00,124.244,113.807,105.481,110.519
2024-11-19 23:00:00,116.049,113.649,111.397,103.741
2024-11-20 00:00:00,116.049,113.649,111.397,103.741
2024-11-20 01:00:00,116.049,113.649,111.397,103.741
2024-11-20 02:00:00,116.049,113.649,111.397,103.741
2024-11-20 03:00:00,116.049,113.649,111.397,103.741
2024-11-20 04:00:00,116.049,113.649,111.397,103.741
2024-11-20 05:00:00,114.95,112.173,108.468,105.738
2024-11-20 06:00:00,114.95,112.173,108.468,105.738
2024-11-20 07:00:00,114.95,112.173,108.468,105.738
2024-11-20 08:00:00,114.95,112.173,108.468,105.738
2024-11-20 09:00:00,114.95,112.173,108.468,105.738
2024-11-20 10:00:00,114.95,112.173,108.468,105.738
2024-11-20 11:00:00,120.714,123.279,121.798,126.8
2024-11-20 12:00:00,120.714,123.279,121.798,126.8
2024-11-20 13:00:00,120.714,123.279,121.798,126.8
2024-11-20 14:00:00,120.714,123.279,121.798,126.8
2024-11-20 15:00:00,120.714,123.279,121.798,126.8
2024-11-20 16:00:00,120.714,123.279,121.798,126.8
2024-11-20 17:00:00,126.519,122.659,119.471,123.143
2024-11-20 18:00:00,126.519,122.659,119.471,123.143
2024-11-20 19:00:00,126.519,122.659,119.471,123.143
2024-11-20 20:00:00,126.519,122.659,119.471,123.143
2024-11-20 21:00:00,126.519,122.659,119.471,123.143
2024-11-20 22:00:00,126.519,122.659,119.471,123.143
2024-11-20 23:00:00,125.911,123.909,120.837,108.647
2024-11-21 00:00:00,125.911,123.909,120.837,108.647
2024-11-21 01:00:00,125.911,123.909,120.837,108.647
2024-11-21 02:00:00,125.911,123.909,120.837,108.647
2024-11-21 03:00:00,125.911,123.909,120.837,108.647
2024-11-21 04:00:00,125.911,123.909,120.837,108.647
2024-11-21 05:00:00,120.953,115.917,110.96,104.872
2024-11-21 06:00:00,120.953,115.917,110.96,104.872
2024-11-21 07:00:00,120.953,115.917,110.96,104.872
2024-11-21 08:00:00,120.953,115.917,110.96,104.872
2024-11-21 09:00:00,120.953,115.917,110.96,104.872
2024-11-21 10:00:00,120.953,115.917,110.96,104.872
2024-11-21 11:00:00,131.594,133.582,132.04,135.015
2024-11-21 12:00:00,131.594,133.582,132.04,135.015
2024-11-21 13:00:00,131.594,133.582,132.04,135.015
2024-11-21 14:00:00,131.594,133.582,132.04,135.015
2024-11-21 15:00:00,131.594,133.582,132.04,135.015
2024-11-21 16:00:00,131.594,133.582,132.04,135.015
2024-11-21 17:00:00,132.359,131.07,128.969,119.096
2024-11-21 18:00:00,132.359,131.07,128.969,119.096
2024-11-21 19:00:00,132.359,131.07,128.969,119.096
2024-11-21 20:00:00,132.359,131.07,128.969,119.096
2024-11-21 21:00:00,132.359,131.07,128.969,119.096
2024-11-21 22:00:00,132.359,131.07,128.969,119.096
2024-11-21 23:00:00,127.161,121.864,116.821,104.435
2024-11-22 00:00:00,127.161,121.864,116.821,104.435
2024-11-22 01:00:00,127.161,121.864,116.821,104.435
2024-11-22 02:00:00,127.161,121.864,116.821,104.435
2024-11-22 03:00:00,127.161,121.864,116.821,104.435
2024-11-22 04:00:00,127.161,121.864,116.821,104.435
2024-11-22 05:00:00,117.369,111.809,107.004,101.315
2024-11-22 06:00:00,117.369,111.809,107.004,101.315
2024-11-22 07:00:00,117.369,111.809,107.004,101.315
2024-11-22 08:00:00,117.369,111.809,107.004,101.315
2024-11-22 09:00:00,117.369,111.809,107.004,101.315
2024-11-22 10:00:00,117.369,111.809,107.004,101.315
2024-11-22 11:00:00,121.484,121.137,117.805,119.898
2024-11-22 12:00:00,121.484,121.137,117.805,119.898
2024-11-22 13:00:00,121.484,121.137,117.805,119.898
2024-11-22 14:00:00,121.484,121.137,117.805,119.898
2024-11-22 15:00:00,121.484,121.137,117.805,119.898
2024-11-22 16:00:00,121.484,121.137,117.805,119.898
2024-11-22 17:00:00,124.219,121.12,116.695,108.429
2024-11-22 18:00:00,124.219,121.12,116.695,108.429
2024-11-22 19:00:00,124.219,121.12,116.695,108.429
2024-11-22 20:00:00,124.219,121.12,116.695,108.429
2024-11-22 21:00:00,124.219,121.12,116.695,108.429
2024-11-22 22:00:00,124.219,121.12,116.695,108.429
2024-11-22 23:00:00,118.517,112.858,108.169,98.335
2024-11-23 00:00:00,118.517,112.858,108.169,98.335
2024-11-23 01:00:00,118.517,112.858,108.169,98.335
2024-11-23 02:00:00,118.517,112.858,108.169,98.335
2024-11-23 03:00:00,118.517,112.858,108.169,98.335
2024-11-23 04:00:00,118.517,112.858,108.169,98.335
2024-11-23 05:00:00,113.039,108.099,104.147,101.973
2024-11-23 06:00:00,113.039,108.099,104.147,101.973
2024-11-23 07:00:00,113.039,108.099,104.147,101.973
2024-11-23 08:00:00,113.039,108.099,104.147,101.973
2024-11-23 09:00:00,113.039,108.099,104.147,101.973
2024-11-23 10:00:00,113.039,108.099,104.147,101.973
2024-11-23 11:00:00,128.405,130.527,129.368,132.453
2024-11-23 12:00:00,128.405,130.527,129.368,132.453
2024-11-23 13:00:00,128.405,130.527,129.368,132.453
2024-11-23 14:00:00,128.405,130.527,129.368,132.453
2024-11-23 15:00:00,128.405,130.527,129.368,132.453
2024-11-23 16:00:00,128.405,130.527,129.368,132.453
2024-11-23 17:00:00,126.639,129.97,130.431,122.36
2024-11-23 18:00:00,126.639,129.97,130.431,122.36
2024-11-23 19:00:00,126.639,129.97,130.431,122.36
2024-11-23 20:00:00,126.639,129.97,130.431,122.36
2024-11-23 21:00:00,126.639,129.97,130.431,122.36
2024-11-23 22:00:00,126.639,129.97,130.431,122.36
2024-11-23 23:00:00,131.342,127.643,123.353,111.963
2024-11-24 00:00:00,131.342,127.643,123.353,111.963
2024-11-24 01:00:00,131.342,127.643,123.353,111.963
2024-11-24 02:00:00,131.342,127.643,123.353,111.963
2024-11-24 03:00:00,131.342,127.643,123.353,111.963
2024-11-24 04:00:00,131.342,127.643,123.353,111.963
2024-11-24 05:00:00,125.627,120.461,116.238,108.346
2024-11-24 06:00:00,125.627,120.461,116.238,108.346
2024-11-24 07:00:00,125.627,120.461,116.238,108.346
2024-11-24 08:00:00,125.627,120.461,116.238,108.346
2024-11-24 09:00:00,125.627,120.461,116.238,108.346
2024-11-24 10:00:00,125.627,120.461,116.238,108.346
2024-11-24 11:00:00,108.706,106.907,104.479,94.847
2024-11-24 12:00:00,108.706,106.907,104.479,94.847
2024-11-24 13:00:00,108.706,106.907,104.479,94.847
2024-11-24 14:00:00,108.706,106.907,104.479,94.847
2024-11-24 15:00:00,108.706,106.907,104.479,94.847
2024-11-24 16:00:00,108.706,106.907,104.479,94.847
2024-11-24 17:00:00,107.464,103.711,99.921,92.182
2024-11-24 18:00:00,107.464,103.711,99.921,92.182
2024-11-24 19:00:00,107.464,103.711,99.921,92.182
2024-11-24 20:00:00,107.464,103.711,99.921,92.182
2024-11-24 21:00:00,107.464,103.711,99.921,92.182
2024-11-24 22:00:00,107.464,103.711,99.921,92.182
2024-11-24 23:00:00,104.627,101.227,97.922,91.449
2024-11-25 00:00:00,104.627,101.227,97.922,91.449
2024-11-25 01:00:00,104.627,101.227,97.922,91.449
2024-11-25 02:00:00,104.627,101.227,97.922,91.449
2024-11-25 03:00:00,104.627,101.227,97.922,91.449
2024-11-25 04:00:00,104.627,101.227,97.922,91.449
2024-11-25 05:00:00,104.316,102.086,99.442,96.678
2024-11-25 06:00:00,104.316,102.086,99.442,96.678
2024-11-25 07:00:00,104.316,102.086,99.442,96.678
2024-11-25 08:00:00,104.316,102.086,99.442,96.678
2024-11-25 09:00:00,104.316,102.086,99.442,96.678
2024-11-25 10:00:00,104.316,102.086,99.442,96.678
2024-11-25 11:00:00,105.401,102.598,99.212,97.681
2024-11-25 12:00:00,105.401,102.598,99.212,97.681
2024-11-25 13:00:00,105.401,102.598,99.212,97.681
2024-11-25 14:00:00,105.401,102.598,99.212,97.681
2024-11-25 15:00:00,105.401,102.598,99.212,97.681
2024-11-25 16:00:00,105.401,102.598,99.212,97.681
2024-11-25 17:00:00,111.275,108.412,105.379,103.451
2024-11-25 18:00:00,111.275,108.412,105.379,103.451
2024-11-25 19:00:00,111.275,108.412,105.379,103.451
2024-11-25 20:00:00,111.275,108.412,105.379,103.451
2024-11-25 21:00:00,111.275,108.412,105.379,103.451
2024-11-25 22:00:00,111.275,108.412,105.379,103.451
2024-11-25 23:00:00,114.33,113.705,111.655,110.061
2024-11-26 00:00:00,114.33,113.705,111.655,110.061
2024-11-26 01:00:00,114.33,113.705,111.655,110.061
2024-11-26 02:00:00,114.33,113.705,111.655,110.061
2024-11-26 03:00:00,114.33,113.705,111.655,110.061
2024-11-26 04:00:00,114.33,113.705,111.655,110.061
2024-11-26 05:00:00,120.05,119.692,117.599,115.466
2024-11-26 06:00:00,120.05,119.692,117.599,115.466
2024-11-26 07:00:00,120.05,119.692,117.599,115.466
2024-11-26 08:00:00,120.05,119.692,117.599,115.466
2024-11-26 09:00:00,120.05,119.692,117.599,115.466
2024-11-26 10:00:00,120.05,119.692,117.599,115.466
2024-11-26 11:00:00,128.012,131.265,130.386,128.078
2024-11-26 12:00:00,128.012,131.265,130.386,128.078
2024-11-26 13:00:00,128.012,131.265,130.386,128.078
2024-11-26 14:00:00,128.012,131.265,130.386,128.078
2024-11-26 15:00:00,128.012,131.265,130.386,128.078
2024-11-26 16:00:00,128.012,131.265,130.386,128.078
2024-11-26 17:00:00,132.186,133.224,132.481,126.428
2024-11-26 18:00:00,132.186,133.224,132.481,126.428
2024-11-26 19:00:00,132.186,133.224,132.481,126.428
2024-11-26 20:00:00,132.186,133.224,132.481,126.428
2024-11-26 21:00:00,132.186,133.224,132.481,126.428
2024-11-26 22:00:00,132.186,133.224,132.481,126.428
2024-11-26 23:00:00,135.936,133.942,130.76,124.579
2024-11-27 00:00:00,135.936,133.942,130.76,124.579
2024-11-27 01:00:00,135.936,133.942,130.76,124.579
2024-11-27 02:00:00,135.936,133.942,130.76,124.579
2024-11-27 03:00:00,135.936,133.942,130.76,124.579
2024-11-27 04:00:00,135.936,133.942,130.76,124.579
2024-11-27 05:00:00,134.662,131.791,128.571,122.054
2024-11-27 06:00:00,134.662,131.791,128.571,122.054
2024-11-27 07:00:00,134.662,131.791,128.571,122.054
2024-11-27 08:00:00,134.662,131.791,128.571,122.054
2024-11-27 09:00:00,134.662,131.791,128.571,122.054
2024-11-27 10:00:00,134.662,131.791,128.571,122.054
2024-11-27 11:00:00,120.481,120.253,117.69,113.69
2024-11-27 12:00:00,120.481,120.253,117.69,113.69
2024-11-27 13:00:00,120.481,120.253,117.69,113.69
2024-11-27 14:00:00,120.481,120.253,117.69,113.69
2024-11-27 15:00:00,120.481,120.253,117.69,113.69
2024-11-27 16:00:00,120.481,120.253,117.69,113.69
2024-11-27 17:00:00,122.411,120.763,118.172,113.113
2024-11-27 18:00:00,122.411,120.763,118.172,113.113
2024-11-27 19:00:00,122.411,120.763,118.172,113.113
2024-11-27 20:00:00,122.411,120.763,118.172,113.113
2024-11-27 21:00:00,122.411,120.763,118.172,113.113
2024-11-27 22:00:00,122.411,120.763,118.172,113.113
2024-11-27 23:00:00,122.693,120.506,117.582,111.991
2024-11-28 00:00:00,122.693,120.506,117.582,111.991
2024-11-28 01:00:00,122.693,120.506,117.582,111.991
2024-11-28 02:00:00,122.693,120.506,117.582,111.991
2024-11-28 03:00:00,122.693,120.506,117.582,111.991
2024-11-28 04:00:00,122.693,120.506,117.582,111.991
2024-11-28 05:00:00,121.79,119.327,116.321,110.662
2024-11-28 06:00:00,121.79,119.327,116.321,110.662
2024-11-28 07:00:00,121.79,119.327,116.321,110.662
2024-11-28 08:00:00,121.79,119.327,116.321,110.662
2024-11-28 09:00:00,121.79,119.327,116.321,110.662
2024-11-28 10:00:00,121.79,119.327,116.321,110.662
2024-11-28 11:00:00,118.222,117.309,114.452,110.598
2024-11-28 12:00:00,118.222,117.309,114.452,110.598
2024-11-28 13:00:00,118.222,117.309,114.452,110.598
2024-11-28 14:00:00,118.222,117.309,114.452,110.598
2024-11-28 15:00:00,118.222,117.309,114.452,110.598
2024-11-28 16:00:00,118.222,117.309,114.452,110.598
2024-11-28 17:00:00,122.238,118.368,114.779,108.528
2024-11-28 18:00:00,122.238,118.368,114.779,108.528
2024-11-28 19:00:00,122.238,118.368,114.779,108.528
2024-11-28 20:00:00,122.238,118.368,114.779,108.528
2024-11-28 21:00:00,122.238,118.368,114.779,108.528
2024-11-28 22:00:00,122.238,118.368,114.779,108.528
2024-11-28 23:00:00,118.09,114.981,111.771,104.787
2024-11-29 00:00:00,118.09,114.981,111.771,104.787
2024-11-29 01:00:00,118.09,114.981,111.771,104.787
2024-11-29 02:00:00,118.09,114.981,111.771,104.787
2024-11-29 03:00:00,118.09,114.981,111.771,104.787
2024-11-29 04:00:00,118.09,114.981,111.771,104.787
2024-11-29 05:00:00,115.51,112.839,109.798,105.357
2024-11-29 06:00:00,115.51,112.839,109.798,105.357
2024-11-29 07:00:00,115.51,112.839,109.798,105.357
2024-11-29 08:00:00,115.51,112.839,109.798,105.357
2024-11-29 09:00:00,115.51,112.839,109.798,105.357
2024-11-29 10:00:00,115.51,112.839,109.798,105.357
2024-11-29 11:00:00,124.503,123.624,120.706,116.887
2024-11-29 12:00:00,124.503,123.624,120.706,116.887
2024-11-29 13:00:00,124.503,123.624,120.706,116.887
2024-11-29 14:00:00,124.503,123.624,120.706,116.887
2024-11-29 15:00:00,124.503,123.624,120.706,116.887
2024-11-29 16:00:00,124.503,123.624,120.706,116.887
2024-11-29 17:00:00,126.275,124.964,122.523,117.332
2024-11-29 18:00:00,126.275,124.964,122.523,117.332
2024-11-29 19:00:00,126.275,124.964,122.523,117.332
2024-11-29 20:00:00,126.275,124.964,122.523,117.332
2024-11-29 21:00:00,126.275,124.964,122.523,117.332
2024-11-29 22:00:00,126.275,124.964,122.523,117.332
2024-11-29 23:00:00,125.8,123.337,120.367,113.539
2024-11-30 00:00:00,125.8,123.337,120.367,113.539
2024-11-30 01:00:00,125.8,123.337,120.367,113.539
2024-11-30 02:00:00,125.8,123.337,120.367,113.539
2024-11-30 03:00:00,125.8,123.337,120.367,113.539
2024-11-30 04:00:00,125.8,123.337,120.367,113.539
2024-11-30 05:00:00,123.305,120.437,117.282,111.517
2024-11-30 06:00:00,123.305,120.437,117.282,111.517
2024-11-30 07:00:00,123.305,120.437,117.282,111.517
2024-11-30 08:00:00,123.305,120.437,117.282,111.517
2024-11-30 09:00:00,123.305,120.437,117.282,111.517
2024-11-30 10:00:00,123.305,120.437,117.282,111.517
2024-11-30 11:00:00,114.011,117.514,116.271,103.19
2024-11-30 12:00:00,114.011,117.514,116.271,103.19
2024-11-30 13:00:00,114.011,117.514,116.271,103.19
2024-11-30 14:00:00,114.011,117.514,116.271,103.19
2024-11-30 15:00:00,114.011,117.514,116.271,103.19
2024-11-30 16:00:00,114.011,117.514,116.271,103.19
2024-11-30 17:00:00,115.145,111.158,107.147,101.687
2024-11-30 18:00:00,115.145,111.158,107.147,101.687
2024-11-30 19:00:00,115.145,111.158,107.147,101.687
2024-11-30 20:00:00,115.145,111.158,107.147,101.687
2024-11-30 21:00:00,115.145,111.158,107.147,101.687
2024-11-30 22:00:00,115.145,111.158,107.147,101.687
2024-11-30 23:00:00,112.57,110.464,108.084,106.269
2024-12-01 00:00:00,112.57,110.464,108.084,106.269
2024-12-01 01:00:00,112.57,110.464,108.084,106.269
2024-12-01 02:00:00,112.57,110.464,108.084,106.269
2024-12-01 03:00:00,112.57,110.464,108.084,106.269
2024-12-01 04:00:00,112.57,110.464,108.084,106.269
2024-12-01 05:00:00,115.473,115.158,113.462,112.962
2024-12-01 06:00:00,115.473,115.158,113.462,112.962
2024-12-01 07:00:00,115.473,115.158,113.462,112.962
2024-12-01 08:00:00,115.473,115.158,113.462,112.962
2024-12-01 09:00:00,115.473,115.158,113.462,112.962
2024-12-01 10:00:00,115.473,115.158,113.462,112.962
2024-12-01 11:00:00,115.471,112.397,107.768,120.579
2024-12-01 12:00:00,115.471,112.397,107.768,120.579
2024-12-01 13:00:00,115.471,112.397,107.768,120.579
2024-12-01 14:00:00,115.471,112.397,107.768,120.579
2024-12-01 15:00:00,115.471,112.397,107.768,120.579
2024-12-01 16:00:00,115.471,112.397,107.768,120.579
2024-12-01 17:00:00,123.838,126.707,127.411,127.032
2024-12-01 18:00:00,123.838,126.707,127.411,127.032
2024-12-01 19:00:00,123.838,126.707,127.411,127.032
2024-12-01 20:00:00,123.838,126.707,127.411,127.032
2024-12-01 21:00:00,123.838,126.707,127.411,127.032
2024-12-01 22:00:00,123.838,126.707,127.411,127.032
2024-12-01 23:00:00,131.962,131.794,129.654,122.937
2024-12-02 00:00:00,131.962,131.794,129.654,122.937
2024-12-02 01:00:00,131.962,131.794,129.654,122.937
2024-12-02 02:00:00,131.962,131.794,129.654,122.937
2024-12-02 03:00:00,131.962,131.794,129.654,122.937
2024-12-02 04:00:00,131.962,131.794,129.654,122.937
2024-12-02 05:00:00,131.337,128.405,125.134,117.698
2024-12-02 06:00:00,131.337,128.405,125.134,117.698
2024-12-02 07:00:00,131.337,128.405,125.134,117.698
2024-12-02 08:00:00,131.337,128.405,125.134,117.698
2024-12-02 09:00:00,131.337,128.405,125.134,117.698
2024-12-02 10:00:00,131.337,128.405,125.134,117.698
2024-12-02 11:00:00,125.444,125.742,124.025,118.134
2024-12-02 12:00:00,125.444,125.742,124.025,118.134
2024-12-02 13:00:00,125.444,125.742,124.025,118.134
2024-12-02 14:00:00,125.444,125.742,124.025,118.134
2024-12-02 15:00:00,125.444,125.742,124.025,118.134
2024-12-02 16:00:00,125.444,125.742,124.025,118.134
2024-12-02 17:00:00,123.97,121.595,119.331,112.457
2024-12-02 18:00:00,123.97,121.595,119.331,112.457
2024-12-02 19:00:00,123.97,121.595,119.331,112.457
2024-12-02 20:00:00,123.97,121.595,119.331,112.457
2024-12-02 21:00:00,123.97,121.595,119.331,112.457
2024-12-02 22:00:00,123.97,121.595,119.331,112.457
2024-12-02 23:00:00,121.737,119.145,116.202,110.957
2024-12-03 00:00:00,121.737,119.145,116.202,110.957
2024-12-03 01:00:00,121.737,119.145,116.202,110.957
2024-12-03 02:00:00,121.737,119.145,116.202,110.957
2024-12-03 03:00:00,121.737,119.145,116.202,110.957
2024-12-03 04:00:00,121.737,119.145,116.202,110.957
2024-12-03 05:00:00,120.356,118.305,115.73,112.013
2024-12-03 06:00:00,120.356,118.305,115.73,112.013
2024-12-03 07:00:00,120.356,118.305,115.73,112.013
2024-12-03 08:00:00,120.356,118.305,115.73,112.013
2024-12-03 09:00:00,120.356,118.305,115.73,112.013
2024-12-03 10:00:00,120.356,118.305,115.73,112.013
2024-12-03 11:00:00,123.967,123.381,121.003,120.731
2024-12-03 12:00:00,123.967,123.381,121.003,120.731
2024-12-03 13:00:00,123.967,123.381,121.003,120.731
2024-12-03 14:00:00,123.967,123.381,121.003,120.731
2024-12-03 15:00:00,123.967,123.381,121.003,120.731
2024-12-03 16:00:00,123.967,123.381,121.003,120.731
2024-12-03 17:00:00,131.706,130.69,128.878,126.113
2024-12-03 18:00:00,131.706,130.69,128.878,126.113
2024-12-03 19:00:00,131.706,130.69,128.878,126.113
2024-12-03 20:00:00,131.706,130.69,128.878,126.113
2024-12-03 21:00:00,131.706,130.69,128.878,126.113
2024-12-03 22:00:00,131.706,130.69,128.878,126.113
2024-12-03 23:00:00,132.76,131.177,128.778,122.155
2024-12-04 00:00:00,132.76,131.177,128.778,122.155
2024-12-04 01:00:00,132.76,131.177,128.778,122.155
2024-12-04 02:00:00,132.76,131.177,128.778,122.155
2024-12-04 03:00:00,132.76,131.177,128.778,122.155
2024-12-04 04:00:00,132.76,131.177,128.778,122.155
2024-12-04 05:00:00,130.567,127.695,124.562,117.494
2024-12-04 06:00:00,130.567,127.695,124.562,117.494
2024-12-04 07:00:00,130.567,127.695,124.562,117.494
2024-12-04 08:00:00,130.567,127.695,124.562,117.494
2024-12-04 09:00:00,130.567,127.695,124.562,117.494
2024-12-04 10:00:00,130.567,127.695,124.562,117.494
2024-12-04 11:00:00,120.778,120.799,118.21,113.391
2024-12-04 12:00:00,120.778,120.799,118.21,113.391
2024-12-04 13:00:00,120.778,120.799,118.21,113.391
2024-12-04 14:00:00,120.778,120.799,118.21,113.391
2024-12-04 15:00:00,120.778,120.799,118.21,113.391
2024-12-04 16:00:00,120.778,120.799,118.21,113.391
2024-12-04 17:00:00,125.112,124.722,123.627,121.713
2024-12-04 18:00:00,125.112,124.722,123.627,121.713
2024-12-04 19:00:00,125.112,124.722,123.627,121.713
2024-12-04 20:00:00,125.112,124.722,123.627,121.713
2024-12-04 21:00:00,125.112,124.722,123.627,121.713
2024-12-04 22:00:00,125.112,124.722,123.627,121.713
2024-12-04 23:00:00,128.584,127.933,125.93,121.589
2024-12-05 00:00:00,128.584,127.933,125.93,121.589
2024-12-05 01:00:00,128.584,127.933,125.93,121.589
2024-12-05 02:00:00,128.584,127.933,125.93,121.589
2024-12-05 03:00:00,128.584,127.933,125.93,121.589
2024-12-05 04:00:00,128.584,127.933,125.93,121.589
2024-12-05 05:00:00,129.223,127.329,124.714,118.79
2024-12-05 06:00:00,129.223,127.329,124.714,118.79
2024-12-05 07:00:00,129.223,127.329,124.714,118.79
2024-12-05 08:00:00,129.223,127.329,124.714,118.79
2024-12-05 09:00:00,129.223,127.329,124.714,118.79
2024-12-05 10:00:00,129.223,127.329,124.714,118.79
2024-12-05 11:00:00,130.83,132.888,131.475,130.077
2024-12-05 12:00:00,130.83,132.888,131.475,130.077
2024-12-05 13:00:00,130.83,132.888,131.475,130.077
2024-12-05 14:00:00,130.83,132.888,131.475,130.077
2024-12-05 15:00:00,130.83,132.888,131.475,130.077
2024-12-05 16:00:00,130.83,132.888,131.475,130.077
2024-12-05 17:00:00,131.714,129.919,127.896,122.053
2024-12-05 18:00:00,131.714,129.919,127.896,122.053
2024-12-05 19:00:00,131.714,129.919,127.896,122.053
2024-12-05 20:00:00,131.714,129.919,127.896,122.053
2024-12-05 21:00:00,131.714,129.919,127.896,122.053
2024-12-05 22:00:00,131.714,129.919,127.896,122.053
2024-12-05 23:00:00,130.984,128.99,126.495,122.363
2025-09-07 00:00:00,79.843,77.194,74.193,74.619
2025-09-07 01:00:00,79.843,77.194,74.193,74.619
2025-09-07 02:00:00,79.843,77.194,74.193,74.619
2025-09-07 03:00:00,79.843,77.194,74.193,74.619
2025-09-07 04:00:00,79.843,77.194,74.193,74.619
2025-09-07 05:00:00,79.503,78.548,76.308,76.671
2025-09-07 06:00:00,79.503,78.548,76.308,76.671
2025-09-07 07:00:00,79.503,78.548,76.308,76.671
2025-09-07 08:00:00,79.503,78.548,76.308,76.671
2025-09-07 09:00:00,79.503,78.548,76.308,76.671
2025-09-07 10:00:00,79.503,78.548,76.308,76.671
2025-09-07 11:00:00,72.162,71.118,68.397,62.528
2025-09-07 12:00:00,72.162,71.118,68.397,62.528
2025-09-07 13:00:00,72.162,71.118,68.397,62.528
2025-09-07 14:00:00,72.162,71.118,68.397,62.528
2025-09-07 15:00:00,72.162,71.118,68.397,62.528
2025-09-07 16:00:00,72.162,71.118,68.397,62.528
2025-09-07 17:00:00,70.249,67.28,63.758,63.178
2025-09-07 18:00:00,70.249,67.28,63.758,63.178
2025-09-07 19:00:00,70.249,67.28,63.758,63.178
2025-09-07 20:00:00,70.249,67.28,63.758,63.178
2025-09-07 21:00:00,70.249,67.28,63.758,63.178
2025-09-07 22:00:00,70.249,67.28,63.758,63.178
2025-09-07 23:00:00,68.945,67.574,65.063,65.853
2025-09-08 00:00:00,68.945,67.574,65.063,65.853
2025-09-08 01:00:00,68.945,67.574,65.063,65.853
2025-09-08 02:00:00,68.945,67.574,65.063,65.853
2025-09-08 03:00:00,68.945,67.574,65.063,65.853
2025-09-08 04:00:00,68.945,67.574,65.063,65.853
2025-09-08 05:00:00,70.817,70.452,68.267,69.961
2025-09-08 06:00:00,70.817,70.452,68.267,69.961
2025-09-08 07:00:00,70.817,70.452,68.267,69.961
2025-09-08 08:00:00,70.817,70.452,68.267,69.961
2025-09-08 09:00:00,70.817,70.452,68.267,69.961
2025-09-08 10:00:00,70.817,70.452,68.267,69.961
2025-09-08 11:00:00,67.437,65.18,61.967,61.728
2025-09-08 12:00:00,67.437,65.18,61.967,61.728
2025-09-08 13:00:00,67.437,65.18,61.967,61.728
2025-09-08 14:00:00,67.437,65.18,61.967,61.728
2025-09-08 15:00:00,67.437,65.18,61.967,61.728
2025-09-08 16:00:00,67.437,65.18,61.967,61.728
2025-09-08 17:00:00,67.343,66.343,63.869,65.194
2025-09-08 18:00:00,67.343,66.343,63.869,65.194
2025-09-08 19:00:00,67.343,66.343,63.869,65.194
2025-09-08 20:00:00,67.343,66.343,63.869,65.194
2025-09-08 21:00:00,67.343,66.343,63.869,65.194
2025-09-08 22:00:00,67.343,66.343,63.869,65.194
2025-09-08 23:00:00,70.066,70.067,67.971,70.375
2025-09-09 00:00:00,70.066,70.067,67.971,70.375
2025-09-09 01:00:00,70.066,70.067,67.971,70.375
2025-09-09 02:00:00,70.066,70.067,67.971,70.375
2025-09-09 03:00:00,70.066,70.067,67.971,70.375
2025-09-09 04:00:00,70.066,70.067,67.971,70.375
2025-09-09 05:00:00,68.887,68.03,65.888,66.801
2025-09-09 06:00:00,68.887,68.03,65.888,66.801
2025-09-09 07:00:00,68.887,68.03,65.888,66.801
2025-09-09 08:00:00,68.887,68.03,65.888,66.801
2025-09-09 09:00:00,68.887,68.03,65.888,66.801
2025-09-09 10:00:00,68.887,68.03,65.888,66.801
2025-09-09 11:00:00,73.866,74.641,72.882,76.509
2025-09-09 12:00:00,73.866,74.641,72.882,76.509
2025-09-09 13:00:00,73.866,74.641,72.882,76.509
2025-09-09 14:00:00,73.866,74.641,72.882,76.509
2025-09-09 15:00:00,73.866,74.641,72.882,76.509
2025-09-09 16:00:00,73.866,74.641,72.882,76.509
2025-09-09 17:00:00,79.721,80.344,78.437,79.454
2025-09-09 18:00:00,79.721,80.344,78.437,79.454
2025-09-09 19:00:00,79.721,80.344,78.437,79.454
2025-09-09 20:00:00,79.721,80.344,78.437,79.454
2025-09-09 21:00:00,79.721,80.344,78.437,79.454
2025-09-09 22:00:00,79.721,80.344,78.437,79.454
2025-09-09 23:00:00,83.587,82.998,80.55,80.101
2025-09-10 00:00:00,83.587,82.998,80.55,80.101
2025-09-10 01:00:00,83.587,82.998,80.55,80.101
2025-09-10 02:00:00,83.587,82.998,80.55,80.101
2025-09-10 03:00:00,83.587,82.998,80.55,80.101
2025-09-10 04:00:00,83.587,82.998,80.55,80.101
2025-09-10 05:00:00,71.097,70.875,69.223,75.223
2025-09-10 06:00:00,71.097,70.875,69.223,75.223
2025-09-10 07:00:00,71.097,70.875,69.223,75.223
2025-09-10 08:00:00,71.097,70.875,69.223,75.223
2025-09-10 09:00:00,71.097,70.875,69.223,75.223
2025-09-10 10:00:00,71.097,70.875,69.223,75.223
2025-09-10 11:00:00,75.968,76.713,74.659,71.934
2025-09-10 12:00:00,75.968,76.713,74.659,71.934
2025-09-10 13:00:00,75.968,76.713,74.659,71.934
2025-09-10 14:00:00,75.968,76.713,74.659,71.934
2025-09-10 15:00:00,75.968,76.713,74.659,71.934
2025-09-10 16:00:00,75.968,76.713,74.659,71.934
2025-09-10 17:00:00,77.492,75.583,72.189,70.29
2025-09-10 18:00:00,77.492,75.583,72.189,70.29
2025-09-10 19:00:00,77.492,75.583,72.189,70.29
2025-09-10 20:00:00,77.492,75.583,72.189,70.29
2025-09-10 21:00:00,77.492,75.583,72.189,70.29
2025-09-10 22:00:00,77.492,75.583,72.189,70.29
2025-09-10 23:00:00,76.378,74.419,71.363,70.81
2025-09-11 00:00:00,76.378,74.419,71.363,70.81
2025-09-11 01:00:00,76.378,74.419,71.363,70.81
2025-09-11 02:00:00,76.378,74.419,71.363,70.81
2025-09-11 03:00:00,76.378,74.419,71.363,70.81
2025-09-11 04:00:00,76.378,74.419,71.363,70.81
2025-09-11 05:00:00,76.554,75.415,72.759,73.664
2025-09-11 06:00:00,76.554,75.415,72.759,73.664
2025-09-11 07:00:00,76.554,75.415,72.759,73.664
2025-09-11 08:00:00,76.554,75.415,72.759,73.664
2025-09-11 09:00:00,76.554,75.415,72.759,73.664
2025-09-11 10:00:00,76.554,75.415,72.759,73.664
2025-09-11 11:00:00,75.901,74.576,71.267,79.591
2025-09-11 12:00:00,75.901,74.576,71.267,79.591
2025-09-11 13:00:00,75.901,74.576,71.267,79.591
2025-09-11 14:00:00,75.901,74.576,71.267,79.591
2025-09-11 15:00:00,75.901,74.576,71.267,79.591
2025-09-11 16:00:00,75.901,74.576,71.267,79.591
2025-09-11 17:00:00,80.387,81.53,79.958,78.793
2025-09-11 18:00:00,80.387,81.53,79.958,78.793
2025-09-11 19:00:00,80.387,81.53,79.958,78.793
2025-09-11 20:00:00,80.387,81.53,79.958,78.793
2025-09-11 21:00:00,80.387,81.53,79.958,78.793
2025-09-11 22:00:00,80.387,81.53,79.958,78.793
2025-09-11 23:00:00,83.467,82.359,79.289,77.774
2025-09-12 00:00:00,83.467,82.359,79.289,77.774
2025-09-12 01:00:00,83.467,82.359,79.289,77.774
2025-09-12 02:00:00,83.467,82.359,79.289,77.774
2025-09-12 03:00:00,83.467,82.359,79.289,77.774
2025-09-12 04:00:00,83.467,82.359,79.289,77.774
2025-09-12 05:00:00,77.481,78.166,77.785,80.314
2025-09-12 06:00:00,77.481,78.166,77.785,80.314
2025-09-12 07:00:00,77.481,78.166,77.785,80.314
2025-09-12 08:00:00,77.481,78.166,77.785,80.314
2025-09-12 09:00:00,77.481,78.166,77.785,80.314
2025-09-12 10:00:00,77.481,78.166,77.785,80.314
2025-09-12 11:00:00,83.28,83.937,81.518,81.344
2025-09-12 12:00:00,83.28,83.937,81.518,81.344
2025-09-12 13:00:00,83.28,83.937,81.518,81.344
2025-09-12 14:00:00,83.28,83.937,81.518,81.344
2025-09-12 15:00:00,83.28,83.937,81.518,81.344
2025-09-12 16:00:00,83.28,83.937,81.518,81.344
2025-09-12 17:00:00,85.47,84.07,80.894,78.084
2025-09-12 18:00:00,85.47,84.07,80.894,78.084
2025-09-12 19:00:00,85.47,84.07,80.894,78.084
2025-09-12 20:00:00,85.47,84.07,80.894,78.084
2025-09-12 21:00:00,85.47,84.07,80.894,78.084
2025-09-12 22:00:00,85.47,84.07,80.894,78.084
2025-09-12 23:00:00,83.967,81.641,78.196,76.088
2025-09-13 00:00:00,83.967,81.641,78.196,76.088
2025-09-13 01:00:00,83.967,81.641,78.196,76.088
2025-09-13 02:00:00,83.967,81.641,78.196,76.088
2025-09-13 03:00:00,83.967,81.641,78.196,76.088
2025-09-13 04:00:00,83.967,81.641,78.196,76.088
2025-09-13 05:00:00,82.11,80.109,76.944,76.026
2025-09-13 06:00:00,82.11,80.109,76.944,76.026
2025-09-13 07:00:00,82.11,80.109,76.944,76.026
2025-09-13 08:00:00,82.11,80.109,76.944,76.026
2025-09-13 09:00:00,82.11,80.109,76.944,76.026
2025-09-13 10:00:00,82.11,80.109,76.944,76.026
2025-09-13 11:00:00,83.33,83.679,81.121,82.973
2025-09-13 12:00:00,83.33,83.679,81.121,82.973
2025-09-13 13:00:00,83.33,83.679,81.121,82.973
2025-09-13 14:00:00,83.33,83.679,81.121,82.973
2025-09-13 15:00:00,83.33,83.679,81.121,82.973
2025-09-13 16:00:00,83.33,83.679,81.121,82.973
2025-09-13 17:00:00,86.43,85.733,82.881,80.738
2025-09-13 18:00:00,86.43,85.733,82.881,80.738
2025-09-13 19:00:00,86.43,85.733,82.881,80.738
2025-09-13 20:00:00,86.43,85.733,82.881,80.738
2025-09-13 21:00:00,86.43,85.733,82.881,80.738
2025-09-13 22:00:00,86.43,85.733,82.881,80.738
2025-09-13 23:00:00,86.248,84.274,80.885,78.887
2025-09-14 00:00:00,86.248,84.274,80.885,78.887
2025-09-14 01:00:00,86.248,84.274,80.885,78.887
2025-09-14 02:00:00,86.248,84.274,80.885,78.887
2025-09-14 03:00:00,86.248,84.274,80.885,78.887
2025-09-14 04:00:00,86.248,84.274,80.885,78.887
2025-09-14 05:00:00,84.807,82.807,79.572,78.392
2025-09-14 06:00:00,84.807,82.807,79.572,78.392
2025-09-14 07:00:00,84.807,82.807,79.572,78.392
2025-09-14 08:00:00,84.807,82.807,79.572,78.392
2025-09-14 09:00:00,84.807,82.807,79.572,78.392
2025-09-14 10:00:00,84.807,82.807,79.572,78.392
2025-09-14 11:00:00,77.413,75.146,71.085,64.262
2025-09-14 12:00:00,77.413,75.146,71.085,64.262
2025-09-14 13:00:00,77.413,75.146,71.085,64.262
2025-09-14 14:00:00,77.413,75.146,71.085,64.262
2025-09-14 15:00:00,77.413,75.146,71.085,64.262
2025-09-14 16:00:00,77.413,75.146,71.085,64.262
2025-09-14 17:00:00,73.691,70.462,66.52,67.618
2025-09-14 18:00:00,73.691,70.462,66.52,67.618
2025-09-14 19:00:00,73.691,70.462,66.52,67.618
2025-09-14 20:00:00,73.691,70.462,66.52,67.618
2025-09-14 21:00:00,73.691,70.462,66.52,67.618
2025-09-14 22:00:00,73.691,70.462,66.52,67.618
2025-09-14 23:00:00,73.348,72.723,70.251,72.239
2025-09-15 00:00:00,73.348,72.723,70.251,72.239
2025-09-15 01:00:00,73.348,72.723,70.251,72.239
2025-09-15 02:00:00,73.348,72.723,70.251,72.239
2025-09-15 03:00:00,73.348,72.723,70.251,72.239
2025-09-15 04:00:00,73.348,72.723,70.251,72.239
2025-09-15 05:00:00,70.882,70.442,67.322,65.636
2025-09-15 06:00:00,70.882,70.442,67.322,65.636
2025-09-15 07:00:00,70.882,70.442,67.322,65.636
2025-09-15 08:00:00,70.882,70.442,67.322,65.636
2025-09-15 09:00:00,70.882,70.442,67.322,65.636
2025-09-15 10:00:00,70.882,70.442,67.322,65.636
2025-09-15 11:00:00,71.326,69.541,66.059,64.245
2025-09-15 12:00:00,71.326,69.541,66.059,64.245
2025-09-15 13:00:00,71.326,69.541,66.059,64.245
2025-09-15 14:00:00,71.326,69.541,66.059,64.245
2025-09-15 15:00:00,71.326,69.541,66.059,64.245
2025-09-15 16:00:00,71.326,69.541,66.059,64.245
2025-09-15 17:00:00,70.275,68.414,64.948,63.645
2025-09-15 18:00:00,70.275,68.414,64.948,63.645
2025-09-15 19:00:00,70.275,68.414,64.948,63.645
2025-09-15 20:00:00,70.275,68.414,64.948,63.645
2025-09-15 21:00:00,70.275,68.414,64.948,63.645
2025-09-15 22:00:00,70.275,68.414,64.948,63.645
2025-09-15 23:00:00,69.707,68.219,65.052,64.975
2025-09-16 00:00:00,69.707,68.219,65.052,64.975
2025-09-16 01:00:00,69.707,68.219,65.052,64.975
2025-09-16 02:00:00,69.707,68.219,65.052,64.975
2025-09-16 03:00:00,69.707,68.219,65.052,64.975
2025-09-16 04:00:00,69.707,68.219,65.052,64.975
2025-09-16 05:00:00,69.094,68.252,65.498,67.792
2025-09-16 06:00:00,69.094,68.252,65.498,67.792
2025-09-16 07:00:00,69.094,68.252,65.498,67.792
2025-09-16 08:00:00,69.094,68.252,65.498,67.792
2025-09-16 09:00:00,69.094,68.252,65.498,67.792
2025-09-16 10:00:00,69.094,68.252,65.498,67.792
2025-09-16 11:00:00,72.5,72.886,70.362,72.387
2025-09-16 12:00:00,72.5,72.886,70.362,72.387
2025-09-16 13:00:00,72.5,72.886,70.362,72.387
2025-09-16 14:00:00,72.5,72.886,70.362,72.387
2025-09-16 15:00:00,72.5,72.886,70.362,72.387
2025-09-16 16:00:00,72.5,72.886,70.362,72.387
2025-09-16 17:00:00,76.789,76.909,74.277,74.984
2025-09-16 18:00:00,76.789,76.909,74.277,74.984
2025-09-16 19:00:00,76.789,76.909,74.277,74.984
2025-09-16 20:00:00,76.789,76.909,74.277,74.984
2025-09-16 21:00:00,76.789,76.909,74.277,74.984
2025-09-16 22:00:00,76.789,76.909,74.277,74.984
2025-09-16 23:00:00,80.086,79.729,77.065,78.029
2025-09-17 00:00:00,80.086,79.729,77.065,78.029
2025-09-17 01:00:00,80.086,79.729,77.065,78.029
2025-09-17 02:00:00,80.086,79.729,77.065,78.029
2025-09-17 03:00:00,80.086,79.729,77.065,78.029
2025-09-17 04:00:00,80.086,79.729,77.065,78.029
2025-09-17 05:00:00,84.322,87.346,86.609,100.774
2025-09-17 06:00:00,84.322,87.346,86.609,100.774
2025-09-17 07:00:00,84.322,87.346,86.609,100.774
2025-09-17 08:00:00,84.322,87.346,86.609,100.774
2025-09-17 09:00:00,84.322,87.346,86.609,100.774
2025-09-17 10:00:00,84.322,87.346,86.609,100.774
2025-09-17 11:00:00,100.406,104.967,104.42,107.59
2025-09-17 12:00:00,100.406,104.967,104.42,107.59
2025-09-17 13:00:00,100.406,104.967,104.42,107.59
2025-09-17 14:00:00,100.406,104.967,104.42,107.59
2025-09-17 15:00:00,100.406,104.967,104.42,107.59
2025-09-17 16:00:00,100.406,104.967,104.42,107.59
2025-09-17 17:00:00,109.8,110.115,107.216,104.469
2025-09-17 18:00:00,109.8,110.115,107.216,104.469
2025-09-17 19:00:00,109.8,110.115,107.216,104.469
2025-09-17 20:00:00,109.8,110.115,107.216,104.469
2025-09-17 21:00:00,109.8,110.115,107.216,104.469
2025-09-17 22:00:00,109.8,110.115,107.216,104.469
2025-09-17 23:00:00,110.056,107.903,104.297,101.688
2025-09-18 00:00:00,110.056,107.903,104.297,101.688
2025-09-18 01:00:00,110.056,107.903,104.297,101.688
2025-09-18 02:00:00,110.056,107.903,104.297,101.688
2025-09-18 03:00:00,110.056,107.903,104.297,101.688
2025-09-18 04:00:00,110.056,107.903,104.297,101.688
2025-09-18 05:00:00,99.717,102.906,104.768,113.782
2025-09-18 06:00:00,99.717,102.906,104.768,113.782
2025-09-18 07:00:00,99.717,102.906,104.768,113.782
2025-09-18 08:00:00,99.717,102.906,104.768,113.782
2025-09-18 09:00:00,99.717,102.906,104.768,113.782
2025-09-18 10:00:00,99.717,102.906,104.768,113.782
2025-09-18 11:00:00,114.5,118.177,116.648,118.602
2025-09-18 12:00:00,114.5,118.177,116.648,118.602
2025-09-18 13:00:00,114.5,118.177,116.648,118.602
2025-09-18 14:00:00,114.5,118.177,116.648,118.602
2025-09-18 15:00:00,114.5,118.177,116.648,118.602
2025-09-18 16:00:00,114.5,118.177,116.648,118.602
2025-09-18 17:00:00,121.359,120.847,117.709,114.049
2025-09-18 18:00:00,121.359,120.847,117.709,114.049
2025-09-18 19:00:00,121.359,120.847,117.709,114.049
2025-09-18 20:00:00,121.359,120.847,117.709,114.049
2025-09-18 21:00:00,121.359,120.847,117.709,114.049
2025-09-18 22:00:00,121.359,120.847,117.709,114.049
2025-09-18 23:00:00,119.372,116.558,112.653,108.139
2025-09-19 00:00:00,119.372,116.558,112.653,108.139
2025-09-19 01:00:00,119.372,116.558,112.653,108.139
2025-09-19 02:00:00,119.372,116.558,112.653,108.139
2025-09-19 03:00:00,119.372,116.558,112.653,108.139
2025-09-19 04:00:00,119.372,116.558,112.653,108.139
2025-09-19 05:00:00,97.015,104.539,106.934,110.948
2025-09-19 06:00:00,97.015,104.539,106.934,110.948
2025-09-19 07:00:00,97.015,104.539,106.934,110.948
2025-09-19 08:00:00,97.015,104.539,106.934,110.948
2025-09-19 09:00:00,97.015,104.539,106.934,110.948
2025-09-19 10:00:00,97.015,104.539,106.934,110.948
2025-09-19 11:00:00,112.555,114.422,111.704,110.403
2025-09-19 12:00:00,112.555,114.422,111.704,110.403
2025-09-19 13:00:00,112.555,114.422,111.704,110.403
2025-09-19 14:00:00,112.555,114.422,111.704,110.403
2025-09-19 15:00:00,112.555,114.422,111.704,110.403
2025-09-19 16:00:00,112.555,114.422,111.704,110.403
2025-09-19 17:00:00,115.546,113.974,110.435,107.865
2025-09-19 18:00:00,115.546,113.974,110.435,107.865
2025-09-19 19:00:00,115.546,113.974,110.435,107.865
2025-09-19 20:00:00,115.546,113.974,110.435,107.865
2025-09-19 21:00:00,115.546,113.974,110.435,107.865
2025-09-19 22:00:00,115.546,113.974,110.435,107.865
2025-09-19 23:00:00,113.652,111.354,107.811,105.118
2025-09-20 00:00:00,113.652,111.354,107.811,105.118
2025-09-20 01:00:00,113.652,111.354,107.811,105.118
2025-09-20 02:00:00,113.652,111.354,107.811,105.118
2025-09-20 03:00:00,113.652,111.354,107.811,105.118
2025-09-20 04:00:00,113.652,111.354,107.811,105.118
2025-09-20 05:00:00,110.542,107.99,104.41,100.844
2025-09-20 06:00:00,110.542,107.99,104.41,100.844
2025-09-20 07:00:00,110.542,107.99,104.41,100.844
2025-09-20 08:00:00,110.542,107.99,104.41,100.844
2025-09-20 09:00:00,110.542,107.99,104.41,100.844
2025-09-20 10:00:00,110.542,107.99,104.41,100.844
2025-09-20 11:00:00,114.165,115.079,112.226,110.395
2025-09-20 12:00:00,114.165,115.079,112.226,110.395
2025-09-20 13:00:00,114.165,115.079,112.226,110.395
2025-09-20 14:00:00,114.165,115.079,112.226,110.395
2025-09-20 15:00:00,114.165,115.079,112.226,110.395
2025-09-20 16:00:00,114.165,115.079,112.226,110.395
2025-09-20 17:00:00,115.251,113.26,109.38,105.284
2025-09-20 18:00:00,115.251,113.26,109.38,105.284
2025-09-20 19:00:00,115.251,113.26,109.38,105.284
2025-09-20 20:00:00,115.251,113.26,109.38,105.284
2025-09-20 21:00:00,115.251,113.26,109.38,105.284
2025-09-20 22:00:00,115.251,113.26,109.38,105.284
2025-09-20 23:00:00,110.844,107.566,103.118,97.427
2025-09-21 00:00:00,110.844,107.566,103.118,97.427
2025-09-21 01:00:00,110.844,107.566,103.118,97.427
2025-09-21 02:00:00,110.844,107.566,103.118,97.427
2025-09-21 03:00:00,110.844,107.566,103.118,97.427
2025-09-21 04:00:00,110.844,107.566,103.118,97.427
2025-09-21 05:00:00,103.913,99.989,95.271,89.423
2025-09-21 06:00:00,103.913,99.989,95.271,89.423
2025-09-21 07:00:00,103.913,99.989,95.271,89.423
2025-09-21 08:00:00,103.913,99.989,95.271,89.423
2025-09-21 09:00:00,103.913,99.989,95.271,89.423
2025-09-21 10:00:00,103.913,99.989,95.271,89.423
2025-09-21 11:00:00,94.623,93.058,89.163,83.053
2025-09-21 12:00:00,94.623,93.058,89.163,83.053
2025-09-21 13:00:00,94.623,93.058,89.163,83.053
2025-09-21 14:00:00,94.623,93.058,89.163,83.053
2025-09-21 15:00:00,94.623,93.058,89.163,83.053
2025-09-21 16:00:00,94.623,93.058,89.163,83.053
2025-09-21 17:00:00,90.055,86.286,81.661,76.354
2025-09-21 18:00:00,90.055,86.286,81.661,76.354
2025-09-21 19:00:00,90.055,86.286,81.661,76.354
2025-09-21 20:00:00,90.055,86.286,81.661,76.354
2025-09-21 21:00:00,90.055,86.286,81.661,76.354
2025-09-21 22:00:00,90.055,86.286,81.661,76.354
2025-09-21 23:00:00,84.319,80.994,76.801,74.256
2025-09-22 00:00:00,84.319,80.994,76.801,74.256
2025-09-22 01:00:00,84.319,80.994,76.801,74.256
2025-09-22 02:00:00,84.319,80.994,76.801,74.256
2025-09-22 03:00:00,84.319,80.994,76.801,74.256
2025-09-22 04:00:00,84.319,80.994,76.801,74.256
2025-09-22 05:00:00,81.194,79.018,75.393,74.058
2025-09-22 06:00:00,81.194,79.018,75.393,74.058
2025-09-22 07:00:00,81.194,79.018,75.393,74.058
2025-09-22 08:00:00,81.194,79.018,75.393,74.058
2025-09-22 09:00:00,81.194,79.018,75.393,74.058
2025-09-22 10:00:00,81.194,79.018,75.393,74.058
2025-09-22 11:00:00,69.008,64.762,59.635,58.457
2025-09-22 12:00:00,69.008,64.762,59.635,58.457
2025-09-22 13:00:00,69.008,64.762,59.635,58.457
2025-09-22 14:00:00,69.008,64.762,59.635,58.457
2025-09-22 15:00:00,69.008,64.762,59.635,58.457
2025-09-22 16:00:00,69.008,64.762,59.635,58.457
2025-09-22 17:00:00,65.535,63.739,60.526,60.814
2025-09-22 18:00:00,65.535,63.739,60.526,60.814
2025-09-22 19:00:00,65.535,63.739,60.526,60.814
2025-09-22 20:00:00,65.535,63.739,60.526,60.814
2025-09-22 21:00:00,65.535,63.739,60.526,60.814
2025-09-22 22:00:00,65.535,63.739,60.526,60.814
2025-09-22 23:00:00,66.873,66.606,63.763,65.612
2025-09-23 00:00:00,66.873,66.606,63.763,65.612
2025-09-23 01:00:00,66.873,66.606,63.763,65.612
2025-09-23 02:00:00,66.873,66.606,63.763,65.612
2025-09-23 03:00:00,66.873,66.606,63.763,65.612
2025-09-23 04:00:00,66.873,66.606,63.763,65.612
2025-09-23 05:00:00,79.438,76.281,74.069,74.179
2025-09-23 06:00:00,79.438,76.281,74.069,74.179
2025-09-23 07:00:00,79.438,76.281,74.069,74.179
2025-09-23 08:00:00,79.438,76.281,74.069,74.179
2025-09-23 09:00:00,79.438,76.281,74.069,74.179
2025-09-23 10:00:00,79.438,76.281,74.069,74.179
2025-09-23 11:00:00,80.662,81.064,78.457,82.081
2025-09-23 12:00:00,80.662,81.064,78.457,82.081
2025-09-23 13:00:00,80.662,81.064,78.457,82.081
2025-09-23 14:00:00,80.662,81.064,78.457,82.081
2025-09-23 15:00:00,80.662,81.064,78.457,82.081
2025-09-23 16:00:00,80.662,81.064,78.457,82.081
2025-09-23 17:00:00,85.525,85.901,83.399,82.407
2025-09-23 18:00:00,85.525,85.901,83.399,82.407
2025-09-23 19:00:00,85.525,85.901,83.399,82.407
2025-09-23 20:00:00,85.525,85.901,83.399,82.407
2025-09-23 21:00:00,85.525,85.901,83.399,82.407
2025-09-23 22:00:00,85.525,85.901,83.399,82.407
2025-09-23 23:00:00,87.694,86.559,83.163,81.116
2025-09-24 00:00:00,87.694,86.559,83.163,81.116
2025-09-24 01:00:00,87.694,86.559,83.163,81.116
2025-09-24 02:00:00,87.694,86.559,83.163,81.116
2025-09-24 03:00:00,87.694,86.559,83.163,81.116
2025-09-24 04:00:00,87.694,86.559,83.163,81.116
2025-09-24 05:00:00,78.959,76.223,74.13,80.417
2025-09-24 06:00:00,78.959,76.223,74.13,80.417
2025-09-24 07:00:00,78.959,76.223,74.13,80.417
2025-09-24 08:00:00,78.959,76.223,74.13,80.417
2025-09-24 09:00:00,78.959,76.223,74.13,80.417
2025-09-24 10:00:00,78.959,76.223,74.13,80.417
2025-09-24 11:00:00,82.606,84.128,82.178,81.992
2025-09-24 12:00:00,82.606,84.128,82.178,81.992
2025-09-24 13:00:00,82.606,84.128,82.178,81.992
2025-09-24 14:00:00,82.606,84.128,82.178,81.992
2025-09-24 15:00:00,82.606,84.128,82.178,81.992
2025-09-24 16:00:00,82.606,84.128,82.178,81.992
2025-09-24 17:00:00,86.356,85.458,82.144,79.064
2025-09-24 18:00:00,86.356,85.458,82.144,79.064
2025-09-24 19:00:00,86.356,85.458,82.144,79.064
2025-09-24 20:00:00,86.356,85.458,82.144,79.064
2025-09-24 21:00:00,86.356,85.458,82.144,79.064
2025-09-24 22:00:00,86.356,85.458,82.144,79.064
2025-09-24 23:00:00,85.693,83.669,79.97,77.91
2025-09-25 00:00:00,85.693,83.669,79.97,77.91
2025-09-25 01:00:00,85.693,83.669,79.97,77.91
2025-09-25 02:00:00,85.693,83.669,79.97,77.91
2025-09-25 03:00:00,85.693,83.669,79.97,77.91
2025-09-25 04:00:00,85.693,83.669,79.97,77.91
2025-09-25 05:00:00,75.967,79.524,79.009,84.447
2025-09-25 06:00:00,75.967,79.524,79.009,84.447
2025-09-25 07:00:00,75.967,79.524,79.009,84.447
2025-09-25 08:00:00,75.967,79.524,79.009,84.447
2025-09-25 09:00:00,75.967,79.524,79.009,84.447
2025-09-25 10:00:00,75.967,79.524,79.009,84.447
2025-09-25 11:00:00,87.692,90.088,88.379,91.165
2025-09-25 12:00:00,87.692,90.088,88.379,91.165
2025-09-25 13:00:00,87.692,90.088,88.379,91.165
2025-09-25 14:00:00,87.692,90.088,88.379,91.165
2025-09-25 15:00:00,87.692,90.088,88.379,91.165
2025-09-25 16:00:00,87.692,90.088,88.379,91.165
2025-09-25 17:00:00,93.889,93.78,90.938,87.349
2025-09-25 18:00:00,93.889,93.78,90.938,87.349
2025-09-25 19:00:00,93.889,93.78,90.938,87.349
2025-09-25 20:00:00,93.889,93.78,90.938,87.349
2025-09-25 21:00:00,93.889,93.78,90.938,87.349
2025-09-25 22:00:00,93.889,93.78,90.938,87.349
2025-09-25 23:00:00,92.861,90.236,86.144,80.793
2025-09-26 00:00:00,92.861,90.236,86.144,80.793
2025-09-26 01:00:00,92.861,90.236,86.144,80.793
2025-09-26 02:00:00,92.861,90.236,86.144,80.793
2025-09-26 03:00:00,92.861,90.236,86.144,80.793
2025-09-26 04:00:00,92.861,90.236,86.144,80.793
2025-09-26 05:00:00,88.188,84.898,80.685,76.8
2025-09-26 06:00:00,88.188,84.898,80.685,76.8
2025-09-26 07:00:00,88.188,84.898,80.685,76.8
2025-09-26 08:00:00,88.188,84.898,80.685,76.8
2025-09-26 09:00:00,88.188,84.898,80.685,76.8
2025-09-26 10:00:00,88.188,84.898,80.685,76.8
2025-09-26 11:00:00,84.167,81.56,77.767,75.592
2025-09-26 12:00:00,84.167,81.56,77.767,75.592
2025-09-26 13:00:00,84.167,81.56,77.767,75.592
2025-09-26 14:00:00,84.167,81.56,77.767,75.592
2025-09-26 15:00:00,84.167,81.56,77.767,75.592
2025-09-26 16:00:00,84.167,81.56,77.767,75.592
2025-09-26 17:00:00,82.234,80.415,76.997,75.443
2025-09-26 18:00:00,82.234,80.415,76.997,75.443
2025-09-26 19:00:00,82.234,80.415,76.997,75.443
2025-09-26 20:00:00,82.234,80.415,76.997,75.443
2025-09-26 21:00:00,82.234,80.415,76.997,75.443
2025-09-26 22:00:00,82.234,80.415,76.997,75.443
2025-09-26 23:00:00,81.644,80.16,76.844,75.304
2025-09-27 00:00:00,81.644,80.16,76.844,75.304
2025-09-27 01:00:00,81.644,80.16,76.844,75.304
2025-09-27 02:00:00,81.644,80.16,76.844,75.304
2025-09-27 03:00:00,81.644,80.16,76.844,75.304
2025-09-27 04:00:00,81.644,80.16,76.844,75.304
2025-09-27 05:00:00,68.256,66.46,63.278,62.686
2025-09-27 06:00:00,68.256,66.46,63.278,62.686
2025-09-27 07:00:00,68.256,66.46,63.278,62.686
2025-09-27 08:00:00,68.256,66.46,63.278,62.686
2025-09-27 09:00:00,68.256,66.46,63.278,62.686
2025-09-27 10:00:00,68.256,66.46,63.278,62.686
2025-09-27 11:00:00,68.687,67.888,64.984,65.142
2025-09-27 12:00:00,68.687,67.888,64.984,65.142
2025-09-27 13:00:00,68.687,67.888,64.984,65.142
2025-09-27 14:00:00,68.687,67.888,64.984,65.142
2025-09-27 15:00:00,68.687,67.888,64.984,65.142
2025-09-27 16:00:00,68.687,67.888,64.984,65.142
2025-09-27 17:00:00,70.625,70.132,67.321,67.151
2025-09-27 18:00:00,70.625,70.132,67.321,67.151
2025-09-27 19:00:00,70.625,70.132,67.321,67.151
2025-09-27 20:00:00,70.625,70.132,67.321,67.151
2025-09-27 21:00:00,70.625,70.132,67.321,67.151
2025-09-27 22:00:00,70.625,70.132,67.321,67.151
2025-09-27 23:00:00,73.018,72.597,69.753,70.251
2025-09-28 00:00:00,73.018,72.597,69.753,70.251
2025-09-28 01:00:00,73.018,72.597,69.753,70.251
2025-09-28 02:00:00,73.018,72.597,69.753,70.251
2025-09-28 03:00:00,73.018,72.597,69.753,70.251
2025-09-28 04:00:00,73.018,72.597,69.753,70.251
2025-09-28 05:00:00,69.979,67.397,63.726,63.73
2025-09-28 06:00:00,69.979,67.397,63.726,63.73
2025-09-28 07:00:00,69.979,67.397,63.726,63.73
2025-09-28 08:00:00,69.979,67.397,63.726,63.73
2025-09-28 09:00:00,69.979,67.397,63.726,63.73
2025-09-28 10:00:00,69.979,67.397,63.726,63.73
2025-09-28 11:00:00,70.125,69.625,66.994,68.654
2025-09-28 12:00:00,70.125,69.625,66.994,68.654
2025-09-28 13:00:00,70.125,69.625,66.994,68.654
2025-09-28 14:00:00,70.125,69.625,66.994,68.654
2025-09-28 15:00:00,70.125,69.625,66.994,68.654
2025-09-28 16:00:00,70.125,69.625,66.994,68.654
2025-09-28 17:00:00,73.52,73.7,71.216,71.568
2025-09-28 18:00:00,73.52,73.7,71.216,71.568
2025-09-28 19:00:00,73.52,73.7,71.216,71.568
2025-09-28 20:00:00,73.52,73.7,71.216,71.568
2025-09-28 21:00:00,73.52,73.7,71.216,71.568
2025-09-28 22:00:00,73.52,73.7,71.216,71.568
2025-09-28 23:00:00,76.867,76.551,73.734,73.356
2025-09-29 00:00:00,76.867,76.551,73.734,73.356
2025-09-29 01:00:00,76.867,76.551,73.734,73.356
2025-09-29 02:00:00,76.867,76.551,73.734,73.356
2025-09-29 03:00:00,76.867,76.551,73.734,73.356
2025-09-29 04:00:00,76.867,76.551,73.734,73.356
2025-09-29 05:00:00,78.93,78.12,75.089,73.965
2025-09-29 06:00:00,78.93,78.12,75.089,73.965
2025-09-29 07:00:00,78.93,78.12,75.089,73.965
2025-09-29 08:00:00,78.93,78.12,75.089,73.965
2025-09-29 09:00:00,78.93,78.12,75.089,73.965
2025-09-29 10:00:00,78.93,78.12,75.089,73.965
2025-09-29 11:00:00,68.439,69.382,66.636,72.457
2025-09-29 12:00:00,68.439,69.382,66.636,72.457
2025-09-29 13:00:00,68.439,69.382,66.636,72.457
2025-09-29 14:00:00,68.439,69.382,66.636,72.457
2025-09-29 15:00:00,68.439,69.382,66.636,72.457
2025-09-29 16:00:00,68.439,69.382,66.636,72.457
2025-09-29 17:00:00,74.151,74.858,72.699,69.199
2025-09-29 18:00:00,74.151,74.858,72.699,69.199
2025-09-29 19:00:00,74.151,74.858,72.699,69.199
2025-09-29 20:00:00,74.151,74.858,72.699,69.199
2025-09-29 21:00:00,74.151,74.858,72.699,69.199
2025-09-29 22:00:00,74.151,74.858,72.699,69.199
2025-09-29 23:00:00,76.067,74.591,71.107,69.986
2025-09-30 00:00:00,76.067,74.591,71.107,69.986
2025-09-30 01:00:00,76.067,74.591,71.107,69.986
2025-09-30 02:00:00,76.067,74.591,71.107,69.986
2025-09-30 03:00:00,76.067,74.591,71.107,69.986
2025-09-30 04:00:00,76.067,74.591,71.107,69.986
2025-09-30 05:00:00,70.797,70.477,67.721,66.364
2025-09-30 06:00:00,70.797,70.477,67.721,66.364
2025-09-30 07:00:00,70.797,70.477,67.721,66.364
2025-09-30 08:00:00,70.797,70.477,67.721,66.364
2025-09-30 09:00:00,70.797,70.477,67.721,66.364
2025-09-30 10:00:00,70.797,70.477,67.721,66.364
2025-09-30 11:00:00,72.327,71.223,68.136,66.865
2025-09-30 12:00:00,72.327,71.223,68.136,66.865
2025-09-30 13:00:00,72.327,71.223,68.136,66.865
2025-09-30 14:00:00,72.327,71.223,68.136,66.865
2025-09-30 15:00:00,72.327,71.223,68.136,66.865
2025-09-30 16:00:00,72.327,71.223,68.136,66.865
2025-09-30 17:00:00,73.428,72.542,69.613,69.815
2025-09-30 18:00:00,73.428,72.542,69.613,69.815
2025-09-30 19:00:00,73.428,72.542,69.613,69.815
2025-09-30 20:00:00,73.428,72.542,69.613,69.815
2025-09-30 21:00:00,73.428,72.542,69.613,69.815
2025-09-30 22:00:00,73.428,72.542,69.613,69.815
2025-09-30 23:00:00,75.98,75.845,73.218,74.5
2025-10-01 00:00:00,75.98,75.845,73.218,74.5
2025-10-01 01:00:00,75.98,75.845,73.218,74.5
2025-10-01 02:00:00,75.98,75.845,73.218,74.5
2025-10-01 03:00:00,75.98,75.845,73.218,74.5
2025-10-01 04:00:00,75.98,75.845,73.218,74.5
2025-10-01 05:00:00,79.62,79.675,77.067,76.977
2025-10-01 06:00:00,79.62,79.675,77.067,76.977
2025-10-01 07:00:00,79.62,79.675,77.067,76.977
2025-10-01 08:00:00,79.62,79.675,77.067,76.977
2025-10-01 09:00:00,79.62,79.675,77.067,76.977
2025-10-01 10:00:00,79.62,79.675,77.067,76.977
2025-10-01 11:00:00,73.894,73.909,71.254,69.024
2025-10-01 12:00:00,73.894,73.909,71.254,69.024
2025-10-01 13:00:00,73.894,73.909,71.254,69.024
2025-10-01 14:00:00,73.894,73.909,71.254,69.024
2025-10-01 15:00:00,73.894,73.909,71.254,69.024
2025-10-01 16:00:00,73.894,73.909,71.254,69.024
2025-10-01 17:00:00,75.342,73.891,70.606,68.666
2025-10-01 18:00:00,75.342,73.891,70.606,68.666
2025-10-01 19:00:00,75.342,73.891,70.606,68.666
2025-10-01 20:00:00,75.342,73.891,70.606,68.666
2025-10-01 21:00:00,75.342,73.891,70.606,68.666
2025-10-01 22:00:00,75.342,73.891,70.606,68.666
2025-10-01 23:00:00,75.589,74.301,71.206,70.858
2025-10-02 00:00:00,75.589,74.301,71.206,70.858
2025-10-02 01:00:00,75.589,74.301,71.206,70.858
2025-10-02 02:00:00,75.589,74.301,71.206,70.858
2025-10-02 03:00:00,75.589,74.301,71.206,70.858
2025-10-02 04:00:00,75.589,74.301,71.206,70.858
2025-10-02 05:00:00,77.07,76.447,73.664,73.787
2025-10-02 06:00:00,77.07,76.447,73.664,73.787
2025-10-02 07:00:00,77.07,76.447,73.664,73.787
2025-10-02 08:00:00,77.07,76.447,73.664,73.787
2025-10-02 09:00:00,77.07,76.447,73.664,73.787
2025-10-02 10:00:00,77.07,76.447,73.664,73.787
2025-10-02 11:00:00,89.883,92.524,91.087,96.356
2025-10-02 12:00:00,89.883,92.524,91.087,96.356
2025-10-02 13:00:00,89.883,92.524,91.087,96.356
2025-10-02 14:00:00,89.883,92.524,91.087,96.356
2025-10-02 15:00:00,89.883,92.524,91.087,96.356
2025-10-02 16:00:00,89.883,92.524,91.087,96.356
2025-10-02 17:00:00,98.24,98.906,96.708,93.115
2025-10-02 18:00:00,98.24,98.906,96.708,93.115
2025-10-02 19:00:00,98.24,98.906,96.708,93.115
2025-10-02 20:00:00,98.24,98.906,96.708,93.115
2025-10-02 21:00:00,98.24,98.906,96.708,93.115
2025-10-02 22:00:00,98.24,98.906,96.708,93.115
2025-10-02 23:00:00,98.009,95.367,91.307,84.212
2025-10-03 00:00:00,98.009,95.367,91.307,84.212
2025-10-03 01:00:00,98.009,95.367,91.307,84.212
2025-10-03 02:00:00,98.009,95.367,91.307,84.212
2025-10-03 03:00:00,98.009,95.367,91.307,84.212
2025-10-03 04:00:00,98.009,95.367,91.307,84.212
2025-10-03 05:00:00,91.929,87.96,83.495,77.595
2025-10-03 06:00:00,91.929,87.96,83.495,77.595
2025-10-03 07:00:00,91.929,87.96,83.495,77.595
2025-10-03 08:00:00,91.929,87.96,83.495,77.595
2025-10-03 09:00:00,91.929,87.96,83.495,77.595
2025-10-03 10:00:00,91.929,87.96,83.495,77.595
2025-10-03 11:00:00,90.317,89.97,86.553,82.463
2025-10-03 12:00:00,90.317,89.97,86.553,82.463
2025-10-03 13:00:00,90.317,89.97,86.553,82.463
2025-10-03 14:00:00,90.317,89.97,86.553,82.463
2025-10-03 15:00:00,90.317,89.97,86.553,82.463
2025-10-03 16:00:00,90.317,89.97,86.553,82.463
2025-10-03 17:00:00,89.469,86.892,83.171,79.371
2025-10-03 18:00:00,89.469,86.892,83.171,79.371
2025-10-03 19:00:00,89.469,86.892,83.171,79.371
2025-10-03 20:00:00,89.469,86.892,83.171,79.371
2025-10-03 21:00:00,89.469,86.892,83.171,79.371
2025-10-03 22:00:00,89.469,86.892,83.171,79.371
2025-10-03 23:00:00,87.039,84.858,81.398,79.594
2025-10-04 00:00:00,87.039,84.858,81.398,79.594
2025-10-04 01:00:00,87.039,84.858,81.398,79.594
2025-10-04 02:00:00,87.039,84.858,81.398,79.594
2025-10-04 03:00:00,87.039,84.858,81.398,79.594
2025-10-04 04:00:00,87.039,84.858,81.398,79.594
2025-10-04 05:00:00,86.255,84.857,81.752,80.237
2025-10-04 06:00:00,86.255,84.857,81.752,80.237
2025-10-04 07:00:00,86.255,84.857,81.752,80.237
2025-10-04 08:00:00,86.255,84.857,81.752,80.237
2025-10-04 09:00:00,86.255,84.857,81.752,80.237
2025-10-04 10:00:00,86.255,84.857,81.752,80.237
2025-10-04 11:00:00,77.049,74.937,70.941,68.939
2025-10-04 12:00:00,77.049,74.937,70.941,68.939
2025-10-04 13:00:00,77.049,74.937,70.941,68.939
2025-10-04 14:00:00,77.049,74.937,70.941,68.939
2025-10-04 15:00:00,77.049,74.937,70.941,68.939
2025-10-04 16:00:00,77.049,74.937,70.941,68.939
2025-10-04 17:00:00,76.416,75.019,72.077,72.06
2025-10-04 18:00:00,76.416,75.019,72.077,72.06
2025-10-04 19:00:00,76.416,75.019,72.077,72.06
2025-10-04 20:00:00,76.416,75.019,72.077,72.06
2025-10-04 21:00:00,76.416,75.019,72.077,72.06
2025-10-04 22:00:00,76.416,75.019,72.077,72.06
2025-10-04 23:00:00,78.209,77.917,75.333,75.556
2025-10-05 00:00:00,78.209,77.917,75.333,75.556
2025-10-05 01:00:00,78.209,77.917,75.333,75.556
2025-10-05 02:00:00,78.209,77.917,75.333,75.556
2025-10-05 03:00:00,78.209,77.917,75.333,75.556
2025-10-05 04:00:00,78.209,77.917,75.333,75.556
2025-10-05 05:00:00,71.413,74.374,73.313,73.595
2025-10-05 06:00:00,71.413,74.374,73.313,73.595
2025-10-05 07:00:00,71.413,74.374,73.313,73.595
2025-10-05 08:00:00,71.413,74.374,73.313,73.595
2025-10-05 09:00:00,71.413,74.374,73.313,73.595
2025-10-05 10:00:00,71.413,74.374,73.313,73.595
2025-10-05 11:00:00,78.374,78.456,75.758,74.189
2025-10-05 12:00:00,78.374,78.456,75.758,74.189
2025-10-05 13:00:00,78.374,78.456,75.758,74.189
2025-10-05 14:00:00,78.374,78.456,75.758,74.189
2025-10-05 15:00:00,78.374,78.456,75.758,74.189
2025-10-05 16:00:00,78.374,78.456,75.758,74.189
2025-10-05 17:00:00,79.924,78.505,75.36,71.964
2025-10-05 18:00:00,79.924,78.505,75.36,71.964
2025-10-05 19:00:00,79.924,78.505,75.36,71.964
2025-10-05 20:00:00,79.924,78.505,75.36,71.964
2025-10-05 21:00:00,79.924,78.505,75.36,71.964
2025-10-05 22:00:00,79.924,78.505,75.36,71.964
2025-10-05 23:00:00,78.96,76.962,73.609,70.899
2025-10-06 00:00:00,78.96,76.962,73.609,70.899
2025-10-06 01:00:00,78.96,76.962,73.609,70.899
2025-10-06 02:00:00,78.96,76.962,73.609,70.899
2025-10-06 03:00:00,78.96,76.962,73.609,70.899
2025-10-06 04:00:00,78.96,76.962,73.609,70.899
2025-10-06 05:00:00,85.456,81.951,79.35,72.618
2025-10-06 06:00:00,85.456,81.951,79.35,72.618
2025-10-06 07:00:00,85.456,81.951,79.35,72.618
2025-10-06 08:00:00,85.456,81.951,79.35,72.618
2025-10-06 09:00:00,85.456,81.951,79.35,72.618
2025-10-06 10:00:00,85.456,81.951,79.35,72.618
2025-10-06 11:00:00,83.274,81.8,78.6,82.558
2025-10-06 12:00:00,83.274,81.8,78.6,82.558
2025-10-06 13:00:00,83.274,81.8,78.6,82.558
2025-10-06 14:00:00,83.274,81.8,78.6,82.558
2025-10-06 15:00:00,83.274,81.8,78.6,82.558
2025-10-06 16:00:00,83.274,81.8,78.6,82.558
2025-10-06 17:00:00,86.682,87.211,85.278,84.472
2025-10-06 18:00:00,86.682,87.211,85.278,84.472
2025-10-06 19:00:00,86.682,87.211,85.278,84.472
2025-10-06 20:00:00,86.682,87.211,85.278,84.472
2025-10-06 21:00:00,86.682,87.211,85.278,84.472
2025-10-06 22:00:00,86.682,87.211,85.278,84.472
2025-10-06 23:00:00,89.546,88.653,85.716,82.479
2025-10-07 00:00:00,89.546,88.653,85.716,82.479
2025-10-07 01:00:00,89.546,88.653,85.716,82.479
2025-10-07 02:00:00,89.546,88.653,85.716,82.479
2025-10-07 03:00:00,89.546,88.653,85.716,82.479
2025-10-07 04:00:00,89.546,88.653,85.716,82.479
2025-10-07 05:00:00,89.647,88.028,84.902,83.339
2025-10-07 06:00:00,89.647,88.028,84.902,83.339
2025-10-07 07:00:00,89.647,88.028,84.902,83.339
2025-10-07 08:00:00,89.647,88.028,84.902,83.339
2025-10-07 09:00:00,89.647,88.028,84.902,83.339
2025-10-07 10:00:00,89.647,88.028,84.902,83.339
2025-10-07 11:00:00,92.182,85.646,79.772,79.049
2025-10-07 12:00:00,92.182,85.646,79.772,79.049
2025-10-07 13:00:00,92.182,85.646,79.772,79.049
2025-10-07 14:00:00,92.182,85.646,79.772,79.049
2025-10-07 15:00:00,92.182,85.646,79.772,79.049
2025-10-07 16:00:00,92.182,85.646,79.772,79.049
2025-10-07 17:00:00,86.312,84.497,81.819,80.76
2025-10-07 18:00:00,86.312,84.497,81.819,80.76
2025-10-07 19:00:00,86.312,84.497,81.819,80.76
2025-10-07 20:00:00,86.312,84.497,81.819,80.76
2025-10-07 21:00:00,86.312,84.497,81.819,80.76
2025-10-07 22:00:00,86.312,84.497,81.819,80.76
2025-10-07 23:00:00,87.322,86.716,84.125,83.939
2025-10-08 00:00:00,87.322,86.716,84.125,83.939
2025-10-08 01:00:00,87.322,86.716,84.125,83.939
2025-10-08 02:00:00,87.322,86.716,84.125,83.939
2025-10-08 03:00:00,87.322,86.716,84.125,83.939
2025-10-08 04:00:00,87.322,86.716,84.125,83.939
2025-10-08 05:00:00,90.223,89.972,87.596,87.84
2025-10-08 06:00:00,90.223,89.972,87.596,87.84
2025-10-08 07:00:00,90.223,89.972,87.596,87.84
2025-10-08 08:00:00,90.223,89.972,87.596,87.84
2025-10-08 09:00:00,90.223,89.972,87.596,87.84
2025-10-08 10:00:00,90.223,89.972,87.596,87.84
2025-10-08 11:00:00,88.251,86.827,83.319,85.087
2025-10-08 12:00:00,88.251,86.827,83.319,85.087
2025-10-08 13:00:00,88.251,86.827,83.319,85.087
2025-10-08 14:00:00,88.251,86.827,83.319,85.087
2025-10-08 15:00:00,88.251,86.827,83.319,85.087
2025-10-08 16:00:00,88.251,86.827,83.319,85.087
2025-10-08 17:00:00,87.63,89.414,88.544,90.146
2025-10-08 18:00:00,87.63,89.414,88.544,90.146
2025-10-08 19:00:00,87.63,89.414,88.544,90.146
2025-10-08 20:00:00,87.63,89.414,88.544,90.146
2025-10-08 21:00:00,87.63,89.414,88.544,90.146
2025-10-08 22:00:00,87.63,89.414,88.544,90.146
2025-10-08 23:00:00,95.052,95.865,93.816,93.882
2025-10-09 00:00:00,95.052,95.865,93.816,93.882
2025-10-09 01:00:00,95.052,95.865,93.816,93.882
2025-10-09 02:00:00,95.052,95.865,93.816,93.882
2025-10-09 03:00:00,95.052,95.865,93.816,93.882
2025-10-09 04:00:00,95.052,95.865,93.816,93.882
2025-10-09 05:00:00,99.29,98.92,96.446,94.853
2025-10-09 06:00:00,99.29,98.92,96.446,94.853
2025-10-09 07:00:00,99.29,98.92,96.446,94.853
2025-10-09 08:00:00,99.29,98.92,96.446,94.853
2025-10-09 09:00:00,99.29,98.92,96.446,94.853
2025-10-09 10:00:00,99.29,98.92,96.446,94.853
2025-10-09 11:00:00,103.176,107.603,107.383,107.749
2025-10-09 12:00:00,103.176,107.603,107.383,107.749
2025-10-09 13:00:00,103.176,107.603,107.383,107.749
2025-10-09 14:00:00,103.176,107.603,107.383,107.749
2025-10-09 15:00:00,103.176,107.603,107.383,107.749
2025-10-09 16:00:00,103.176,107.603,107.383,107.749
2025-10-09 17:00:00,111.436,112.356,109.976,106.334
2025-10-09 18:00:00,111.436,112.356,109.976,106.334
2025-10-09 19:00:00,111.436,112.356,109.976,106.334
2025-10-09 20:00:00,111.436,112.356,109.976,106.334
2025-10-09 21:00:00,111.436,112.356,109.976,106.334
2025-10-09 22:00:00,111.436,112.356,109.976,106.334
2025-10-09 23:00:00,111.995,109.708,106.119,100.469
2025-10-10 00:00:00,111.995,109.708,106.119,100.469
2025-10-10 01:00:00,111.995,109.708,106.119,100.469
2025-10-10 02:00:00,111.995,109.708,106.119,100.469
2025-10-10 03:00:00,111.995,109.708,106.119,100.469
2025-10-10 04:00:00,111.995,109.708,106.119,100.469
2025-10-10 05:00:00,102.78,103.317,102.381,103.635
2025-10-10 06:00:00,102.78,103.317,102.381,103.635
2025-10-10 07:00:00,102.78,103.317,102.381,103.635
2025-10-10 08:00:00,102.78,103.317,102.381,103.635
2025-10-10 09:00:00,102.78,103.317,102.381,103.635
2025-10-10 10:00:00,102.78,103.317,102.381,103.635
2025-10-10 11:00:00,107.832,107.998,105.537,102.958
2025-10-10 12:00:00,107.832,107.998,105.537,102.958
2025-10-10 13:00:00,107.832,107.998,105.537,102.958
2025-10-10 14:00:00,107.832,107.998,105.537,102.958
2025-10-10 15:00:00,107.832,107.998,105.537,102.958
2025-10-10 16:00:00,107.832,107.998,105.537,102.958
2025-10-10 17:00:00,109.149,107.662,104.552,101.317
2025-10-10 18:00:00,109.149,107.662,104.552,101.317
2025-10-10 19:00:00,109.149,107.662,104.552,101.317
2025-10-10 20:00:00,109.149,107.662,104.552,101.317
2025-10-10 21:00:00,109.149,107.662,104.552,101.317
2025-10-10 22:00:00,109.149,107.662,104.552,101.317
2025-10-10 23:00:00,107.809,105.835,102.591,98.908
2025-10-11 00:00:00,107.809,105.835,102.591,98.908
2025-10-11 01:00:00,107.809,105.835,102.591,98.908
2025-10-11 02:00:00,107.809,105.835,102.591,98.908
2025-10-11 03:00:00,107.809,105.835,102.591,98.908
2025-10-11 04:00:00,107.809,105.835,102.591,98.908
2025-10-11 05:00:00,105.315,103.01,99.601,95.085
2025-10-11 06:00:00,105.315,103.01,99.601,95.085
2025-10-11 07:00:00,105.315,103.01,99.601,95.085
2025-10-11 08:00:00,105.315,103.01,99.601,95.085
2025-10-11 09:00:00,105.315,103.01,99.601,95.085
2025-10-11 10:00:00,105.315,103.01,99.601,95.085
2025-10-11 11:00:00,99.692,98.456,94.723,89.612
2025-10-11 12:00:00,99.692,98.456,94.723,89.612
2025-10-11 13:00:00,99.692,98.456,94.723,89.612
2025-10-11 14:00:00,99.692,98.456,94.723,89.612
2025-10-11 15:00:00,99.692,98.456,94.723,89.612
2025-10-11 16:00:00,99.692,98.456,94.723,89.612
2025-10-11 17:00:00,97.211,94.468,90.85,86.773
2025-10-11 18:00:00,97.211,94.468,90.85,86.773
2025-10-11 19:00:00,97.211,94.468,90.85,86.773
2025-10-11 20:00:00,97.211,94.468,90.85,86.773
2025-10-11 21:00:00,97.211,94.468,90.85,86.773
2025-10-11 22:00:00,97.211,94.468,90.85,86.773
2025-10-11 23:00:00,94.472,92.369,89.134,86.701
2025-10-12 00:00:00,94.472,92.369,89.134,86.701
2025-10-12 01:00:00,94.472,92.369,89.134,86.701
2025-10-12 02:00:00,94.472,92.369,89.134,86.701
2025-10-12 03:00:00,94.472,92.369,89.134,86.701
2025-10-12 04:00:00,94.472,92.369,89.134,86.701
2025-10-12 05:00:00,93.564,92.106,89.169,86.942
2025-10-12 06:00:00,93.564,92.106,89.169,86.942
2025-10-12 07:00:00,93.564,92.106,89.169,86.942
2025-10-12 08:00:00,93.564,92.106,89.169,86.942
2025-10-12 09:00:00,93.564,92.106,89.169,86.942
2025-10-12 10:00:00,93.564,92.106,89.169,86.942
2025-10-12 11:00:00,84.397,82.894,79.796,77.303
2025-10-12 12:00:00,84.397,82.894,79.796,77.303
2025-10-12 13:00:00,84.397,82.894,79.796,77.303
2025-10-12 14:00:00,84.397,82.894,79.796,77.303
2025-10-12 15:00:00,84.397,82.894,79.796,77.303
2025-10-12 16:00:00,84.397,82.894,79.796,77.303
2025-10-12 17:00:00,83.985,82.292,79.306,76.246
2025-10-12 18:00:00,83.985,82.292,79.306,76.246
2025-10-12 19:00:00,83.985,82.292,79.306,76.246
2025-10-12 20:00:00,83.985,82.292,79.306,76.246
2025-10-12 21:00:00,83.985,82.292,79.306,76.246
2025-10-12 22:00:00,83.985,82.292,79.306,76.246
2025-10-12 23:00:00,83.484,81.858,78.931,76.878
2025-10-13 00:00:00,83.484,81.858,78.931,76.878
2025-10-13 01:00:00,83.484,81.858,78.931,76.878
2025-10-13 02:00:00,83.484,81.858,78.931,76.878
2025-10-13 03:00:00,83.484,81.858,78.931,76.878
2025-10-13 04:00:00,83.484,81.858,78.931,76.878
2025-10-13 05:00:00,84.161,83.174,80.596,80.164
2025-10-13 06:00:00,84.161,83.174,80.596,80.164
2025-10-13 07:00:00,84.161,83.174,80.596,80.164
2025-10-13 08:00:00,84.161,83.174,80.596,80.164
2025-10-13 09:00:00,84.161,83.174,80.596,80.164
2025-10-13 10:00:00,84.161,83.174,80.596,80.164
2025-10-13 11:00:00,105.377,110.09,110.327,111.423
2025-10-13 12:00:00,105.377,110.09,110.327,111.423
2025-10-13 13:00:00,105.377,110.09,110.327,111.423
2025-10-13 14:00:00,105.377,110.09,110.327,111.423
2025-10-13 15:00:00,105.377,110.09,110.327,111.423
2025-10-13 16:00:00,105.377,110.09,110.327,111.423
2025-10-13 17:00:00,113.199,112.457,109.369,100.667
2025-10-13 18:00:00,113.199,112.457,109.369,100.667
2025-10-13 19:00:00,113.199,112.457,109.369,100.667
2025-10-13 20:00:00,113.199,112.457,109.369,100.667
2025-10-13 21:00:00,113.199,112.457,109.369,100.667
2025-10-13 22:00:00,113.199,112.457,109.369,100.667
2025-10-13 23:00:00,107.936,103.41,98.732,89.843
2025-10-14 00:00:00,107.936,103.41,98.732,89.843
2025-10-14 01:00:00,107.936,103.41,98.732,89.843
2025-10-14 02:00:00,107.936,103.41,98.732,89.843
2025-10-14 03:00:00,107.936,103.41,98.732,89.843
2025-10-14 04:00:00,107.936,103.41,98.732,89.843
2025-10-14 05:00:00,100.271,101.078,100.027,91.569
2025-10-14 06:00:00,100.271,101.078,100.027,91.569
2025-10-14 07:00:00,100.271,101.078,100.027,91.569
2025-10-14 08:00:00,100.271,101.078,100.027,91.569
2025-10-14 09:00:00,100.271,101.078,100.027,91.569
2025-10-14 10:00:00,100.271,101.078,100.027,91.569
2025-10-14 11:00:00,101.123,98.968,95.225,94.158
2025-10-14 12:00:00,101.123,98.968,95.225,94.158
2025-10-14 13:00:00,101.123,98.968,95.225,94.158
2025-10-14 14:00:00,101.123,98.968,95.225,94.158
2025-10-14 15:00:00,101.123,98.968,95.225,94.158
2025-10-14 16:00:00,101.123,98.968,95.225,94.158
2025-10-14 17:00:00,100.68,99.379,96.723,94.207
2025-10-14 18:00:00,100.68,99.379,96.723,94.207
2025-10-14 19:00:00,100.68,99.379,96.723,94.207
2025-10-14 20:00:00,100.68,99.379,96.723,94.207
2025-10-14 21:00:00,100.68,99.379,96.723,94.207
2025-10-14 22:00:00,100.68,99.379,96.723,94.207
2025-10-14 23:00:00,100.739,99.269,96.322,93.109
2025-10-15 00:00:00,100.739,99.269,96.322,93.109
2025-10-15 01:00:00,100.739,99.269,96.322,93.109
2025-10-15 02:00:00,100.739,99.269,96.322,93.109
2025-10-15 03:00:00,100.739,99.269,96.322,93.109
2025-10-15 04:00:00,100.739,99.269,96.322,93.109
2025-10-15 05:00:00,101.807,101.395,100.579,103.734
2025-10-15 06:00:00,101.807,101.395,100.579,103.734
2025-10-15 07:00:00,101.807,101.395,100.579,103.734
2025-10-15 08:00:00,101.807,101.395,100.579,103.734
2025-10-15 09:00:00,101.807,101.395,100.579,103.734
2025-10-15 10:00:00,101.807,101.395,100.579,103.734
2025-10-15 11:00:00,104.26,103.591,100.684,105.294
2025-10-15 12:00:00,104.26,103.591,100.684,105.294
2025-10-15 13:00:00,104.26,103.591,100.684,105.294
2025-10-15 14:00:00,104.26,103.591,100.684,105.294
2025-10-15 15:00:00,104.26,103.591,100.684,105.294
2025-10-15 16:00:00,104.26,103.591,100.684,105.294
2025-10-15 17:00:00,104.867,103.408,100.461,100.248
2025-10-15 18:00:00,104.867,103.408,100.461,100.248
2025-10-15 19:00:00,104.867,103.408,100.461,100.248
2025-10-15 20:00:00,104.867,103.408,100.461,100.248
2025-10-15 21:00:00,104.867,103.408,100.461,100.248
2025-10-15 22:00:00,104.867,103.408,100.461,100.248
2025-10-15 23:00:00,103.734,101.806,98.573,93.543
2025-10-16 00:00:00,103.734,101.806,98.573,93.543
2025-10-16 01:00:00,103.734,101.806,98.573,93.543
2025-10-16 02:00:00,103.734,101.806,98.573,93.543
2025-10-16 03:00:00,103.734,101.806,98.573,93.543
2025-10-16 04:00:00,103.734,101.806,98.573,93.543
2025-10-16 05:00:00,88.839,89.692,90.415,79.553
2025-10-16 06:00:00,88.839,89.692,90.415,79.553
2025-10-16 07:00:00,88.839,89.692,90.415,79.553
2025-10-16 08:00:00,88.839,89.692,90.415,79.553
2025-10-16 09:00:00,88.839,89.692,90.415,79.553
2025-10-16 10:00:00,88.839,89.692,90.415,79.553
2025-10-16 11:00:00,92.527,91.933,88.777,95.594
2025-10-16 12:00:00,92.527,91.933,88.777,95.594
2025-10-16 13:00:00,92.527,91.933,88.777,95.594
2025-10-16 14:00:00,92.527,91.933,88.777,95.594
2025-10-16 15:00:00,92.527,91.933,88.777,95.594
2025-10-16 16:00:00,92.527,91.933,88.777,95.594
2025-10-16 17:00:00,99.687,101.56,100.659,101.629
2025-10-16 18:00:00,99.687,101.56,100.659,101.629
2025-10-16 19:00:00,99.687,101.56,100.659,101.629
2025-10-16 20:00:00,99.687,101.56,100.659,101.629
2025-10-16 21:00:00,99.687,101.56,100.659,101.629
2025-10-16 22:00:00,99.687,101.56,100.659,101.629
2025-10-16 23:00:00,105.191,104.945,102.333,97.119
2025-10-17 00:00:00,105.191,104.945,102.333,97.119
2025-10-17 01:00:00,105.191,104.945,102.333,97.119
2025-10-17 02:00:00,105.191,104.945,102.333,97.119
2025-10-17 03:00:00,105.191,104.945,102.333,97.119
2025-10-17 04:00:00,105.191,104.945,102.333,97.119
2025-10-17 05:00:00,91.303,92.898,92.196,96.223
2025-10-17 06:00:00,91.303,92.898,92.196,96.223
2025-10-17 07:00:00,91.303,92.898,92.196,96.223
2025-10-17 08:00:00,91.303,92.898,92.196,96.223
2025-10-17 09:00:00,91.303,92.898,92.196,96.223
2025-10-17 10:00:00,91.303,92.898,92.196,96.223
2025-10-17 11:00:00,103.129,106.205,105.59,112.308
2025-10-17 12:00:00,103.129,106.205,105.59,112.308
2025-10-17 13:00:00,103.129,106.205,105.59,112.308
2025-10-17 14:00:00,103.129,106.205,105.59,112.308
2025-10-17 15:00:00,103.129,106.205,105.59,112.308
2025-10-17 16:00:00,103.129,106.205,105.59,112.308
2025-10-17 17:00:00,113.73,115.416,113.956,110.076
2025-10-17 18:00:00,113.73,115.416,113.956,110.076
2025-10-17 19:00:00,113.73,115.416,113.956,110.076
2025-10-17 20:00:00,113.73,115.416,113.956,110.076
2025-10-17 21:00:00,113.73,115.416,113.956,110.076
2025-10-17 22:00:00,113.73,115.416,113.956,110.076
2025-10-17 23:00:00,114.441,111.926,108.124,98.979
2025-10-18 00:00:00,114.441,111.926,108.124,98.979
2025-10-18 01:00:00,114.441,111.926,108.124,98.979
2025-10-18 02:00:00,114.441,111.926,108.124,98.979
2025-10-18 03:00:00,114.441,111.926,108.124,98.979
2025-10-18 04:00:00,114.441,111.926,108.124,98.979
2025-10-18 05:00:00,85.652,89.718,90.604,77.123
2025-10-18 06:00:00,85.652,89.718,90.604,77.123
2025-10-18 07:00:00,85.652,89.718,90.604,77.123
2025-10-18 08:00:00,85.652,89.718,90.604,77.123
2025-10-18 09:00:00,85.652,89.718,90.604,77.123
2025-10-18 10:00:00,85.652,89.718,90.604,77.123
2025-10-18 11:00:00,89.038,86.566,82.346,83.042
2025-10-18 12:00:00,89.038,86.566,82.346,83.042
2025-10-18 13:00:00,89.038,86.566,82.346,83.042
2025-10-18 14:00:00,89.038,86.566,82.346,83.042
2025-10-18 15:00:00,89.038,86.566,82.346,83.042
2025-10-18 16:00:00,89.038,86.566,82.346,83.042
2025-10-18 17:00:00,89.076,88.35,86.106,84.082
2025-10-18 18:00:00,89.076,88.35,86.106,84.082
2025-10-18 19:00:00,89.076,88.35,86.106,84.082
2025-10-18 20:00:00,89.076,88.35,86.106,84.082
2025-10-18 21:00:00,89.076,88.35,86.106,84.082
2025-10-18 22:00:00,89.076,88.35,86.106,84.082
2025-10-18 23:00:00,89.606,88.193,85.121,79.914
2025-10-19 00:00:00,89.606,88.193,85.121,79.914
2025-10-19 01:00:00,89.606,88.193,85.121,79.914
2025-10-19 02:00:00,89.606,88.193,85.121,79.914
2025-10-19 03:00:00,89.606,88.193,85.121,79.914
2025-10-19 04:00:00,89.606,88.193,85.121,79.914
2025-10-19 05:00:00,87.924,85.67,82.274,78.912
2025-10-19 06:00:00,87.924,85.67,82.274,78.912
2025-10-19 07:00:00,87.924,85.67,82.274,78.912
2025-10-19 08:00:00,87.924,85.67,82.274,78.912
2025-10-19 09:00:00,87.924,85.67,82.274,78.912
2025-10-19 10:00:00,87.924,85.67,82.274,78.912
2025-10-19 11:00:00,89.475,89.936,87.675,85.325
2025-10-19 12:00:00,89.475,89.936,87.675,85.325
2025-10-19 13:00:00,89.475,89.936,87.675,85.325
2025-10-19 14:00:00,89.475,89.936,87.675,85.325
2025-10-19 15:00:00,89.475,89.936,87.675,85.325
2025-10-19 16:00:00,89.475,89.936,87.675,85.325
2025-10-19 17:00:00,92.529,91.56,88.762,87.051
2025-10-19 18:00:00,92.529,91.56,88.762,87.051
2025-10-19 19:00:00,92.529,91.56,88.762,87.051
2025-10-19 20:00:00,92.529,91.56,88.762,87.051
2025-10-19 21:00:00,92.529,91.56,88.762,87.051
2025-10-19 22:00:00,92.529,91.56,88.762,87.051
2025-10-19 23:00:00,94.303,93.052,90.275,88.244
2025-10-20 00:00:00,94.303,93.052,90.275,88.244
2025-10-20 01:00:00,94.303,93.052,90.275,88.244
2025-10-20 02:00:00,94.303,93.052,90.275,88.244
2025-10-20 03:00:00,94.303,93.052,90.275,88.244
2025-10-20 04:00:00,94.303,93.052,90.275,88.244
2025-10-20 05:00:00,95.51,93.758,90.794,87.733
2025-10-20 06:00:00,95.51,93.758,90.794,87.733
2025-10-20 07:00:00,95.51,93.758,90.794,87.733
2025-10-20 08:00:00,95.51,93.758,90.794,87.733
2025-10-20 09:00:00,95.51,93.758,90.794,87.733
2025-10-20 10:00:00,95.51,93.758,90.794,87.733
2025-10-20 11:00:00,87.972,84.039,79.998,79.056
2025-10-20 12:00:00,87.972,84.039,79.998,79.056
2025-10-20 13:00:00,87.972,84.039,79.998,79.056
2025-10-20 14:00:00,87.972,84.039,79.998,79.056
2025-10-20 15:00:00,87.972,84.039,79.998,79.056
2025-10-20 16:00:00,87.972,84.039,79.998,79.056
2025-10-20 17:00:00,86.217,84.615,82.0,79.68
2025-10-20 18:00:00,86.217,84.615,82.0,79.68
2025-10-20 19:00:00,86.217,84.615,82.0,79.68
2025-10-20 20:00:00,86.217,84.615,82.0,79.68
2025-10-20 21:00:00,86.217,84.615,82.0,79.68
2025-10-20 22:00:00,86.217,84.615,82.0,79.68
2025-10-20 23:00:00,87.057,85.71,82.903,80.939
2025-10-21 00:00:00,87.057,85.71,82.903,80.939
2025-10-21 01:00:00,87.057,85.71,82.903,80.939
2025-10-21 02:00:00,87.057,85.71,82.903,80.939
2025-10-21 03:00:00,87.057,85.71,82.903,80.939
2025-10-21 04:00:00,87.057,85.71,82.903,80.939
2025-10-21 05:00:00,88.426,87.329,84.612,83.332
2025-10-21 06:00:00,88.426,87.329,84.612,83.332
2025-10-21 07:00:00,88.426,87.329,84.612,83.332
2025-10-21 08:00:00,88.426,87.329,84.612,83.332
2025-10-21 09:00:00,88.426,87.329,84.612,83.332
2025-10-21 10:00:00,88.426,87.329,84.612,83.332
2025-10-21 11:00:00,91.312,93.107,91.805,96.093
2025-10-21 12:00:00,91.312,93.107,91.805,96.093
2025-10-21 13:00:00,91.312,93.107,91.805,96.093
2025-10-21 14:00:00,91.312,93.107,91.805,96.093
2025-10-21 15:00:00,91.312,93.107,91.805,96.093
2025-10-21 16:00:00,91.312,93.107,91.805,96.093
2025-10-21 17:00:00,99.715,100.697,98.909,96.463
2025-10-21 18:00:00,99.715,100.697,98.909,96.463
2025-10-21 19:00:00,99.715,100.697,98.909,96.463
2025-10-21 20:00:00,99.715,100.697,98.909,96.463
2025-10-21 21:00:00,99.715,100.697,98.909,96.463
2025-10-21 22:00:00,99.715,100.697,98.909,96.463
2025-10-21 23:00:00,101.699,99.909,96.488,89.902
2025-10-22 00:00:00,101.699,99.909,96.488,89.902
2025-10-22 01:00:00,101.699,99.909,96.488,89.902
2025-10-22 02:00:00,101.699,99.909,96.488,89.902
2025-10-22 03:00:00,101.699,99.909,96.488,89.902
2025-10-22 04:00:00,101.699,99.909,96.488,89.902
2025-10-22 05:00:00,86.979,88.316,87.91,86.597
2025-10-22 06:00:00,86.979,88.316,87.91,86.597
2025-10-22 07:00:00,86.979,88.316,87.91,86.597
2025-10-22 08:00:00,86.979,88.316,87.91,86.597
2025-10-22 09:00:00,86.979,88.316,87.91,86.597
2025-10-22 10:00:00,86.979,88.316,87.91,86.597
2025-10-22 11:00:00,95.317,96.711,94.934,100.238
2025-10-22 12:00:00,95.317,96.711,94.934,100.238
2025-10-22 13:00:00,95.317,96.711,94.934,100.238
2025-10-22 14:00:00,95.317,96.711,94.934,100.238
2025-10-22 15:00:00,95.317,96.711,94.934,100.238
2025-10-22 16:00:00,95.317,96.711,94.934,100.238
2025-10-22 17:00:00,103.988,105.422,103.966,102.667
2025-10-22 18:00:00,103.988,105.422,103.966,102.667
2025-10-22 19:00:00,103.988,105.422,103.966,102.667
2025-10-22 20:00:00,103.988,105.422,103.966,102.667
2025-10-22 21:00:00,103.988,105.422,103.966,102.667
2025-10-22 22:00:00,103.988,105.422,103.966,102.667
2025-10-22 23:00:00,107.169,105.875,102.681,96.123
2025-10-23 00:00:00,107.169,105.875,102.681,96.123
2025-10-23 01:00:00,107.169,105.875,102.681,96.123
2025-10-23 02:00:00,107.169,105.875,102.681,96.123
2025-10-23 03:00:00,107.169,105.875,102.681,96.123
2025-10-23 04:00:00,107.169,105.875,102.681,96.123
2025-10-23 05:00:00,103.712,100.481,96.453,90.056
2025-10-23 06:00:00,103.712,100.481,96.453,90.056
2025-10-23 07:00:00,103.712,100.481,96.453,90.056
2025-10-23 08:00:00,103.712,100.481,96.453,90.056
2025-10-23 09:00:00,103.712,100.481,96.453,90.056
2025-10-23 10:00:00,103.712,100.481,96.453,90.056
2025-10-23 11:00:00,100.402,99.647,96.675,94.216
2025-10-23 12:00:00,100.402,99.647,96.675,94.216
2025-10-23 13:00:00,100.402,99.647,96.675,94.216
2025-10-23 14:00:00,100.402,99.647,96.675,94.216
2025-10-23 15:00:00,100.402,99.647,96.675,94.216
2025-10-23 16:00:00,100.402,99.647,96.675,94.216
2025-10-23 17:00:00,101.751,100.667,97.968,96.493
2025-10-23 18:00:00,101.751,100.667,97.968,96.493
2025-10-23 19:00:00,101.751,100.667,97.968,96.493
2025-10-23 20:00:00,101.751,100.667,97.968,96.493
2025-10-23 21:00:00,101.751,100.667,97.968,96.493
2025-10-23 22:00:00,101.751,100.667,97.968,96.493
2025-10-23 23:00:00,102.122,100.732,97.745,92.784
2025-10-24 00:00:00,102.122,100.732,97.745,92.784
2025-10-24 01:00:00,102.122,100.732,97.745,92.784
2025-10-24 02:00:00,102.122,100.732,97.745,92.784
2025-10-24 03:00:00,102.122,100.732,97.745,92.784
2025-10-24 04:00:00,102.122,100.732,97.745,92.784
2025-10-24 05:00:00,91.072,92.555,93.35,90.679
2025-10-24 06:00:00,91.072,92.555,93.35,90.679
2025-10-24 07:00:00,91.072,92.555,93.35,90.679
2025-10-24 08:00:00,91.072,92.555,93.35,90.679
2025-10-24 09:00:00,91.072,92.555,93.35,90.679
2025-10-24 10:00:00,91.072,92.555,93.35,90.679
2025-10-24 11:00:00,96.347,96.186,93.567,90.872
2025-10-24 12:00:00,96.347,96.186,93.567,90.872
2025-10-24 13:00:00,96.347,96.186,93.567,90.872
2025-10-24 14:00:00,96.347,96.186,93.567,90.872
2025-10-24 15:00:00,96.347,96.186,93.567,90.872
2025-10-24 16:00:00,96.347,96.186,93.567,90.872
2025-10-24 17:00:00,97.711,96.386,93.692,90.832
2025-10-24 18:00:00,97.711,96.386,93.692,90.832
2025-10-24 19:00:00,97.711,96.386,93.692,90.832
2025-10-24 20:00:00,97.711,96.386,93.692,90.832
2025-10-24 21:00:00,97.711,96.386,93.692,90.832
2025-10-24 22:00:00,97.711,96.386,93.692,90.832
2025-10-24 23:00:00,97.734,96.318,93.442,90.271
2025-10-25 00:00:00,97.734,96.318,93.442,90.271
2025-10-25 01:00:00,97.734,96.318,93.442,90.271
2025-10-25 02:00:00,97.734,96.318,93.442,90.271
2025-10-25 03:00:00,97.734,96.318,93.442,90.271
2025-10-25 04:00:00,97.734,96.318,93.442,90.271
2025-10-25 05:00:00,91.636,94.301,94.642,89.644
2025-10-25 06:00:00,91.636,94.301,94.642,89.644
2025-10-25 07:00:00,91.636,94.301,94.642,89.644
2025-10-25 08:00:00,91.636,94.301,94.642,89.644
2025-10-25 09:00:00,91.636,94.301,94.642,89.644
2025-10-25 10:00:00,91.636,94.301,94.642,89.644
2025-10-25 11:00:00,96.912,96.061,93.139,91.185
2025-10-25 12:00:00,96.912,96.061,93.139,91.185
2025-10-25 13:00:00,96.912,96.061,93.139,91.185
2025-10-25 14:00:00,96.912,96.061,93.139,91.185
2025-10-25 15:00:00,96.912,96.061,93.139,91.185
2025-10-25 16:00:00,96.912,96.061,93.139,91.185
2025-10-25 17:00:00,98.553,97.504,95.097,93.767
2025-10-25 18:00:00,98.553,97.504,95.097,93.767
2025-10-25 19:00:00,98.553,97.504,95.097,93.767
2025-10-25 20:00:00,98.553,97.504,95.097,93.767
2025-10-25 21:00:00,98.553,97.504,95.097,93.767
2025-10-25 22:00:00,98.553,97.504,95.097,93.767
2025-10-25 23:00:00,100.782,99.989,97.542,95.989
2025-10-26 00:00:00,100.782,99.989,97.542,95.989
2025-10-26 01:00:00,100.782,99.989,97.542,95.989
2025-10-26 02:00:00,100.782,99.989,97.542,95.989
2025-10-26 03:00:00,100.782,99.989,97.542,95.989
2025-10-26 04:00:00,100.782,99.989,97.542,95.989
2025-10-26 05:00:00,103.003,101.816,99.187,96.775
2025-10-26 06:00:00,103.003,101.816,99.187,96.775
2025-10-26 07:00:00,103.003,101.816,99.187,96.775
2025-10-26 08:00:00,103.003,101.816,99.187,96.775
2025-10-26 09:00:00,103.003,101.816,99.187,96.775
2025-10-26 10:00:00,103.003,101.816,99.187,96.775
2025-10-26 11:00:00,89.528,88.597,85.965,88.07
2025-10-26 12:00:00,89.528,88.597,85.965,88.07
2025-10-26 13:00:00,89.528,88.597,85.965,88.07
2025-10-26 14:00:00,89.528,88.597,85.965,88.07
2025-10-26 15:00:00,89.528,88.597,85.965,88.07
2025-10-26 16:00:00,89.528,88.597,85.965,88.07
2025-10-26 17:00:00,94.151,93.963,92.324,91.622
2025-10-26 18:00:00,94.151,93.963,92.324,91.622
2025-10-26 19:00:00,94.151,93.963,92.324,91.622
2025-10-26 20:00:00,94.151,93.963,92.324,91.622
2025-10-26 21:00:00,94.151,93.963,92.324,91.622
2025-10-26 22:00:00,94.151,93.963,92.324,91.622
2025-10-26 23:00:00,97.391,95.982,93.476,89.153
2025-10-27 00:00:00,97.391,95.982,93.476,89.153
2025-10-27 01:00:00,97.391,95.982,93.476,89.153
2025-10-27 02:00:00,97.391,95.982,93.476,89.153
2025-10-27 03:00:00,97.391,95.982,93.476,89.153
2025-10-27 04:00:00,97.391,95.982,93.476,89.153
2025-10-27 05:00:00,97.164,94.429,91.382,87.432
2025-10-27 06:00:00,97.164,94.429,91.382,87.432
2025-10-27 07:00:00,97.164,94.429,91.382,87.432
2025-10-27 08:00:00,97.164,94.429,91.382,87.432
2025-10-27 09:00:00,97.164,94.429,91.382,87.432
2025-10-27 10:00:00,97.164,94.429,91.382,87.432
2025-10-27 11:00:00,83.7,78.547,73.041,92.721
2025-10-27 12:00:00,83.7,78.547,73.041,92.721
2025-10-27 13:00:00,83.7,78.547,73.041,92.721
2025-10-27 14:00:00,83.7,78.547,73.041,92.721
2025-10-27 15:00:00,83.7,78.547,73.041,92.721
2025-10-27 16:00:00,83.7,78.547,73.041,92.721
2025-10-27 17:00:00,89.674,92.928,93.617,88.552
2025-10-27 18:00:00,89.674,92.928,93.617,88.552
2025-10-27 19:00:00,89.674,92.928,93.617,88.552
2025-10-27 20:00:00,89.674,92.928,93.617,88.552
2025-10-27 21:00:00,89.674,92.928,93.617,88.552
2025-10-27 22:00:00,89.674,92.928,93.617,88.552
2025-10-27 23:00:00,95.572,94.181,91.006,87.255
2025-10-28 00:00:00,95.572,94.181,91.006,87.255
2025-10-28 01:00:00,95.572,94.181,91.006,87.255
2025-10-28 02:00:00,95.572,94.181,91.006,87.255
2025-10-28 03:00:00,95.572,94.181,91.006,87.255
2025-10-28 04:00:00,95.572,94.181,91.006,87.255
2025-10-28 05:00:00,88.735,89.906,89.966,91.376
2025-10-28 06:00:00,88.735,89.906,89.966,91.376
2025-10-28 07:00:00,88.735,89.906,89.966,91.376
2025-10-28 08:00:00,88.735,89.906,89.966,91.376
2025-10-28 09:00:00,88.735,89.906,89.966,91.376
2025-10-28 10:00:00,88.735,89.906,89.966,91.376
2025-10-28 11:00:00,95.71,96.094,94.066,90.951
2025-10-28 12:00:00,95.71,96.094,94.066,90.951
2025-10-28 13:00:00,95.71,96.094,94.066,90.951
2025-10-28 14:00:00,95.71,96.094,94.066,90.951
2025-10-28 15:00:00,95.71,96.094,94.066,90.951
2025-10-28 16:00:00,95.71,96.094,94.066,90.951
2025-10-28 17:00:00,98.057,96.505,93.751,90.582
2025-10-28 18:00:00,98.057,96.505,93.751,90.582
2025-10-28 19:00:00,98.057,96.505,93.751,90.582
2025-10-28 20:00:00,98.057,96.505,93.751,90.582
2025-10-28 21:00:00,98.057,96.505,93.751,90.582
2025-10-28 22:00:00,98.057,96.505,93.751,90.582
2025-10-28 23:00:00,98.387,96.871,94.253,92.325
2025-10-29 00:00:00,98.387,96.871,94.253,92.325
2025-10-29 01:00:00,98.387,96.871,94.253,92.325
2025-10-29 02:00:00,98.387,96.871,94.253,92.325
2025-10-29 03:00:00,98.387,96.871,94.253,92.325
2025-10-29 04:00:00,98.387,96.871,94.253,92.325
2025-10-29 05:00:00,100.073,99.278,97.039,96.604
2025-10-29 06:00:00,100.073,99.278,97.039,96.604
2025-10-29 07:00:00,100.073,99.278,97.039,96.604
2025-10-29 08:00:00,100.073,99.278,97.039,96.604
2025-10-29 09:00:00,100.073,99.278,97.039,96.604
2025-10-29 10:00:00,100.073,99.278,97.039,96.604
2025-10-29 11:00:00,101.834,102.586,100.627,98.224
2025-10-29 12:00:00,101.834,102.586,100.627,98.224
2025-10-29 13:00:00,101.834,102.586,100.627,98.224
2025-10-29 14:00:00,101.834,102.586,100.627,98.224
2025-10-29 15:00:00,101.834,102.586,100.627,98.224
2025-10-29 16:00:00,101.834,102.586,100.627,98.224
2025-10-29 17:00:00,105.05,103.401,100.759,97.17
2025-10-29 18:00:00,105.05,103.401,100.759,97.17
2025-10-29 19:00:00,105.05,103.401,100.759,97.17
2025-10-29 20:00:00,105.05,103.401,100.759,97.17
2025-10-29 21:00:00,105.05,103.401,100.759,97.17
2025-10-29 22:00:00,105.05,103.401,100.759,97.17
2025-10-29 23:00:00,105.003,102.341,99.462,95.481
2025-10-30 00:00:00,105.003,102.341,99.462,95.481
2025-10-30 01:00:00,105.003,102.341,99.462,95.481
2025-10-30 02:00:00,105.003,102.341,99.462,95.481
2025-10-30 03:00:00,105.003,102.341,99.462,95.481
2025-10-30 04:00:00,105.003,102.341,99.462,95.481
2025-10-30 05:00:00,103.874,101.041,98.16,94.692
2025-10-30 06:00:00,103.874,101.041,98.16,94.692
2025-10-30 07:00:00,103.874,101.041,98.16,94.692
2025-10-30 08:00:00,103.874,101.041,98.16,94.692
2025-10-30 09:00:00,103.874,101.041,98.16,94.692
2025-10-30 10:00:00,103.874,101.041,98.16,94.692
2025-10-30 11:00:00,97.137,95.424,92.45,92.279
2025-10-30 12:00:00,97.137,95.424,92.45,92.279
2025-10-30 13:00:00,97.137,95.424,92.45,92.279
2025-10-30 14:00:00,97.137,95.424,92.45,92.279
2025-10-30 15:00:00,97.137,95.424,92.45,92.279
2025-10-30 16:00:00,97.137,95.424,92.45,92.279
2025-10-30 17:00:00,98.476,97.287,95.075,91.915
2025-10-30 18:00:00,98.476,97.287,95.075,91.915
2025-10-30 19:00:00,98.476,97.287,95.075,91.915
2025-10-30 20:00:00,98.476,97.287,95.075,91.915
2025-10-30 21:00:00,98.476,97.287,95.075,91.915
2025-10-30 22:00:00,98.476,97.287,95.075,91.915
2025-10-30 23:00:00,99.094,97.339,94.613,91.22
2025-10-31 00:00:00,99.094,97.339,94.613,91.22
2025-10-31 01:00:00,99.094,97.339,94.613,91.22
2025-10-31 02:00:00,99.094,97.339,94.613,91.22
2025-10-31 03:00:00,99.094,97.339,94.613,91.22
2025-10-31 04:00:00,99.094,97.339,94.613,91.22
2025-10-31 05:00:00,97.099,102.279,103.849,103.522
2025-10-31 06:00:00,97.099,102.279,103.849,103.522
2025-10-31 07:00:00,97.099,102.279,103.849,103.522
2025-10-31 08:00:00,97.099,102.279,103.849,103.522
2025-10-31 09:00:00,97.099,102.279,103.849,103.522
2025-10-31 10:00:00,97.099,102.279,103.849,103.522
2025-10-31 11:00:00,111.957,114.201,113.004,119.107
2025-10-31 12:00:00,111.957,114.201,113.004,119.107
2025-10-31 13:00:00,111.957,114.201,113.004,119.107
2025-10-31 14:00:00,111.957,114.201,113.004,119.107
2025-10-31 15:00:00,111.957,114.201,113.004,119.107
2025-10-31 16:00:00,111.957,114.201,113.004,119.107
2025-10-31 17:00:00,121.811,123.051,121.77,118.597
2025-10-31 18:00:00,121.811,123.051,121.77,118.597
2025-10-31 19:00:00,121.811,123.051,121.77,118.597
2025-10-31 20:00:00,121.811,123.051,121.77,118.597
2025-10-31 21:00:00,121.811,123.051,121.77,118.597
2025-10-31 22:00:00,121.811,123.051,121.77,118.597
2025-10-31 23:00:00,123.751,121.642,118.414,110.973
2025-11-01 00:00:00,123.751,121.642,118.414,110.973
2025-11-01 01:00:00,123.751,121.642,118.414,110.973
2025-11-01 02:00:00,123.751,121.642,118.414,110.973
2025-11-01 03:00:00,123.751,121.642,118.414,110.973
2025-11-01 04:00:00,123.751,121.642,118.414,110.973
2025-11-01 05:00:00,118.471,116.476,114.497,97.902
2025-11-01 06:00:00,118.471,116.476,114.497,97.902
2025-11-01 07:00:00,118.471,116.476,114.497,97.902
2025-11-01 08:00:00,118.471,116.476,114.497,97.902
2025-11-01 09:00:00,118.471,116.476,114.497,97.902
2025-11-01 10:00:00,118.471,116.476,114.497,97.902
2025-11-01 11:00:00,117.231,115.164,112.035,109.328
2025-11-01 12:00:00,117.231,115.164,112.035,109.328
2025-11-01 13:00:00,117.231,115.164,112.035,109.328
2025-11-01 14:00:00,117.231,115.164,112.035,109.328
2025-11-01 15:00:00,117.231,115.164,112.035,109.328
2025-11-01 16:00:00,117.231,115.164,112.035,109.328
2025-11-01 17:00:00,117.559,116.128,113.719,112.547
2025-11-01 18:00:00,117.559,116.128,113.719,112.547
2025-11-01 19:00:00,117.559,116.128,113.719,112.547
2025-11-01 20:00:00,117.559,116.128,113.719,112.547
2025-11-01 21:00:00,117.559,116.128,113.719,112.547
2025-11-01 22:00:00,117.559,116.128,113.719,112.547
2025-11-01 23:00:00,119.377,117.675,115.292,111.875
2025-11-02 00:00:00,119.377,117.675,115.292,111.875
2025-11-02 01:00:00,119.377,117.675,115.292,111.875
2025-11-02 02:00:00,119.377,117.675,115.292,111.875
2025-11-02 03:00:00,119.377,117.675,115.292,111.875
2025-11-02 04:00:00,119.377,117.675,115.292,111.875
2025-11-02 05:00:00,121.102,118.268,115.713,113.751
2025-11-02 06:00:00,121.102,118.268,115.713,113.751
2025-11-02 07:00:00,121.102,118.268,115.713,113.751
2025-11-02 08:00:00,121.102,118.268,115.713,113.751
2025-11-02 09:00:00,121.102,118.268,115.713,113.751
2025-11-02 10:00:00,121.102,118.268,115.713,113.751
2025-11-02 11:00:00,106.858,104.168,101.648,100.027
2025-11-02 12:00:00,106.858,104.168,101.648,100.027
2025-11-02 13:00:00,106.858,104.168,101.648,100.027
2025-11-02 14:00:00,106.858,104.168,101.648,100.027
2025-11-02 15:00:00,106.858,104.168,101.648,100.027
2025-11-02 16:00:00,106.858,104.168,101.648,100.027
2025-11-02 17:00:00,109.529,107.172,105.0,104.431
2025-11-02 18:00:00,109.529,107.172,105.0,104.431
2025-11-02 19:00:00,109.529,107.172,105.0,104.431
2025-11-02 20:00:00,109.529,107.172,105.0,104.431
2025-11-02 21:00:00,109.529,107.172,105.0,104.431
2025-11-02 22:00:00,109.529,107.172,105.0,104.431
2025-11-02 23:00:00,112.468,110.39,108.28,106.199
2025-11-03 00:00:00,112.468,110.39,108.28,106.199
2025-11-03 01:00:00,112.468,110.39,108.28,106.199
2025-11-03 02:00:00,112.468,110.39,108.28,106.199
2025-11-03 03:00:00,112.468,110.39,108.28,106.199
2025-11-03 04:00:00,112.468,110.39,108.28,106.199
2025-11-03 05:00:00,115.298,113.348,111.217,110.703
2025-11-03 06:00:00,115.298,113.348,111.217,110.703
2025-11-03 07:00:00,115.298,113.348,111.217,110.703
2025-11-03 08:00:00,115.298,113.348,111.217,110.703
2025-11-03 09:00:00,115.298,113.348,111.217,110.703
2025-11-03 10:00:00,115.298,113.348,111.217,110.703
2025-11-03 11:00:00,102.634,102.811,101.383,106.699
2025-11-03 12:00:00,102.634,102.811,101.383,106.699
2025-11-03 13:00:00,102.634,102.811,101.383,106.699
2025-11-03 14:00:00,102.634,102.811,101.383,106.699
2025-11-03 15:00:00,102.634,102.811,101.383,106.699
2025-11-03 16:00:00,102.634,102.811,101.383,106.699
2025-11-03 17:00:00,111.73,112.449,111.049,109.736
2025-11-03 18:00:00,111.73,112.449,111.049,109.736
2025-11-03 19:00:00,111.73,112.449,111.049,109.736
2025-11-03 20:00:00,111.73,112.449,111.049,109.736
2025-11-03 21:00:00,111.73,112.449,111.049,109.736
2025-11-03 22:00:00,111.73,112.449,111.049,109.736
2025-11-03 23:00:00,116.114,114.407,111.495,106.414
2025-11-04 00:00:00,116.114,114.407,111.495,106.414
2025-11-04 01:00:00,116.114,114.407,111.495,106.414
2025-11-04 02:00:00,116.114,114.407,111.495,106.414
2025-11-04 03:00:00,116.114,114.407,111.495,106.414
2025-11-04 04:00:00,116.114,114.407,111.495,106.414
2025-11-04 05:00:00,115.262,112.057,108.596,104.002
2025-11-04 06:00:00,115.262,112.057,108.596,104.002
2025-11-04 07:00:00,115.262,112.057,108.596,104.002
2025-11-04 08:00:00,115.262,112.057,108.596,104.002
2025-11-04 09:00:00,115.262,112.057,108.596,104.002
2025-11-04 10:00:00,115.262,112.057,108.596,104.002
2025-11-04 11:00:00,126.307,129.678,129.377,140.077
2025-11-04 12:00:00,126.307,129.678,129.377,140.077
2025-11-04 13:00:00,126.307,129.678,129.377,140.077
2025-11-04 14:00:00,126.307,129.678,129.377,140.077
2025-11-04 15:00:00,126.307,129.678,129.377,140.077
2025-11-04 16:00:00,126.307,129.678,129.377,140.077
2025-11-04 17:00:00,142.188,143.61,142.823,139.375
2025-11-04 18:00:00,142.188,143.61,142.823,139.375
2025-11-04 19:00:00,142.188,143.61,142.823,139.375
2025-11-04 20:00:00,142.188,143.61,142.823,139.375
2025-11-04 21:00:00,142.188,143.61,142.823,139.375
2025-11-04 22:00:00,142.188,143.61,142.823,139.375
2025-11-04 23:00:00,145.049,140.842,137.013,125.651
2025-11-05 00:00:00,145.049,140.842,137.013,125.651
2025-11-05 01:00:00,145.049,140.842,137.013,125.651
2025-11-05 02:00:00,145.049,140.842,137.013,125.651
2025-11-05 03:00:00,145.049,140.842,137.013,125.651
2025-11-05 04:00:00,145.049,140.842,137.013,125.651
2025-11-05 05:00:00,136.361,129.466,124.555,114.885
2025-11-05 06:00:00,136.361,129.466,124.555,114.885
2025-11-05 07:00:00,136.361,129.466,124.555,114.885
2025-11-05 08:00:00,136.361,129.466,124.555,114.885
2025-11-05 09:00:00,136.361,129.466,124.555,114.885
2025-11-05 10:00:00,136.361,129.466,124.555,114.885
2025-11-05 11:00:00,136.816,139.997,140.219,151.141
2025-11-05 12:00:00,136.816,139.997,140.219,151.141
2025-11-05 13:00:00,136.816,139.997,140.219,151.141
2025-11-05 14:00:00,136.816,139.997,140.219,151.141
2025-11-05 15:00:00,136.816,139.997,140.219,151.141
2025-11-05 16:00:00,136.816,139.997,140.219,151.141
2025-11-05 17:00:00,152.425,154.239,153.277,148.843
2025-11-05 18:00:00,152.425,154.239,153.277,148.843
2025-11-05 19:00:00,152.425,154.239,153.277,148.843
2025-11-05 20:00:00,152.425,154.239,153.277,148.843
2025-11-05 21:00:00,152.425,154.239,153.277,148.843
2025-11-05 22:00:00,152.425,154.239,153.277,148.843
2025-11-05 23:00:00,154.545,150.357,146.193,134.12
2025-11-06 00:00:00,154.545,150.357,146.193,134.12
2025-11-06 01:00:00,154.545,150.357,146.193,134.12
2025-11-06 02:00:00,154.545,150.357,146.193,134.12
2025-11-06 03:00:00,154.545,150.357,146.193,134.12
2025-11-06 04:00:00,154.545,150.357,146.193,134.12
2025-11-06 05:00:00,145.808,138.776,133.636,124.581
2025-11-06 06:00:00,145.808,138.776,133.636,124.581
2025-11-06 07:00:00,145.808,138.776,133.636,124.581
2025-11-06 08:00:00,145.808,138.776,133.636,124.581
2025-11-06 09:00:00,145.808,138.776,133.636,124.581
2025-11-06 10:00:00,145.808,138.776,133.636,124.581
2025-11-06 11:00:00,126.673,123.569,119.716,122.264
2025-11-06 12:00:00,126.673,123.569,119.716,122.264
2025-11-06 13:00:00,126.673,123.569,119.716,122.264
2025-11-06 14:00:00,126.673,123.569,119.716,122.264
2025-11-06 15:00:00,126.673,123.569,119.716,122.264
2025-11-06 16:00:00,126.673,123.569,119.716,122.264
2025-11-06 17:00:00,129.784,127.289,124.994,121.039
2025-11-06 18:00:00,129.784,127.289,124.994,121.039
2025-11-06 19:00:00,129.784,127.289,124.994,121.039
2025-11-06 20:00:00,129.784,127.289,124.994,121.039
2025-11-06 21:00:00,129.784,127.289,124.994,121.039
2025-11-06 22:00:00,129.784,127.289,124.994,121.039
2025-11-06 23:00:00,130.158,125.581,121.868,115.023
2025-11-07 00:00:00,130.158,125.581,121.868,115.023
2025-11-07 01:00:00,130.158,125.581,121.868,115.023
2025-11-07 02:00:00,130.158,125.581,121.868,115.023
2025-11-07 03:00:00,130.158,125.581,121.868,115.023
2025-11-07 04:00:00,130.158,125.581,121.868,115.023
2025-11-07 05:00:00,126.999,121.259,117.207,112.194
2025-11-07 06:00:00,126.999,121.259,117.207,112.194
2025-11-07 07:00:00,126.999,121.259,117.207,112.194
2025-11-07 08:00:00,126.999,121.259,117.207,112.194
2025-11-07 09:00:00,126.999,121.259,117.207,112.194
2025-11-07 10:00:00,126.999,121.259,117.207,112.194
2025-11-07 11:00:00,113.233,109.784,106.926,107.333
2025-11-07 12:00:00,113.233,109.784,106.926,107.333
2025-11-07 13:00:00,113.233,109.784,106.926,107.333
2025-11-07 14:00:00,113.233,109.784,106.926,107.333
2025-11-07 15:00:00,113.233,109.784,106.926,107.333
2025-11-07 16:00:00,113.233,109.784,106.926,107.333
2025-11-07 17:00:00,117.314,113.085,110.423,106.875
2025-11-07 18:00:00,117.314,113.085,110.423,106.875
2025-11-07 19:00:00,117.314,113.085,110.423,106.875
2025-11-07 20:00:00,117.314,113.085,110.423,106.875
2025-11-07 21:00:00,117.314,113.085,110.423,106.875
2025-11-07 22:00:00,117.314,113.085,110.423,106.875
2025-11-07 23:00:00,118.228,112.987,109.637,105.519
2025-11-08 00:00:00,118.228,112.987,109.637,105.519
2025-11-08 01:00:00,118.228,112.987,109.637,105.519
2025-11-08 02:00:00,118.228,112.987,109.637,105.519
2025-11-08 03:00:00,118.228,112.987,109.637,105.519
2025-11-08 04:00:00,118.228,112.987,109.637,105.519
2025-11-08 05:00:00,118.018,112.998,109.852,107.883
2025-11-08 06:00:00,118.018,112.998,109.852,107.883
2025-11-08 07:00:00,118.018,112.998,109.852,107.883
2025-11-08 08:00:00,118.018,112.998,109.852,107.883
2025-11-08 09:00:00,118.018,112.998,109.852,107.883
2025-11-08 10:00:00,118.018,112.998,109.852,107.883
2025-11-08 11:00:00,112.172,110.841,108.727,111.823
2025-11-08 12:00:00,112.172,110.841,108.727,111.823
2025-11-08 13:00:00,112.172,110.841,108.727,111.823
2025-11-08 14:00:00,112.172,110.841,108.727,111.823
2025-11-08 15:00:00,112.172,110.841,108.727,111.823
2025-11-08 16:00:00,112.172,110.841,108.727,111.823
2025-11-08 17:00:00,119.269,117.244,115.189,112.063
2025-11-08 18:00:00,119.269,117.244,115.189,112.063
2025-11-08 19:00:00,119.269,117.244,115.189,112.063
2025-11-08 20:00:00,119.269,117.244,115.189,112.063
2025-11-08 21:00:00,119.269,117.244,115.189,112.063
2025-11-08 22:00:00,119.269,117.244,115.189,112.063
2025-11-08 23:00:00,120.776,116.831,113.453,107.396
2025-11-09 00:00:00,120.776,116.831,113.453,107.396
2025-11-09 01:00:00,120.776,116.831,113.453,107.396
2025-11-09 02:00:00,120.776,116.831,113.453,107.396
2025-11-09 03:00:00,120.776,116.831,113.453,107.396
2025-11-09 04:00:00,120.776,116.831,113.453,107.396
2025-11-09 05:00:00,105.785,106.399,108.042,110.155
2025-11-09 06:00:00,105.785,106.399,108.042,110.155
2025-11-09 07:00:00,105.785,106.399,108.042,110.155
2025-11-09 08:00:00,105.785,106.399,108.042,110.155
2025-11-09 09:00:00,105.785,106.399,108.042,110.155
2025-11-09 10:00:00,105.785,106.399,108.042,110.155
2025-11-09 11:00:00,120.951,122.996,122.368,131.644
2025-11-09 12:00:00,120.951,122.996,122.368,131.644
2025-11-09 13:00:00,120.951,122.996,122.368,131.644
2025-11-09 14:00:00,120.951,122.996,122.368,131.644
2025-11-09 15:00:00,120.951,122.996,122.368,131.644
2025-11-09 16:00:00,120.951,122.996,122.368,131.644
2025-11-09 17:00:00,135.539,136.842,136.08,134.684
2025-11-09 18:00:00,135.539,136.842,136.08,134.684
2025-11-09 19:00:00,135.539,136.842,136.08,134.684
2025-11-09 20:00:00,135.539,136.842,136.08,134.684
2025-11-09 21:00:00,135.539,136.842,136.08,134.684
2025-11-09 22:00:00,135.539,136.842,136.08,134.684
2025-11-09 23:00:00,139.718,136.612,133.189,122.911
2025-11-10 00:00:00,139.718,136.612,133.189,122.911
2025-11-10 01:00:00,139.718,136.612,133.189,122.911
2025-11-10 02:00:00,139.718,136.612,133.189,122.911
2025-11-10 03:00:00,139.718,136.612,133.189,122.911
2025-11-10 04:00:00,139.718,136.612,133.189,122.911
2025-11-10 05:00:00,117.83,114.414,114.177,106.927
2025-11-10 06:00:00,117.83,114.414,114.177,106.927
2025-11-10 07:00:00,117.83,114.414,114.177,106.927
2025-11-10 08:00:00,117.83,114.414,114.177,106.927
2025-11-10 09:00:00,117.83,114.414,114.177,106.927
2025-11-10 10:00:00,117.83,114.414,114.177,106.927
2025-11-10 11:00:00,118.906,116.675,113.593,113.223
2025-11-10 12:00:00,118.906,116.675,113.593,113.223
2025-11-10 13:00:00,118.906,116.675,113.593,113.223
2025-11-10 14:00:00,118.906,116.675,113.593,113.223
2025-11-10 15:00:00,118.906,116.675,113.593,113.223
2025-11-10 16:00:00,118.906,116.675,113.593,113.223
2025-11-10 17:00:00,120.007,117.546,114.837,109.066
2025-11-10 18:00:00,120.007,117.546,114.837,109.066
2025-11-10 19:00:00,120.007,117.546,114.837,109.066
2025-11-10 20:00:00,120.007,117.546,114.837,109.066
2025-11-10 21:00:00,120.007,117.546,114.837,109.066
2025-11-10 22:00:00,120.007,117.546,114.837,109.066
2025-11-10 23:00:00,118.453,114.919,111.434,106.564
2025-11-11 00:00:00,118.453,114.919,111.434,106.564
2025-11-11 01:00:00,118.453,114.919,111.434,106.564
2025-11-11 02:00:00,118.453,114.919,111.434,106.564
2025-11-11 03:00:00,118.453,114.919,111.434,106.564
2025-11-11 04:00:00,118.453,114.919,111.434,106.564
2025-11-11 05:00:00,116.571,113.473,110.357,107.49
2025-11-11 06:00:00,116.571,113.473,110.357,107.49
2025-11-11 07:00:00,116.571,113.473,110.357,107.49
2025-11-11 08:00:00,116.571,113.473,110.357,107.49
2025-11-11 09:00:00,116.571,113.473,110.357,107.49
2025-11-11 10:00:00,116.571,113.473,110.357,107.49
2025-11-11 11:00:00,118.231,116.285,113.428,115.76
2025-11-11 12:00:00,118.231,116.285,113.428,115.76
2025-11-11 13:00:00,118.231,116.285,113.428,115.76
2025-11-11 14:00:00,118.231,116.285,113.428,115.76
2025-11-11 15:00:00,118.231,116.285,113.428,115.76
2025-11-11 16:00:00,118.231,116.285,113.428,115.76
2025-11-11 17:00:00,121.776,120.702,118.699,114.819
2025-11-11 18:00:00,121.776,120.702,118.699,114.819
2025-11-11 19:00:00,121.776,120.702,118.699,114.819
2025-11-11 20:00:00,121.776,120.702,118.699,114.819
2025-11-11 21:00:00,121.776,120.702,118.699,114.819
2025-11-11 22:00:00,121.776,120.702,118.699,114.819
2025-11-11 23:00:00,122.347,119.446,116.15,109.843
2025-11-12 00:00:00,122.347,119.446,116.15,109.843
2025-11-12 01:00:00,122.347,119.446,116.15,109.843
2025-11-12 02:00:00,122.347,119.446,116.15,109.843
2025-11-12 03:00:00,122.347,119.446,116.15,109.843
2025-11-12 04:00:00,122.347,119.446,116.15,109.843
2025-11-12 05:00:00,119.614,116.05,112.569,108.147
2025-11-12 06:00:00,119.614,116.05,112.569,108.147
2025-11-12 07:00:00,119.614,116.05,112.569,108.147
2025-11-12 08:00:00,119.614,116.05,112.569,108.147
2025-11-12 09:00:00,119.614,116.05,112.569,108.147
2025-11-12 10:00:00,119.614,116.05,112.569,108.147
2025-11-12 11:00:00,117.285,117.924,116.348,120.531
2025-11-12 12:00:00,117.285,117.924,116.348,120.531
2025-11-12 13:00:00,117.285,117.924,116.348,120.531
2025-11-12 14:00:00,117.285,117.924,116.348,120.531
2025-11-12 15:00:00,117.285,117.924,116.348,120.531
2025-11-12 16:00:00,117.285,117.924,116.348,120.531
2025-11-12 17:00:00,125.025,125.055,123.374,119.394
2025-11-12 18:00:00,125.025,125.055,123.374,119.394
2025-11-12 19:00:00,125.025,125.055,123.374,119.394
2025-11-12 20:00:00,125.025,125.055,123.374,119.394
2025-11-12 21:00:00,125.025,125.055,123.374,119.394
2025-11-12 22:00:00,125.025,125.055,123.374,119.394
2025-11-12 23:00:00,126.154,123.29,119.879,112.342
2025-11-13 00:00:00,126.154,123.29,119.879,112.342
2025-11-13 01:00:00,126.154,123.29,119.879,112.342
2025-11-13 02:00:00,126.154,123.29,119.879,112.342
2025-11-13 03:00:00,126.154,123.29,119.879,112.342
2025-11-13 04:00:00,126.154,123.29,119.879,112.342
2025-11-13 05:00:00,107.76,108.885,107.887,106.388
2025-11-13 06:00:00,107.76,108.885,107.887,106.388
2025-11-13 07:00:00,107.76,108.885,107.887,106.388
2025-11-13 08:00:00,107.76,108.885,107.887,106.388
2025-11-13 09:00:00,107.76,108.885,107.887,106.388
2025-11-13 10:00:00,107.76,108.885,107.887,106.388
2025-11-13 11:00:00,116.078,116.333,114.64,118.001
2025-11-13 12:00:00,116.078,116.333,114.64,118.001
2025-11-13 13:00:00,116.078,116.333,114.64,118.001
2025-11-13 14:00:00,116.078,116.333,114.64,118.001
2025-11-13 15:00:00,116.078,116.333,114.64,118.001
2025-11-13 16:00:00,116.078,116.333,114.64,118.001
2025-11-13 17:00:00,123.149,123.242,121.552,118.491
2025-11-13 18:00:00,123.149,123.242,121.552,118.491
2025-11-13 19:00:00,123.149,123.242,121.552,118.491
2025-11-13 20:00:00,123.149,123.242,121.552,118.491
2025-11-13 21:00:00,123.149,123.242,121.552,118.491
2025-11-13 22:00:00,123.149,123.242,121.552,118.491
2025-11-13 23:00:00,125.15,122.841,119.708,113.172
2025-11-14 00:00:00,125.15,122.841,119.708,113.172
2025-11-14 01:00:00,125.15,122.841,119.708,113.172
2025-11-14 02:00:00,125.15,122.841,119.708,113.172
2025-11-14 03:00:00,125.15,122.841,119.708,113.172
2025-11-14 04:00:00,125.15,122.841,119.708,113.172
2025-11-14 05:00:00,122.396,118.874,115.305,109.964
2025-11-14 06:00:00,122.396,118.874,115.305,109.964
2025-11-14 07:00:00,122.396,118.874,115.305,109.964
2025-11-14 08:00:00,122.396,118.874,115.305,109.964
2025-11-14 09:00:00,122.396,118.874,115.305,109.964
2025-11-14 10:00:00,122.396,118.874,115.305,109.964
2025-11-14 11:00:00,115.207,113.438,110.619,107.256
2025-11-14 12:00:00,115.207,113.438,110.619,107.256
2025-11-14 13:00:00,115.207,113.438,110.619,107.256
2025-11-14 14:00:00,115.207,113.438,110.619,107.256
2025-11-14 15:00:00,115.207,113.438,110.619,107.256
2025-11-14 16:00:00,115.207,113.438,110.619,107.256
2025-11-14 17:00:00,116.718,114.831,112.351,111.434
2025-11-14 18:00:00,116.718,114.831,112.351,111.434
2025-11-14 19:00:00,116.718,114.831,112.351,111.434
2025-11-14 20:00:00,116.718,114.831,112.351,111.434
2025-11-14 21:00:00,116.718,114.831,112.351,111.434
2025-11-14 22:00:00,116.718,114.831,112.351,111.434
2025-11-14 23:00:00,118.511,116.791,114.346,110.472
2025-11-15 00:00:00,118.511,116.791,114.346,110.472
2025-11-15 01:00:00,118.511,116.791,114.346,110.472
2025-11-15 02:00:00,118.511,116.791,114.346,110.472
2025-11-15 03:00:00,118.511,116.791,114.346,110.472
2025-11-15 04:00:00,118.511,116.791,114.346,110.472
2025-11-15 05:00:00,119.004,116.584,113.701,110.179
2025-11-15 06:00:00,119.004,116.584,113.701,110.179
2025-11-15 07:00:00,119.004,116.584,113.701,110.179
2025-11-15 08:00:00,119.004,116.584,113.701,110.179
2025-11-15 09:00:00,119.004,116.584,113.701,110.179
2025-11-15 10:00:00,119.004,116.584,113.701,110.179
2025-11-15 11:00:00,110.706,100.949,93.681,97.371
2025-11-15 12:00:00,110.706,100.949,93.681,97.371
2025-11-15 13:00:00,110.706,100.949,93.681,97.371
2025-11-15 14:00:00,110.706,100.949,93.681,97.371
2025-11-15 15:00:00,110.706,100.949,93.681,97.371
2025-11-15 16:00:00,110.706,100.949,93.681,97.371
2025-11-15 17:00:00,104.542,102.797,101.322,99.034
2025-11-15 18:00:00,104.542,102.797,101.322,99.034
2025-11-15 19:00:00,104.542,102.797,101.322,99.034
2025-11-15 20:00:00,104.542,102.797,101.322,99.034
2025-11-15 21:00:00,104.542,102.797,101.322,99.034
2025-11-15 22:00:00,104.542,102.797,101.322,99.034
2025-11-15 23:00:00,108.115,107.173,105.032,105.358
2025-11-16 00:00:00,108.115,107.173,105.032,105.358
2025-11-16 01:00:00,108.115,107.173,105.032,105.358
2025-11-16 02:00:00,108.115,107.173,105.032,105.358
2025-11-16 03:00:00,108.115,107.173,105.032,105.358
2025-11-16 04:00:00,108.115,107.173,105.032,105.358
2025-11-16 05:00:00,114.1,113.946,112.394,114.279
2025-11-16 06:00:00,114.1,113.946,112.394,114.279
2025-11-16 07:00:00,114.1,113.946,112.394,114.279
2025-11-16 08:00:00,114.1,113.946,112.394,114.279
2025-11-16 09:00:00,114.1,113.946,112.394,114.279
2025-11-16 10:00:00,114.1,113.946,112.394,114.279
2025-11-16 11:00:00,111.212,110.437,108.951,111.773
2025-11-16 12:00:00,111.212,110.437,108.951,111.773
2025-11-16 13:00:00,111.212,110.437,108.951,111.773
2025-11-16 14:00:00,111.212,110.437,108.951,111.773
2025-11-16 15:00:00,111.212,110.437,108.951,111.773
2025-11-16 16:00:00,111.212,110.437,108.951,111.773
2025-11-16 17:00:00,117.509,117.377,115.771,113.474
2025-11-16 18:00:00,117.509,117.377,115.771,113.474
2025-11-16 19:00:00,117.509,117.377,115.771,113.474
2025-11-16 20:00:00,117.509,117.377,115.771,113.474
2025-11-16 21:00:00,117.509,117.377,115.771,113.474
2025-11-16 22:00:00,117.509,117.377,115.771,113.474
2025-11-16 23:00:00,120.65,118.671,115.973,111.43
2025-11-17 00:00:00,120.65,118.671,115.973,111.43
2025-11-17 01:00:00,120.65,118.671,115.973,111.43
2025-11-17 02:00:00,120.65,118.671,115.973,111.43
2025-11-17 03:00:00,120.65,118.671,115.973,111.43
2025-11-17 04:00:00,120.65,118.671,115.973,111.43
2025-11-17 05:00:00,120.433,117.719,114.788,111.36
2025-11-17 06:00:00,120.433,117.719,114.788,111.36
2025-11-17 07:00:00,120.433,117.719,114.788,111.36
2025-11-17 08:00:00,120.433,117.719,114.788,111.36
2025-11-17 09:00:00,120.433,117.719,114.788,111.36
2025-11-17 10:00:00,120.433,117.719,114.788,111.36
2025-11-17 11:00:00,124.781,127.363,127.13,133.21
2025-11-17 12:00:00,124.781,127.363,127.13,133.21
2025-11-17 13:00:00,124.781,127.363,127.13,133.21
2025-11-17 14:00:00,124.781,127.363,127.13,133.21
2025-11-17 15:00:00,124.781,127.363,127.13,133.21
2025-11-17 16:00:00,124.781,127.363,127.13,133.21
2025-11-17 17:00:00,136.607,137.598,136.452,133.153
2025-11-17 18:00:00,136.607,137.598,136.452,133.153
2025-11-17 19:00:00,136.607,137.598,136.452,133.153
2025-11-17 20:00:00,136.607,137.598,136.452,133.153
2025-11-17 21:00:00,136.607,137.598,136.452,133.153
2025-11-17 22:00:00,136.607,137.598,136.452,133.153
2025-11-17 23:00:00,139.333,136.703,133.582,125.903
2025-11-18 00:00:00,139.333,136.703,133.582,125.903
2025-11-18 01:00:00,139.333,136.703,133.582,125.903
2025-11-18 02:00:00,139.333,136.703,133.582,125.903
2025-11-18 03:00:00,139.333,136.703,133.582,125.903
2025-11-18 04:00:00,139.333,136.703,133.582,125.903
2025-11-18 05:00:00,135.525,131.51,127.917,122.379
2025-11-18 06:00:00,135.525,131.51,127.917,122.379
2025-11-18 07:00:00,135.525,131.51,127.917,122.379
2025-11-18 08:00:00,135.525,131.51,127.917,122.379
2025-11-18 09:00:00,135.525,131.51,127.917,122.379
2025-11-18 10:00:00,135.525,131.51,127.917,122.379
2025-11-18 11:00:00,136.556,139.283,138.783,149.14
2025-11-18 12:00:00,136.556,139.283,138.783,149.14
2025-11-18 13:00:00,136.556,139.283,138.783,149.14
2025-11-18 14:00:00,136.556,139.283,138.783,149.14
2025-11-18 15:00:00,136.556,139.283,138.783,149.14
2025-11-18 16:00:00,136.556,139.283,138.783,149.14
2025-11-18 17:00:00,150.432,152.508,152.028,148.335
2025-11-18 18:00:00,150.432,152.508,152.028,148.335
2025-11-18 19:00:00,150.432,152.508,152.028,148.335
2025-11-18 20:00:00,150.432,152.508,152.028,148.335
2025-11-18 21:00:00,150.432,152.508,152.028,148.335
2025-11-18 22:00:00,150.432,152.508,152.028,148.335
2025-11-18 23:00:00,152.713,149.611,146.059,134.25
2025-11-19 00:00:00,152.713,149.611,146.059,134.25
2025-11-19 01:00:00,152.713,149.611,146.059,134.25
2025-11-19 02:00:00,152.713,149.611,146.059,134.25
2025-11-19 03:00:00,152.713,149.611,146.059,134.25
2025-11-19 04:00:00,152.713,149.611,146.059,134.25
2025-11-19 05:00:00,124.276,124.398,125.259,123.78
2025-11-19 06:00:00,124.276,124.398,125.259,123.78
2025-11-19 07:00:00,124.276,124.398,125.259,123.78
2025-11-19 08:00:00,124.276,124.398,125.259,123.78
2025-11-19 09:00:00,124.276,124.398,125.259,123.78
2025-11-19 10:00:00,124.276,124.398,125.259,123.78
2025-11-19 11:00:00,133.338,134.54,133.349,138.763
2025-11-19 12:00:00,133.338,134.54,133.349,138.763
2025-11-19 13:00:00,133.338,134.54,133.349,138.763
2025-11-19 14:00:00,133.338,134.54,133.349,138.763
2025-11-19 15:00:00,133.338,134.54,133.349,138.763
2025-11-19 16:00:00,133.338,134.54,133.349,138.763
2025-11-19 17:00:00,142.159,142.739,141.58,137.513
2025-11-19 18:00:00,142.159,142.739,141.58,137.513
2025-11-19 19:00:00,142.159,142.739,141.58,137.513
2025-11-19 20:00:00,142.159,142.739,141.58,137.513
2025-11-19 21:00:00,142.159,142.739,141.58,137.513
2025-11-19 22:00:00,142.159,142.739,141.58,137.513
2025-11-19 23:00:00,143.344,140.585,137.464,128.922
2025-11-20 00:00:00,143.344,140.585,137.464,128.922
2025-11-20 01:00:00,143.344,140.585,137.464,128.922
2025-11-20 02:00:00,143.344,140.585,137.464,128.922
2025-11-20 03:00:00,143.344,140.585,137.464,128.922
2025-11-20 04:00:00,143.344,140.585,137.464,128.922
2025-11-20 05:00:00,127.892,130.782,132.353,143.178
2025-11-20 06:00:00,127.892,130.782,132.353,143.178
2025-11-20 07:00:00,127.892,130.782,132.353,143.178
2025-11-20 08:00:00,127.892,130.782,132.353,143.178
2025-11-20 09:00:00,127.892,130.782,132.353,143.178
2025-11-20 10:00:00,127.892,130.782,132.353,143.178
2025-11-20 11:00:00,135.451,133.805,131.115,139.829
2025-11-20 12:00:00,135.451,133.805,131.115,139.829
2025-11-20 13:00:00,135.451,133.805,131.115,139.829
2025-11-20 14:00:00,135.451,133.805,131.115,139.829
2025-11-20 15:00:00,135.451,133.805,131.115,139.829
2025-11-20 16:00:00,135.451,133.805,131.115,139.829
2025-11-20 17:00:00,142.229,143.316,142.734,138.888
2025-11-20 18:00:00,142.229,143.316,142.734,138.888
2025-11-20 19:00:00,142.229,143.316,142.734,138.888
2025-11-20 20:00:00,142.229,143.316,142.734,138.888
2025-11-20 21:00:00,142.229,143.316,142.734,138.888
2025-11-20 22:00:00,142.229,143.316,142.734,138.888
2025-11-20 23:00:00,145.611,143.742,141.05,135.673
2025-11-21 00:00:00,145.611,143.742,141.05,135.673
2025-11-21 01:00:00,145.611,143.742,141.05,135.673
2025-11-21 02:00:00,145.611,143.742,141.05,135.673
2025-11-21 03:00:00,145.611,143.742,141.05,135.673
2025-11-21 04:00:00,145.611,143.742,141.05,135.673
2025-11-21 05:00:00,122.756,129.439,132.0,129.689
2025-11-21 06:00:00,122.756,129.439,132.0,129.689
2025-11-21 07:00:00,122.756,129.439,132.0,129.689
2025-11-21 08:00:00,122.756,129.439,132.0,129.689
2025-11-21 09:00:00,122.756,129.439,132.0,129.689
2025-11-21 10:00:00,122.756,129.439,132.0,129.689
2025-11-21 11:00:00,135.142,135.007,132.701,128.604
2025-11-21 12:00:00,135.142,135.007,132.701,128.604
2025-11-21 13:00:00,135.142,135.007,132.701,128.604
2025-11-21 14:00:00,135.142,135.007,132.701,128.604
2025-11-21 15:00:00,135.142,135.007,132.701,128.604
2025-11-21 16:00:00,135.142,135.007,132.701,128.604
2025-11-21 17:00:00,136.688,134.65,132.17,128.748
2025-11-21 18:00:00,136.688,134.65,132.17,128.748
2025-11-21 19:00:00,136.688,134.65,132.17,128.748
2025-11-21 20:00:00,136.688,134.65,132.17,128.748
2025-11-21 21:00:00,136.688,134.65,132.17,128.748
2025-11-21 22:00:00,136.688,134.65,132.17,128.748
2025-11-21 23:00:00,136.119,134.019,131.511,126.978
2025-11-22 00:00:00,136.119,134.019,131.511,126.978
2025-11-22 01:00:00,136.119,134.019,131.511,126.978
2025-11-22 02:00:00,136.119,134.019,131.511,126.978
2025-11-22 03:00:00,136.119,134.019,131.511,126.978
2025-11-22 04:00:00,136.119,134.019,131.511,126.978
2025-11-22 05:00:00,134.436,131.852,129.047,123.505
2025-11-22 06:00:00,134.436,131.852,129.047,123.505
2025-11-22 07:00:00,134.436,131.852,129.047,123.505
2025-11-22 08:00:00,134.436,131.852,129.047,123.505
2025-11-22 09:00:00,134.436,131.852,129.047,123.505
2025-11-22 10:00:00,134.436,131.852,129.047,123.505
2025-11-22 11:00:00,134.528,134.517,132.197,127.719
2025-11-22 12:00:00,134.528,134.517,132.197,127.719
2025-11-22 13:00:00,134.528,134.517,132.197,127.719
2025-11-22 14:00:00,134.528,134.517,132.197,127.719
2025-11-22 15:00:00,134.528,134.517,132.197,127.719
2025-11-22 16:00:00,134.528,134.517,132.197,127.719
2025-11-22 17:00:00,135.137,132.682,130.042,124.794
2025-11-22 18:00:00,135.137,132.682,130.042,124.794
2025-11-22 19:00:00,135.137,132.682,130.042,124.794
2025-11-22 20:00:00,135.137,132.682,130.042,124.794
2025-11-22 21:00:00,135.137,132.682,130.042,124.794
2025-11-22 22:00:00,135.137,132.682,130.042,124.794
2025-11-22 23:00:00,132.53,129.721,126.944,121.44
2025-11-23 00:00:00,132.53,129.721,126.944,121.44
2025-11-23 01:00:00,132.53,129.721,126.944,121.44
2025-11-23 02:00:00,132.53,129.721,126.944,121.44
2025-11-23 03:00:00,132.53,129.721,126.944,121.44
2025-11-23 04:00:00,132.53,129.721,126.944,121.44
2025-11-23 05:00:00,129.508,126.687,123.92,118.89
2025-11-23 06:00:00,129.508,126.687,123.92,118.89
2025-11-23 07:00:00,129.508,126.687,123.92,118.89
2025-11-23 08:00:00,129.508,126.687,123.92,118.89
2025-11-23 09:00:00,129.508,126.687,123.92,118.89
2025-11-23 10:00:00,129.508,126.687,123.92,118.89
2025-11-23 11:00:00,128.171,126.535,123.632,118.359
2025-11-23 12:00:00,128.171,126.535,123.632,118.359
2025-11-23 13:00:00,128.171,126.535,123.632,118.359
2025-11-23 14:00:00,128.171,126.535,123.632,118.359
2025-11-23 15:00:00,128.171,126.535,123.632,118.359
2025-11-23 16:00:00,128.171,126.535,123.632,118.359
2025-11-23 17:00:00,126.369,123.582,120.89,115.863
2025-11-23 18:00:00,126.369,123.582,120.89,115.863
2025-11-23 19:00:00,126.369,123.582,120.89,115.863
2025-11-23 20:00:00,126.369,123.582,120.89,115.863
2025-11-23 21:00:00,126.369,123.582,120.89,115.863
2025-11-23 22:00:00,126.369,123.582,120.89,115.863
2025-11-23 23:00:00,124.164,121.735,119.208,115.333
2025-11-24 00:00:00,124.164,121.735,119.208,115.333
2025-11-24 01:00:00,124.164,121.735,119.208,115.333
2025-11-24 02:00:00,124.164,121.735,119.208,115.333
2025-11-24 03:00:00,124.164,121.735,119.208,115.333
2025-11-24 04:00:00,124.164,121.735,119.208,115.333
2025-11-24 05:00:00,123.272,121.23,118.923,115.43
2025-11-24 06:00:00,123.272,121.23,118.923,115.43
2025-11-24 07:00:00,123.272,121.23,118.923,115.43
2025-11-24 08:00:00,123.272,121.23,118.923,115.43
2025-11-24 09:00:00,123.272,121.23,118.923,115.43
2025-11-24 10:00:00,123.272,121.23,118.923,115.43
2025-11-24 11:00:00,118.073,117.783,115.761,115.45
2025-11-24 12:00:00,118.073,117.783,115.761,115.45
2025-11-24 13:00:00,118.073,117.783,115.761,115.45
2025-11-24 14:00:00,118.073,117.783,115.761,115.45
2025-11-24 15:00:00,118.073,117.783,115.761,115.45
2025-11-24 16:00:00,118.073,117.783,115.761,115.45
2025-11-24 17:00:00,121.451,120.362,118.604,114.537
2025-11-24 18:00:00,121.451,120.362,118.604,114.537
2025-11-24 19:00:00,121.451,120.362,118.604,114.537
2025-11-24 20:00:00,121.451,120.362,118.604,114.537
2025-11-24 21:00:00,121.451,120.362,118.604,114.537
2025-11-24 22:00:00,121.451,120.362,118.604,114.537
2025-11-24 23:00:00,121.498,119.074,116.505,110.667
2025-11-25 00:00:00,121.498,119.074,116.505,110.667
2025-11-25 01:00:00,121.498,119.074,116.505,110.667
2025-11-25 02:00:00,121.498,119.074,116.505,110.667
2025-11-25 03:00:00,121.498,119.074,116.505,110.667
2025-11-25 04:00:00,121.498,119.074,116.505,110.667
2025-11-25 05:00:00,119.628,116.968,114.389,110.941
2025-11-25 06:00:00,119.628,116.968,114.389,110.941
2025-11-25 07:00:00,119.628,116.968,114.389,110.941
2025-11-25 08:00:00,119.628,116.968,114.389,110.941
2025-11-25 09:00:00,119.628,116.968,114.389,110.941
2025-11-25 10:00:00,119.628,116.968,114.389,110.941
2025-11-25 11:00:00,118.703,118.822,117.523,118.67
2025-11-25 12:00:00,118.703,118.822,117.523,118.67
2025-11-25 13:00:00,118.703,118.822,117.523,118.67
2025-11-25 14:00:00,118.703,118.822,117.523,118.67
2025-11-25 15:00:00,118.703,118.822,117.523,118.67
2025-11-25 16:00:00,118.703,118.822,117.523,118.67
2025-11-25 17:00:00,124.429,124.513,123.254,121.174
2025-11-25 18:00:00,124.429,124.513,123.254,121.174
2025-11-25 19:00:00,124.429,124.513,123.254,121.174
2025-11-25 20:00:00,124.429,124.513,123.254,121.174
2025-11-25 21:00:00,124.429,124.513,123.254,121.174
2025-11-25 22:00:00,124.429,124.513,123.254,121.174
2025-11-25 23:00:00,127.698,126.606,124.637,120.874
2025-11-26 00:00:00,127.698,126.606,124.637,120.874
2025-11-26 01:00:00,127.698,126.606,124.637,120.874
2025-11-26 02:00:00,127.698,126.606,124.637,120.874
2025-11-26 03:00:00,127.698,126.606,124.637,120.874
2025-11-26 04:00:00,127.698,126.606,124.637,120.874
2025-11-26 05:00:00,128.689,126.9,124.704,121.404
2025-11-26 06:00:00,128.689,126.9,124.704,121.404
2025-11-26 07:00:00,128.689,126.9,124.704,121.404
2025-11-26 08:00:00,128.689,126.9,124.704,121.404
2025-11-26 09:00:00,128.689,126.9,124.704,121.404
2025-11-26 10:00:00,128.689,126.9,124.704,121.404
2025-11-26 11:00:00,125.494,125.927,124.434,122.047
2025-11-26 12:00:00,125.494,125.927,124.434,122.047
2025-11-26 13:00:00,125.494,125.927,124.434,122.047
2025-11-26 14:00:00,125.494,125.927,124.434,122.047
2025-11-26 15:00:00,125.494,125.927,124.434,122.047
2025-11-26 16:00:00,125.494,125.927,124.434,122.047
2025-11-26 17:00:00,129.61,128.529,126.714,124.55
2025-11-26 18:00:00,129.61,128.529,126.714,124.55
2025-11-26 19:00:00,129.61,128.529,126.714,124.55
2025-11-26 20:00:00,129.61,128.529,126.714,124.55
2025-11-26 21:00:00,129.61,128.529,126.714,124.55
2025-11-26 22:00:00,129.61,128.529,126.714,124.55
2025-11-26 23:00:00,132.224,130.873,129.034,126.597
2025-11-27 00:00:00,132.224,130.873,129.034,126.597
2025-11-27 01:00:00,132.224,130.873,129.034,126.597
2025-11-27 02:00:00,132.224,130.873,129.034,126.597
2025-11-27 03:00:00,132.224,130.873,129.034,126.597
2025-11-27 04:00:00,132.224,130.873,129.034,126.597
2025-11-27 05:00:00,119.527,121.605,122.87,123.573
2025-11-27 06:00:00,119.527,121.605,122.87,123.573
2025-11-27 07:00:00,119.527,121.605,122.87,123.573
2025-11-27 08:00:00,119.527,121.605,122.87,123.573
2025-11-27 09:00:00,119.527,121.605,122.87,123.573
2025-11-27 10:00:00,119.527,121.605,122.87,123.573
2025-11-27 11:00:00,128.462,128.886,127.41,124.133
2025-11-27 12:00:00,128.462,128.886,127.41,124.133
2025-11-27 13:00:00,128.462,128.886,127.41,124.133
2025-11-27 14:00:00,128.462,128.886,127.41,124.133
2025-11-27 15:00:00,128.462,128.886,127.41,124.133
2025-11-27 16:00:00,128.462,128.886,127.41,124.133
2025-11-27 17:00:00,130.897,128.939,126.628,121.238
2025-11-27 18:00:00,130.897,128.939,126.628,121.238
2025-11-27 19:00:00,130.897,128.939,126.628,121.238
2025-11-27 20:00:00,130.897,128.939,126.628,121.238
2025-11-27 21:00:00,130.897,128.939,126.628,121.238
2025-11-27 22:00:00,130.897,128.939,126.628,121.238
2025-11-27 23:00:00,129.277,126.39,123.713,118.232
2025-11-28 00:00:00,129.277,126.39,123.713,118.232
2025-11-28 01:00:00,129.277,126.39,123.713,118.232
2025-11-28 02:00:00,129.277,126.39,123.713,118.232
2025-11-28 03:00:00,129.277,126.39,123.713,118.232
2025-11-28 04:00:00,129.277,126.39,123.713,118.232
2025-11-28 05:00:00,127.034,124.037,121.429,116.966
2025-11-28 06:00:00,127.034,124.037,121.429,116.966
2025-11-28 07:00:00,127.034,124.037,121.429,116.966
2025-11-28 08:00:00,127.034,124.037,121.429,116.966
2025-11-28 09:00:00,127.034,124.037,121.429,116.966
2025-11-28 10:00:00,127.034,124.037,121.429,116.966
2025-11-28 11:00:00,117.074,114.607,112.063,105.197
2025-11-28 12:00:00,117.074,114.607,112.063,105.197
2025-11-28 13:00:00,117.074,114.607,112.063,105.197
2025-11-28 14:00:00,117.074,114.607,112.063,105.197
2025-11-28 15:00:00,117.074,114.607,112.063,105.197
2025-11-28 16:00:00,117.074,114.607,112.063,105.197
2025-11-28 17:00:00,115.007,110.855,107.889,102.647
2025-11-28 18:00:00,115.007,110.855,107.889,102.647
2025-11-28 19:00:00,115.007,110.855,107.889,102.647
2025-11-28 20:00:00,115.007,110.855,107.889,102.647
2025-11-28 21:00:00,115.007,110.855,107.889,102.647
2025-11-28 22:00:00,115.007,110.855,107.889,102.647
2025-11-28 23:00:00,113.383,109.439,107.012,104.099
2025-11-29 00:00:00,113.383,109.439,107.012,104.099
2025-11-29 01:00:00,113.383,109.439,107.012,104.099
2025-11-29 02:00:00,113.383,109.439,107.012,104.099
2025-11-29 03:00:00,113.383,109.439,107.012,104.099
2025-11-29 04:00:00,113.383,109.439,107.012,104.099
2025-11-29 05:00:00,111.206,108.67,107.411,102.089
2025-11-29 06:00:00,111.206,108.67,107.411,102.089
2025-11-29 07:00:00,111.206,108.67,107.411,102.089
2025-11-29 08:00:00,111.206,108.67,107.411,102.089
2025-11-29 09:00:00,111.206,108.67,107.411,102.089
2025-11-29 10:00:00,111.206,108.67,107.411,102.089
2025-11-29 11:00:00,128.337,111.497,108.209,102.799
2025-11-29 12:00:00,128.337,111.497,108.209,102.799
2025-11-29 13:00:00,128.337,111.497,108.209,102.799
2025-11-29 14:00:00,128.337,111.497,108.209,102.799
2025-11-29 15:00:00,128.337,111.497,108.209,102.799
2025-11-29 16:00:00,128.337,111.497,108.209,102.799
2025-11-29 17:00:00,121.943,107.731,105.161,99.385
2025-11-29 18:00:00,121.943,107.731,105.161,99.385
2025-11-29 19:00:00,121.943,107.731,105.161,99.385
2025-11-29 20:00:00,121.943,107.731,105.161,99.385
2025-11-29 21:00:00,121.943,107.731,105.161,99.385
2025-11-29 22:00:00,121.943,107.731,105.161,99.385
2025-11-29 23:00:00,117.761,105.52,103.126,99.204
2025-11-30 00:00:00,117.761,105.52,103.126,99.204
2025-11-30 01:00:00,117.761,105.52,103.126,99.204
2025-11-30 02:00:00,117.761,105.52,103.126,99.204
2025-11-30 03:00:00,117.761,105.52,103.126,99.204
2025-11-30 04:00:00,117.761,105.52,103.126,99.204
2025-11-30 05:00:00,116.141,106.314,104.489,102.714
2025-11-30 06:00:00,116.141,106.314,104.489,102.714
2025-11-30 07:00:00,116.141,106.314,104.489,102.714
2025-11-30 08:00:00,116.141,106.314,104.489,102.714
2025-11-30 09:00:00,116.141,106.314,104.489,102.714
2025-11-30 10:00:00,116.141,106.314,104.489,102.714
2025-11-30 11:00:00,120.552,122.291,120.049,123.91
2025-11-30 12:00:00,120.552,122.291,120.049,123.91
2025-11-30 13:00:00,120.552,122.291,120.049,123.91
2025-11-30 14:00:00,120.552,122.291,120.049,123.91
2025-11-30 15:00:00,120.552,122.291,120.049,123.91
2025-11-30 16:00:00,120.552,122.291,120.049,123.91
2025-11-30 17:00:00,129.508,129.306,128.614,126.238
2025-11-30 18:00:00,129.508,129.306,128.614,126.238
2025-11-30 19:00:00,129.508,129.306,128.614,126.238
2025-11-30 20:00:00,129.508,129.306,128.614,126.238
2025-11-30 21:00:00,129.508,129.306,128.614,126.238
2025-11-30 22:00:00,129.508,129.306,128.614,126.238
2025-11-30 23:00:00,132.936,131.133,129.15,124.019
2025-12-01 00:00:00,132.936,131.133,129.15,124.019
2025-12-01 01:00:00,132.936,131.133,129.15,124.019
2025-12-01 02:00:00,132.936,131.133,129.15,124.019
2025-12-01 03:00:00,132.936,131.133,129.15,124.019
2025-12-01 04:00:00,132.936,131.133,129.15,124.019
2025-12-01 05:00:00,131.859,128.789,126.253,120.085
2025-12-01 06:00:00,131.859,128.789,126.253,120.085
2025-12-01 07:00:00,131.859,128.789,126.253,120.085
2025-12-01 08:00:00,131.859,128.789,126.253,120.085
2025-12-01 09:00:00,131.859,128.789,126.253,120.085
2025-12-01 10:00:00,131.859,128.789,126.253,120.085
2025-12-01 11:00:00,136.274,138.19,137.913,133.087
2025-12-01 12:00:00,136.274,138.19,137.913,133.087
2025-12-01 13:00:00,136.274,138.19,137.913,133.087
2025-12-01 14:00:00,136.274,138.19,137.913,133.087
2025-12-01 15:00:00,136.274,138.19,137.913,133.087
2025-12-01 16:00:00,136.274,138.19,137.913,133.087
2025-12-01 17:00:00,139.815,137.262,134.747,127.666
2025-12-01 18:00:00,139.815,137.262,134.747,127.666
2025-12-01 19:00:00,139.815,137.262,134.747,127.666
2025-12-01 20:00:00,139.815,137.262,134.747,127.666
2025-12-01 21:00:00,139.815,137.262,134.747,127.666
2025-12-01 22:00:00,139.815,137.262,134.747,127.666
2025-12-01 23:00:00,136.362,132.667,129.868,123.531
2025-12-02 00:00:00,136.362,132.667,129.868,123.531
2025-12-02 01:00:00,136.362,132.667,129.868,123.531
2025-12-02 02:00:00,136.362,132.667,129.868,123.531
2025-12-02 03:00:00,136.362,132.667,129.868,123.531
2025-12-02 04:00:00,136.362,132.667,129.868,123.531
2025-12-02 05:00:00,132.152,128.706,126.072,120.281
2025-12-02 06:00:00,132.152,128.706,126.072,120.281
2025-12-02 07:00:00,132.152,128.706,126.072,120.281
2025-12-02 08:00:00,132.152,128.706,126.072,120.281
2025-12-02 09:00:00,132.152,128.706,126.072,120.281
2025-12-02 10:00:00,132.152,128.706,126.072,120.281
2025-12-02 11:00:00,136.769,136.412,134.926,127.771
2025-12-02 12:00:00,136.769,136.412,134.926,127.771
2025-12-02 13:00:00,136.769,136.412,134.926,127.771
2025-12-02 14:00:00,136.769,136.412,134.926,127.771
2025-12-02 15:00:00,136.769,136.412,134.926,127.771
2025-12-02 16:00:00,136.769,136.412,134.926,127.771
2025-12-02 17:00:00,135.243,131.538,128.571,120.214
2025-12-02 18:00:00,135.243,131.538,128.571,120.214
2025-12-02 19:00:00,135.243,131.538,128.571,120.214
2025-12-02 20:00:00,135.243,131.538,128.571,120.214
2025-12-02 21:00:00,135.243,131.538,128.571,120.214
2025-12-02 22:00:00,135.243,131.538,128.571,120.214
2025-12-02 23:00:00,129.75,125.76,122.865,117.15
2025-12-03 00:00:00,129.75,125.76,122.865,117.15
2025-12-03 01:00:00,129.75,125.76,122.865,117.15
2025-12-03 02:00:00,129.75,125.76,122.865,117.15
2025-12-03 03:00:00,129.75,125.76,122.865,117.15
2025-12-03 04:00:00,129.75,125.76,122.865,117.15
2025-12-03 05:00:00,121.372,123.717,126.999,119.837
2025-12-03 06:00:00,121.372,123.717,126.999,119.837
2025-12-03 07:00:00,121.372,123.717,126.999,119.837
2025-12-03 08:00:00,121.372,123.717,126.999,119.837
2025-12-03 09:00:00,121.372,123.717,126.999,119.837
2025-12-03 10:00:00,121.372,123.717,126.999,119.837
2025-12-03 11:00:00,130.413,129.847,127.768,123.505
2025-12-03 12:00:00,130.413,129.847,127.768,123.505
2025-12-03 13:00:00,130.413,129.847,127.768,123.505
2025-12-03 14:00:00,130.413,129.847,127.768,123.505
2025-12-03 15:00:00,130.413,129.847,127.768,123.505
2025-12-03 16:00:00,130.413,129.847,127.768,123.505
2025-12-03 17:00:00,130.161,127.249,124.883,117.461
2025-12-03 18:00:00,130.161,127.249,124.883,117.461
2025-12-03 19:00:00,130.161,127.249,124.883,117.461
2025-12-03 20:00:00,130.161,127.249,124.883,117.461
2025-12-03 21:00:00,130.161,127.249,124.883,117.461
2025-12-03 22:00:00,130.161,127.249,124.883,117.461
2025-12-03 23:00:00,125.311,121.323,118.331,110.147
2025-12-04 00:00:00,125.311,121.323,118.331,110.147
2025-12-04 01:00:00,125.311,121.323,118.331,110.147
2025-12-04 02:00:00,125.311,121.323,118.331,110.147
2025-12-04 03:00:00,125.311,121.323,118.331,110.147
2025-12-04 04:00:00,125.311,121.323,118.331,110.147
2025-12-04 05:00:00,119.249,115.213,112.284,105.891
2025-12-04 06:00:00,119.249,115.213,112.284,105.891
2025-12-04 07:00:00,119.249,115.213,112.284,105.891
2025-12-04 08:00:00,119.249,115.213,112.284,105.891
2025-12-04 09:00:00,119.249,115.213,112.284,105.891
2025-12-04 10:00:00,119.249,115.213,112.284,105.891
2025-12-04 11:00:00,129.061,126.13,123.795,121.303
2025-12-04 12:00:00,129.061,126.13,123.795,121.303
2025-12-04 13:00:00,129.061,126.13,123.795,121.303
2025-12-04 14:00:00,129.061,126.13,123.795,121.303
2025-12-04 15:00:00,129.061,126.13,123.795,121.303
2025-12-04 16:00:00,129.061,126.13,123.795,121.303
2025-12-04 17:00:00,128.804,126.085,123.894,117.442
2025-12-04 18:00:00,128.804,126.085,123.894,117.442
2025-12-04 19:00:00,128.804,126.085,123.894,117.442
2025-12-04 20:00:00,128.804,126.085,123.894,117.442
2025-12-04 21:00:00,128.804,126.085,123.894,117.442
2025-12-04 22:00:00,128.804,126.085,123.894,117.442
2025-12-04 23:00:00,125.163,121.784,118.953,111.613
2025-12-05 00:00:00,125.163,121.784,118.953,111.613
2025-12-05 01:00:00,125.163,121.784,118.953,111.613
2025-12-05 02:00:00,125.163,121.784,118.953,111.613
2025-12-05 03:00:00,125.163,121.784,118.953,111.613
2025-12-05 04:00:00,125.163,121.784,118.953,111.613
2025-12-05 05:00:00,120.813,117.324,114.266,108.451
2025-12-05 06:00:00,120.813,117.324,114.266,108.451
2025-12-05 07:00:00,120.813,117.324,114.266,108.451
2025-12-05 08:00:00,120.813,117.324,114.266,108.451
2025-12-05 09:00:00,120.813,117.324,114.266,108.451
2025-12-05 10:00:00,120.813,117.324,114.266,108.451
2025-12-05 11:00:00,130.165,130.187,129.323,129.187
2025-12-05 12:00:00,130.165,130.187,129.323,129.187
2025-12-05 13:00:00,130.165,130.187,129.323,129.187
2025-12-05 14:00:00,130.165,130.187,129.323,129.187
2025-12-05 15:00:00,130.165,130.187,129.323,129.187
2025-12-05 16:00:00,130.165,130.187,129.323,129.187
2025-12-05 17:00:00,135.148,134.288,132.973,128.786
2025-12-05 18:00:00,135.148,134.288,132.973,128.786
2025-12-05 19:00:00,135.148,134.288,132.973,128.786
2025-12-05 20:00:00,135.148,134.288,132.973,128.786
2025-12-05 21:00:00,135.148,134.288,132.973,128.786
2025-12-05 22:00:00,135.148,134.288,132.973,128.786
2025-12-05 23:00:00,135.979,132.706,130.289,122.594
