hour,day,mcn_soc,mcn_p10,mcn_p90,jda_soc,jda_p10,jda_p90,tda_soc,tda_p10,tda_p90,bon_soc,bon_p10,bon_p90
1,1,0.5942294281729357,0.5123152022315167,0.6785355648535472,0.673920642022261,0.546032101112916,0.7821933896314569,0.7740778129433616,0.6204409036341836,0.8757066462948863,0.7223996350364952,0.6436131386861295,0.8011861313868611
2,1,0.5942294281729357,0.5123152022315167,0.6785355648535472,0.673920642022261,0.546032101112916,0.7821933896314569,0.7740778129433616,0.6204409036341836,0.8757066462948863,0.7223996350364952,0.6436131386861295,0.8011861313868611
3,1,0.5942294281729357,0.5123152022315167,0.6785355648535472,0.673920642022261,0.546032101112916,0.7821933896314569,0.7740778129433616,0.6204409036341836,0.8757066462948863,0.7223996350364952,0.6436131386861295,0.8011861313868611
4,1,0.5942294281729357,0.5123152022315167,0.6785355648535472,0.673920642022261,0.546032101112916,0.7821933896314569,0.7740778129433616,0.6204409036341836,0.8757066462948863,0.7223996350364952,0.6436131386861295,0.8011861313868611
5,1,0.5942294281729357,0.5123152022315167,0.6785355648535472,0.673920642022261,0.546032101112916,0.7821933896314569,0.7740778129433616,0.6204409036341836,0.8757066462948863,0.7223996350364952,0.6436131386861295,0.8011861313868611
6,1,0.5942294281729357,0.5123152022315167,0.6785355648535472,0.673920642022261,0.546032101112916,0.7821933896314569,0.7740778129433616,0.6204409036341836,0.8757066462948863,0.7223996350364952,0.6436131386861295,0.8011861313868611
7,1,0.5942294281729357,0.5123152022315167,0.6785355648535472,0.673920642022261,0.546032101112916,0.7821933896314569,0.7740778129433616,0.6204409036341836,0.8757066462948863,0.7223996350364952,0.6436131386861295,0.8011861313868611
8,1,0.5942294281729357,0.5123152022315167,0.6785355648535472,0.673920642022261,0.546032101112916,0.7821933896314569,0.7740778129433616,0.6204409036341836,0.8757066462948863,0.7223996350364952,0.6436131386861295,0.8011861313868611
9,1,0.5942294281729357,0.5123152022315167,0.6785355648535472,0.673920642022261,0.546032101112916,0.7821933896314569,0.7740778129433616,0.6204409036341836,0.8757066462948863,0.7223996350364952,0.6436131386861295,0.8011861313868611
10,1,0.5942294281729357,0.5123152022315167,0.6785355648535472,0.673920642022261,0.546032101112916,0.7821933896314569,0.7740778129433616,0.6204409036341836,0.8757066462948863,0.7223996350364952,0.6436131386861295,0.8011861313868611
11,1,0.5942294281729357,0.5123152022315167,0.6785355648535472,0.673920642022261,0.546032101112916,0.7821933896314569,0.7740778129433616,0.6204409036341836,0.8757066462948863,0.7223996350364952,0.6436131386861295,0.8011861313868611
12,1,0.5942294281729357,0.5123152022315167,0.6785355648535472,0.673920642022261,0.546032101112916,0.7821933896314569,0.7740778129433616,0.6204409036341836,0.8757066462948863,0.7223996350364952,0.6436131386861295,0.8011861313868611
13,1,0.5942294281729357,0.5123152022315167,0.6785355648535472,0.673920642022261,0.546032101112916,0.7821933896314569,0.7740778129433616,0.6204409036341836,0.8757066462948863,0.7223996350364952,0.6436131386861295,0.8011861313868611
14,1,0.5942294281729357,0.5123152022315167,0.6785355648535472,0.673920642022261,0.546032101112916,0.7821933896314569,0.7740778129433616,0.6204409036341836,0.8757066462948863,0.7223996350364952,0.6436131386861295,0.8011861313868611
15,1,0.5942294281729357,0.5123152022315167,0.6785355648535472,0.673920642022261,0.546032101112916,0.7821933896314569,0.7740778129433616,0.6204409036341836,0.8757066462948863,0.7223996350364952,0.6436131386861295,0.8011861313868611
16,1,0.5942294281729357,0.5123152022315167,0.6785355648535472,0.673920642022261,0.546032101112916,0.7821933896314569,0.7740778129433616,0.6204409036341836,0.8757066462948863,0.7223996350364952,0.6436131386861295,0.8011861313868611
17,1,0.5942294281729357,0.5123152022315167,0.6785355648535472,0.673920642022261,0.546032101112916,0.7821933896314569,0.7740778129433616,0.6204409036341836,0.8757066462948863,0.7223996350364952,0.6436131386861295,0.8011861313868611
18,1,0.5942294281729357,0.5123152022315167,0.6785355648535472,0.673920642022261,0.546032101112916,0.7821933896314569,0.7740778129433616,0.6204409036341836,0.8757066462948863,0.7223996350364952,0.6436131386861295,0.8011861313868611
19,1,0.5942294281729357,0.5123152022315167,0.6785355648535472,0.673920642022261,0.546032101112916,0.7821933896314569,0.7740778129433616,0.6204409036341836,0.8757066462948863,0.7223996350364952,0.6436131386861295,0.8011861313868611
20,1,0.5942294281729357,0.5123152022315167,0.6785355648535472,0.673920642022261,0.546032101112916,0.7821933896314569,0.7740778129433616,0.6204409036341836,0.8757066462948863,0.7223996350364952,0.6436131386861295,0.8011861313868611
21,1,0.5942294281729357,0.5123152022315167,0.6785355648535472,0.673920642022261,0.546032101112916,0.7821933896314569,0.7740778129433616,0.6204409036341836,0.8757066462948863,0.7223996350364952,0.6436131386861295,0.8011861313868611
22,1,0.5942294281729357,0.5123152022315167,0.6785355648535472,0.673920642022261,0.546032101112916,0.7821933896314569,0.7740778129433616,0.6204409036341836,0.8757066462948863,0.7223996350364952,0.6436131386861295,0.8011861313868611
23,1,0.5942294281729357,0.5123152022315167,0.6785355648535472,0.673920642022261,0.546032101112916,0.7821933896314569,0.7740778129433616,0.6204409036341836,0.8757066462948863,0.7223996350364952,0.6436131386861295,0.8011861313868611
24,1,0.5942294281729357,0.5123152022315167,0.6785355648535472,0.673920642022261,0.546032101112916,0.7821933896314569,0.7740778129433616,0.6204409036341836,0.8757066462948863,0.7223996350364952,0.6436131386861295,0.8011861313868611
25,2,0.5608612273361135,0.4068619246861843,0.691046025104599,0.6761646440355698,0.523868911134722,0.7874056260835516,0.8121930590417996,0.7048237476808928,0.9198952308196006,0.6989051094890506,0.5570255474452533,0.7937956204379575
26,2,0.5608612273361135,0.4068619246861843,0.691046025104599,0.6761646440355698,0.523868911134722,0.7874056260835516,0.8121930590417996,0.7048237476808928,0.9198952308196006,0.6989051094890506,0.5570255474452533,0.7937956204379575
27,2,0.5608612273361135,0.4068619246861843,0.691046025104599,0.6761646440355698,0.523868911134722,0.7874056260835516,0.8121930590417996,0.7048237476808928,0.9198952308196006,0.6989051094890506,0.5570255474452533,0.7937956204379575
28,2,0.5608612273361135,0.4068619246861843,0.691046025104599,0.6761646440355698,0.523868911134722,0.7874056260835516,0.8121930590417996,0.7048237476808928,0.9198952308196006,0.6989051094890506,0.5570255474452533,0.7937956204379575
29,2,0.5608612273361135,0.4068619246861843,0.691046025104599,0.6761646440355698,0.523868911134722,0.7874056260835516,0.8121930590417996,0.7048237476808928,0.9198952308196006,0.6989051094890506,0.5570255474452533,0.7937956204379575
30,2,0.5608612273361135,0.4068619246861843,0.691046025104599,0.6761646440355698,0.523868911134722,0.7874056260835516,0.8121930590417996,0.7048237476808928,0.9198952308196006,0.6989051094890506,0.5570255474452533,0.7937956204379575
31,2,0.5608612273361135,0.4068619246861843,0.691046025104599,0.6761646440355698,0.523868911134722,0.7874056260835516,0.8121930590417996,0.7048237476808928,0.9198952308196006,0.6989051094890506,0.5570255474452533,0.7937956204379575
32,2,0.5608612273361135,0.4068619246861843,0.691046025104599,0.6761646440355698,0.523868911134722,0.7874056260835516,0.8121930590417996,0.7048237476808928,0.9198952308196006,0.6989051094890506,0.5570255474452533,0.7937956204379575
33,2,0.5608612273361135,0.4068619246861843,0.691046025104599,0.6761646440355698,0.523868911134722,0.7874056260835516,0.8121930590417996,0.7048237476808928,0.9198952308196006,0.6989051094890506,0.5570255474452533,0.7937956204379575
34,2,0.5608612273361135,0.4068619246861843,0.691046025104599,0.6761646440355698,0.523868911134722,0.7874056260835516,0.8121930590417996,0.7048237476808928,0.9198952308196006,0.6989051094890506,0.5570255474452533,0.7937956204379575
35,2,0.5608612273361135,0.4068619246861843,0.691046025104599,0.6761646440355698,0.523868911134722,0.7874056260835516,0.8121930590417996,0.7048237476808928,0.9198952308196006,0.6989051094890506,0.5570255474452533,0.7937956204379575
36,2,0.5608612273361135,0.4068619246861843,0.691046025104599,0.6761646440355698,0.523868911134722,0.7874056260835516,0.8121930590417996,0.7048237476808928,0.9198952308196006,0.6989051094890506,0.5570255474452533,0.7937956204379575
37,2,0.5608612273361135,0.4068619246861843,0.691046025104599,0.6761646440355698,0.523868911134722,0.7874056260835516,0.8121930590417996,0.7048237476808928,0.9198952308196006,0.6989051094890506,0.5570255474452533,0.7937956204379575
38,2,0.5608612273361135,0.4068619246861843,0.691046025104599,0.6761646440355698,0.523868911134722,0.7874056260835516,0.8121930590417996,0.7048237476808928,0.9198952308196006,0.6989051094890506,0.5570255474452533,0.7937956204379575
39,2,0.5608612273361135,0.4068619246861843,0.691046025104599,0.6761646440355698,0.523868911134722,0.7874056260835516,0.8121930590417996,0.7048237476808928,0.9198952308196006,0.6989051094890506,0.5570255474452533,0.7937956204379575
40,2,0.5608612273361135,0.4068619246861843,0.691046025104599,0.6761646440355698,0.523868911134722,0.7874056260835516,0.8121930590417996,0.7048237476808928,0.9198952308196006,0.6989051094890506,0.5570255474452533,0.7937956204379575
41,2,0.5608612273361135,0.4068619246861843,0.691046025104599,0.6761646440355698,0.523868911134722,0.7874056260835516,0.8121930590417996,0.7048237476808928,0.9198952308196006,0.6989051094890506,0.5570255474452533,0.7937956204379575
42,2,0.5608612273361135,0.4068619246861843,0.691046025104599,0.6761646440355698,0.523868911134722,0.7874056260835516,0.8121930590417996,0.7048237476808928,0.9198952308196006,0.6989051094890506,0.5570255474452533,0.7937956204379575
43,2,0.5608612273361135,0.4068619246861843,0.691046025104599,0.6761646440355698,0.523868911134722,0.7874056260835516,0.8121930590417996,0.7048237476808928,0.9198952308196006,0.6989051094890506,0.5570255474452533,0.7937956204379575
44,2,0.5608612273361135,0.4068619246861843,0.691046025104599,0.6761646440355698,0.523868911134722,0.7874056260835516,0.8121930590417996,0.7048237476808928,0.9198952308196006,0.6989051094890506,0.5570255474452533,0.7937956204379575
45,2,0.5608612273361135,0.4068619246861843,0.691046025104599,0.6761646440355698,0.523868911134722,0.7874056260835516,0.8121930590417996,0.7048237476808928,0.9198952308196006,0.6989051094890506,0.5570255474452533,0.7937956204379575
46,2,0.5608612273361135,0.4068619246861843,0.691046025104599,0.6761646440355698,0.523868911134722,0.7874056260835516,0.8121930590417996,0.7048237476808928,0.9198952308196006,0.6989051094890506,0.5570255474452533,0.7937956204379575
47,2,0.5608612273361135,0.4068619246861843,0.691046025104599,0.6761646440355698,0.523868911134722,0.7874056260835516,0.8121930590417996,0.7048237476808928,0.9198952308196006,0.6989051094890506,0.5570255474452533,0.7937956204379575
48,2,0.5608612273361135,0.4068619246861843,0.691046025104599,0.6761646440355698,0.523868911134722,0.7874056260835516,0.8121930590417996,0.7048237476808928,0.9198952308196006,0.6989051094890506,0.5570255474452533,0.7937956204379575
49,3,0.5423988842398817,0.37807531380751414,0.7197629009762935,0.6923200603993083,0.5208601308651672,0.8227392204015423,0.8489986903852476,0.7412965186074402,0.9533340608970896,0.7101961678832103,0.5742700729926998,0.8520985401459846
50,3,0.5423988842398817,0.37807531380751414,0.7197629009762935,0.6923200603993083,0.5208601308651672,0.8227392204015423,0.8489986903852476,0.7412965186074402,0.9533340608970896,0.7101961678832103,0.5742700729926998,0.8520985401459846
51,3,0.5423988842398817,0.37807531380751414,0.7197629009762935,0.6923200603993083,0.5208601308651672,0.8227392204015423,0.8489986903852476,0.7412965186074402,0.9533340608970896,0.7101961678832103,0.5742700729926998,0.8520985401459846
52,3,0.5423988842398817,0.37807531380751414,0.7197629009762935,0.6923200603993083,0.5208601308651672,0.8227392204015423,0.8489986903852476,0.7412965186074402,0.9533340608970896,0.7101961678832103,0.5742700729926998,0.8520985401459846
53,3,0.5423988842398817,0.37807531380751414,0.7197629009762935,0.6923200603993083,0.5208601308651672,0.8227392204015423,0.8489986903852476,0.7412965186074402,0.9533340608970896,0.7101961678832103,0.5742700729926998,0.8520985401459846
54,3,0.5423988842398817,0.37807531380751414,0.7197629009762935,0.6923200603993083,0.5208601308651672,0.8227392204015423,0.8489986903852476,0.7412965186074402,0.9533340608970896,0.7101961678832103,0.5742700729926998,0.8520985401459846
55,3,0.5423988842398817,0.37807531380751414,0.7197629009762935,0.6923200603993083,0.5208601308651672,0.8227392204015423,0.8489986903852476,0.7412965186074402,0.9533340608970896,0.7101961678832103,0.5742700729926998,0.8520985401459846
56,3,0.5423988842398817,0.37807531380751414,0.7197629009762935,0.6923200603993083,0.5208601308651672,0.8227392204015423,0.8489986903852476,0.7412965186074402,0.9533340608970896,0.7101961678832103,0.5742700729926998,0.8520985401459846
57,3,0.5423988842398817,0.37807531380751414,0.7197629009762935,0.6923200603993083,0.5208601308651672,0.8227392204015423,0.8489986903852476,0.7412965186074402,0.9533340608970896,0.7101961678832103,0.5742700729926998,0.8520985401459846
58,3,0.5423988842398817,0.37807531380751414,0.7197629009762935,0.6923200603993083,0.5208601308651672,0.8227392204015423,0.8489986903852476,0.7412965186074402,0.9533340608970896,0.7101961678832103,0.5742700729926998,0.8520985401459846
59,3,0.5423988842398817,0.37807531380751414,0.7197629009762935,0.6923200603993083,0.5208601308651672,0.8227392204015423,0.8489986903852476,0.7412965186074402,0.9533340608970896,0.7101961678832103,0.5742700729926998,0.8520985401459846
60,3,0.5423988842398817,0.37807531380751414,0.7197629009762935,0.6923200603993083,0.5208601308651672,0.8227392204015423,0.8489986903852476,0.7412965186074402,0.9533340608970896,0.7101961678832103,0.5742700729926998,0.8520985401459846
61,3,0.5423988842398817,0.37807531380751414,0.7197629009762935,0.6923200603993083,0.5208601308651672,0.8227392204015423,0.8489986903852476,0.7412965186074402,0.9533340608970896,0.7101961678832103,0.5742700729926998,0.8520985401459846
62,3,0.5423988842398817,0.37807531380751414,0.7197629009762935,0.6923200603993083,0.5208601308651672,0.8227392204015423,0.8489986903852476,0.7412965186074402,0.9533340608970896,0.7101961678832103,0.5742700729926998,0.8520985401459846
63,3,0.5423988842398817,0.37807531380751414,0.7197629009762935,0.6923200603993083,0.5208601308651672,0.8227392204015423,0.8489986903852476,0.7412965186074402,0.9533340608970896,0.7101961678832103,0.5742700729926998,0.8520985401459846
64,3,0.5423988842398817,0.37807531380751414,0.7197629009762935,0.6923200603993083,0.5208601308651672,0.8227392204015423,0.8489986903852476,0.7412965186074402,0.9533340608970896,0.7101961678832103,0.5742700729926998,0.8520985401459846
65,3,0.5423988842398817,0.37807531380751414,0.7197629009762935,0.6923200603993083,0.5208601308651672,0.8227392204015423,0.8489986903852476,0.7412965186074402,0.9533340608970896,0.7101961678832103,0.5742700729926998,0.8520985401459846
66,3,0.5423988842398817,0.37807531380751414,0.7197629009762935,0.6923200603993083,0.5208601308651672,0.8227392204015423,0.8489986903852476,0.7412965186074402,0.9533340608970896,0.7101961678832103,0.5742700729926998,0.8520985401459846
67,3,0.5423988842398817,0.37807531380751414,0.7197629009762935,0.6923200603993083,0.5208601308651672,0.8227392204015423,0.8489986903852476,0.7412965186074402,0.9533340608970896,0.7101961678832103,0.5742700729926998,0.8520985401459846
68,3,0.5423988842398817,0.37807531380751414,0.7197629009762935,0.6923200603993083,0.5208601308651672,0.8227392204015423,0.8489986903852476,0.7412965186074402,0.9533340608970896,0.7101961678832103,0.5742700729926998,0.8520985401459846
69,3,0.5423988842398817,0.37807531380751414,0.7197629009762935,0.6923200603993083,0.5208601308651672,0.8227392204015423,0.8489986903852476,0.7412965186074402,0.9533340608970896,0.7101961678832103,0.5742700729926998,0.8520985401459846
70,3,0.5423988842398817,0.37807531380751414,0.7197629009762935,0.6923200603993083,0.5208601308651672,0.8227392204015423,0.8489986903852476,0.7412965186074402,0.9533340608970896,0.7101961678832103,0.5742700729926998,0.8520985401459846
71,3,0.5423988842398817,0.37807531380751414,0.7197629009762935,0.6923200603993083,0.5208601308651672,0.8227392204015423,0.8489986903852476,0.7412965186074402,0.9533340608970896,0.7101961678832103,0.5742700729926998,0.8520985401459846
72,3,0.5423988842398817,0.37807531380751414,0.7197629009762935,0.6923200603993083,0.5208601308651672,0.8227392204015423,0.8489986903852476,0.7412965186074402,0.9533340608970896,0.7101961678832103,0.5742700729926998,0.8520985401459846
73,4,0.6164574616457354,0.4111157601115764,0.7508926080892451,0.6948716514736324,0.498327834013763,0.8326324031094465,0.8349066899487072,0.7356433482483901,0.946982429335371,0.7078010948905096,0.5175182481751793,0.8467153284671521
74,4,0.6164574616457354,0.4111157601115764,0.7508926080892451,0.6948716514736324,0.498327834013763,0.8326324031094465,0.8349066899487072,0.7356433482483901,0.946982429335371,0.7078010948905096,0.5175182481751793,0.8467153284671521
75,4,0.6164574616457354,0.4111157601115764,0.7508926080892451,0.6948716514736324,0.498327834013763,0.8326324031094465,0.8349066899487072,0.7356433482483901,0.946982429335371,0.7078010948905096,0.5175182481751793,0.8467153284671521
76,4,0.6164574616457354,0.4111157601115764,0.7508926080892451,0.6948716514736324,0.498327834013763,0.8326324031094465,0.8349066899487072,0.7356433482483901,0.946982429335371,0.7078010948905096,0.5175182481751793,0.8467153284671521
77,4,0.6164574616457354,0.4111157601115764,0.7508926080892451,0.6948716514736324,0.498327834013763,0.8326324031094465,0.8349066899487072,0.7356433482483901,0.946982429335371,0.7078010948905096,0.5175182481751793,0.8467153284671521
78,4,0.6164574616457354,0.4111157601115764,0.7508926080892451,0.6948716514736324,0.498327834013763,0.8326324031094465,0.8349066899487072,0.7356433482483901,0.946982429335371,0.7078010948905096,0.5175182481751793,0.8467153284671521
79,4,0.6164574616457354,0.4111157601115764,0.7508926080892451,0.6948716514736324,0.498327834013763,0.8326324031094465,0.8349066899487072,0.7356433482483901,0.946982429335371,0.7078010948905096,0.5175182481751793,0.8467153284671521
80,4,0.6164574616457354,0.4111157601115764,0.7508926080892451,0.6948716514736324,0.498327834013763,0.8326324031094465,0.8349066899487072,0.7356433482483901,0.946982429335371,0.7078010948905096,0.5175182481751793,0.8467153284671521
81,4,0.6164574616457354,0.4111157601115764,0.7508926080892451,0.6948716514736324,0.498327834013763,0.8326324031094465,0.8349066899487072,0.7356433482483901,0.946982429335371,0.7078010948905096,0.5175182481751793,0.8467153284671521
82,4,0.6164574616457354,0.4111157601115764,0.7508926080892451,0.6948716514736324,0.498327834013763,0.8326324031094465,0.8349066899487072,0.7356433482483901,0.946982429335371,0.7078010948905096,0.5175182481751793,0.8467153284671521
83,4,0.6164574616457354,0.4111157601115764,0.7508926080892451,0.6948716514736324,0.498327834013763,0.8326324031094465,0.8349066899487072,0.7356433482483901,0.946982429335371,0.7078010948905096,0.5175182481751793,0.8467153284671521
84,4,0.6164574616457354,0.4111157601115764,0.7508926080892451,0.6948716514736324,0.498327834013763,0.8326324031094465,0.8349066899487072,0.7356433482483901,0.946982429335371,0.7078010948905096,0.5175182481751793,0.8467153284671521
85,4,0.6164574616457354,0.4111157601115764,0.7508926080892451,0.6948716514736324,0.498327834013763,0.8326324031094465,0.8349066899487072,0.7356433482483901,0.946982429335371,0.7078010948905096,0.5175182481751793,0.8467153284671521
86,4,0.6164574616457354,0.4111157601115764,0.7508926080892451,0.6948716514736324,0.498327834013763,0.8326324031094465,0.8349066899487072,0.7356433482483901,0.946982429335371,0.7078010948905096,0.5175182481751793,0.8467153284671521
87,4,0.6164574616457354,0.4111157601115764,0.7508926080892451,0.6948716514736324,0.498327834013763,0.8326324031094465,0.8349066899487072,0.7356433482483901,0.946982429335371,0.7078010948905096,0.5175182481751793,0.8467153284671521
88,4,0.6164574616457354,0.4111157601115764,0.7508926080892451,0.6948716514736324,0.498327834013763,0.8326324031094465,0.8349066899487072,0.7356433482483901,0.946982429335371,0.7078010948905096,0.5175182481751793,0.8467153284671521
89,4,0.6164574616457354,0.4111157601115764,0.7508926080892451,0.6948716514736324,0.498327834013763,0.8326324031094465,0.8349066899487072,0.7356433482483901,0.946982429335371,0.7078010948905096,0.5175182481751793,0.8467153284671521
90,4,0.6164574616457354,0.4111157601115764,0.7508926080892451,0.6948716514736324,0.498327834013763,0.8326324031094465,0.8349066899487072,0.7356433482483901,0.946982429335371,0.7078010948905096,0.5175182481751793,0.8467153284671521
91,4,0.6164574616457354,0.4111157601115764,0.7508926080892451,0.6948716514736324,0.498327834013763,0.8326324031094465,0.8349066899487072,0.7356433482483901,0.946982429335371,0.7078010948905096,0.5175182481751793,0.8467153284671521
92,4,0.6164574616457354,0.4111157601115764,0.7508926080892451,0.6948716514736324,0.498327834013763,0.8326324031094465,0.8349066899487072,0.7356433482483901,0.946982429335371,0.7078010948905096,0.5175182481751793,0.8467153284671521
93,4,0.6164574616457354,0.4111157601115764,0.7508926080892451,0.6948716514736324,0.498327834013763,0.8326324031094465,0.8349066899487072,0.7356433482483901,0.946982429335371,0.7078010948905096,0.5175182481751793,0.8467153284671521
94,4,0.6164574616457354,0.4111157601115764,0.7508926080892451,0.6948716514736324,0.498327834013763,0.8326324031094465,0.8349066899487072,0.7356433482483901,0.946982429335371,0.7078010948905096,0.5175182481751793,0.8467153284671521
95,4,0.6164574616457354,0.4111157601115764,0.7508926080892451,0.6948716514736324,0.498327834013763,0.8326324031094465,0.8349066899487072,0.7356433482483901,0.946982429335371,0.7078010948905096,0.5175182481751793,0.8467153284671521
96,4,0.6164574616457354,0.4111157601115764,0.7508926080892451,0.6948716514736324,0.498327834013763,0.8326324031094465,0.8349066899487072,0.7356433482483901,0.946982429335371,0.7078010948905096,0.5175182481751793,0.8467153284671521
97,5,0.6623256624825569,0.5470292887029202,0.7346164574616324,0.6910897041552495,0.5199205860969777,0.8018902745931484,0.8423551238677316,0.7839353923387563,0.9221979700971381,0.6845460766423348,0.43996350364963316,0.8317244525547437
98,5,0.6623256624825569,0.5470292887029202,0.7346164574616324,0.6910897041552495,0.5199205860969777,0.8018902745931484,0.8423551238677316,0.7839353923387563,0.9221979700971381,0.6845460766423348,0.43996350364963316,0.8317244525547437
99,5,0.6623256624825569,0.5470292887029202,0.7346164574616324,0.6910897041552495,0.5199205860969777,0.8018902745931484,0.8423551238677316,0.7839353923387563,0.9221979700971381,0.6845460766423348,0.43996350364963316,0.8317244525547437
100,5,0.6623256624825569,0.5470292887029202,0.7346164574616324,0.6910897041552495,0.5199205860969777,0.8018902745931484,0.8423551238677316,0.7839353923387563,0.9221979700971381,0.6845460766423348,0.43996350364963316,0.8317244525547437
101,5,0.6623256624825569,0.5470292887029202,0.7346164574616324,0.6910897041552495,0.5199205860969777,0.8018902745931484,0.8423551238677316,0.7839353923387563,0.9221979700971381,0.6845460766423348,0.43996350364963316,0.8317244525547437
102,5,0.6623256624825569,0.5470292887029202,0.7346164574616324,0.6910897041552495,0.5199205860969777,0.8018902745931484,0.8423551238677316,0.7839353923387563,0.9221979700971381,0.6845460766423348,0.43996350364963316,0.8317244525547437
103,5,0.6623256624825569,0.5470292887029202,0.7346164574616324,0.6910897041552495,0.5199205860969777,0.8018902745931484,0.8423551238677316,0.7839353923387563,0.9221979700971381,0.6845460766423348,0.43996350364963316,0.8317244525547437
104,5,0.6623256624825569,0.5470292887029202,0.7346164574616324,0.6910897041552495,0.5199205860969777,0.8018902745931484,0.8423551238677316,0.7839353923387563,0.9221979700971381,0.6845460766423348,0.43996350364963316,0.8317244525547437
105,5,0.6623256624825569,0.5470292887029202,0.7346164574616324,0.6910897041552495,0.5199205860969777,0.8018902745931484,0.8423551238677316,0.7839353923387563,0.9221979700971381,0.6845460766423348,0.43996350364963316,0.8317244525547437
106,5,0.6623256624825569,0.5470292887029202,0.7346164574616324,0.6910897041552495,0.5199205860969777,0.8018902745931484,0.8423551238677316,0.7839353923387563,0.9221979700971381,0.6845460766423348,0.43996350364963316,0.8317244525547437
107,5,0.6623256624825569,0.5470292887029202,0.7346164574616324,0.6910897041552495,0.5199205860969777,0.8018902745931484,0.8423551238677316,0.7839353923387563,0.9221979700971381,0.6845460766423348,0.43996350364963316,0.8317244525547437
108,5,0.6623256624825569,0.5470292887029202,0.7346164574616324,0.6910897041552495,0.5199205860969777,0.8018902745931484,0.8423551238677316,0.7839353923387563,0.9221979700971381,0.6845460766423348,0.43996350364963316,0.8317244525547437
109,5,0.6623256624825569,0.5470292887029202,0.7346164574616324,0.6910897041552495,0.5199205860969777,0.8018902745931484,0.8423551238677316,0.7839353923387563,0.9221979700971381,0.6845460766423348,0.43996350364963316,0.8317244525547437
110,5,0.6623256624825569,0.5470292887029202,0.7346164574616324,0.6910897041552495,0.5199205860969777,0.8018902745931484,0.8423551238677316,0.7839353923387563,0.9221979700971381,0.6845460766423348,0.43996350364963316,0.8317244525547437
111,5,0.6623256624825569,0.5470292887029202,0.7346164574616324,0.6910897041552495,0.5199205860969777,0.8018902745931484,0.8423551238677316,0.7839353923387563,0.9221979700971381,0.6845460766423348,0.43996350364963316,0.8317244525547437
112,5,0.6623256624825569,0.5470292887029202,0.7346164574616324,0.6910897041552495,0.5199205860969777,0.8018902745931484,0.8423551238677316,0.7839353923387563,0.9221979700971381,0.6845460766423348,0.43996350364963316,0.8317244525547437
113,5,0.6623256624825569,0.5470292887029202,0.7346164574616324,0.6910897041552495,0.5199205860969777,0.8018902745931484,0.8423551238677316,0.7839353923387563,0.9221979700971381,0.6845460766423348,0.43996350364963316,0.8317244525547437
114,5,0.6623256624825569,0.5470292887029202,0.7346164574616324,0.6910897041552495,0.5199205860969777,0.8018902745931484,0.8423551238677316,0.7839353923387563,0.9221979700971381,0.6845460766423348,0.43996350364963316,0.8317244525547437
115,5,0.6623256624825569,0.5470292887029202,0.7346164574616324,0.6910897041552495,0.5199205860969777,0.8018902745931484,0.8423551238677316,0.7839353923387563,0.9221979700971381,0.6845460766423348,0.43996350364963316,0.8317244525547437
116,5,0.6623256624825569,0.5470292887029202,0.7346164574616324,0.6910897041552495,0.5199205860969777,0.8018902745931484,0.8423551238677316,0.7839353923387563,0.9221979700971381,0.6845460766423348,0.43996350364963316,0.8317244525547437
117,5,0.6623256624825569,0.5470292887029202,0.7346164574616324,0.6910897041552495,0.5199205860969777,0.8018902745931484,0.8423551238677316,0.7839353923387563,0.9221979700971381,0.6845460766423348,0.43996350364963316,0.8317244525547437
118,5,0.6623256624825569,0.5470292887029202,0.7346164574616324,0.6910897041552495,0.5199205860969777,0.8018902745931484,0.8423551238677316,0.7839353923387563,0.9221979700971381,0.6845460766423348,0.43996350364963316,0.8317244525547437
119,5,0.6623256624825569,0.5470292887029202,0.7346164574616324,0.6910897041552495,0.5199205860969777,0.8018902745931484,0.8423551238677316,0.7839353923387563,0.9221979700971381,0.6845460766423348,0.43996350364963316,0.8317244525547437
120,5,0.6623256624825569,0.5470292887029202,0.7346164574616324,0.6910897041552495,0.5199205860969777,0.8018902745931484,0.8423551238677316,0.7839353923387563,0.9221979700971381,0.6845460766423348,0.43996350364963316,0.8317244525547437
121,6,0.6802998605299795,0.6404881450488119,0.7215760111575861,0.6847142217996769,0.5368827246798311,0.7920082769420084,0.8575521117537939,0.7929171668667451,0.9236058059587513,0.6916058394160571,0.4781021897810209,0.8354927007299245
122,6,0.6802998605299795,0.6404881450488119,0.7215760111575861,0.6847142217996769,0.5368827246798311,0.7920082769420084,0.8575521117537939,0.7929171668667451,0.9236058059587513,0.6916058394160571,0.4781021897810209,0.8354927007299245
123,6,0.6802998605299795,0.6404881450488119,0.7215760111575861,0.6847142217996769,0.5368827246798311,0.7920082769420084,0.8575521117537939,0.7929171668667451,0.9236058059587513,0.6916058394160571,0.4781021897810209,0.8354927007299245
124,6,0.6802998605299795,0.6404881450488119,0.7215760111575861,0.6847142217996769,0.5368827246798311,0.7920082769420084,0.8575521117537939,0.7929171668667451,0.9236058059587513,0.6916058394160571,0.4781021897810209,0.8354927007299245
125,6,0.6802998605299795,0.6404881450488119,0.7215760111575861,0.6847142217996769,0.5368827246798311,0.7920082769420084,0.8575521117537939,0.7929171668667451,0.9236058059587513,0.6916058394160571,0.4781021897810209,0.8354927007299245
126,6,0.6802998605299795,0.6404881450488119,0.7215760111575861,0.6847142217996769,0.5368827246798311,0.7920082769420084,0.8575521117537939,0.7929171668667451,0.9236058059587513,0.6916058394160571,0.4781021897810209,0.8354927007299245
127,6,0.6802998605299795,0.6404881450488119,0.7215760111575861,0.6847142217996769,0.5368827246798311,0.7920082769420084,0.8575521117537939,0.7929171668667451,0.9236058059587513,0.6916058394160571,0.4781021897810209,0.8354927007299245
128,6,0.6802998605299795,0.6404881450488119,0.7215760111575861,0.6847142217996769,0.5368827246798311,0.7920082769420084,0.8575521117537939,0.7929171668667451,0.9236058059587513,0.6916058394160571,0.4781021897810209,0.8354927007299245
129,6,0.6802998605299795,0.6404881450488119,0.7215760111575861,0.6847142217996769,0.5368827246798311,0.7920082769420084,0.8575521117537939,0.7929171668667451,0.9236058059587513,0.6916058394160571,0.4781021897810209,0.8354927007299245
130,6,0.6802998605299795,0.6404881450488119,0.7215760111575861,0.6847142217996769,0.5368827246798311,0.7920082769420084,0.8575521117537939,0.7929171668667451,0.9236058059587513,0.6916058394160571,0.4781021897810209,0.8354927007299245
131,6,0.6802998605299795,0.6404881450488119,0.7215760111575861,0.6847142217996769,0.5368827246798311,0.7920082769420084,0.8575521117537939,0.7929171668667451,0.9236058059587513,0.6916058394160571,0.4781021897810209,0.8354927007299245
132,6,0.6802998605299795,0.6404881450488119,0.7215760111575861,0.6847142217996769,0.5368827246798311,0.7920082769420084,0.8575521117537939,0.7929171668667451,0.9236058059587513,0.6916058394160571,0.4781021897810209,0.8354927007299245
133,6,0.6802998605299795,0.6404881450488119,0.7215760111575861,0.6847142217996769,0.5368827246798311,0.7920082769420084,0.8575521117537939,0.7929171668667451,0.9236058059587513,0.6916058394160571,0.4781021897810209,0.8354927007299245
134,6,0.6802998605299795,0.6404881450488119,0.7215760111575861,0.6847142217996769,0.5368827246798311,0.7920082769420084,0.8575521117537939,0.7929171668667451,0.9236058059587513,0.6916058394160571,0.4781021897810209,0.8354927007299245
135,6,0.6802998605299795,0.6404881450488119,0.7215760111575861,0.6847142217996769,0.5368827246798311,0.7920082769420084,0.8575521117537939,0.7929171668667451,0.9236058059587513,0.6916058394160571,0.4781021897810209,0.8354927007299245
136,6,0.6802998605299795,0.6404881450488119,0.7215760111575861,0.6847142217996769,0.5368827246798311,0.7920082769420084,0.8575521117537939,0.7929171668667451,0.9236058059587513,0.6916058394160571,0.4781021897810209,0.8354927007299245
137,6,0.6802998605299795,0.6404881450488119,0.7215760111575861,0.6847142217996769,0.5368827246798311,0.7920082769420084,0.8575521117537939,0.7929171668667451,0.9236058059587513,0.6916058394160571,0.4781021897810209,0.8354927007299245
138,6,0.6802998605299795,0.6404881450488119,0.7215760111575861,0.6847142217996769,0.5368827246798311,0.7920082769420084,0.8575521117537939,0.7929171668667451,0.9236058059587513,0.6916058394160571,0.4781021897810209,0.8354927007299245
139,6,0.6802998605299795,0.6404881450488119,0.7215760111575861,0.6847142217996769,0.5368827246798311,0.7920082769420084,0.8575521117537939,0.7929171668667451,0.9236058059587513,0.6916058394160571,0.4781021897810209,0.8354927007299245
140,6,0.6802998605299795,0.6404881450488119,0.7215760111575861,0.6847142217996769,0.5368827246798311,0.7920082769420084,0.8575521117537939,0.7929171668667451,0.9236058059587513,0.6916058394160571,0.4781021897810209,0.8354927007299245
141,6,0.6802998605299795,0.6404881450488119,0.7215760111575861,0.6847142217996769,0.5368827246798311,0.7920082769420084,0.8575521117537939,0.7929171668667451,0.9236058059587513,0.6916058394160571,0.4781021897810209,0.8354927007299245
142,6,0.6802998605299795,0.6404881450488119,0.7215760111575861,0.6847142217996769,0.5368827246798311,0.7920082769420084,0.8575521117537939,0.7929171668667451,0.9236058059587513,0.6916058394160571,0.4781021897810209,0.8354927007299245
143,6,0.6802998605299795,0.6404881450488119,0.7215760111575861,0.6847142217996769,0.5368827246798311,0.7920082769420084,0.8575521117537939,0.7929171668667451,0.9236058059587513,0.6916058394160571,0.4781021897810209,0.8354927007299245
144,6,0.6802998605299795,0.6404881450488119,0.7215760111575861,0.6847142217996769,0.5368827246798311,0.7920082769420084,0.8575521117537939,0.7929171668667451,0.9236058059587513,0.6916058394160571,0.4781021897810209,0.8354927007299245
145,7,0.6826708507670727,0.615467224546704,0.7486052998605132,0.6840990436776471,0.5023432693920938,0.8056820088361946,0.8563652733820835,0.817308741678491,0.9022699989086582,0.6867016423357652,0.5354014598540154,0.7948905109489026
146,7,0.6826708507670727,0.615467224546704,0.7486052998605132,0.6840990436776471,0.5023432693920938,0.8056820088361946,0.8563652733820835,0.817308741678491,0.9022699989086582,0.6867016423357652,0.5354014598540154,0.7948905109489026
147,7,0.6826708507670727,0.615467224546704,0.7486052998605132,0.6840990436776471,0.5023432693920938,0.8056820088361946,0.8563652733820835,0.817308741678491,0.9022699989086582,0.6867016423357652,0.5354014598540154,0.7948905109489026
148,7,0.6826708507670727,0.615467224546704,0.7486052998605132,0.6840990436776471,0.5023432693920938,0.8056820088361946,0.8563652733820835,0.817308741678491,0.9022699989086582,0.6867016423357652,0.5354014598540154,0.7948905109489026
149,7,0.6826708507670727,0.615467224546704,0.7486052998605132,0.6840990436776471,0.5023432693920938,0.8056820088361946,0.8563652733820835,0.817308741678491,0.9022699989086582,0.6867016423357652,0.5354014598540154,0.7948905109489026
150,7,0.6826708507670727,0.615467224546704,0.7486052998605132,0.6840990436776471,0.5023432693920938,0.8056820088361946,0.8563652733820835,0.817308741678491,0.9022699989086582,0.6867016423357652,0.5354014598540154,0.7948905109489026
151,7,0.6826708507670727,0.615467224546704,0.7486052998605132,0.6840990436776471,0.5023432693920938,0.8056820088361946,0.8563652733820835,0.817308741678491,0.9022699989086582,0.6867016423357652,0.5354014598540154,0.7948905109489026
152,7,0.6826708507670727,0.615467224546704,0.7486052998605132,0.6840990436776471,0.5023432693920938,0.8056820088361946,0.8563652733820835,0.817308741678491,0.9022699989086582,0.6867016423357652,0.5354014598540154,0.7948905109489026
153,7,0.6826708507670727,0.615467224546704,0.7486052998605132,0.6840990436776471,0.5023432693920938,0.8056820088361946,0.8563652733820835,0.817308741678491,0.9022699989086582,0.6867016423357652,0.5354014598540154,0.7948905109489026
154,7,0.6826708507670727,0.615467224546704,0.7486052998605132,0.6840990436776471,0.5023432693920938,0.8056820088361946,0.8563652733820835,0.817308741678491,0.9022699989086582,0.6867016423357652,0.5354014598540154,0.7948905109489026
155,7,0.6826708507670727,0.615467224546704,0.7486052998605132,0.6840990436776471,0.5023432693920938,0.8056820088361946,0.8563652733820835,0.817308741678491,0.9022699989086582,0.6867016423357652,0.5354014598540154,0.7948905109489026
156,7,0.6826708507670727,0.615467224546704,0.7486052998605132,0.6840990436776471,0.5023432693920938,0.8056820088361946,0.8563652733820835,0.817308741678491,0.9022699989086582,0.6867016423357652,0.5354014598540154,0.7948905109489026
157,7,0.6826708507670727,0.615467224546704,0.7486052998605132,0.6840990436776471,0.5023432693920938,0.8056820088361946,0.8563652733820835,0.817308741678491,0.9022699989086582,0.6867016423357652,0.5354014598540154,0.7948905109489026
158,7,0.6826708507670727,0.615467224546704,0.7486052998605132,0.6840990436776471,0.5023432693920938,0.8056820088361946,0.8563652733820835,0.817308741678491,0.9022699989086582,0.6867016423357652,0.5354014598540154,0.7948905109489026
159,7,0.6826708507670727,0.615467224546704,0.7486052998605132,0.6840990436776471,0.5023432693920938,0.8056820088361946,0.8563652733820835,0.817308741678491,0.9022699989086582,0.6867016423357652,0.5354014598540154,0.7948905109489026
160,7,0.6826708507670727,0.615467224546704,0.7486052998605132,0.6840990436776471,0.5023432693920938,0.8056820088361946,0.8563652733820835,0.817308741678491,0.9022699989086582,0.6867016423357652,0.5354014598540154,0.7948905109489026
161,7,0.6826708507670727,0.615467224546704,0.7486052998605132,0.6840990436776471,0.5023432693920938,0.8056820088361946,0.8563652733820835,0.817308741678491,0.9022699989086582,0.6867016423357652,0.5354014598540154,0.7948905109489026
162,7,0.6826708507670727,0.615467224546704,0.7486052998605132,0.6840990436776471,0.5023432693920938,0.8056820088361946,0.8563652733820835,0.817308741678491,0.9022699989086582,0.6867016423357652,0.5354014598540154,0.7948905109489026
163,7,0.6826708507670727,0.615467224546704,0.7486052998605132,0.6840990436776471,0.5023432693920938,0.8056820088361946,0.8563652733820835,0.817308741678491,0.9022699989086582,0.6867016423357652,0.5354014598540154,0.7948905109489026
164,7,0.6826708507670727,0.615467224546704,0.7486052998605132,0.6840990436776471,0.5023432693920938,0.8056820088361946,0.8563652733820835,0.817308741678491,0.9022699989086582,0.6867016423357652,0.5354014598540154,0.7948905109489026
165,7,0.6826708507670727,0.615467224546704,0.7486052998605132,0.6840990436776471,0.5023432693920938,0.8056820088361946,0.8563652733820835,0.817308741678491,0.9022699989086582,0.6867016423357652,0.5354014598540154,0.7948905109489026
166,7,0.6826708507670727,0.615467224546704,0.7486052998605132,0.6840990436776471,0.5023432693920938,0.8056820088361946,0.8563652733820835,0.817308741678491,0.9022699989086582,0.6867016423357652,0.5354014598540154,0.7948905109489026
167,7,0.6826708507670727,0.615467224546704,0.7486052998605132,0.6840990436776471,0.5023432693920938,0.8056820088361946,0.8563652733820835,0.817308741678491,0.9022699989086582,0.6867016423357652,0.5354014598540154,0.7948905109489026
168,7,0.6826708507670727,0.615467224546704,0.7486052998605132,0.6840990436776471,0.5023432693920938,0.8056820088361946,0.8563652733820835,0.817308741678491,0.9022699989086582,0.6867016423357652,0.5354014598540154,0.7948905109489026
169,8,0.6627092050209136,0.5854114365411419,0.7603486750348623,0.6884682064761476,0.5358760695710529,0.806957105307309,0.8316599367019553,0.7373676743424632,0.9048564880497686,0.7004447992700706,0.5384580291970774,0.8251824817518244
170,8,0.6627092050209136,0.5854114365411419,0.7603486750348623,0.6884682064761476,0.5358760695710529,0.806957105307309,0.8316599367019553,0.7373676743424632,0.9048564880497686,0.7004447992700706,0.5384580291970774,0.8251824817518244
171,8,0.6627092050209136,0.5854114365411419,0.7603486750348623,0.6884682064761476,0.5358760695710529,0.806957105307309,0.8316599367019553,0.7373676743424632,0.9048564880497686,0.7004447992700706,0.5384580291970774,0.8251824817518244
172,8,0.6627092050209136,0.5854114365411419,0.7603486750348623,0.6884682064761476,0.5358760695710529,0.806957105307309,0.8316599367019553,0.7373676743424632,0.9048564880497686,0.7004447992700706,0.5384580291970774,0.8251824817518244
173,8,0.6627092050209136,0.5854114365411419,0.7603486750348623,0.6884682064761476,0.5358760695710529,0.806957105307309,0.8316599367019553,0.7373676743424632,0.9048564880497686,0.7004447992700706,0.5384580291970774,0.8251824817518244
174,8,0.6627092050209136,0.5854114365411419,0.7603486750348623,0.6884682064761476,0.5358760695710529,0.806957105307309,0.8316599367019553,0.7373676743424632,0.9048564880497686,0.7004447992700706,0.5384580291970774,0.8251824817518244
175,8,0.6627092050209136,0.5854114365411419,0.7603486750348623,0.6884682064761476,0.5358760695710529,0.806957105307309,0.8316599367019553,0.7373676743424632,0.9048564880497686,0.7004447992700706,0.5384580291970774,0.8251824817518244
176,8,0.6627092050209136,0.5854114365411419,0.7603486750348623,0.6884682064761476,0.5358760695710529,0.806957105307309,0.8316599367019553,0.7373676743424632,0.9048564880497686,0.7004447992700706,0.5384580291970774,0.8251824817518244
177,8,0.6627092050209136,0.5854114365411419,0.7603486750348623,0.6884682064761476,0.5358760695710529,0.806957105307309,0.8316599367019553,0.7373676743424632,0.9048564880497686,0.7004447992700706,0.5384580291970774,0.8251824817518244
178,8,0.6627092050209136,0.5854114365411419,0.7603486750348623,0.6884682064761476,0.5358760695710529,0.806957105307309,0.8316599367019553,0.7373676743424632,0.9048564880497686,0.7004447992700706,0.5384580291970774,0.8251824817518244
179,8,0.6627092050209136,0.5854114365411419,0.7603486750348623,0.6884682064761476,0.5358760695710529,0.806957105307309,0.8316599367019553,0.7373676743424632,0.9048564880497686,0.7004447992700706,0.5384580291970774,0.8251824817518244
180,8,0.6627092050209136,0.5854114365411419,0.7603486750348623,0.6884682064761476,0.5358760695710529,0.806957105307309,0.8316599367019553,0.7373676743424632,0.9048564880497686,0.7004447992700706,0.5384580291970774,0.8251824817518244
181,8,0.6627092050209136,0.5854114365411419,0.7603486750348623,0.6884682064761476,0.5358760695710529,0.806957105307309,0.8316599367019553,0.7373676743424632,0.9048564880497686,0.7004447992700706,0.5384580291970774,0.8251824817518244
182,8,0.6627092050209136,0.5854114365411419,0.7603486750348623,0.6884682064761476,0.5358760695710529,0.806957105307309,0.8316599367019553,0.7373676743424632,0.9048564880497686,0.7004447992700706,0.5384580291970774,0.8251824817518244
183,8,0.6627092050209136,0.5854114365411419,0.7603486750348623,0.6884682064761476,0.5358760695710529,0.806957105307309,0.8316599367019553,0.7373676743424632,0.9048564880497686,0.7004447992700706,0.5384580291970774,0.8251824817518244
184,8,0.6627092050209136,0.5854114365411419,0.7603486750348623,0.6884682064761476,0.5358760695710529,0.806957105307309,0.8316599367019553,0.7373676743424632,0.9048564880497686,0.7004447992700706,0.5384580291970774,0.8251824817518244
185,8,0.6627092050209136,0.5854114365411419,0.7603486750348623,0.6884682064761476,0.5358760695710529,0.806957105307309,0.8316599367019553,0.7373676743424632,0.9048564880497686,0.7004447992700706,0.5384580291970774,0.8251824817518244
186,8,0.6627092050209136,0.5854114365411419,0.7603486750348623,0.6884682064761476,0.5358760695710529,0.806957105307309,0.8316599367019553,0.7373676743424632,0.9048564880497686,0.7004447992700706,0.5384580291970774,0.8251824817518244
187,8,0.6627092050209136,0.5854114365411419,0.7603486750348623,0.6884682064761476,0.5358760695710529,0.806957105307309,0.8316599367019553,0.7373676743424632,0.9048564880497686,0.7004447992700706,0.5384580291970774,0.8251824817518244
188,8,0.6627092050209136,0.5854114365411419,0.7603486750348623,0.6884682064761476,0.5358760695710529,0.806957105307309,0.8316599367019553,0.7373676743424632,0.9048564880497686,0.7004447992700706,0.5384580291970774,0.8251824817518244
189,8,0.6627092050209136,0.5854114365411419,0.7603486750348623,0.6884682064761476,0.5358760695710529,0.806957105307309,0.8316599367019553,0.7373676743424632,0.9048564880497686,0.7004447992700706,0.5384580291970774,0.8251824817518244
190,8,0.6627092050209136,0.5854114365411419,0.7603486750348623,0.6884682064761476,0.5358760695710529,0.806957105307309,0.8316599367019553,0.7373676743424632,0.9048564880497686,0.7004447992700706,0.5384580291970774,0.8251824817518244
191,8,0.6627092050209136,0.5854114365411419,0.7603486750348623,0.6884682064761476,0.5358760695710529,0.806957105307309,0.8316599367019553,0.7373676743424632,0.9048564880497686,0.7004447992700706,0.5384580291970774,0.8251824817518244
192,8,0.6627092050209136,0.5854114365411419,0.7603486750348623,0.6884682064761476,0.5358760695710529,0.806957105307309,0.8316599367019553,0.7373676743424632,0.9048564880497686,0.7004447992700706,0.5384580291970774,0.8251824817518244
193,9,0.6436192468619168,0.5448814504881355,0.7200976290097572,0.6828337341312016,0.5114590906548863,0.7955371623510971,0.8449607115573539,0.7660591509331006,0.9306558987231277,0.695825729927007,0.5341240875912397,0.7790145985401477
194,9,0.6436192468619168,0.5448814504881355,0.7200976290097572,0.6828337341312016,0.5114590906548863,0.7955371623510971,0.8449607115573539,0.7660591509331006,0.9306558987231277,0.695825729927007,0.5341240875912397,0.7790145985401477
195,9,0.6436192468619168,0.5448814504881355,0.7200976290097572,0.6828337341312016,0.5114590906548863,0.7955371623510971,0.8449607115573539,0.7660591509331006,0.9306558987231277,0.695825729927007,0.5341240875912397,0.7790145985401477
196,9,0.6436192468619168,0.5448814504881355,0.7200976290097572,0.6828337341312016,0.5114590906548863,0.7955371623510971,0.8449607115573539,0.7660591509331006,0.9306558987231277,0.695825729927007,0.5341240875912397,0.7790145985401477
197,9,0.6436192468619168,0.5448814504881355,0.7200976290097572,0.6828337341312016,0.5114590906548863,0.7955371623510971,0.8449607115573539,0.7660591509331006,0.9306558987231277,0.695825729927007,0.5341240875912397,0.7790145985401477
198,9,0.6436192468619168,0.5448814504881355,0.7200976290097572,0.6828337341312016,0.5114590906548863,0.7955371623510971,0.8449607115573539,0.7660591509331006,0.9306558987231277,0.695825729927007,0.5341240875912397,0.7790145985401477
199,9,0.6436192468619168,0.5448814504881355,0.7200976290097572,0.6828337341312016,0.5114590906548863,0.7955371623510971,0.8449607115573539,0.7660591509331006,0.9306558987231277,0.695825729927007,0.5341240875912397,0.7790145985401477
200,9,0.6436192468619168,0.5448814504881355,0.7200976290097572,0.6828337341312016,0.5114590906548863,0.7955371623510971,0.8449607115573539,0.7660591509331006,0.9306558987231277,0.695825729927007,0.5341240875912397,0.7790145985401477
201,9,0.6436192468619168,0.5448814504881355,0.7200976290097572,0.6828337341312016,0.5114590906548863,0.7955371623510971,0.8449607115573539,0.7660591509331006,0.9306558987231277,0.695825729927007,0.5341240875912397,0.7790145985401477
202,9,0.6436192468619168,0.5448814504881355,0.7200976290097572,0.6828337341312016,0.5114590906548863,0.7955371623510971,0.8449607115573539,0.7660591509331006,0.9306558987231277,0.695825729927007,0.5341240875912397,0.7790145985401477
203,9,0.6436192468619168,0.5448814504881355,0.7200976290097572,0.6828337341312016,0.5114590906548863,0.7955371623510971,0.8449607115573539,0.7660591509331006,0.9306558987231277,0.695825729927007,0.5341240875912397,0.7790145985401477
204,9,0.6436192468619168,0.5448814504881355,0.7200976290097572,0.6828337341312016,0.5114590906548863,0.7955371623510971,0.8449607115573539,0.7660591509331006,0.9306558987231277,0.695825729927007,0.5341240875912397,0.7790145985401477
205,9,0.6436192468619168,0.5448814504881355,0.7200976290097572,0.6828337341312016,0.5114590906548863,0.7955371623510971,0.8449607115573539,0.7660591509331006,0.9306558987231277,0.695825729927007,0.5341240875912397,0.7790145985401477
206,9,0.6436192468619168,0.5448814504881355,0.7200976290097572,0.6828337341312016,0.5114590906548863,0.7955371623510971,0.8449607115573539,0.7660591509331006,0.9306558987231277,0.695825729927007,0.5341240875912397,0.7790145985401477
207,9,0.6436192468619168,0.5448814504881355,0.7200976290097572,0.6828337341312016,0.5114590906548863,0.7955371623510971,0.8449607115573539,0.7660591509331006,0.9306558987231277,0.695825729927007,0.5341240875912397,0.7790145985401477
208,9,0.6436192468619168,0.5448814504881355,0.7200976290097572,0.6828337341312016,0.5114590906548863,0.7955371623510971,0.8449607115573539,0.7660591509331006,0.9306558987231277,0.695825729927007,0.5341240875912397,0.7790145985401477
209,9,0.6436192468619168,0.5448814504881355,0.7200976290097572,0.6828337341312016,0.5114590906548863,0.7955371623510971,0.8449607115573539,0.7660591509331006,0.9306558987231277,0.695825729927007,0.5341240875912397,0.7790145985401477
210,9,0.6436192468619168,0.5448814504881355,0.7200976290097572,0.6828337341312016,0.5114590906548863,0.7955371623510971,0.8449607115573539,0.7660591509331006,0.9306558987231277,0.695825729927007,0.5341240875912397,0.7790145985401477
211,9,0.6436192468619168,0.5448814504881355,0.7200976290097572,0.6828337341312016,0.5114590906548863,0.7955371623510971,0.8449607115573539,0.7660591509331006,0.9306558987231277,0.695825729927007,0.5341240875912397,0.7790145985401477
212,9,0.6436192468619168,0.5448814504881355,0.7200976290097572,0.6828337341312016,0.5114590906548863,0.7955371623510971,0.8449607115573539,0.7660591509331006,0.9306558987231277,0.695825729927007,0.5341240875912397,0.7790145985401477
213,9,0.6436192468619168,0.5448814504881355,0.7200976290097572,0.6828337341312016,0.5114590906548863,0.7955371623510971,0.8449607115573539,0.7660591509331006,0.9306558987231277,0.695825729927007,0.5341240875912397,0.7790145985401477
214,9,0.6436192468619168,0.5448814504881355,0.7200976290097572,0.6828337341312016,0.5114590906548863,0.7955371623510971,0.8449607115573539,0.7660591509331006,0.9306558987231277,0.695825729927007,0.5341240875912397,0.7790145985401477
215,9,0.6436192468619168,0.5448814504881355,0.7200976290097572,0.6828337341312016,0.5114590906548863,0.7955371623510971,0.8449607115573539,0.7660591509331006,0.9306558987231277,0.695825729927007,0.5341240875912397,0.7790145985401477
216,9,0.6436192468619168,0.5448814504881355,0.7200976290097572,0.6828337341312016,0.5114590906548863,0.7955371623510971,0.8449607115573539,0.7660591509331006,0.9306558987231277,0.695825729927007,0.5341240875912397,0.7790145985401477
217,10,0.6154288702928756,0.5447838214783743,0.6789539748953871,0.6905654046194272,0.5392986969408866,0.8178122028969262,0.8152761104441817,0.7501473316599402,0.8878424096911516,0.69217609489051,0.4996350364963501,0.8093065693430646
218,10,0.6154288702928756,0.5447838214783743,0.6789539748953871,0.6905654046194272,0.5392986969408866,0.8178122028969262,0.8152761104441817,0.7501473316599402,0.8878424096911516,0.69217609489051,0.4996350364963501,0.8093065693430646
219,10,0.6154288702928756,0.5447838214783743,0.6789539748953871,0.6905654046194272,0.5392986969408866,0.8178122028969262,0.8152761104441817,0.7501473316599402,0.8878424096911516,0.69217609489051,0.4996350364963501,0.8093065693430646
220,10,0.6154288702928756,0.5447838214783743,0.6789539748953871,0.6905654046194272,0.5392986969408866,0.8178122028969262,0.8152761104441817,0.7501473316599402,0.8878424096911516,0.69217609489051,0.4996350364963501,0.8093065693430646
221,10,0.6154288702928756,0.5447838214783743,0.6789539748953871,0.6905654046194272,0.5392986969408866,0.8178122028969262,0.8152761104441817,0.7501473316599402,0.8878424096911516,0.69217609489051,0.4996350364963501,0.8093065693430646
222,10,0.6154288702928756,0.5447838214783743,0.6789539748953871,0.6905654046194272,0.5392986969408866,0.8178122028969262,0.8152761104441817,0.7501473316599402,0.8878424096911516,0.69217609489051,0.4996350364963501,0.8093065693430646
223,10,0.6154288702928756,0.5447838214783743,0.6789539748953871,0.6905654046194272,0.5392986969408866,0.8178122028969262,0.8152761104441817,0.7501473316599402,0.8878424096911516,0.69217609489051,0.4996350364963501,0.8093065693430646
224,10,0.6154288702928756,0.5447838214783743,0.6789539748953871,0.6905654046194272,0.5392986969408866,0.8178122028969262,0.8152761104441817,0.7501473316599402,0.8878424096911516,0.69217609489051,0.4996350364963501,0.8093065693430646
225,10,0.6154288702928756,0.5447838214783743,0.6789539748953871,0.6905654046194272,0.5392986969408866,0.8178122028969262,0.8152761104441817,0.7501473316599402,0.8878424096911516,0.69217609489051,0.4996350364963501,0.8093065693430646
226,10,0.6154288702928756,0.5447838214783743,0.6789539748953871,0.6905654046194272,0.5392986969408866,0.8178122028969262,0.8152761104441817,0.7501473316599402,0.8878424096911516,0.69217609489051,0.4996350364963501,0.8093065693430646
227,10,0.6154288702928756,0.5447838214783743,0.6789539748953871,0.6905654046194272,0.5392986969408866,0.8178122028969262,0.8152761104441817,0.7501473316599402,0.8878424096911516,0.69217609489051,0.4996350364963501,0.8093065693430646
228,10,0.6154288702928756,0.5447838214783743,0.6789539748953871,0.6905654046194272,0.5392986969408866,0.8178122028969262,0.8152761104441817,0.7501473316599402,0.8878424096911516,0.69217609489051,0.4996350364963501,0.8093065693430646
229,10,0.6154288702928756,0.5447838214783743,0.6789539748953871,0.6905654046194272,0.5392986969408866,0.8178122028969262,0.8152761104441817,0.7501473316599402,0.8878424096911516,0.69217609489051,0.4996350364963501,0.8093065693430646
230,10,0.6154288702928756,0.5447838214783743,0.6789539748953871,0.6905654046194272,0.5392986969408866,0.8178122028969262,0.8152761104441817,0.7501473316599402,0.8878424096911516,0.69217609489051,0.4996350364963501,0.8093065693430646
231,10,0.6154288702928756,0.5447838214783743,0.6789539748953871,0.6905654046194272,0.5392986969408866,0.8178122028969262,0.8152761104441817,0.7501473316599402,0.8878424096911516,0.69217609489051,0.4996350364963501,0.8093065693430646
232,10,0.6154288702928756,0.5447838214783743,0.6789539748953871,0.6905654046194272,0.5392986969408866,0.8178122028969262,0.8152761104441817,0.7501473316599402,0.8878424096911516,0.69217609489051,0.4996350364963501,0.8093065693430646
233,10,0.6154288702928756,0.5447838214783743,0.6789539748953871,0.6905654046194272,0.5392986969408866,0.8178122028969262,0.8152761104441817,0.7501473316599402,0.8878424096911516,0.69217609489051,0.4996350364963501,0.8093065693430646
234,10,0.6154288702928756,0.5447838214783743,0.6789539748953871,0.6905654046194272,0.5392986969408866,0.8178122028969262,0.8152761104441817,0.7501473316599402,0.8878424096911516,0.69217609489051,0.4996350364963501,0.8093065693430646
235,10,0.6154288702928756,0.5447838214783743,0.6789539748953871,0.6905654046194272,0.5392986969408866,0.8178122028969262,0.8152761104441817,0.7501473316599402,0.8878424096911516,0.69217609489051,0.4996350364963501,0.8093065693430646
236,10,0.6154288702928756,0.5447838214783743,0.6789539748953871,0.6905654046194272,0.5392986969408866,0.8178122028969262,0.8152761104441817,0.7501473316599402,0.8878424096911516,0.69217609489051,0.4996350364963501,0.8093065693430646
237,10,0.6154288702928756,0.5447838214783743,0.6789539748953871,0.6905654046194272,0.5392986969408866,0.8178122028969262,0.8152761104441817,0.7501473316599402,0.8878424096911516,0.69217609489051,0.4996350364963501,0.8093065693430646
238,10,0.6154288702928756,0.5447838214783743,0.6789539748953871,0.6905654046194272,0.5392986969408866,0.8178122028969262,0.8152761104441817,0.7501473316599402,0.8878424096911516,0.69217609489051,0.4996350364963501,0.8093065693430646
239,10,0.6154288702928756,0.5447838214783743,0.6789539748953871,0.6905654046194272,0.5392986969408866,0.8178122028969262,0.8152761104441817,0.7501473316599402,0.8878424096911516,0.69217609489051,0.4996350364963501,0.8093065693430646
240,10,0.6154288702928756,0.5447838214783743,0.6789539748953871,0.6905654046194272,0.5392986969408866,0.8178122028969262,0.8152761104441817,0.7501473316599402,0.8878424096911516,0.69217609489051,0.4996350364963501,0.8093065693430646
241,11,0.6073047419804585,0.5271408647140717,0.7083821478382063,0.702351658184666,0.5574128963704503,0.8211006095855936,0.8324375204627339,0.7757503001200554,0.8971515879078951,0.6698220802919708,0.5827554744525554,0.7680656934306572
242,11,0.6073047419804585,0.5271408647140717,0.7083821478382063,0.702351658184666,0.5574128963704503,0.8211006095855936,0.8324375204627339,0.7757503001200554,0.8971515879078951,0.6698220802919708,0.5827554744525554,0.7680656934306572
243,11,0.6073047419804585,0.5271408647140717,0.7083821478382063,0.702351658184666,0.5574128963704503,0.8211006095855936,0.8324375204627339,0.7757503001200554,0.8971515879078951,0.6698220802919708,0.5827554744525554,0.7680656934306572
244,11,0.6073047419804585,0.5271408647140717,0.7083821478382063,0.702351658184666,0.5574128963704503,0.8211006095855936,0.8324375204627339,0.7757503001200554,0.8971515879078951,0.6698220802919708,0.5827554744525554,0.7680656934306572
245,11,0.6073047419804585,0.5271408647140717,0.7083821478382063,0.702351658184666,0.5574128963704503,0.8211006095855936,0.8324375204627339,0.7757503001200554,0.8971515879078951,0.6698220802919708,0.5827554744525554,0.7680656934306572
246,11,0.6073047419804585,0.5271408647140717,0.7083821478382063,0.702351658184666,0.5574128963704503,0.8211006095855936,0.8324375204627339,0.7757503001200554,0.8971515879078951,0.6698220802919708,0.5827554744525554,0.7680656934306572
247,11,0.6073047419804585,0.5271408647140717,0.7083821478382063,0.702351658184666,0.5574128963704503,0.8211006095855936,0.8324375204627339,0.7757503001200554,0.8971515879078951,0.6698220802919708,0.5827554744525554,0.7680656934306572
248,11,0.6073047419804585,0.5271408647140717,0.7083821478382063,0.702351658184666,0.5574128963704503,0.8211006095855936,0.8324375204627339,0.7757503001200554,0.8971515879078951,0.6698220802919708,0.5827554744525554,0.7680656934306572
249,11,0.6073047419804585,0.5271408647140717,0.7083821478382063,0.702351658184666,0.5574128963704503,0.8211006095855936,0.8324375204627339,0.7757503001200554,0.8971515879078951,0.6698220802919708,0.5827554744525554,0.7680656934306572
250,11,0.6073047419804585,0.5271408647140717,0.7083821478382063,0.702351658184666,0.5574128963704503,0.8211006095855936,0.8324375204627339,0.7757503001200554,0.8971515879078951,0.6698220802919708,0.5827554744525554,0.7680656934306572
251,11,0.6073047419804585,0.5271408647140717,0.7083821478382063,0.702351658184666,0.5574128963704503,0.8211006095855936,0.8324375204627339,0.7757503001200554,0.8971515879078951,0.6698220802919708,0.5827554744525554,0.7680656934306572
252,11,0.6073047419804585,0.5271408647140717,0.7083821478382063,0.702351658184666,0.5574128963704503,0.8211006095855936,0.8324375204627339,0.7757503001200554,0.8971515879078951,0.6698220802919708,0.5827554744525554,0.7680656934306572
253,11,0.6073047419804585,0.5271408647140717,0.7083821478382063,0.702351658184666,0.5574128963704503,0.8211006095855936,0.8324375204627339,0.7757503001200554,0.8971515879078951,0.6698220802919708,0.5827554744525554,0.7680656934306572
254,11,0.6073047419804585,0.5271408647140717,0.7083821478382063,0.702351658184666,0.5574128963704503,0.8211006095855936,0.8324375204627339,0.7757503001200554,0.8971515879078951,0.6698220802919708,0.5827554744525554,0.7680656934306572
255,11,0.6073047419804585,0.5271408647140717,0.7083821478382063,0.702351658184666,0.5574128963704503,0.8211006095855936,0.8324375204627339,0.7757503001200554,0.8971515879078951,0.6698220802919708,0.5827554744525554,0.7680656934306572
256,11,0.6073047419804585,0.5271408647140717,0.7083821478382063,0.702351658184666,0.5574128963704503,0.8211006095855936,0.8324375204627339,0.7757503001200554,0.8971515879078951,0.6698220802919708,0.5827554744525554,0.7680656934306572
257,11,0.6073047419804585,0.5271408647140717,0.7083821478382063,0.702351658184666,0.5574128963704503,0.8211006095855936,0.8324375204627339,0.7757503001200554,0.8971515879078951,0.6698220802919708,0.5827554744525554,0.7680656934306572
258,11,0.6073047419804585,0.5271408647140717,0.7083821478382063,0.702351658184666,0.5574128963704503,0.8211006095855936,0.8324375204627339,0.7757503001200554,0.8971515879078951,0.6698220802919708,0.5827554744525554,0.7680656934306572
259,11,0.6073047419804585,0.5271408647140717,0.7083821478382063,0.702351658184666,0.5574128963704503,0.8211006095855936,0.8324375204627339,0.7757503001200554,0.8971515879078951,0.6698220802919708,0.5827554744525554,0.7680656934306572
260,11,0.6073047419804585,0.5271408647140717,0.7083821478382063,0.702351658184666,0.5574128963704503,0.8211006095855936,0.8324375204627339,0.7757503001200554,0.8971515879078951,0.6698220802919708,0.5827554744525554,0.7680656934306572
261,11,0.6073047419804585,0.5271408647140717,0.7083821478382063,0.702351658184666,0.5574128963704503,0.8211006095855936,0.8324375204627339,0.7757503001200554,0.8971515879078951,0.6698220802919708,0.5827554744525554,0.7680656934306572
262,11,0.6073047419804585,0.5271408647140717,0.7083821478382063,0.702351658184666,0.5574128963704503,0.8211006095855936,0.8324375204627339,0.7757503001200554,0.8971515879078951,0.6698220802919708,0.5827554744525554,0.7680656934306572
263,11,0.6073047419804585,0.5271408647140717,0.7083821478382063,0.702351658184666,0.5574128963704503,0.8211006095855936,0.8324375204627339,0.7757503001200554,0.8971515879078951,0.6698220802919708,0.5827554744525554,0.7680656934306572
264,11,0.6073047419804585,0.5271408647140717,0.7083821478382063,0.702351658184666,0.5574128963704503,0.8211006095855936,0.8324375204627339,0.7757503001200554,0.8971515879078951,0.6698220802919708,0.5827554744525554,0.7680656934306572
265,12,0.562116457461638,0.45722454672244056,0.6635843793584343,0.7091745428108078,0.5669369722051372,0.8299312119009009,0.8152215431627212,0.7462184873949589,0.9157044636036268,0.681569343065692,0.5655109489051079,0.7723540145985386
266,12,0.562116457461638,0.45722454672244056,0.6635843793584343,0.7091745428108078,0.5669369722051372,0.8299312119009009,0.8152215431627212,0.7462184873949589,0.9157044636036268,0.681569343065692,0.5655109489051079,0.7723540145985386
267,12,0.562116457461638,0.45722454672244056,0.6635843793584343,0.7091745428108078,0.5669369722051372,0.8299312119009009,0.8152215431627212,0.7462184873949589,0.9157044636036268,0.681569343065692,0.5655109489051079,0.7723540145985386
268,12,0.562116457461638,0.45722454672244056,0.6635843793584343,0.7091745428108078,0.5669369722051372,0.8299312119009009,0.8152215431627212,0.7462184873949589,0.9157044636036268,0.681569343065692,0.5655109489051079,0.7723540145985386
269,12,0.562116457461638,0.45722454672244056,0.6635843793584343,0.7091745428108078,0.5669369722051372,0.8299312119009009,0.8152215431627212,0.7462184873949589,0.9157044636036268,0.681569343065692,0.5655109489051079,0.7723540145985386
270,12,0.562116457461638,0.45722454672244056,0.6635843793584343,0.7091745428108078,0.5669369722051372,0.8299312119009009,0.8152215431627212,0.7462184873949589,0.9157044636036268,0.681569343065692,0.5655109489051079,0.7723540145985386
271,12,0.562116457461638,0.45722454672244056,0.6635843793584343,0.7091745428108078,0.5669369722051372,0.8299312119009009,0.8152215431627212,0.7462184873949589,0.9157044636036268,0.681569343065692,0.5655109489051079,0.7723540145985386
272,12,0.562116457461638,0.45722454672244056,0.6635843793584343,0.7091745428108078,0.5669369722051372,0.8299312119009009,0.8152215431627212,0.7462184873949589,0.9157044636036268,0.681569343065692,0.5655109489051079,0.7723540145985386
273,12,0.562116457461638,0.45722454672244056,0.6635843793584343,0.7091745428108078,0.5669369722051372,0.8299312119009009,0.8152215431627212,0.7462184873949589,0.9157044636036268,0.681569343065692,0.5655109489051079,0.7723540145985386
274,12,0.562116457461638,0.45722454672244056,0.6635843793584343,0.7091745428108078,0.5669369722051372,0.8299312119009009,0.8152215431627212,0.7462184873949589,0.9157044636036268,0.681569343065692,0.5655109489051079,0.7723540145985386
275,12,0.562116457461638,0.45722454672244056,0.6635843793584343,0.7091745428108078,0.5669369722051372,0.8299312119009009,0.8152215431627212,0.7462184873949589,0.9157044636036268,0.681569343065692,0.5655109489051079,0.7723540145985386
276,12,0.562116457461638,0.45722454672244056,0.6635843793584343,0.7091745428108078,0.5669369722051372,0.8299312119009009,0.8152215431627212,0.7462184873949589,0.9157044636036268,0.681569343065692,0.5655109489051079,0.7723540145985386
277,12,0.562116457461638,0.45722454672244056,0.6635843793584343,0.7091745428108078,0.5669369722051372,0.8299312119009009,0.8152215431627212,0.7462184873949589,0.9157044636036268,0.681569343065692,0.5655109489051079,0.7723540145985386
278,12,0.562116457461638,0.45722454672244056,0.6635843793584343,0.7091745428108078,0.5669369722051372,0.8299312119009009,0.8152215431627212,0.7462184873949589,0.9157044636036268,0.681569343065692,0.5655109489051079,0.7723540145985386
279,12,0.562116457461638,0.45722454672244056,0.6635843793584343,0.7091745428108078,0.5669369722051372,0.8299312119009009,0.8152215431627212,0.7462184873949589,0.9157044636036268,0.681569343065692,0.5655109489051079,0.7723540145985386
280,12,0.562116457461638,0.45722454672244056,0.6635843793584343,0.7091745428108078,0.5669369722051372,0.8299312119009009,0.8152215431627212,0.7462184873949589,0.9157044636036268,0.681569343065692,0.5655109489051079,0.7723540145985386
281,12,0.562116457461638,0.45722454672244056,0.6635843793584343,0.7091745428108078,0.5669369722051372,0.8299312119009009,0.8152215431627212,0.7462184873949589,0.9157044636036268,0.681569343065692,0.5655109489051079,0.7723540145985386
282,12,0.562116457461638,0.45722454672244056,0.6635843793584343,0.7091745428108078,0.5669369722051372,0.8299312119009009,0.8152215431627212,0.7462184873949589,0.9157044636036268,0.681569343065692,0.5655109489051079,0.7723540145985386
283,12,0.562116457461638,0.45722454672244056,0.6635843793584343,0.7091745428108078,0.5669369722051372,0.8299312119009009,0.8152215431627212,0.7462184873949589,0.9157044636036268,0.681569343065692,0.5655109489051079,0.7723540145985386
284,12,0.562116457461638,0.45722454672244056,0.6635843793584343,0.7091745428108078,0.5669369722051372,0.8299312119009009,0.8152215431627212,0.7462184873949589,0.9157044636036268,0.681569343065692,0.5655109489051079,0.7723540145985386
285,12,0.562116457461638,0.45722454672244056,0.6635843793584343,0.7091745428108078,0.5669369722051372,0.8299312119009009,0.8152215431627212,0.7462184873949589,0.9157044636036268,0.681569343065692,0.5655109489051079,0.7723540145985386
286,12,0.562116457461638,0.45722454672244056,0.6635843793584343,0.7091745428108078,0.5669369722051372,0.8299312119009009,0.8152215431627212,0.7462184873949589,0.9157044636036268,0.681569343065692,0.5655109489051079,0.7723540145985386
287,12,0.562116457461638,0.45722454672244056,0.6635843793584343,0.7091745428108078,0.5669369722051372,0.8299312119009009,0.8152215431627212,0.7462184873949589,0.9157044636036268,0.681569343065692,0.5655109489051079,0.7723540145985386
288,12,0.562116457461638,0.45722454672244056,0.6635843793584343,0.7091745428108078,0.5669369722051372,0.8299312119009009,0.8152215431627212,0.7462184873949589,0.9157044636036268,0.681569343065692,0.5655109489051079,0.7723540145985386
289,13,0.575575313807521,0.465801952580189,0.6492468619246694,0.7023027235613233,0.5600022370113564,0.811252167104751,0.8461066244679705,0.7553857906799074,0.9129542726181434,0.7092837591240868,0.6208029197080279,0.7747262773722607
290,13,0.575575313807521,0.465801952580189,0.6492468619246694,0.7023027235613233,0.5600022370113564,0.811252167104751,0.8461066244679705,0.7553857906799074,0.9129542726181434,0.7092837591240868,0.6208029197080279,0.7747262773722607
291,13,0.575575313807521,0.465801952580189,0.6492468619246694,0.7023027235613233,0.5600022370113564,0.811252167104751,0.8461066244679705,0.7553857906799074,0.9129542726181434,0.7092837591240868,0.6208029197080279,0.7747262773722607
292,13,0.575575313807521,0.465801952580189,0.6492468619246694,0.7023027235613233,0.5600022370113564,0.811252167104751,0.8461066244679705,0.7553857906799074,0.9129542726181434,0.7092837591240868,0.6208029197080279,0.7747262773722607
293,13,0.575575313807521,0.465801952580189,0.6492468619246694,0.7023027235613233,0.5600022370113564,0.811252167104751,0.8461066244679705,0.7553857906799074,0.9129542726181434,0.7092837591240868,0.6208029197080279,0.7747262773722607
294,13,0.575575313807521,0.465801952580189,0.6492468619246694,0.7023027235613233,0.5600022370113564,0.811252167104751,0.8461066244679705,0.7553857906799074,0.9129542726181434,0.7092837591240868,0.6208029197080279,0.7747262773722607
295,13,0.575575313807521,0.465801952580189,0.6492468619246694,0.7023027235613233,0.5600022370113564,0.811252167104751,0.8461066244679705,0.7553857906799074,0.9129542726181434,0.7092837591240868,0.6208029197080279,0.7747262773722607
296,13,0.575575313807521,0.465801952580189,0.6492468619246694,0.7023027235613233,0.5600022370113564,0.811252167104751,0.8461066244679705,0.7553857906799074,0.9129542726181434,0.7092837591240868,0.6208029197080279,0.7747262773722607
297,13,0.575575313807521,0.465801952580189,0.6492468619246694,0.7023027235613233,0.5600022370113564,0.811252167104751,0.8461066244679705,0.7553857906799074,0.9129542726181434,0.7092837591240868,0.6208029197080279,0.7747262773722607
298,13,0.575575313807521,0.465801952580189,0.6492468619246694,0.7023027235613233,0.5600022370113564,0.811252167104751,0.8461066244679705,0.7553857906799074,0.9129542726181434,0.7092837591240868,0.6208029197080279,0.7747262773722607
299,13,0.575575313807521,0.465801952580189,0.6492468619246694,0.7023027235613233,0.5600022370113564,0.811252167104751,0.8461066244679705,0.7553857906799074,0.9129542726181434,0.7092837591240868,0.6208029197080279,0.7747262773722607
300,13,0.575575313807521,0.465801952580189,0.6492468619246694,0.7023027235613233,0.5600022370113564,0.811252167104751,0.8461066244679705,0.7553857906799074,0.9129542726181434,0.7092837591240868,0.6208029197080279,0.7747262773722607
301,13,0.575575313807521,0.465801952580189,0.6492468619246694,0.7023027235613233,0.5600022370113564,0.811252167104751,0.8461066244679705,0.7553857906799074,0.9129542726181434,0.7092837591240868,0.6208029197080279,0.7747262773722607
302,13,0.575575313807521,0.465801952580189,0.6492468619246694,0.7023027235613233,0.5600022370113564,0.811252167104751,0.8461066244679705,0.7553857906799074,0.9129542726181434,0.7092837591240868,0.6208029197080279,0.7747262773722607
303,13,0.575575313807521,0.465801952580189,0.6492468619246694,0.7023027235613233,0.5600022370113564,0.811252167104751,0.8461066244679705,0.7553857906799074,0.9129542726181434,0.7092837591240868,0.6208029197080279,0.7747262773722607
304,13,0.575575313807521,0.465801952580189,0.6492468619246694,0.7023027235613233,0.5600022370113564,0.811252167104751,0.8461066244679705,0.7553857906799074,0.9129542726181434,0.7092837591240868,0.6208029197080279,0.7747262773722607
305,13,0.575575313807521,0.465801952580189,0.6492468619246694,0.7023027235613233,0.5600022370113564,0.811252167104751,0.8461066244679705,0.7553857906799074,0.9129542726181434,0.7092837591240868,0.6208029197080279,0.7747262773722607
306,13,0.575575313807521,0.465801952580189,0.6492468619246694,0.7023027235613233,0.5600022370113564,0.811252167104751,0.8461066244679705,0.7553857906799074,0.9129542726181434,0.7092837591240868,0.6208029197080279,0.7747262773722607
307,13,0.575575313807521,0.465801952580189,0.6492468619246694,0.7023027235613233,0.5600022370113564,0.811252167104751,0.8461066244679705,0.7553857906799074,0.9129542726181434,0.7092837591240868,0.6208029197080279,0.7747262773722607
308,13,0.575575313807521,0.465801952580189,0.6492468619246694,0.7023027235613233,0.5600022370113564,0.811252167104751,0.8461066244679705,0.7553857906799074,0.9129542726181434,0.7092837591240868,0.6208029197080279,0.7747262773722607
309,13,0.575575313807521,0.465801952580189,0.6492468619246694,0.7023027235613233,0.5600022370113564,0.811252167104751,0.8461066244679705,0.7553857906799074,0.9129542726181434,0.7092837591240868,0.6208029197080279,0.7747262773722607
310,13,0.575575313807521,0.465801952580189,0.6492468619246694,0.7023027235613233,0.5600022370113564,0.811252167104751,0.8461066244679705,0.7553857906799074,0.9129542726181434,0.7092837591240868,0.6208029197080279,0.7747262773722607
311,13,0.575575313807521,0.465801952580189,0.6492468619246694,0.7023027235613233,0.5600022370113564,0.811252167104751,0.8461066244679705,0.7553857906799074,0.9129542726181434,0.7092837591240868,0.6208029197080279,0.7747262773722607
312,13,0.575575313807521,0.465801952580189,0.6492468619246694,0.7023027235613233,0.5600022370113564,0.811252167104751,0.8461066244679705,0.7553857906799074,0.9129542726181434,0.7092837591240868,0.6208029197080279,0.7747262773722607
313,14,0.6267608089260719,0.5389818688981862,0.7238075313807385,0.7046026508584537,0.5592248755662446,0.8162574800067077,0.8327785659718456,0.7635708828986175,0.9141110989850525,0.7406478102189777,0.6469890510948904,0.7993613138686122
314,14,0.6267608089260719,0.5389818688981862,0.7238075313807385,0.7046026508584537,0.5592248755662446,0.8162574800067077,0.8327785659718456,0.7635708828986175,0.9141110989850525,0.7406478102189777,0.6469890510948904,0.7993613138686122
315,14,0.6267608089260719,0.5389818688981862,0.7238075313807385,0.7046026508584537,0.5592248755662446,0.8162574800067077,0.8327785659718456,0.7635708828986175,0.9141110989850525,0.7406478102189777,0.6469890510948904,0.7993613138686122
316,14,0.6267608089260719,0.5389818688981862,0.7238075313807385,0.7046026508584537,0.5592248755662446,0.8162574800067077,0.8327785659718456,0.7635708828986175,0.9141110989850525,0.7406478102189777,0.6469890510948904,0.7993613138686122
317,14,0.6267608089260719,0.5389818688981862,0.7238075313807385,0.7046026508584537,0.5592248755662446,0.8162574800067077,0.8327785659718456,0.7635708828986175,0.9141110989850525,0.7406478102189777,0.6469890510948904,0.7993613138686122
318,14,0.6267608089260719,0.5389818688981862,0.7238075313807385,0.7046026508584537,0.5592248755662446,0.8162574800067077,0.8327785659718456,0.7635708828986175,0.9141110989850525,0.7406478102189777,0.6469890510948904,0.7993613138686122
319,14,0.6267608089260719,0.5389818688981862,0.7238075313807385,0.7046026508584537,0.5592248755662446,0.8162574800067077,0.8327785659718456,0.7635708828986175,0.9141110989850525,0.7406478102189777,0.6469890510948904,0.7993613138686122
320,14,0.6267608089260719,0.5389818688981862,0.7238075313807385,0.7046026508584537,0.5592248755662446,0.8162574800067077,0.8327785659718456,0.7635708828986175,0.9141110989850525,0.7406478102189777,0.6469890510948904,0.7993613138686122
321,14,0.6267608089260719,0.5389818688981862,0.7238075313807385,0.7046026508584537,0.5592248755662446,0.8162574800067077,0.8327785659718456,0.7635708828986175,0.9141110989850525,0.7406478102189777,0.6469890510948904,0.7993613138686122
322,14,0.6267608089260719,0.5389818688981862,0.7238075313807385,0.7046026508584537,0.5592248755662446,0.8162574800067077,0.8327785659718456,0.7635708828986175,0.9141110989850525,0.7406478102189777,0.6469890510948904,0.7993613138686122
323,14,0.6267608089260719,0.5389818688981862,0.7238075313807385,0.7046026508584537,0.5592248755662446,0.8162574800067077,0.8327785659718456,0.7635708828986175,0.9141110989850525,0.7406478102189777,0.6469890510948904,0.7993613138686122
324,14,0.6267608089260719,0.5389818688981862,0.7238075313807385,0.7046026508584537,0.5592248755662446,0.8162574800067077,0.8327785659718456,0.7635708828986175,0.9141110989850525,0.7406478102189777,0.6469890510948904,0.7993613138686122
325,14,0.6267608089260719,0.5389818688981862,0.7238075313807385,0.7046026508584537,0.5592248755662446,0.8162574800067077,0.8327785659718456,0.7635708828986175,0.9141110989850525,0.7406478102189777,0.6469890510948904,0.7993613138686122
326,14,0.6267608089260719,0.5389818688981862,0.7238075313807385,0.7046026508584537,0.5592248755662446,0.8162574800067077,0.8327785659718456,0.7635708828986175,0.9141110989850525,0.7406478102189777,0.6469890510948904,0.7993613138686122
327,14,0.6267608089260719,0.5389818688981862,0.7238075313807385,0.7046026508584537,0.5592248755662446,0.8162574800067077,0.8327785659718456,0.7635708828986175,0.9141110989850525,0.7406478102189777,0.6469890510948904,0.7993613138686122
328,14,0.6267608089260719,0.5389818688981862,0.7238075313807385,0.7046026508584537,0.5592248755662446,0.8162574800067077,0.8327785659718456,0.7635708828986175,0.9141110989850525,0.7406478102189777,0.6469890510948904,0.7993613138686122
329,14,0.6267608089260719,0.5389818688981862,0.7238075313807385,0.7046026508584537,0.5592248755662446,0.8162574800067077,0.8327785659718456,0.7635708828986175,0.9141110989850525,0.7406478102189777,0.6469890510948904,0.7993613138686122
330,14,0.6267608089260719,0.5389818688981862,0.7238075313807385,0.7046026508584537,0.5592248755662446,0.8162574800067077,0.8327785659718456,0.7635708828986175,0.9141110989850525,0.7406478102189777,0.6469890510948904,0.7993613138686122
331,14,0.6267608089260719,0.5389818688981862,0.7238075313807385,0.7046026508584537,0.5592248755662446,0.8162574800067077,0.8327785659718456,0.7635708828986175,0.9141110989850525,0.7406478102189777,0.6469890510948904,0.7993613138686122
332,14,0.6267608089260719,0.5389818688981862,0.7238075313807385,0.7046026508584537,0.5592248755662446,0.8162574800067077,0.8327785659718456,0.7635708828986175,0.9141110989850525,0.7406478102189777,0.6469890510948904,0.7993613138686122
333,14,0.6267608089260719,0.5389818688981862,0.7238075313807385,0.7046026508584537,0.5592248755662446,0.8162574800067077,0.8327785659718456,0.7635708828986175,0.9141110989850525,0.7406478102189777,0.6469890510948904,0.7993613138686122
334,14,0.6267608089260719,0.5389818688981862,0.7238075313807385,0.7046026508584537,0.5592248755662446,0.8162574800067077,0.8327785659718456,0.7635708828986175,0.9141110989850525,0.7406478102189777,0.6469890510948904,0.7993613138686122
335,14,0.6267608089260719,0.5389818688981862,0.7238075313807385,0.7046026508584537,0.5592248755662446,0.8162574800067077,0.8327785659718456,0.7635708828986175,0.9141110989850525,0.7406478102189777,0.6469890510948904,0.7993613138686122
336,14,0.6267608089260719,0.5389818688981862,0.7238075313807385,0.7046026508584537,0.5592248755662446,0.8162574800067077,0.8327785659718456,0.7635708828986175,0.9141110989850525,0.7406478102189777,0.6469890510948904,0.7993613138686122
337,15,0.5865585774058477,0.4572942817294205,0.6874616457461584,0.7043719590626951,0.5644594821318727,0.8065600357921859,0.8440330677725667,0.788857361126275,0.8991705773218435,0.7756614963503634,0.7194343065693409,0.8379562043795616
338,15,0.5865585774058477,0.4572942817294205,0.6874616457461584,0.7043719590626951,0.5644594821318727,0.8065600357921859,0.8440330677725667,0.788857361126275,0.8991705773218435,0.7756614963503634,0.7194343065693409,0.8379562043795616
339,15,0.5865585774058477,0.4572942817294205,0.6874616457461584,0.7043719590626951,0.5644594821318727,0.8065600357921859,0.8440330677725667,0.788857361126275,0.8991705773218435,0.7756614963503634,0.7194343065693409,0.8379562043795616
340,15,0.5865585774058477,0.4572942817294205,0.6874616457461584,0.7043719590626951,0.5644594821318727,0.8065600357921859,0.8440330677725667,0.788857361126275,0.8991705773218435,0.7756614963503634,0.7194343065693409,0.8379562043795616
341,15,0.5865585774058477,0.4572942817294205,0.6874616457461584,0.7043719590626951,0.5644594821318727,0.8065600357921859,0.8440330677725667,0.788857361126275,0.8991705773218435,0.7756614963503634,0.7194343065693409,0.8379562043795616
342,15,0.5865585774058477,0.4572942817294205,0.6874616457461584,0.7043719590626951,0.5644594821318727,0.8065600357921859,0.8440330677725667,0.788857361126275,0.8991705773218435,0.7756614963503634,0.7194343065693409,0.8379562043795616
343,15,0.5865585774058477,0.4572942817294205,0.6874616457461584,0.7043719590626951,0.5644594821318727,0.8065600357921859,0.8440330677725667,0.788857361126275,0.8991705773218435,0.7756614963503634,0.7194343065693409,0.8379562043795616
344,15,0.5865585774058477,0.4572942817294205,0.6874616457461584,0.7043719590626951,0.5644594821318727,0.8065600357921859,0.8440330677725667,0.788857361126275,0.8991705773218435,0.7756614963503634,0.7194343065693409,0.8379562043795616
345,15,0.5865585774058477,0.4572942817294205,0.6874616457461584,0.7043719590626951,0.5644594821318727,0.8065600357921859,0.8440330677725667,0.788857361126275,0.8991705773218435,0.7756614963503634,0.7194343065693409,0.8379562043795616
346,15,0.5865585774058477,0.4572942817294205,0.6874616457461584,0.7043719590626951,0.5644594821318727,0.8065600357921859,0.8440330677725667,0.788857361126275,0.8991705773218435,0.7756614963503634,0.7194343065693409,0.8379562043795616
347,15,0.5865585774058477,0.4572942817294205,0.6874616457461584,0.7043719590626951,0.5644594821318727,0.8065600357921859,0.8440330677725667,0.788857361126275,0.8991705773218435,0.7756614963503634,0.7194343065693409,0.8379562043795616
348,15,0.5865585774058477,0.4572942817294205,0.6874616457461584,0.7043719590626951,0.5644594821318727,0.8065600357921859,0.8440330677725667,0.788857361126275,0.8991705773218435,0.7756614963503634,0.7194343065693409,0.8379562043795616
349,15,0.5865585774058477,0.4572942817294205,0.6874616457461584,0.7043719590626951,0.5644594821318727,0.8065600357921859,0.8440330677725667,0.788857361126275,0.8991705773218435,0.7756614963503634,0.7194343065693409,0.8379562043795616
350,15,0.5865585774058477,0.4572942817294205,0.6874616457461584,0.7043719590626951,0.5644594821318727,0.8065600357921859,0.8440330677725667,0.788857361126275,0.8991705773218435,0.7756614963503634,0.7194343065693409,0.8379562043795616
351,15,0.5865585774058477,0.4572942817294205,0.6874616457461584,0.7043719590626951,0.5644594821318727,0.8065600357921859,0.8440330677725667,0.788857361126275,0.8991705773218435,0.7756614963503634,0.7194343065693409,0.8379562043795616
352,15,0.5865585774058477,0.4572942817294205,0.6874616457461584,0.7043719590626951,0.5644594821318727,0.8065600357921859,0.8440330677725667,0.788857361126275,0.8991705773218435,0.7756614963503634,0.7194343065693409,0.8379562043795616
353,15,0.5865585774058477,0.4572942817294205,0.6874616457461584,0.7043719590626951,0.5644594821318727,0.8065600357921859,0.8440330677725667,0.788857361126275,0.8991705773218435,0.7756614963503634,0.7194343065693409,0.8379562043795616
354,15,0.5865585774058477,0.4572942817294205,0.6874616457461584,0.7043719590626951,0.5644594821318727,0.8065600357921859,0.8440330677725667,0.788857361126275,0.8991705773218435,0.7756614963503634,0.7194343065693409,0.8379562043795616
355,15,0.5865585774058477,0.4572942817294205,0.6874616457461584,0.7043719590626951,0.5644594821318727,0.8065600357921859,0.8440330677725667,0.788857361126275,0.8991705773218435,0.7756614963503634,0.7194343065693409,0.8379562043795616
356,15,0.5865585774058477,0.4572942817294205,0.6874616457461584,0.7043719590626951,0.5644594821318727,0.8065600357921859,0.8440330677725667,0.788857361126275,0.8991705773218435,0.7756614963503634,0.7194343065693409,0.8379562043795616
357,15,0.5865585774058477,0.4572942817294205,0.6874616457461584,0.7043719590626951,0.5644594821318727,0.8065600357921859,0.8440330677725667,0.788857361126275,0.8991705773218435,0.7756614963503634,0.7194343065693409,0.8379562043795616
358,15,0.5865585774058477,0.4572942817294205,0.6874616457461584,0.7043719590626951,0.5644594821318727,0.8065600357921859,0.8440330677725667,0.788857361126275,0.8991705773218435,0.7756614963503634,0.7194343065693409,0.8379562043795616
359,15,0.5865585774058477,0.4572942817294205,0.6874616457461584,0.7043719590626951,0.5644594821318727,0.8065600357921859,0.8440330677725667,0.788857361126275,0.8991705773218435,0.7756614963503634,0.7194343065693409,0.8379562043795616
360,15,0.5865585774058477,0.4572942817294205,0.6874616457461584,0.7043719590626951,0.5644594821318727,0.8065600357921859,0.8440330677725667,0.788857361126275,0.8991705773218435,0.7756614963503634,0.7194343065693409,0.8379562043795616
361,16,0.5452580195257895,0.4783124128312252,0.616722454672231,0.6930191264470675,0.5498014652424381,0.7946535428667303,0.8223425733929961,0.7297609953072154,0.9098766779439081,0.7690465328467142,0.7001824817518226,0.843886861313868
362,16,0.5452580195257895,0.4783124128312252,0.616722454672231,0.6930191264470675,0.5498014652424381,0.7946535428667303,0.8223425733929961,0.7297609953072154,0.9098766779439081,0.7690465328467142,0.7001824817518226,0.843886861313868
363,16,0.5452580195257895,0.4783124128312252,0.616722454672231,0.6930191264470675,0.5498014652424381,0.7946535428667303,0.8223425733929961,0.7297609953072154,0.9098766779439081,0.7690465328467142,0.7001824817518226,0.843886861313868
364,16,0.5452580195257895,0.4783124128312252,0.616722454672231,0.6930191264470675,0.5498014652424381,0.7946535428667303,0.8223425733929961,0.7297609953072154,0.9098766779439081,0.7690465328467142,0.7001824817518226,0.843886861313868
365,16,0.5452580195257895,0.4783124128312252,0.616722454672231,0.6930191264470675,0.5498014652424381,0.7946535428667303,0.8223425733929961,0.7297609953072154,0.9098766779439081,0.7690465328467142,0.7001824817518226,0.843886861313868
366,16,0.5452580195257895,0.4783124128312252,0.616722454672231,0.6930191264470675,0.5498014652424381,0.7946535428667303,0.8223425733929961,0.7297609953072154,0.9098766779439081,0.7690465328467142,0.7001824817518226,0.843886861313868
367,16,0.5452580195257895,0.4783124128312252,0.616722454672231,0.6930191264470675,0.5498014652424381,0.7946535428667303,0.8223425733929961,0.7297609953072154,0.9098766779439081,0.7690465328467142,0.7001824817518226,0.843886861313868
368,16,0.5452580195257895,0.4783124128312252,0.616722454672231,0.6930191264470675,0.5498014652424381,0.7946535428667303,0.8223425733929961,0.7297609953072154,0.9098766779439081,0.7690465328467142,0.7001824817518226,0.843886861313868
369,16,0.5452580195257895,0.4783124128312252,0.616722454672231,0.6930191264470675,0.5498014652424381,0.7946535428667303,0.8223425733929961,0.7297609953072154,0.9098766779439081,0.7690465328467142,0.7001824817518226,0.843886861313868
370,16,0.5452580195257895,0.4783124128312252,0.616722454672231,0.6930191264470675,0.5498014652424381,0.7946535428667303,0.8223425733929961,0.7297609953072154,0.9098766779439081,0.7690465328467142,0.7001824817518226,0.843886861313868
371,16,0.5452580195257895,0.4783124128312252,0.616722454672231,0.6930191264470675,0.5498014652424381,0.7946535428667303,0.8223425733929961,0.7297609953072154,0.9098766779439081,0.7690465328467142,0.7001824817518226,0.843886861313868
372,16,0.5452580195257895,0.4783124128312252,0.616722454672231,0.6930191264470675,0.5498014652424381,0.7946535428667303,0.8223425733929961,0.7297609953072154,0.9098766779439081,0.7690465328467142,0.7001824817518226,0.843886861313868
373,16,0.5452580195257895,0.4783124128312252,0.616722454672231,0.6930191264470675,0.5498014652424381,0.7946535428667303,0.8223425733929961,0.7297609953072154,0.9098766779439081,0.7690465328467142,0.7001824817518226,0.843886861313868
374,16,0.5452580195257895,0.4783124128312252,0.616722454672231,0.6930191264470675,0.5498014652424381,0.7946535428667303,0.8223425733929961,0.7297609953072154,0.9098766779439081,0.7690465328467142,0.7001824817518226,0.843886861313868
375,16,0.5452580195257895,0.4783124128312252,0.616722454672231,0.6930191264470675,0.5498014652424381,0.7946535428667303,0.8223425733929961,0.7297609953072154,0.9098766779439081,0.7690465328467142,0.7001824817518226,0.843886861313868
376,16,0.5452580195257895,0.4783124128312252,0.616722454672231,0.6930191264470675,0.5498014652424381,0.7946535428667303,0.8223425733929961,0.7297609953072154,0.9098766779439081,0.7690465328467142,0.7001824817518226,0.843886861313868
377,16,0.5452580195257895,0.4783124128312252,0.616722454672231,0.6930191264470675,0.5498014652424381,0.7946535428667303,0.8223425733929961,0.7297609953072154,0.9098766779439081,0.7690465328467142,0.7001824817518226,0.843886861313868
378,16,0.5452580195257895,0.4783124128312252,0.616722454672231,0.6930191264470675,0.5498014652424381,0.7946535428667303,0.8223425733929961,0.7297609953072154,0.9098766779439081,0.7690465328467142,0.7001824817518226,0.843886861313868
379,16,0.5452580195257895,0.4783124128312252,0.616722454672231,0.6930191264470675,0.5498014652424381,0.7946535428667303,0.8223425733929961,0.7297609953072154,0.9098766779439081,0.7690465328467142,0.7001824817518226,0.843886861313868
380,16,0.5452580195257895,0.4783124128312252,0.616722454672231,0.6930191264470675,0.5498014652424381,0.7946535428667303,0.8223425733929961,0.7297609953072154,0.9098766779439081,0.7690465328467142,0.7001824817518226,0.843886861313868
381,16,0.5452580195257895,0.4783124128312252,0.616722454672231,0.6930191264470675,0.5498014652424381,0.7946535428667303,0.8223425733929961,0.7297609953072154,0.9098766779439081,0.7690465328467142,0.7001824817518226,0.843886861313868
382,16,0.5452580195257895,0.4783124128312252,0.616722454672231,0.6930191264470675,0.5498014652424381,0.7946535428667303,0.8223425733929961,0.7297609953072154,0.9098766779439081,0.7690465328467142,0.7001824817518226,0.843886861313868
383,16,0.5452580195257895,0.4783124128312252,0.616722454672231,0.6930191264470675,0.5498014652424381,0.7946535428667303,0.8223425733929961,0.7297609953072154,0.9098766779439081,0.7690465328467142,0.7001824817518226,0.843886861313868
384,16,0.5452580195257895,0.4783124128312252,0.616722454672231,0.6930191264470675,0.5498014652424381,0.7946535428667303,0.8223425733929961,0.7297609953072154,0.9098766779439081,0.7690465328467142,0.7001824817518226,0.843886861313868
385,17,0.5202231520223073,0.3956345885634562,0.6197210599720989,0.6984159163357759,0.5409484928135996,0.7965717801017831,0.826571537705993,0.7386227218160031,0.9018989413947445,0.759226733576642,0.6676094890510967,0.813932481751824
386,17,0.5202231520223073,0.3956345885634562,0.6197210599720989,0.6984159163357759,0.5409484928135996,0.7965717801017831,0.826571537705993,0.7386227218160031,0.9018989413947445,0.759226733576642,0.6676094890510967,0.813932481751824
387,17,0.5202231520223073,0.3956345885634562,0.6197210599720989,0.6984159163357759,0.5409484928135996,0.7965717801017831,0.826571537705993,0.7386227218160031,0.9018989413947445,0.759226733576642,0.6676094890510967,0.813932481751824
388,17,0.5202231520223073,0.3956345885634562,0.6197210599720989,0.6984159163357759,0.5409484928135996,0.7965717801017831,0.826571537705993,0.7386227218160031,0.9018989413947445,0.759226733576642,0.6676094890510967,0.813932481751824
389,17,0.5202231520223073,0.3956345885634562,0.6197210599720989,0.6984159163357759,0.5409484928135996,0.7965717801017831,0.826571537705993,0.7386227218160031,0.9018989413947445,0.759226733576642,0.6676094890510967,0.813932481751824
390,17,0.5202231520223073,0.3956345885634562,0.6197210599720989,0.6984159163357759,0.5409484928135996,0.7965717801017831,0.826571537705993,0.7386227218160031,0.9018989413947445,0.759226733576642,0.6676094890510967,0.813932481751824
391,17,0.5202231520223073,0.3956345885634562,0.6197210599720989,0.6984159163357759,0.5409484928135996,0.7965717801017831,0.826571537705993,0.7386227218160031,0.9018989413947445,0.759226733576642,0.6676094890510967,0.813932481751824
392,17,0.5202231520223073,0.3956345885634562,0.6197210599720989,0.6984159163357759,0.5409484928135996,0.7965717801017831,0.826571537705993,0.7386227218160031,0.9018989413947445,0.759226733576642,0.6676094890510967,0.813932481751824
393,17,0.5202231520223073,0.3956345885634562,0.6197210599720989,0.6984159163357759,0.5409484928135996,0.7965717801017831,0.826571537705993,0.7386227218160031,0.9018989413947445,0.759226733576642,0.6676094890510967,0.813932481751824
394,17,0.5202231520223073,0.3956345885634562,0.6197210599720989,0.6984159163357759,0.5409484928135996,0.7965717801017831,0.826571537705993,0.7386227218160031,0.9018989413947445,0.759226733576642,0.6676094890510967,0.813932481751824
395,17,0.5202231520223073,0.3956345885634562,0.6197210599720989,0.6984159163357759,0.5409484928135996,0.7965717801017831,0.826571537705993,0.7386227218160031,0.9018989413947445,0.759226733576642,0.6676094890510967,0.813932481751824
396,17,0.5202231520223073,0.3956345885634562,0.6197210599720989,0.6984159163357759,0.5409484928135996,0.7965717801017831,0.826571537705993,0.7386227218160031,0.9018989413947445,0.759226733576642,0.6676094890510967,0.813932481751824
397,17,0.5202231520223073,0.3956345885634562,0.6197210599720989,0.6984159163357759,0.5409484928135996,0.7965717801017831,0.826571537705993,0.7386227218160031,0.9018989413947445,0.759226733576642,0.6676094890510967,0.813932481751824
398,17,0.5202231520223073,0.3956345885634562,0.6197210599720989,0.6984159163357759,0.5409484928135996,0.7965717801017831,0.826571537705993,0.7386227218160031,0.9018989413947445,0.759226733576642,0.6676094890510967,0.813932481751824
399,17,0.5202231520223073,0.3956345885634562,0.6197210599720989,0.6984159163357759,0.5409484928135996,0.7965717801017831,0.826571537705993,0.7386227218160031,0.9018989413947445,0.759226733576642,0.6676094890510967,0.813932481751824
400,17,0.5202231520223073,0.3956345885634562,0.6197210599720989,0.6984159163357759,0.5409484928135996,0.7965717801017831,0.826571537705993,0.7386227218160031,0.9018989413947445,0.759226733576642,0.6676094890510967,0.813932481751824
401,17,0.5202231520223073,0.3956345885634562,0.6197210599720989,0.6984159163357759,0.5409484928135996,0.7965717801017831,0.826571537705993,0.7386227218160031,0.9018989413947445,0.759226733576642,0.6676094890510967,0.813932481751824
402,17,0.5202231520223073,0.3956345885634562,0.6197210599720989,0.6984159163357759,0.5409484928135996,0.7965717801017831,0.826571537705993,0.7386227218160031,0.9018989413947445,0.759226733576642,0.6676094890510967,0.813932481751824
403,17,0.5202231520223073,0.3956345885634562,0.6197210599720989,0.6984159163357759,0.5409484928135996,0.7965717801017831,0.826571537705993,0.7386227218160031,0.9018989413947445,0.759226733576642,0.6676094890510967,0.813932481751824
404,17,0.5202231520223073,0.3956345885634562,0.6197210599720989,0.6984159163357759,0.5409484928135996,0.7965717801017831,0.826571537705993,0.7386227218160031,0.9018989413947445,0.759226733576642,0.6676094890510967,0.813932481751824
405,17,0.5202231520223073,0.3956345885634562,0.6197210599720989,0.6984159163357759,0.5409484928135996,0.7965717801017831,0.826571537705993,0.7386227218160031,0.9018989413947445,0.759226733576642,0.6676094890510967,0.813932481751824
406,17,0.5202231520223073,0.3956345885634562,0.6197210599720989,0.6984159163357759,0.5409484928135996,0.7965717801017831,0.826571537705993,0.7386227218160031,0.9018989413947445,0.759226733576642,0.6676094890510967,0.813932481751824
407,17,0.5202231520223073,0.3956345885634562,0.6197210599720989,0.6984159163357759,0.5409484928135996,0.7965717801017831,0.826571537705993,0.7386227218160031,0.9018989413947445,0.759226733576642,0.6676094890510967,0.813932481751824
408,17,0.5202231520223073,0.3956345885634562,0.6197210599720989,0.6984159163357759,0.5409484928135996,0.7965717801017831,0.826571537705993,0.7386227218160031,0.9018989413947445,0.759226733576642,0.6676094890510967,0.813932481751824
409,18,0.5512377963737727,0.41122733612272955,0.6786610878660909,0.700149600134222,0.5364688775795556,0.8122028969297013,0.8357388409909454,0.7684601113172569,0.8964531267052308,0.7432709854014594,0.6536496350364949,0.8363138686131375
410,18,0.5512377963737727,0.41122733612272955,0.6786610878660909,0.700149600134222,0.5364688775795556,0.8122028969297013,0.8357388409909454,0.7684601113172569,0.8964531267052308,0.7432709854014594,0.6536496350364949,0.8363138686131375
411,18,0.5512377963737727,0.41122733612272955,0.6786610878660909,0.700149600134222,0.5364688775795556,0.8122028969297013,0.8357388409909454,0.7684601113172569,0.8964531267052308,0.7432709854014594,0.6536496350364949,0.8363138686131375
412,18,0.5512377963737727,0.41122733612272955,0.6786610878660909,0.700149600134222,0.5364688775795556,0.8122028969297013,0.8357388409909454,0.7684601113172569,0.8964531267052308,0.7432709854014594,0.6536496350364949,0.8363138686131375
413,18,0.5512377963737727,0.41122733612272955,0.6786610878660909,0.700149600134222,0.5364688775795556,0.8122028969297013,0.8357388409909454,0.7684601113172569,0.8964531267052308,0.7432709854014594,0.6536496350364949,0.8363138686131375
414,18,0.5512377963737727,0.41122733612272955,0.6786610878660909,0.700149600134222,0.5364688775795556,0.8122028969297013,0.8357388409909454,0.7684601113172569,0.8964531267052308,0.7432709854014594,0.6536496350364949,0.8363138686131375
415,18,0.5512377963737727,0.41122733612272955,0.6786610878660909,0.700149600134222,0.5364688775795556,0.8122028969297013,0.8357388409909454,0.7684601113172569,0.8964531267052308,0.7432709854014594,0.6536496350364949,0.8363138686131375
416,18,0.5512377963737727,0.41122733612272955,0.6786610878660909,0.700149600134222,0.5364688775795556,0.8122028969297013,0.8357388409909454,0.7684601113172569,0.8964531267052308,0.7432709854014594,0.6536496350364949,0.8363138686131375
417,18,0.5512377963737727,0.41122733612272955,0.6786610878660909,0.700149600134222,0.5364688775795556,0.8122028969297013,0.8357388409909454,0.7684601113172569,0.8964531267052308,0.7432709854014594,0.6536496350364949,0.8363138686131375
418,18,0.5512377963737727,0.41122733612272955,0.6786610878660909,0.700149600134222,0.5364688775795556,0.8122028969297013,0.8357388409909454,0.7684601113172569,0.8964531267052308,0.7432709854014594,0.6536496350364949,0.8363138686131375
419,18,0.5512377963737727,0.41122733612272955,0.6786610878660909,0.700149600134222,0.5364688775795556,0.8122028969297013,0.8357388409909454,0.7684601113172569,0.8964531267052308,0.7432709854014594,0.6536496350364949,0.8363138686131375
420,18,0.5512377963737727,0.41122733612272955,0.6786610878660909,0.700149600134222,0.5364688775795556,0.8122028969297013,0.8357388409909454,0.7684601113172569,0.8964531267052308,0.7432709854014594,0.6536496350364949,0.8363138686131375
421,18,0.5512377963737727,0.41122733612272955,0.6786610878660909,0.700149600134222,0.5364688775795556,0.8122028969297013,0.8357388409909454,0.7684601113172569,0.8964531267052308,0.7432709854014594,0.6536496350364949,0.8363138686131375
422,18,0.5512377963737727,0.41122733612272955,0.6786610878660909,0.700149600134222,0.5364688775795556,0.8122028969297013,0.8357388409909454,0.7684601113172569,0.8964531267052308,0.7432709854014594,0.6536496350364949,0.8363138686131375
423,18,0.5512377963737727,0.41122733612272955,0.6786610878660909,0.700149600134222,0.5364688775795556,0.8122028969297013,0.8357388409909454,0.7684601113172569,0.8964531267052308,0.7432709854014594,0.6536496350364949,0.8363138686131375
424,18,0.5512377963737727,0.41122733612272955,0.6786610878660909,0.700149600134222,0.5364688775795556,0.8122028969297013,0.8357388409909454,0.7684601113172569,0.8964531267052308,0.7432709854014594,0.6536496350364949,0.8363138686131375
425,18,0.5512377963737727,0.41122733612272955,0.6786610878660909,0.700149600134222,0.5364688775795556,0.8122028969297013,0.8357388409909454,0.7684601113172569,0.8964531267052308,0.7432709854014594,0.6536496350364949,0.8363138686131375
426,18,0.5512377963737727,0.41122733612272955,0.6786610878660909,0.700149600134222,0.5364688775795556,0.8122028969297013,0.8357388409909454,0.7684601113172569,0.8964531267052308,0.7432709854014594,0.6536496350364949,0.8363138686131375
427,18,0.5512377963737727,0.41122733612272955,0.6786610878660909,0.700149600134222,0.5364688775795556,0.8122028969297013,0.8357388409909454,0.7684601113172569,0.8964531267052308,0.7432709854014594,0.6536496350364949,0.8363138686131375
428,18,0.5512377963737727,0.41122733612272955,0.6786610878660909,0.700149600134222,0.5364688775795556,0.8122028969297013,0.8357388409909454,0.7684601113172569,0.8964531267052308,0.7432709854014594,0.6536496350364949,0.8363138686131375
429,18,0.5512377963737727,0.41122733612272955,0.6786610878660909,0.700149600134222,0.5364688775795556,0.8122028969297013,0.8357388409909454,0.7684601113172569,0.8964531267052308,0.7432709854014594,0.6536496350364949,0.8363138686131375
430,18,0.5512377963737727,0.41122733612272955,0.6786610878660909,0.700149600134222,0.5364688775795556,0.8122028969297013,0.8357388409909454,0.7684601113172569,0.8964531267052308,0.7432709854014594,0.6536496350364949,0.8363138686131375
431,18,0.5512377963737727,0.41122733612272955,0.6786610878660909,0.700149600134222,0.5364688775795556,0.8122028969297013,0.8357388409909454,0.7684601113172569,0.8964531267052308,0.7432709854014594,0.6536496350364949,0.8363138686131375
432,18,0.5512377963737727,0.41122733612272955,0.6786610878660909,0.700149600134222,0.5364688775795556,0.8122028969297013,0.8357388409909454,0.7684601113172569,0.8964531267052308,0.7432709854014594,0.6536496350364949,0.8363138686131375
433,19,0.5711122733612211,0.4685495118549454,0.6554672245467245,0.7017924053464597,0.5493316928583454,0.8146859795313489,0.7964640401615197,0.7449416130088394,0.8539561279057096,0.7648266423357652,0.6908759124087588,0.8338503649635026
434,19,0.5711122733612211,0.4685495118549454,0.6554672245467245,0.7017924053464597,0.5493316928583454,0.8146859795313489,0.7964640401615197,0.7449416130088394,0.8539561279057096,0.7648266423357652,0.6908759124087588,0.8338503649635026
435,19,0.5711122733612211,0.4685495118549454,0.6554672245467245,0.7017924053464597,0.5493316928583454,0.8146859795313489,0.7964640401615197,0.7449416130088394,0.8539561279057096,0.7648266423357652,0.6908759124087588,0.8338503649635026
436,19,0.5711122733612211,0.4685495118549454,0.6554672245467245,0.7017924053464597,0.5493316928583454,0.8146859795313489,0.7964640401615197,0.7449416130088394,0.8539561279057096,0.7648266423357652,0.6908759124087588,0.8338503649635026
437,19,0.5711122733612211,0.4685495118549454,0.6554672245467245,0.7017924053464597,0.5493316928583454,0.8146859795313489,0.7964640401615197,0.7449416130088394,0.8539561279057096,0.7648266423357652,0.6908759124087588,0.8338503649635026
438,19,0.5711122733612211,0.4685495118549454,0.6554672245467245,0.7017924053464597,0.5493316928583454,0.8146859795313489,0.7964640401615197,0.7449416130088394,0.8539561279057096,0.7648266423357652,0.6908759124087588,0.8338503649635026
439,19,0.5711122733612211,0.4685495118549454,0.6554672245467245,0.7017924053464597,0.5493316928583454,0.8146859795313489,0.7964640401615197,0.7449416130088394,0.8539561279057096,0.7648266423357652,0.6908759124087588,0.8338503649635026
440,19,0.5711122733612211,0.4685495118549454,0.6554672245467245,0.7017924053464597,0.5493316928583454,0.8146859795313489,0.7964640401615197,0.7449416130088394,0.8539561279057096,0.7648266423357652,0.6908759124087588,0.8338503649635026
441,19,0.5711122733612211,0.4685495118549454,0.6554672245467245,0.7017924053464597,0.5493316928583454,0.8146859795313489,0.7964640401615197,0.7449416130088394,0.8539561279057096,0.7648266423357652,0.6908759124087588,0.8338503649635026
442,19,0.5711122733612211,0.4685495118549454,0.6554672245467245,0.7017924053464597,0.5493316928583454,0.8146859795313489,0.7964640401615197,0.7449416130088394,0.8539561279057096,0.7648266423357652,0.6908759124087588,0.8338503649635026
443,19,0.5711122733612211,0.4685495118549454,0.6554672245467245,0.7017924053464597,0.5493316928583454,0.8146859795313489,0.7964640401615197,0.7449416130088394,0.8539561279057096,0.7648266423357652,0.6908759124087588,0.8338503649635026
444,19,0.5711122733612211,0.4685495118549454,0.6554672245467245,0.7017924053464597,0.5493316928583454,0.8146859795313489,0.7964640401615197,0.7449416130088394,0.8539561279057096,0.7648266423357652,0.6908759124087588,0.8338503649635026
445,19,0.5711122733612211,0.4685495118549454,0.6554672245467245,0.7017924053464597,0.5493316928583454,0.8146859795313489,0.7964640401615197,0.7449416130088394,0.8539561279057096,0.7648266423357652,0.6908759124087588,0.8338503649635026
446,19,0.5711122733612211,0.4685495118549454,0.6554672245467245,0.7017924053464597,0.5493316928583454,0.8146859795313489,0.7964640401615197,0.7449416130088394,0.8539561279057096,0.7648266423357652,0.6908759124087588,0.8338503649635026
447,19,0.5711122733612211,0.4685495118549454,0.6554672245467245,0.7017924053464597,0.5493316928583454,0.8146859795313489,0.7964640401615197,0.7449416130088394,0.8539561279057096,0.7648266423357652,0.6908759124087588,0.8338503649635026
448,19,0.5711122733612211,0.4685495118549454,0.6554672245467245,0.7017924053464597,0.5493316928583454,0.8146859795313489,0.7964640401615197,0.7449416130088394,0.8539561279057096,0.7648266423357652,0.6908759124087588,0.8338503649635026
449,19,0.5711122733612211,0.4685495118549454,0.6554672245467245,0.7017924053464597,0.5493316928583454,0.8146859795313489,0.7964640401615197,0.7449416130088394,0.8539561279057096,0.7648266423357652,0.6908759124087588,0.8338503649635026
450,19,0.5711122733612211,0.4685495118549454,0.6554672245467245,0.7017924053464597,0.5493316928583454,0.8146859795313489,0.7964640401615197,0.7449416130088394,0.8539561279057096,0.7648266423357652,0.6908759124087588,0.8338503649635026
451,19,0.5711122733612211,0.4685495118549454,0.6554672245467245,0.7017924053464597,0.5493316928583454,0.8146859795313489,0.7964640401615197,0.7449416130088394,0.8539561279057096,0.7648266423357652,0.6908759124087588,0.8338503649635026
452,19,0.5711122733612211,0.4685495118549454,0.6554672245467245,0.7017924053464597,0.5493316928583454,0.8146859795313489,0.7964640401615197,0.7449416130088394,0.8539561279057096,0.7648266423357652,0.6908759124087588,0.8338503649635026
453,19,0.5711122733612211,0.4685495118549454,0.6554672245467245,0.7017924053464597,0.5493316928583454,0.8146859795313489,0.7964640401615197,0.7449416130088394,0.8539561279057096,0.7648266423357652,0.6908759124087588,0.8338503649635026
454,19,0.5711122733612211,0.4685495118549454,0.6554672245467245,0.7017924053464597,0.5493316928583454,0.8146859795313489,0.7964640401615197,0.7449416130088394,0.8539561279057096,0.7648266423357652,0.6908759124087588,0.8338503649635026
455,19,0.5711122733612211,0.4685495118549454,0.6554672245467245,0.7017924053464597,0.5493316928583454,0.8146859795313489,0.7964640401615197,0.7449416130088394,0.8539561279057096,0.7648266423357652,0.6908759124087588,0.8338503649635026
456,19,0.5711122733612211,0.4685495118549454,0.6554672245467245,0.7017924053464597,0.5493316928583454,0.8146859795313489,0.7964640401615197,0.7449416130088394,0.8539561279057096,0.7648266423357652,0.6908759124087588,0.8338503649635026
457,20,0.5894874476987333,0.5391910739190905,0.6529149232914804,0.6973113919803167,0.524685420278513,0.809669481572621,0.7991241951326016,0.7455200261922954,0.8527665611699277,0.7250228102189773,0.5706204379562018,0.8757299270072985
458,20,0.5894874476987333,0.5391910739190905,0.6529149232914804,0.6973113919803167,0.524685420278513,0.809669481572621,0.7991241951326016,0.7455200261922954,0.8527665611699277,0.7250228102189773,0.5706204379562018,0.8757299270072985
459,20,0.5894874476987333,0.5391910739190905,0.6529149232914804,0.6973113919803167,0.524685420278513,0.809669481572621,0.7991241951326016,0.7455200261922954,0.8527665611699277,0.7250228102189773,0.5706204379562018,0.8757299270072985
460,20,0.5894874476987333,0.5391910739190905,0.6529149232914804,0.6973113919803167,0.524685420278513,0.809669481572621,0.7991241951326016,0.7455200261922954,0.8527665611699277,0.7250228102189773,0.5706204379562018,0.8757299270072985
461,20,0.5894874476987333,0.5391910739190905,0.6529149232914804,0.6973113919803167,0.524685420278513,0.809669481572621,0.7991241951326016,0.7455200261922954,0.8527665611699277,0.7250228102189773,0.5706204379562018,0.8757299270072985
462,20,0.5894874476987333,0.5391910739190905,0.6529149232914804,0.6973113919803167,0.524685420278513,0.809669481572621,0.7991241951326016,0.7455200261922954,0.8527665611699277,0.7250228102189773,0.5706204379562018,0.8757299270072985
463,20,0.5894874476987333,0.5391910739190905,0.6529149232914804,0.6973113919803167,0.524685420278513,0.809669481572621,0.7991241951326016,0.7455200261922954,0.8527665611699277,0.7250228102189773,0.5706204379562018,0.8757299270072985
464,20,0.5894874476987333,0.5391910739190905,0.6529149232914804,0.6973113919803167,0.524685420278513,0.809669481572621,0.7991241951326016,0.7455200261922954,0.8527665611699277,0.7250228102189773,0.5706204379562018,0.8757299270072985
465,20,0.5894874476987333,0.5391910739190905,0.6529149232914804,0.6973113919803167,0.524685420278513,0.809669481572621,0.7991241951326016,0.7455200261922954,0.8527665611699277,0.7250228102189773,0.5706204379562018,0.8757299270072985
466,20,0.5894874476987333,0.5391910739190905,0.6529149232914804,0.6973113919803167,0.524685420278513,0.809669481572621,0.7991241951326016,0.7455200261922954,0.8527665611699277,0.7250228102189773,0.5706204379562018,0.8757299270072985
467,20,0.5894874476987333,0.5391910739190905,0.6529149232914804,0.6973113919803167,0.524685420278513,0.809669481572621,0.7991241951326016,0.7455200261922954,0.8527665611699277,0.7250228102189773,0.5706204379562018,0.8757299270072985
468,20,0.5894874476987333,0.5391910739190905,0.6529149232914804,0.6973113919803167,0.524685420278513,0.809669481572621,0.7991241951326016,0.7455200261922954,0.8527665611699277,0.7250228102189773,0.5706204379562018,0.8757299270072985
469,20,0.5894874476987333,0.5391910739190905,0.6529149232914804,0.6973113919803167,0.524685420278513,0.809669481572621,0.7991241951326016,0.7455200261922954,0.8527665611699277,0.7250228102189773,0.5706204379562018,0.8757299270072985
470,20,0.5894874476987333,0.5391910739190905,0.6529149232914804,0.6973113919803167,0.524685420278513,0.809669481572621,0.7991241951326016,0.7455200261922954,0.8527665611699277,0.7250228102189773,0.5706204379562018,0.8757299270072985
471,20,0.5894874476987333,0.5391910739190905,0.6529149232914804,0.6973113919803167,0.524685420278513,0.809669481572621,0.7991241951326016,0.7455200261922954,0.8527665611699277,0.7250228102189773,0.5706204379562018,0.8757299270072985
472,20,0.5894874476987333,0.5391910739190905,0.6529149232914804,0.6973113919803167,0.524685420278513,0.809669481572621,0.7991241951326016,0.7455200261922954,0.8527665611699277,0.7250228102189773,0.5706204379562018,0.8757299270072985
473,20,0.5894874476987333,0.5391910739190905,0.6529149232914804,0.6973113919803167,0.524685420278513,0.809669481572621,0.7991241951326016,0.7455200261922954,0.8527665611699277,0.7250228102189773,0.5706204379562018,0.8757299270072985
474,20,0.5894874476987333,0.5391910739190905,0.6529149232914804,0.6973113919803167,0.524685420278513,0.809669481572621,0.7991241951326016,0.7455200261922954,0.8527665611699277,0.7250228102189773,0.5706204379562018,0.8757299270072985
475,20,0.5894874476987333,0.5391910739190905,0.6529149232914804,0.6973113919803167,0.524685420278513,0.809669481572621,0.7991241951326016,0.7455200261922954,0.8527665611699277,0.7250228102189773,0.5706204379562018,0.8757299270072985
476,20,0.5894874476987333,0.5391910739190905,0.6529149232914804,0.6973113919803167,0.524685420278513,0.809669481572621,0.7991241951326016,0.7455200261922954,0.8527665611699277,0.7250228102189773,0.5706204379562018,0.8757299270072985
477,20,0.5894874476987333,0.5391910739190905,0.6529149232914804,0.6973113919803167,0.524685420278513,0.809669481572621,0.7991241951326016,0.7455200261922954,0.8527665611699277,0.7250228102189773,0.5706204379562018,0.8757299270072985
478,20,0.5894874476987333,0.5391910739190905,0.6529149232914804,0.6973113919803167,0.524685420278513,0.809669481572621,0.7991241951326016,0.7455200261922954,0.8527665611699277,0.7250228102189773,0.5706204379562018,0.8757299270072985
479,20,0.5894874476987333,0.5391910739190905,0.6529149232914804,0.6973113919803167,0.524685420278513,0.809669481572621,0.7991241951326016,0.7455200261922954,0.8527665611699277,0.7250228102189773,0.5706204379562018,0.8757299270072985
480,20,0.5894874476987333,0.5391910739190905,0.6529149232914804,0.6973113919803167,0.524685420278513,0.809669481572621,0.7991241951326016,0.7455200261922954,0.8527665611699277,0.7250228102189773,0.5706204379562018,0.8757299270072985
481,21,0.6291841004183976,0.5618549511854909,0.6960669456066796,0.6972904199988816,0.5703260444046734,0.7901068172920958,0.8278811524609857,0.796955145694642,0.8658190548946884,0.708827554744524,0.5856751824817504,0.8410583941605818
482,21,0.6291841004183976,0.5618549511854909,0.6960669456066796,0.6972904199988816,0.5703260444046734,0.7901068172920958,0.8278811524609857,0.796955145694642,0.8658190548946884,0.708827554744524,0.5856751824817504,0.8410583941605818
483,21,0.6291841004183976,0.5618549511854909,0.6960669456066796,0.6972904199988816,0.5703260444046734,0.7901068172920958,0.8278811524609857,0.796955145694642,0.8658190548946884,0.708827554744524,0.5856751824817504,0.8410583941605818
484,21,0.6291841004183976,0.5618549511854909,0.6960669456066796,0.6972904199988816,0.5703260444046734,0.7901068172920958,0.8278811524609857,0.796955145694642,0.8658190548946884,0.708827554744524,0.5856751824817504,0.8410583941605818
485,21,0.6291841004183976,0.5618549511854909,0.6960669456066796,0.6972904199988816,0.5703260444046734,0.7901068172920958,0.8278811524609857,0.796955145694642,0.8658190548946884,0.708827554744524,0.5856751824817504,0.8410583941605818
486,21,0.6291841004183976,0.5618549511854909,0.6960669456066796,0.6972904199988816,0.5703260444046734,0.7901068172920958,0.8278811524609857,0.796955145694642,0.8658190548946884,0.708827554744524,0.5856751824817504,0.8410583941605818
487,21,0.6291841004183976,0.5618549511854909,0.6960669456066796,0.6972904199988816,0.5703260444046734,0.7901068172920958,0.8278811524609857,0.796955145694642,0.8658190548946884,0.708827554744524,0.5856751824817504,0.8410583941605818
488,21,0.6291841004183976,0.5618549511854909,0.6960669456066796,0.6972904199988816,0.5703260444046734,0.7901068172920958,0.8278811524609857,0.796955145694642,0.8658190548946884,0.708827554744524,0.5856751824817504,0.8410583941605818
489,21,0.6291841004183976,0.5618549511854909,0.6960669456066796,0.6972904199988816,0.5703260444046734,0.7901068172920958,0.8278811524609857,0.796955145694642,0.8658190548946884,0.708827554744524,0.5856751824817504,0.8410583941605818
490,21,0.6291841004183976,0.5618549511854909,0.6960669456066796,0.6972904199988816,0.5703260444046734,0.7901068172920958,0.8278811524609857,0.796955145694642,0.8658190548946884,0.708827554744524,0.5856751824817504,0.8410583941605818
491,21,0.6291841004183976,0.5618549511854909,0.6960669456066796,0.6972904199988816,0.5703260444046734,0.7901068172920958,0.8278811524609857,0.796955145694642,0.8658190548946884,0.708827554744524,0.5856751824817504,0.8410583941605818
492,21,0.6291841004183976,0.5618549511854909,0.6960669456066796,0.6972904199988816,0.5703260444046734,0.7901068172920958,0.8278811524609857,0.796955145694642,0.8658190548946884,0.708827554744524,0.5856751824817504,0.8410583941605818
493,21,0.6291841004183976,0.5618549511854909,0.6960669456066796,0.6972904199988816,0.5703260444046734,0.7901068172920958,0.8278811524609857,0.796955145694642,0.8658190548946884,0.708827554744524,0.5856751824817504,0.8410583941605818
494,21,0.6291841004183976,0.5618549511854909,0.6960669456066796,0.6972904199988816,0.5703260444046734,0.7901068172920958,0.8278811524609857,0.796955145694642,0.8658190548946884,0.708827554744524,0.5856751824817504,0.8410583941605818
495,21,0.6291841004183976,0.5618549511854909,0.6960669456066796,0.6972904199988816,0.5703260444046734,0.7901068172920958,0.8278811524609857,0.796955145694642,0.8658190548946884,0.708827554744524,0.5856751824817504,0.8410583941605818
496,21,0.6291841004183976,0.5618549511854909,0.6960669456066796,0.6972904199988816,0.5703260444046734,0.7901068172920958,0.8278811524609857,0.796955145694642,0.8658190548946884,0.708827554744524,0.5856751824817504,0.8410583941605818
497,21,0.6291841004183976,0.5618549511854909,0.6960669456066796,0.6972904199988816,0.5703260444046734,0.7901068172920958,0.8278811524609857,0.796955145694642,0.8658190548946884,0.708827554744524,0.5856751824817504,0.8410583941605818
498,21,0.6291841004183976,0.5618549511854909,0.6960669456066796,0.6972904199988816,0.5703260444046734,0.7901068172920958,0.8278811524609857,0.796955145694642,0.8658190548946884,0.708827554744524,0.5856751824817504,0.8410583941605818
499,21,0.6291841004183976,0.5618549511854909,0.6960669456066796,0.6972904199988816,0.5703260444046734,0.7901068172920958,0.8278811524609857,0.796955145694642,0.8658190548946884,0.708827554744524,0.5856751824817504,0.8410583941605818
500,21,0.6291841004183976,0.5618549511854909,0.6960669456066796,0.6972904199988816,0.5703260444046734,0.7901068172920958,0.8278811524609857,0.796955145694642,0.8658190548946884,0.708827554744524,0.5856751824817504,0.8410583941605818
501,21,0.6291841004183976,0.5618549511854909,0.6960669456066796,0.6972904199988816,0.5703260444046734,0.7901068172920958,0.8278811524609857,0.796955145694642,0.8658190548946884,0.708827554744524,0.5856751824817504,0.8410583941605818
502,21,0.6291841004183976,0.5618549511854909,0.6960669456066796,0.6972904199988816,0.5703260444046734,0.7901068172920958,0.8278811524609857,0.796955145694642,0.8658190548946884,0.708827554744524,0.5856751824817504,0.8410583941605818
503,21,0.6291841004183976,0.5618549511854909,0.6960669456066796,0.6972904199988816,0.5703260444046734,0.7901068172920958,0.8278811524609857,0.796955145694642,0.8658190548946884,0.708827554744524,0.5856751824817504,0.8410583941605818
504,21,0.6291841004183976,0.5618549511854909,0.6960669456066796,0.6972904199988816,0.5703260444046734,0.7901068172920958,0.8278811524609857,0.796955145694642,0.8658190548946884,0.708827554744524,0.5856751824817504,0.8410583941605818
505,22,0.6311715481171447,0.5635704323570294,0.7459414225941386,0.6984858229405528,0.5678541468597971,0.7934455567362008,0.8386309069082172,0.8143948488486288,0.8623594892502489,0.6998175182481741,0.5527372262773697,0.892791970802919
506,22,0.6311715481171447,0.5635704323570294,0.7459414225941386,0.6984858229405528,0.5678541468597971,0.7934455567362008,0.8386309069082172,0.8143948488486288,0.8623594892502489,0.6998175182481741,0.5527372262773697,0.892791970802919
507,22,0.6311715481171447,0.5635704323570294,0.7459414225941386,0.6984858229405528,0.5678541468597971,0.7934455567362008,0.8386309069082172,0.8143948488486288,0.8623594892502489,0.6998175182481741,0.5527372262773697,0.892791970802919
508,22,0.6311715481171447,0.5635704323570294,0.7459414225941386,0.6984858229405528,0.5678541468597971,0.7934455567362008,0.8386309069082172,0.8143948488486288,0.8623594892502489,0.6998175182481741,0.5527372262773697,0.892791970802919
509,22,0.6311715481171447,0.5635704323570294,0.7459414225941386,0.6984858229405528,0.5678541468597971,0.7934455567362008,0.8386309069082172,0.8143948488486288,0.8623594892502489,0.6998175182481741,0.5527372262773697,0.892791970802919
510,22,0.6311715481171447,0.5635704323570294,0.7459414225941386,0.6984858229405528,0.5678541468597971,0.7934455567362008,0.8386309069082172,0.8143948488486288,0.8623594892502489,0.6998175182481741,0.5527372262773697,0.892791970802919
511,22,0.6311715481171447,0.5635704323570294,0.7459414225941386,0.6984858229405528,0.5678541468597971,0.7934455567362008,0.8386309069082172,0.8143948488486288,0.8623594892502489,0.6998175182481741,0.5527372262773697,0.892791970802919
512,22,0.6311715481171447,0.5635704323570294,0.7459414225941386,0.6984858229405528,0.5678541468597971,0.7934455567362008,0.8386309069082172,0.8143948488486288,0.8623594892502489,0.6998175182481741,0.5527372262773697,0.892791970802919
513,22,0.6311715481171447,0.5635704323570294,0.7459414225941386,0.6984858229405528,0.5678541468597971,0.7934455567362008,0.8386309069082172,0.8143948488486288,0.8623594892502489,0.6998175182481741,0.5527372262773697,0.892791970802919
514,22,0.6311715481171447,0.5635704323570294,0.7459414225941386,0.6984858229405528,0.5678541468597971,0.7934455567362008,0.8386309069082172,0.8143948488486288,0.8623594892502489,0.6998175182481741,0.5527372262773697,0.892791970802919
515,22,0.6311715481171447,0.5635704323570294,0.7459414225941386,0.6984858229405528,0.5678541468597971,0.7934455567362008,0.8386309069082172,0.8143948488486288,0.8623594892502489,0.6998175182481741,0.5527372262773697,0.892791970802919
516,22,0.6311715481171447,0.5635704323570294,0.7459414225941386,0.6984858229405528,0.5678541468597971,0.7934455567362008,0.8386309069082172,0.8143948488486288,0.8623594892502489,0.6998175182481741,0.5527372262773697,0.892791970802919
517,22,0.6311715481171447,0.5635704323570294,0.7459414225941386,0.6984858229405528,0.5678541468597971,0.7934455567362008,0.8386309069082172,0.8143948488486288,0.8623594892502489,0.6998175182481741,0.5527372262773697,0.892791970802919
518,22,0.6311715481171447,0.5635704323570294,0.7459414225941386,0.6984858229405528,0.5678541468597971,0.7934455567362008,0.8386309069082172,0.8143948488486288,0.8623594892502489,0.6998175182481741,0.5527372262773697,0.892791970802919
519,22,0.6311715481171447,0.5635704323570294,0.7459414225941386,0.6984858229405528,0.5678541468597971,0.7934455567362008,0.8386309069082172,0.8143948488486288,0.8623594892502489,0.6998175182481741,0.5527372262773697,0.892791970802919
520,22,0.6311715481171447,0.5635704323570294,0.7459414225941386,0.6984858229405528,0.5678541468597971,0.7934455567362008,0.8386309069082172,0.8143948488486288,0.8623594892502489,0.6998175182481741,0.5527372262773697,0.892791970802919
521,22,0.6311715481171447,0.5635704323570294,0.7459414225941386,0.6984858229405528,0.5678541468597971,0.7934455567362008,0.8386309069082172,0.8143948488486288,0.8623594892502489,0.6998175182481741,0.5527372262773697,0.892791970802919
522,22,0.6311715481171447,0.5635704323570294,0.7459414225941386,0.6984858229405528,0.5678541468597971,0.7934455567362008,0.8386309069082172,0.8143948488486288,0.8623594892502489,0.6998175182481741,0.5527372262773697,0.892791970802919
523,22,0.6311715481171447,0.5635704323570294,0.7459414225941386,0.6984858229405528,0.5678541468597971,0.7934455567362008,0.8386309069082172,0.8143948488486288,0.8623594892502489,0.6998175182481741,0.5527372262773697,0.892791970802919
524,22,0.6311715481171447,0.5635704323570294,0.7459414225941386,0.6984858229405528,0.5678541468597971,0.7934455567362008,0.8386309069082172,0.8143948488486288,0.8623594892502489,0.6998175182481741,0.5527372262773697,0.892791970802919
525,22,0.6311715481171447,0.5635704323570294,0.7459414225941386,0.6984858229405528,0.5678541468597971,0.7934455567362008,0.8386309069082172,0.8143948488486288,0.8623594892502489,0.6998175182481741,0.5527372262773697,0.892791970802919
526,22,0.6311715481171447,0.5635704323570294,0.7459414225941386,0.6984858229405528,0.5678541468597971,0.7934455567362008,0.8386309069082172,0.8143948488486288,0.8623594892502489,0.6998175182481741,0.5527372262773697,0.892791970802919
527,22,0.6311715481171447,0.5635704323570294,0.7459414225941386,0.6984858229405528,0.5678541468597971,0.7934455567362008,0.8386309069082172,0.8143948488486288,0.8623594892502489,0.6998175182481741,0.5527372262773697,0.892791970802919
528,22,0.6311715481171447,0.5635704323570294,0.7459414225941386,0.6984858229405528,0.5678541468597971,0.7934455567362008,0.8386309069082172,0.8143948488486288,0.8623594892502489,0.6998175182481741,0.5527372262773697,0.892791970802919
529,23,0.5973849372384858,0.4882147838214664,0.731980474198042,0.6996113192774462,0.5765617135507,0.8029864101560313,0.8234339190221549,0.7570009822110663,0.8673905926006746,0.6362910583941592,0.4580291970802904,0.8573905109489054
530,23,0.5973849372384858,0.4882147838214664,0.731980474198042,0.6996113192774462,0.5765617135507,0.8029864101560313,0.8234339190221549,0.7570009822110663,0.8673905926006746,0.6362910583941592,0.4580291970802904,0.8573905109489054
531,23,0.5973849372384858,0.4882147838214664,0.731980474198042,0.6996113192774462,0.5765617135507,0.8029864101560313,0.8234339190221549,0.7570009822110663,0.8673905926006746,0.6362910583941592,0.4580291970802904,0.8573905109489054
532,23,0.5973849372384858,0.4882147838214664,0.731980474198042,0.6996113192774462,0.5765617135507,0.8029864101560313,0.8234339190221549,0.7570009822110663,0.8673905926006746,0.6362910583941592,0.4580291970802904,0.8573905109489054
533,23,0.5973849372384858,0.4882147838214664,0.731980474198042,0.6996113192774462,0.5765617135507,0.8029864101560313,0.8234339190221549,0.7570009822110663,0.8673905926006746,0.6362910583941592,0.4580291970802904,0.8573905109489054
534,23,0.5973849372384858,0.4882147838214664,0.731980474198042,0.6996113192774462,0.5765617135507,0.8029864101560313,0.8234339190221549,0.7570009822110663,0.8673905926006746,0.6362910583941592,0.4580291970802904,0.8573905109489054
535,23,0.5973849372384858,0.4882147838214664,0.731980474198042,0.6996113192774462,0.5765617135507,0.8029864101560313,0.8234339190221549,0.7570009822110663,0.8673905926006746,0.6362910583941592,0.4580291970802904,0.8573905109489054
536,23,0.5973849372384858,0.4882147838214664,0.731980474198042,0.6996113192774462,0.5765617135507,0.8029864101560313,0.8234339190221549,0.7570009822110663,0.8673905926006746,0.6362910583941592,0.4580291970802904,0.8573905109489054
537,23,0.5973849372384858,0.4882147838214664,0.731980474198042,0.6996113192774462,0.5765617135507,0.8029864101560313,0.8234339190221549,0.7570009822110663,0.8673905926006746,0.6362910583941592,0.4580291970802904,0.8573905109489054
538,23,0.5973849372384858,0.4882147838214664,0.731980474198042,0.6996113192774462,0.5765617135507,0.8029864101560313,0.8234339190221549,0.7570009822110663,0.8673905926006746,0.6362910583941592,0.4580291970802904,0.8573905109489054
539,23,0.5973849372384858,0.4882147838214664,0.731980474198042,0.6996113192774462,0.5765617135507,0.8029864101560313,0.8234339190221549,0.7570009822110663,0.8673905926006746,0.6362910583941592,0.4580291970802904,0.8573905109489054
540,23,0.5973849372384858,0.4882147838214664,0.731980474198042,0.6996113192774462,0.5765617135507,0.8029864101560313,0.8234339190221549,0.7570009822110663,0.8673905926006746,0.6362910583941592,0.4580291970802904,0.8573905109489054
541,23,0.5973849372384858,0.4882147838214664,0.731980474198042,0.6996113192774462,0.5765617135507,0.8029864101560313,0.8234339190221549,0.7570009822110663,0.8673905926006746,0.6362910583941592,0.4580291970802904,0.8573905109489054
542,23,0.5973849372384858,0.4882147838214664,0.731980474198042,0.6996113192774462,0.5765617135507,0.8029864101560313,0.8234339190221549,0.7570009822110663,0.8673905926006746,0.6362910583941592,0.4580291970802904,0.8573905109489054
543,23,0.5973849372384858,0.4882147838214664,0.731980474198042,0.6996113192774462,0.5765617135507,0.8029864101560313,0.8234339190221549,0.7570009822110663,0.8673905926006746,0.6362910583941592,0.4580291970802904,0.8573905109489054
544,23,0.5973849372384858,0.4882147838214664,0.731980474198042,0.6996113192774462,0.5765617135507,0.8029864101560313,0.8234339190221549,0.7570009822110663,0.8673905926006746,0.6362910583941592,0.4580291970802904,0.8573905109489054
545,23,0.5973849372384858,0.4882147838214664,0.731980474198042,0.6996113192774462,0.5765617135507,0.8029864101560313,0.8234339190221549,0.7570009822110663,0.8673905926006746,0.6362910583941592,0.4580291970802904,0.8573905109489054
546,23,0.5973849372384858,0.4882147838214664,0.731980474198042,0.6996113192774462,0.5765617135507,0.8029864101560313,0.8234339190221549,0.7570009822110663,0.8673905926006746,0.6362910583941592,0.4580291970802904,0.8573905109489054
547,23,0.5973849372384858,0.4882147838214664,0.731980474198042,0.6996113192774462,0.5765617135507,0.8029864101560313,0.8234339190221549,0.7570009822110663,0.8673905926006746,0.6362910583941592,0.4580291970802904,0.8573905109489054
548,23,0.5973849372384858,0.4882147838214664,0.731980474198042,0.6996113192774462,0.5765617135507,0.8029864101560313,0.8234339190221549,0.7570009822110663,0.8673905926006746,0.6362910583941592,0.4580291970802904,0.8573905109489054
549,23,0.5973849372384858,0.4882147838214664,0.731980474198042,0.6996113192774462,0.5765617135507,0.8029864101560313,0.8234339190221549,0.7570009822110663,0.8673905926006746,0.6362910583941592,0.4580291970802904,0.8573905109489054
550,23,0.5973849372384858,0.4882147838214664,0.731980474198042,0.6996113192774462,0.5765617135507,0.8029864101560313,0.8234339190221549,0.7570009822110663,0.8673905926006746,0.6362910583941592,0.4580291970802904,0.8573905109489054
551,23,0.5973849372384858,0.4882147838214664,0.731980474198042,0.6996113192774462,0.5765617135507,0.8029864101560313,0.8234339190221549,0.7570009822110663,0.8673905926006746,0.6362910583941592,0.4580291970802904,0.8573905109489054
552,23,0.5973849372384858,0.4882147838214664,0.731980474198042,0.6996113192774462,0.5765617135507,0.8029864101560313,0.8234339190221549,0.7570009822110663,0.8673905926006746,0.6362910583941592,0.4580291970802904,0.8573905109489054
553,24,0.554218967921889,0.464700139469997,0.6753974895397377,0.6890274593143575,0.5514344835300079,0.7928639337844643,0.8424915420713743,0.8018662010258637,0.8991924042344202,0.6292655109489043,0.4898722627737222,0.7278284671532838
554,24,0.554218967921889,0.464700139469997,0.6753974895397377,0.6890274593143575,0.5514344835300079,0.7928639337844643,0.8424915420713743,0.8018662010258637,0.8991924042344202,0.6292655109489043,0.4898722627737222,0.7278284671532838
555,24,0.554218967921889,0.464700139469997,0.6753974895397377,0.6890274593143575,0.5514344835300079,0.7928639337844643,0.8424915420713743,0.8018662010258637,0.8991924042344202,0.6292655109489043,0.4898722627737222,0.7278284671532838
556,24,0.554218967921889,0.464700139469997,0.6753974895397377,0.6890274593143575,0.5514344835300079,0.7928639337844643,0.8424915420713743,0.8018662010258637,0.8991924042344202,0.6292655109489043,0.4898722627737222,0.7278284671532838
557,24,0.554218967921889,0.464700139469997,0.6753974895397377,0.6890274593143575,0.5514344835300079,0.7928639337844643,0.8424915420713743,0.8018662010258637,0.8991924042344202,0.6292655109489043,0.4898722627737222,0.7278284671532838
558,24,0.554218967921889,0.464700139469997,0.6753974895397377,0.6890274593143575,0.5514344835300079,0.7928639337844643,0.8424915420713743,0.8018662010258637,0.8991924042344202,0.6292655109489043,0.4898722627737222,0.7278284671532838
559,24,0.554218967921889,0.464700139469997,0.6753974895397377,0.6890274593143575,0.5514344835300079,0.7928639337844643,0.8424915420713743,0.8018662010258637,0.8991924042344202,0.6292655109489043,0.4898722627737222,0.7278284671532838
560,24,0.554218967921889,0.464700139469997,0.6753974895397377,0.6890274593143575,0.5514344835300079,0.7928639337844643,0.8424915420713743,0.8018662010258637,0.8991924042344202,0.6292655109489043,0.4898722627737222,0.7278284671532838
561,24,0.554218967921889,0.464700139469997,0.6753974895397377,0.6890274593143575,0.5514344835300079,0.7928639337844643,0.8424915420713743,0.8018662010258637,0.8991924042344202,0.6292655109489043,0.4898722627737222,0.7278284671532838
562,24,0.554218967921889,0.464700139469997,0.6753974895397377,0.6890274593143575,0.5514344835300079,0.7928639337844643,0.8424915420713743,0.8018662010258637,0.8991924042344202,0.6292655109489043,0.4898722627737222,0.7278284671532838
563,24,0.554218967921889,0.464700139469997,0.6753974895397377,0.6890274593143575,0.5514344835300079,0.7928639337844643,0.8424915420713743,0.8018662010258637,0.8991924042344202,0.6292655109489043,0.4898722627737222,0.7278284671532838
564,24,0.554218967921889,0.464700139469997,0.6753974895397377,0.6890274593143575,0.5514344835300079,0.7928639337844643,0.8424915420713743,0.8018662010258637,0.8991924042344202,0.6292655109489043,0.4898722627737222,0.7278284671532838
565,24,0.554218967921889,0.464700139469997,0.6753974895397377,0.6890274593143575,0.5514344835300079,0.7928639337844643,0.8424915420713743,0.8018662010258637,0.8991924042344202,0.6292655109489043,0.4898722627737222,0.7278284671532838
566,24,0.554218967921889,0.464700139469997,0.6753974895397377,0.6890274593143575,0.5514344835300079,0.7928639337844643,0.8424915420713743,0.8018662010258637,0.8991924042344202,0.6292655109489043,0.4898722627737222,0.7278284671532838
567,24,0.554218967921889,0.464700139469997,0.6753974895397377,0.6890274593143575,0.5514344835300079,0.7928639337844643,0.8424915420713743,0.8018662010258637,0.8991924042344202,0.6292655109489043,0.4898722627737222,0.7278284671532838
568,24,0.554218967921889,0.464700139469997,0.6753974895397377,0.6890274593143575,0.5514344835300079,0.7928639337844643,0.8424915420713743,0.8018662010258637,0.8991924042344202,0.6292655109489043,0.4898722627737222,0.7278284671532838
569,24,0.554218967921889,0.464700139469997,0.6753974895397377,0.6890274593143575,0.5514344835300079,0.7928639337844643,0.8424915420713743,0.8018662010258637,0.8991924042344202,0.6292655109489043,0.4898722627737222,0.7278284671532838
570,24,0.554218967921889,0.464700139469997,0.6753974895397377,0.6890274593143575,0.5514344835300079,0.7928639337844643,0.8424915420713743,0.8018662010258637,0.8991924042344202,0.6292655109489043,0.4898722627737222,0.7278284671532838
571,24,0.554218967921889,0.464700139469997,0.6753974895397377,0.6890274593143575,0.5514344835300079,0.7928639337844643,0.8424915420713743,0.8018662010258637,0.8991924042344202,0.6292655109489043,0.4898722627737222,0.7278284671532838
572,24,0.554218967921889,0.464700139469997,0.6753974895397377,0.6890274593143575,0.5514344835300079,0.7928639337844643,0.8424915420713743,0.8018662010258637,0.8991924042344202,0.6292655109489043,0.4898722627737222,0.7278284671532838
573,24,0.554218967921889,0.464700139469997,0.6753974895397377,0.6890274593143575,0.5514344835300079,0.7928639337844643,0.8424915420713743,0.8018662010258637,0.8991924042344202,0.6292655109489043,0.4898722627737222,0.7278284671532838
574,24,0.554218967921889,0.464700139469997,0.6753974895397377,0.6890274593143575,0.5514344835300079,0.7928639337844643,0.8424915420713743,0.8018662010258637,0.8991924042344202,0.6292655109489043,0.4898722627737222,0.7278284671532838
575,24,0.554218967921889,0.464700139469997,0.6753974895397377,0.6890274593143575,0.5514344835300079,0.7928639337844643,0.8424915420713743,0.8018662010258637,0.8991924042344202,0.6292655109489043,0.4898722627737222,0.7278284671532838
576,24,0.554218967921889,0.464700139469997,0.6753974895397377,0.6890274593143575,0.5514344835300079,0.7928639337844643,0.8424915420713743,0.8018662010258637,0.8991924042344202,0.6292655109489043,0.4898722627737222,0.7278284671532838
577,25,0.5772315202231404,0.49195258019524457,0.7103905160390369,0.6856929142665402,0.5653990269000623,0.7825792740898144,0.8384399214231166,0.7672487176688882,0.9382080104769202,0.5945483576642321,0.41998175182481606,0.718886861313867
578,25,0.5772315202231404,0.49195258019524457,0.7103905160390369,0.6856929142665402,0.5653990269000623,0.7825792740898144,0.8384399214231166,0.7672487176688882,0.9382080104769202,0.5945483576642321,0.41998175182481606,0.718886861313867
579,25,0.5772315202231404,0.49195258019524457,0.7103905160390369,0.6856929142665402,0.5653990269000623,0.7825792740898144,0.8384399214231166,0.7672487176688882,0.9382080104769202,0.5945483576642321,0.41998175182481606,0.718886861313867
580,25,0.5772315202231404,0.49195258019524457,0.7103905160390369,0.6856929142665402,0.5653990269000623,0.7825792740898144,0.8384399214231166,0.7672487176688882,0.9382080104769202,0.5945483576642321,0.41998175182481606,0.718886861313867
581,25,0.5772315202231404,0.49195258019524457,0.7103905160390369,0.6856929142665402,0.5653990269000623,0.7825792740898144,0.8384399214231166,0.7672487176688882,0.9382080104769202,0.5945483576642321,0.41998175182481606,0.718886861313867
582,25,0.5772315202231404,0.49195258019524457,0.7103905160390369,0.6856929142665402,0.5653990269000623,0.7825792740898144,0.8384399214231166,0.7672487176688882,0.9382080104769202,0.5945483576642321,0.41998175182481606,0.718886861313867
583,25,0.5772315202231404,0.49195258019524457,0.7103905160390369,0.6856929142665402,0.5653990269000623,0.7825792740898144,0.8384399214231166,0.7672487176688882,0.9382080104769202,0.5945483576642321,0.41998175182481606,0.718886861313867
584,25,0.5772315202231404,0.49195258019524457,0.7103905160390369,0.6856929142665402,0.5653990269000623,0.7825792740898144,0.8384399214231166,0.7672487176688882,0.9382080104769202,0.5945483576642321,0.41998175182481606,0.718886861313867
585,25,0.5772315202231404,0.49195258019524457,0.7103905160390369,0.6856929142665402,0.5653990269000623,0.7825792740898144,0.8384399214231166,0.7672487176688882,0.9382080104769202,0.5945483576642321,0.41998175182481606,0.718886861313867
586,25,0.5772315202231404,0.49195258019524457,0.7103905160390369,0.6856929142665402,0.5653990269000623,0.7825792740898144,0.8384399214231166,0.7672487176688882,0.9382080104769202,0.5945483576642321,0.41998175182481606,0.718886861313867
587,25,0.5772315202231404,0.49195258019524457,0.7103905160390369,0.6856929142665402,0.5653990269000623,0.7825792740898144,0.8384399214231166,0.7672487176688882,0.9382080104769202,0.5945483576642321,0.41998175182481606,0.718886861313867
588,25,0.5772315202231404,0.49195258019524457,0.7103905160390369,0.6856929142665402,0.5653990269000623,0.7825792740898144,0.8384399214231166,0.7672487176688882,0.9382080104769202,0.5945483576642321,0.41998175182481606,0.718886861313867
589,25,0.5772315202231404,0.49195258019524457,0.7103905160390369,0.6856929142665402,0.5653990269000623,0.7825792740898144,0.8384399214231166,0.7672487176688882,0.9382080104769202,0.5945483576642321,0.41998175182481606,0.718886861313867
590,25,0.5772315202231404,0.49195258019524457,0.7103905160390369,0.6856929142665402,0.5653990269000623,0.7825792740898144,0.8384399214231166,0.7672487176688882,0.9382080104769202,0.5945483576642321,0.41998175182481606,0.718886861313867
591,25,0.5772315202231404,0.49195258019524457,0.7103905160390369,0.6856929142665402,0.5653990269000623,0.7825792740898144,0.8384399214231166,0.7672487176688882,0.9382080104769202,0.5945483576642321,0.41998175182481606,0.718886861313867
592,25,0.5772315202231404,0.49195258019524457,0.7103905160390369,0.6856929142665402,0.5653990269000623,0.7825792740898144,0.8384399214231166,0.7672487176688882,0.9382080104769202,0.5945483576642321,0.41998175182481606,0.718886861313867
593,25,0.5772315202231404,0.49195258019524457,0.7103905160390369,0.6856929142665402,0.5653990269000623,0.7825792740898144,0.8384399214231166,0.7672487176688882,0.9382080104769202,0.5945483576642321,0.41998175182481606,0.718886861313867
594,25,0.5772315202231404,0.49195258019524457,0.7103905160390369,0.6856929142665402,0.5653990269000623,0.7825792740898144,0.8384399214231166,0.7672487176688882,0.9382080104769202,0.5945483576642321,0.41998175182481606,0.718886861313867
595,25,0.5772315202231404,0.49195258019524457,0.7103905160390369,0.6856929142665402,0.5653990269000623,0.7825792740898144,0.8384399214231166,0.7672487176688882,0.9382080104769202,0.5945483576642321,0.41998175182481606,0.718886861313867
596,25,0.5772315202231404,0.49195258019524457,0.7103905160390369,0.6856929142665402,0.5653990269000623,0.7825792740898144,0.8384399214231166,0.7672487176688882,0.9382080104769202,0.5945483576642321,0.41998175182481606,0.718886861313867
597,25,0.5772315202231404,0.49195258019524457,0.7103905160390369,0.6856929142665402,0.5653990269000623,0.7825792740898144,0.8384399214231166,0.7672487176688882,0.9382080104769202,0.5945483576642321,0.41998175182481606,0.718886861313867
598,25,0.5772315202231404,0.49195258019524457,0.7103905160390369,0.6856929142665402,0.5653990269000623,0.7825792740898144,0.8384399214231166,0.7672487176688882,0.9382080104769202,0.5945483576642321,0.41998175182481606,0.718886861313867
599,25,0.5772315202231404,0.49195258019524457,0.7103905160390369,0.6856929142665402,0.5653990269000623,0.7825792740898144,0.8384399214231166,0.7672487176688882,0.9382080104769202,0.5945483576642321,0.41998175182481606,0.718886861313867
600,25,0.5772315202231404,0.49195258019524457,0.7103905160390369,0.6856929142665402,0.5653990269000623,0.7825792740898144,0.8384399214231166,0.7672487176688882,0.9382080104769202,0.5945483576642321,0.41998175182481606,0.718886861313867
601,26,0.6228207810320683,0.5458437935843762,0.6932635983263481,0.7047424640680049,0.5726916839102977,0.8010178401655388,0.817281458037761,0.7190221543162721,0.9285823420277218,0.5949703467153271,0.4580291970802907,0.7545620437956189
602,26,0.6228207810320683,0.5458437935843762,0.6932635983263481,0.7047424640680049,0.5726916839102977,0.8010178401655388,0.817281458037761,0.7190221543162721,0.9285823420277218,0.5949703467153271,0.4580291970802907,0.7545620437956189
603,26,0.6228207810320683,0.5458437935843762,0.6932635983263481,0.7047424640680049,0.5726916839102977,0.8010178401655388,0.817281458037761,0.7190221543162721,0.9285823420277218,0.5949703467153271,0.4580291970802907,0.7545620437956189
604,26,0.6228207810320683,0.5458437935843762,0.6932635983263481,0.7047424640680049,0.5726916839102977,0.8010178401655388,0.817281458037761,0.7190221543162721,0.9285823420277218,0.5949703467153271,0.4580291970802907,0.7545620437956189
605,26,0.6228207810320683,0.5458437935843762,0.6932635983263481,0.7047424640680049,0.5726916839102977,0.8010178401655388,0.817281458037761,0.7190221543162721,0.9285823420277218,0.5949703467153271,0.4580291970802907,0.7545620437956189
606,26,0.6228207810320683,0.5458437935843762,0.6932635983263481,0.7047424640680049,0.5726916839102977,0.8010178401655388,0.817281458037761,0.7190221543162721,0.9285823420277218,0.5949703467153271,0.4580291970802907,0.7545620437956189
607,26,0.6228207810320683,0.5458437935843762,0.6932635983263481,0.7047424640680049,0.5726916839102977,0.8010178401655388,0.817281458037761,0.7190221543162721,0.9285823420277218,0.5949703467153271,0.4580291970802907,0.7545620437956189
608,26,0.6228207810320683,0.5458437935843762,0.6932635983263481,0.7047424640680049,0.5726916839102977,0.8010178401655388,0.817281458037761,0.7190221543162721,0.9285823420277218,0.5949703467153271,0.4580291970802907,0.7545620437956189
609,26,0.6228207810320683,0.5458437935843762,0.6932635983263481,0.7047424640680049,0.5726916839102977,0.8010178401655388,0.817281458037761,0.7190221543162721,0.9285823420277218,0.5949703467153271,0.4580291970802907,0.7545620437956189
610,26,0.6228207810320683,0.5458437935843762,0.6932635983263481,0.7047424640680049,0.5726916839102977,0.8010178401655388,0.817281458037761,0.7190221543162721,0.9285823420277218,0.5949703467153271,0.4580291970802907,0.7545620437956189
611,26,0.6228207810320683,0.5458437935843762,0.6932635983263481,0.7047424640680049,0.5726916839102977,0.8010178401655388,0.817281458037761,0.7190221543162721,0.9285823420277218,0.5949703467153271,0.4580291970802907,0.7545620437956189
612,26,0.6228207810320683,0.5458437935843762,0.6932635983263481,0.7047424640680049,0.5726916839102977,0.8010178401655388,0.817281458037761,0.7190221543162721,0.9285823420277218,0.5949703467153271,0.4580291970802907,0.7545620437956189
613,26,0.6228207810320683,0.5458437935843762,0.6932635983263481,0.7047424640680049,0.5726916839102977,0.8010178401655388,0.817281458037761,0.7190221543162721,0.9285823420277218,0.5949703467153271,0.4580291970802907,0.7545620437956189
614,26,0.6228207810320683,0.5458437935843762,0.6932635983263481,0.7047424640680049,0.5726916839102977,0.8010178401655388,0.817281458037761,0.7190221543162721,0.9285823420277218,0.5949703467153271,0.4580291970802907,0.7545620437956189
615,26,0.6228207810320683,0.5458437935843762,0.6932635983263481,0.7047424640680049,0.5726916839102977,0.8010178401655388,0.817281458037761,0.7190221543162721,0.9285823420277218,0.5949703467153271,0.4580291970802907,0.7545620437956189
616,26,0.6228207810320683,0.5458437935843762,0.6932635983263481,0.7047424640680049,0.5726916839102977,0.8010178401655388,0.817281458037761,0.7190221543162721,0.9285823420277218,0.5949703467153271,0.4580291970802907,0.7545620437956189
617,26,0.6228207810320683,0.5458437935843762,0.6932635983263481,0.7047424640680049,0.5726916839102977,0.8010178401655388,0.817281458037761,0.7190221543162721,0.9285823420277218,0.5949703467153271,0.4580291970802907,0.7545620437956189
618,26,0.6228207810320683,0.5458437935843762,0.6932635983263481,0.7047424640680049,0.5726916839102977,0.8010178401655388,0.817281458037761,0.7190221543162721,0.9285823420277218,0.5949703467153271,0.4580291970802907,0.7545620437956189
619,26,0.6228207810320683,0.5458437935843762,0.6932635983263481,0.7047424640680049,0.5726916839102977,0.8010178401655388,0.817281458037761,0.7190221543162721,0.9285823420277218,0.5949703467153271,0.4580291970802907,0.7545620437956189
620,26,0.6228207810320683,0.5458437935843762,0.6932635983263481,0.7047424640680049,0.5726916839102977,0.8010178401655388,0.817281458037761,0.7190221543162721,0.9285823420277218,0.5949703467153271,0.4580291970802907,0.7545620437956189
621,26,0.6228207810320683,0.5458437935843762,0.6932635983263481,0.7047424640680049,0.5726916839102977,0.8010178401655388,0.817281458037761,0.7190221543162721,0.9285823420277218,0.5949703467153271,0.4580291970802907,0.7545620437956189
622,26,0.6228207810320683,0.5458437935843762,0.6932635983263481,0.7047424640680049,0.5726916839102977,0.8010178401655388,0.817281458037761,0.7190221543162721,0.9285823420277218,0.5949703467153271,0.4580291970802907,0.7545620437956189
623,26,0.6228207810320683,0.5458437935843762,0.6932635983263481,0.7047424640680049,0.5726916839102977,0.8010178401655388,0.817281458037761,0.7190221543162721,0.9285823420277218,0.5949703467153271,0.4580291970802907,0.7545620437956189
624,26,0.6228207810320683,0.5458437935843762,0.6932635983263481,0.7047424640680049,0.5726916839102977,0.8010178401655388,0.817281458037761,0.7190221543162721,0.9285823420277218,0.5949703467153271,0.4580291970802907,0.7545620437956189
625,27,0.6753138075313707,0.5829846582984644,0.7449232914923158,0.7219903300100174,0.6032375655215588,0.8059784128404459,0.83470206264324,0.7802139037433193,0.8944341372912831,0.62967609489051,0.5322080291970792,0.7145985401459857
626,27,0.6753138075313707,0.5829846582984644,0.7449232914923158,0.7219903300100174,0.6032375655215588,0.8059784128404459,0.83470206264324,0.7802139037433193,0.8944341372912831,0.62967609489051,0.5322080291970792,0.7145985401459857
627,27,0.6753138075313707,0.5829846582984644,0.7449232914923158,0.7219903300100174,0.6032375655215588,0.8059784128404459,0.83470206264324,0.7802139037433193,0.8944341372912831,0.62967609489051,0.5322080291970792,0.7145985401459857
628,27,0.6753138075313707,0.5829846582984644,0.7449232914923158,0.7219903300100174,0.6032375655215588,0.8059784128404459,0.83470206264324,0.7802139037433193,0.8944341372912831,0.62967609489051,0.5322080291970792,0.7145985401459857
629,27,0.6753138075313707,0.5829846582984644,0.7449232914923158,0.7219903300100174,0.6032375655215588,0.8059784128404459,0.83470206264324,0.7802139037433193,0.8944341372912831,0.62967609489051,0.5322080291970792,0.7145985401459857
630,27,0.6753138075313707,0.5829846582984644,0.7449232914923158,0.7219903300100174,0.6032375655215588,0.8059784128404459,0.83470206264324,0.7802139037433193,0.8944341372912831,0.62967609489051,0.5322080291970792,0.7145985401459857
631,27,0.6753138075313707,0.5829846582984644,0.7449232914923158,0.7219903300100174,0.6032375655215588,0.8059784128404459,0.83470206264324,0.7802139037433193,0.8944341372912831,0.62967609489051,0.5322080291970792,0.7145985401459857
632,27,0.6753138075313707,0.5829846582984644,0.7449232914923158,0.7219903300100174,0.6032375655215588,0.8059784128404459,0.83470206264324,0.7802139037433193,0.8944341372912831,0.62967609489051,0.5322080291970792,0.7145985401459857
633,27,0.6753138075313707,0.5829846582984644,0.7449232914923158,0.7219903300100174,0.6032375655215588,0.8059784128404459,0.83470206264324,0.7802139037433193,0.8944341372912831,0.62967609489051,0.5322080291970792,0.7145985401459857
634,27,0.6753138075313707,0.5829846582984644,0.7449232914923158,0.7219903300100174,0.6032375655215588,0.8059784128404459,0.83470206264324,0.7802139037433193,0.8944341372912831,0.62967609489051,0.5322080291970792,0.7145985401459857
635,27,0.6753138075313707,0.5829846582984644,0.7449232914923158,0.7219903300100174,0.6032375655215588,0.8059784128404459,0.83470206264324,0.7802139037433193,0.8944341372912831,0.62967609489051,0.5322080291970792,0.7145985401459857
636,27,0.6753138075313707,0.5829846582984644,0.7449232914923158,0.7219903300100174,0.6032375655215588,0.8059784128404459,0.83470206264324,0.7802139037433193,0.8944341372912831,0.62967609489051,0.5322080291970792,0.7145985401459857
637,27,0.6753138075313707,0.5829846582984644,0.7449232914923158,0.7219903300100174,0.6032375655215588,0.8059784128404459,0.83470206264324,0.7802139037433193,0.8944341372912831,0.62967609489051,0.5322080291970792,0.7145985401459857
638,27,0.6753138075313707,0.5829846582984644,0.7449232914923158,0.7219903300100174,0.6032375655215588,0.8059784128404459,0.83470206264324,0.7802139037433193,0.8944341372912831,0.62967609489051,0.5322080291970792,0.7145985401459857
639,27,0.6753138075313707,0.5829846582984644,0.7449232914923158,0.7219903300100174,0.6032375655215588,0.8059784128404459,0.83470206264324,0.7802139037433193,0.8944341372912831,0.62967609489051,0.5322080291970792,0.7145985401459857
640,27,0.6753138075313707,0.5829846582984644,0.7449232914923158,0.7219903300100174,0.6032375655215588,0.8059784128404459,0.83470206264324,0.7802139037433193,0.8944341372912831,0.62967609489051,0.5322080291970792,0.7145985401459857
641,27,0.6753138075313707,0.5829846582984644,0.7449232914923158,0.7219903300100174,0.6032375655215588,0.8059784128404459,0.83470206264324,0.7802139037433193,0.8944341372912831,0.62967609489051,0.5322080291970792,0.7145985401459857
642,27,0.6753138075313707,0.5829846582984644,0.7449232914923158,0.7219903300100174,0.6032375655215588,0.8059784128404459,0.83470206264324,0.7802139037433193,0.8944341372912831,0.62967609489051,0.5322080291970792,0.7145985401459857
643,27,0.6753138075313707,0.5829846582984644,0.7449232914923158,0.7219903300100174,0.6032375655215588,0.8059784128404459,0.83470206264324,0.7802139037433193,0.8944341372912831,0.62967609489051,0.5322080291970792,0.7145985401459857
644,27,0.6753138075313707,0.5829846582984644,0.7449232914923158,0.7219903300100174,0.6032375655215588,0.8059784128404459,0.83470206264324,0.7802139037433193,0.8944341372912831,0.62967609489051,0.5322080291970792,0.7145985401459857
645,27,0.6753138075313707,0.5829846582984644,0.7449232914923158,0.7219903300100174,0.6032375655215588,0.8059784128404459,0.83470206264324,0.7802139037433193,0.8944341372912831,0.62967609489051,0.5322080291970792,0.7145985401459857
646,27,0.6753138075313707,0.5829846582984644,0.7449232914923158,0.7219903300100174,0.6032375655215588,0.8059784128404459,0.83470206264324,0.7802139037433193,0.8944341372912831,0.62967609489051,0.5322080291970792,0.7145985401459857
647,27,0.6753138075313707,0.5829846582984644,0.7449232914923158,0.7219903300100174,0.6032375655215588,0.8059784128404459,0.83470206264324,0.7802139037433193,0.8944341372912831,0.62967609489051,0.5322080291970792,0.7145985401459857
648,27,0.6753138075313707,0.5829846582984644,0.7449232914923158,0.7219903300100174,0.6032375655215588,0.8059784128404459,0.83470206264324,0.7802139037433193,0.8944341372912831,0.62967609489051,0.5322080291970792,0.7145985401459857
649,28,0.6539225941422515,0.6082845188284395,0.7236122733612219,0.7327820032436687,0.615597561657627,0.8099602930484877,0.8426688857361153,0.7984939430317617,0.887056640838157,0.6177007299270061,0.5222627737226262,0.7075729927007306
650,28,0.6539225941422515,0.6082845188284395,0.7236122733612219,0.7327820032436687,0.615597561657627,0.8099602930484877,0.8426688857361153,0.7984939430317617,0.887056640838157,0.6177007299270061,0.5222627737226262,0.7075729927007306
651,28,0.6539225941422515,0.6082845188284395,0.7236122733612219,0.7327820032436687,0.615597561657627,0.8099602930484877,0.8426688857361153,0.7984939430317617,0.887056640838157,0.6177007299270061,0.5222627737226262,0.7075729927007306
652,28,0.6539225941422515,0.6082845188284395,0.7236122733612219,0.7327820032436687,0.615597561657627,0.8099602930484877,0.8426688857361153,0.7984939430317617,0.887056640838157,0.6177007299270061,0.5222627737226262,0.7075729927007306
653,28,0.6539225941422515,0.6082845188284395,0.7236122733612219,0.7327820032436687,0.615597561657627,0.8099602930484877,0.8426688857361153,0.7984939430317617,0.887056640838157,0.6177007299270061,0.5222627737226262,0.7075729927007306
654,28,0.6539225941422515,0.6082845188284395,0.7236122733612219,0.7327820032436687,0.615597561657627,0.8099602930484877,0.8426688857361153,0.7984939430317617,0.887056640838157,0.6177007299270061,0.5222627737226262,0.7075729927007306
655,28,0.6539225941422515,0.6082845188284395,0.7236122733612219,0.7327820032436687,0.615597561657627,0.8099602930484877,0.8426688857361153,0.7984939430317617,0.887056640838157,0.6177007299270061,0.5222627737226262,0.7075729927007306
656,28,0.6539225941422515,0.6082845188284395,0.7236122733612219,0.7327820032436687,0.615597561657627,0.8099602930484877,0.8426688857361153,0.7984939430317617,0.887056640838157,0.6177007299270061,0.5222627737226262,0.7075729927007306
657,28,0.6539225941422515,0.6082845188284395,0.7236122733612219,0.7327820032436687,0.615597561657627,0.8099602930484877,0.8426688857361153,0.7984939430317617,0.887056640838157,0.6177007299270061,0.5222627737226262,0.7075729927007306
658,28,0.6539225941422515,0.6082845188284395,0.7236122733612219,0.7327820032436687,0.615597561657627,0.8099602930484877,0.8426688857361153,0.7984939430317617,0.887056640838157,0.6177007299270061,0.5222627737226262,0.7075729927007306
659,28,0.6539225941422515,0.6082845188284395,0.7236122733612219,0.7327820032436687,0.615597561657627,0.8099602930484877,0.8426688857361153,0.7984939430317617,0.887056640838157,0.6177007299270061,0.5222627737226262,0.7075729927007306
660,28,0.6539225941422515,0.6082845188284395,0.7236122733612219,0.7327820032436687,0.615597561657627,0.8099602930484877,0.8426688857361153,0.7984939430317617,0.887056640838157,0.6177007299270061,0.5222627737226262,0.7075729927007306
661,28,0.6539225941422515,0.6082845188284395,0.7236122733612219,0.7327820032436687,0.615597561657627,0.8099602930484877,0.8426688857361153,0.7984939430317617,0.887056640838157,0.6177007299270061,0.5222627737226262,0.7075729927007306
662,28,0.6539225941422515,0.6082845188284395,0.7236122733612219,0.7327820032436687,0.615597561657627,0.8099602930484877,0.8426688857361153,0.7984939430317617,0.887056640838157,0.6177007299270061,0.5222627737226262,0.7075729927007306
663,28,0.6539225941422515,0.6082845188284395,0.7236122733612219,0.7327820032436687,0.615597561657627,0.8099602930484877,0.8426688857361153,0.7984939430317617,0.887056640838157,0.6177007299270061,0.5222627737226262,0.7075729927007306
664,28,0.6539225941422515,0.6082845188284395,0.7236122733612219,0.7327820032436687,0.615597561657627,0.8099602930484877,0.8426688857361153,0.7984939430317617,0.887056640838157,0.6177007299270061,0.5222627737226262,0.7075729927007306
665,28,0.6539225941422515,0.6082845188284395,0.7236122733612219,0.7327820032436687,0.615597561657627,0.8099602930484877,0.8426688857361153,0.7984939430317617,0.887056640838157,0.6177007299270061,0.5222627737226262,0.7075729927007306
666,28,0.6539225941422515,0.6082845188284395,0.7236122733612219,0.7327820032436687,0.615597561657627,0.8099602930484877,0.8426688857361153,0.7984939430317617,0.887056640838157,0.6177007299270061,0.5222627737226262,0.7075729927007306
667,28,0.6539225941422515,0.6082845188284395,0.7236122733612219,0.7327820032436687,0.615597561657627,0.8099602930484877,0.8426688857361153,0.7984939430317617,0.887056640838157,0.6177007299270061,0.5222627737226262,0.7075729927007306
668,28,0.6539225941422515,0.6082845188284395,0.7236122733612219,0.7327820032436687,0.615597561657627,0.8099602930484877,0.8426688857361153,0.7984939430317617,0.887056640838157,0.6177007299270061,0.5222627737226262,0.7075729927007306
669,28,0.6539225941422515,0.6082845188284395,0.7236122733612219,0.7327820032436687,0.615597561657627,0.8099602930484877,0.8426688857361153,0.7984939430317617,0.887056640838157,0.6177007299270061,0.5222627737226262,0.7075729927007306
670,28,0.6539225941422515,0.6082845188284395,0.7236122733612219,0.7327820032436687,0.615597561657627,0.8099602930484877,0.8426688857361153,0.7984939430317617,0.887056640838157,0.6177007299270061,0.5222627737226262,0.7075729927007306
671,28,0.6539225941422515,0.6082845188284395,0.7236122733612219,0.7327820032436687,0.615597561657627,0.8099602930484877,0.8426688857361153,0.7984939430317617,0.887056640838157,0.6177007299270061,0.5222627737226262,0.7075729927007306
672,28,0.6539225941422515,0.6082845188284395,0.7236122733612219,0.7327820032436687,0.615597561657627,0.8099602930484877,0.8426688857361153,0.7984939430317617,0.887056640838157,0.6177007299270061,0.5222627737226262,0.7075729927007306
673,29,0.634414225941411,0.5575034867503348,0.7016317991631738,0.7411777864772677,0.6320955203847689,0.8209272412057501,0.846243042671615,0.7950671177561943,0.8956782713085246,0.6410812043795606,0.5145072992700715,0.7195255474452548
674,29,0.634414225941411,0.5575034867503348,0.7016317991631738,0.7411777864772677,0.6320955203847689,0.8209272412057501,0.846243042671615,0.7950671177561943,0.8956782713085246,0.6410812043795606,0.5145072992700715,0.7195255474452548
675,29,0.634414225941411,0.5575034867503348,0.7016317991631738,0.7411777864772677,0.6320955203847689,0.8209272412057501,0.846243042671615,0.7950671177561943,0.8956782713085246,0.6410812043795606,0.5145072992700715,0.7195255474452548
676,29,0.634414225941411,0.5575034867503348,0.7016317991631738,0.7411777864772677,0.6320955203847689,0.8209272412057501,0.846243042671615,0.7950671177561943,0.8956782713085246,0.6410812043795606,0.5145072992700715,0.7195255474452548
677,29,0.634414225941411,0.5575034867503348,0.7016317991631738,0.7411777864772677,0.6320955203847689,0.8209272412057501,0.846243042671615,0.7950671177561943,0.8956782713085246,0.6410812043795606,0.5145072992700715,0.7195255474452548
678,29,0.634414225941411,0.5575034867503348,0.7016317991631738,0.7411777864772677,0.6320955203847689,0.8209272412057501,0.846243042671615,0.7950671177561943,0.8956782713085246,0.6410812043795606,0.5145072992700715,0.7195255474452548
679,29,0.634414225941411,0.5575034867503348,0.7016317991631738,0.7411777864772677,0.6320955203847689,0.8209272412057501,0.846243042671615,0.7950671177561943,0.8956782713085246,0.6410812043795606,0.5145072992700715,0.7195255474452548
680,29,0.634414225941411,0.5575034867503348,0.7016317991631738,0.7411777864772677,0.6320955203847689,0.8209272412057501,0.846243042671615,0.7950671177561943,0.8956782713085246,0.6410812043795606,0.5145072992700715,0.7195255474452548
681,29,0.634414225941411,0.5575034867503348,0.7016317991631738,0.7411777864772677,0.6320955203847689,0.8209272412057501,0.846243042671615,0.7950671177561943,0.8956782713085246,0.6410812043795606,0.5145072992700715,0.7195255474452548
682,29,0.634414225941411,0.5575034867503348,0.7016317991631738,0.7411777864772677,0.6320955203847689,0.8209272412057501,0.846243042671615,0.7950671177561943,0.8956782713085246,0.6410812043795606,0.5145072992700715,0.7195255474452548
683,29,0.634414225941411,0.5575034867503348,0.7016317991631738,0.7411777864772677,0.6320955203847689,0.8209272412057501,0.846243042671615,0.7950671177561943,0.8956782713085246,0.6410812043795606,0.5145072992700715,0.7195255474452548
684,29,0.634414225941411,0.5575034867503348,0.7016317991631738,0.7411777864772677,0.6320955203847689,0.8209272412057501,0.846243042671615,0.7950671177561943,0.8956782713085246,0.6410812043795606,0.5145072992700715,0.7195255474452548
685,29,0.634414225941411,0.5575034867503348,0.7016317991631738,0.7411777864772677,0.6320955203847689,0.8209272412057501,0.846243042671615,0.7950671177561943,0.8956782713085246,0.6410812043795606,0.5145072992700715,0.7195255474452548
686,29,0.634414225941411,0.5575034867503348,0.7016317991631738,0.7411777864772677,0.6320955203847689,0.8209272412057501,0.846243042671615,0.7950671177561943,0.8956782713085246,0.6410812043795606,0.5145072992700715,0.7195255474452548
687,29,0.634414225941411,0.5575034867503348,0.7016317991631738,0.7411777864772677,0.6320955203847689,0.8209272412057501,0.846243042671615,0.7950671177561943,0.8956782713085246,0.6410812043795606,0.5145072992700715,0.7195255474452548
688,29,0.634414225941411,0.5575034867503348,0.7016317991631738,0.7411777864772677,0.6320955203847689,0.8209272412057501,0.846243042671615,0.7950671177561943,0.8956782713085246,0.6410812043795606,0.5145072992700715,0.7195255474452548
689,29,0.634414225941411,0.5575034867503348,0.7016317991631738,0.7411777864772677,0.6320955203847689,0.8209272412057501,0.846243042671615,0.7950671177561943,0.8956782713085246,0.6410812043795606,0.5145072992700715,0.7195255474452548
690,29,0.634414225941411,0.5575034867503348,0.7016317991631738,0.7411777864772677,0.6320955203847689,0.8209272412057501,0.846243042671615,0.7950671177561943,0.8956782713085246,0.6410812043795606,0.5145072992700715,0.7195255474452548
691,29,0.634414225941411,0.5575034867503348,0.7016317991631738,0.7411777864772677,0.6320955203847689,0.8209272412057501,0.846243042671615,0.7950671177561943,0.8956782713085246,0.6410812043795606,0.5145072992700715,0.7195255474452548
692,29,0.634414225941411,0.5575034867503348,0.7016317991631738,0.7411777864772677,0.6320955203847689,0.8209272412057501,0.846243042671615,0.7950671177561943,0.8956782713085246,0.6410812043795606,0.5145072992700715,0.7195255474452548
693,29,0.634414225941411,0.5575034867503348,0.7016317991631738,0.7411777864772677,0.6320955203847689,0.8209272412057501,0.846243042671615,0.7950671177561943,0.8956782713085246,0.6410812043795606,0.5145072992700715,0.7195255474452548
694,29,0.634414225941411,0.5575034867503348,0.7016317991631738,0.7411777864772677,0.6320955203847689,0.8209272412057501,0.846243042671615,0.7950671177561943,0.8956782713085246,0.6410812043795606,0.5145072992700715,0.7195255474452548
695,29,0.634414225941411,0.5575034867503348,0.7016317991631738,0.7411777864772677,0.6320955203847689,0.8209272412057501,0.846243042671615,0.7950671177561943,0.8956782713085246,0.6410812043795606,0.5145072992700715,0.7195255474452548
696,29,0.634414225941411,0.5575034867503348,0.7016317991631738,0.7411777864772677,0.6320955203847689,0.8209272412057501,0.846243042671615,0.7950671177561943,0.8956782713085246,0.6410812043795606,0.5145072992700715,0.7195255474452548
697,30,0.609100418410037,0.4726359832635879,0.69225941422594,0.7382626810581083,0.6310553101057031,0.8140931715228448,0.8188093419185867,0.7738295318127257,0.8607333842627952,0.6526003649635022,0.5470802919708018,0.7341240875912387
698,30,0.609100418410037,0.4726359832635879,0.69225941422594,0.7382626810581083,0.6310553101057031,0.8140931715228448,0.8188093419185867,0.7738295318127257,0.8607333842627952,0.6526003649635022,0.5470802919708018,0.7341240875912387
699,30,0.609100418410037,0.4726359832635879,0.69225941422594,0.7382626810581083,0.6310553101057031,0.8140931715228448,0.8188093419185867,0.7738295318127257,0.8607333842627952,0.6526003649635022,0.5470802919708018,0.7341240875912387
700,30,0.609100418410037,0.4726359832635879,0.69225941422594,0.7382626810581083,0.6310553101057031,0.8140931715228448,0.8188093419185867,0.7738295318127257,0.8607333842627952,0.6526003649635022,0.5470802919708018,0.7341240875912387
701,30,0.609100418410037,0.4726359832635879,0.69225941422594,0.7382626810581083,0.6310553101057031,0.8140931715228448,0.8188093419185867,0.7738295318127257,0.8607333842627952,0.6526003649635022,0.5470802919708018,0.7341240875912387
702,30,0.609100418410037,0.4726359832635879,0.69225941422594,0.7382626810581083,0.6310553101057031,0.8140931715228448,0.8188093419185867,0.7738295318127257,0.8607333842627952,0.6526003649635022,0.5470802919708018,0.7341240875912387
703,30,0.609100418410037,0.4726359832635879,0.69225941422594,0.7382626810581083,0.6310553101057031,0.8140931715228448,0.8188093419185867,0.7738295318127257,0.8607333842627952,0.6526003649635022,0.5470802919708018,0.7341240875912387
704,30,0.609100418410037,0.4726359832635879,0.69225941422594,0.7382626810581083,0.6310553101057031,0.8140931715228448,0.8188093419185867,0.7738295318127257,0.8607333842627952,0.6526003649635022,0.5470802919708018,0.7341240875912387
705,30,0.609100418410037,0.4726359832635879,0.69225941422594,0.7382626810581083,0.6310553101057031,0.8140931715228448,0.8188093419185867,0.7738295318127257,0.8607333842627952,0.6526003649635022,0.5470802919708018,0.7341240875912387
706,30,0.609100418410037,0.4726359832635879,0.69225941422594,0.7382626810581083,0.6310553101057031,0.8140931715228448,0.8188093419185867,0.7738295318127257,0.8607333842627952,0.6526003649635022,0.5470802919708018,0.7341240875912387
707,30,0.609100418410037,0.4726359832635879,0.69225941422594,0.7382626810581083,0.6310553101057031,0.8140931715228448,0.8188093419185867,0.7738295318127257,0.8607333842627952,0.6526003649635022,0.5470802919708018,0.7341240875912387
708,30,0.609100418410037,0.4726359832635879,0.69225941422594,0.7382626810581083,0.6310553101057031,0.8140931715228448,0.8188093419185867,0.7738295318127257,0.8607333842627952,0.6526003649635022,0.5470802919708018,0.7341240875912387
709,30,0.609100418410037,0.4726359832635879,0.69225941422594,0.7382626810581083,0.6310553101057031,0.8140931715228448,0.8188093419185867,0.7738295318127257,0.8607333842627952,0.6526003649635022,0.5470802919708018,0.7341240875912387
710,30,0.609100418410037,0.4726359832635879,0.69225941422594,0.7382626810581083,0.6310553101057031,0.8140931715228448,0.8188093419185867,0.7738295318127257,0.8607333842627952,0.6526003649635022,0.5470802919708018,0.7341240875912387
711,30,0.609100418410037,0.4726359832635879,0.69225941422594,0.7382626810581083,0.6310553101057031,0.8140931715228448,0.8188093419185867,0.7738295318127257,0.8607333842627952,0.6526003649635022,0.5470802919708018,0.7341240875912387
712,30,0.609100418410037,0.4726359832635879,0.69225941422594,0.7382626810581083,0.6310553101057031,0.8140931715228448,0.8188093419185867,0.7738295318127257,0.8607333842627952,0.6526003649635022,0.5470802919708018,0.7341240875912387
713,30,0.609100418410037,0.4726359832635879,0.69225941422594,0.7382626810581083,0.6310553101057031,0.8140931715228448,0.8188093419185867,0.7738295318127257,0.8607333842627952,0.6526003649635022,0.5470802919708018,0.7341240875912387
714,30,0.609100418410037,0.4726359832635879,0.69225941422594,0.7382626810581083,0.6310553101057031,0.8140931715228448,0.8188093419185867,0.7738295318127257,0.8607333842627952,0.6526003649635022,0.5470802919708018,0.7341240875912387
715,30,0.609100418410037,0.4726359832635879,0.69225941422594,0.7382626810581083,0.6310553101057031,0.8140931715228448,0.8188093419185867,0.7738295318127257,0.8607333842627952,0.6526003649635022,0.5470802919708018,0.7341240875912387
716,30,0.609100418410037,0.4726359832635879,0.69225941422594,0.7382626810581083,0.6310553101057031,0.8140931715228448,0.8188093419185867,0.7738295318127257,0.8607333842627952,0.6526003649635022,0.5470802919708018,0.7341240875912387
717,30,0.609100418410037,0.4726359832635879,0.69225941422594,0.7382626810581083,0.6310553101057031,0.8140931715228448,0.8188093419185867,0.7738295318127257,0.8607333842627952,0.6526003649635022,0.5470802919708018,0.7341240875912387
718,30,0.609100418410037,0.4726359832635879,0.69225941422594,0.7382626810581083,0.6310553101057031,0.8140931715228448,0.8188093419185867,0.7738295318127257,0.8607333842627952,0.6526003649635022,0.5470802919708018,0.7341240875912387
719,30,0.609100418410037,0.4726359832635879,0.69225941422594,0.7382626810581083,0.6310553101057031,0.8140931715228448,0.8188093419185867,0.7738295318127257,0.8607333842627952,0.6526003649635022,0.5470802919708018,0.7341240875912387
720,30,0.609100418410037,0.4726359832635879,0.69225941422594,0.7382626810581083,0.6310553101057031,0.8140931715228448,0.8188093419185867,0.7738295318127257,0.8607333842627952,0.6526003649635022,0.5470802919708018,0.7341240875912387
721,31,0.6031380753137956,0.5113110181310901,0.6974476987447573,0.7371861193445559,0.6154745260332248,0.8070521782898019,0.8178953399541662,0.7854305358507034,0.8525373785878052,0.6739279197080279,0.5281934306569326,0.7661496350364946
722,31,0.6031380753137956,0.5113110181310901,0.6974476987447573,0.7371861193445559,0.6154745260332248,0.8070521782898019,0.8178953399541662,0.7854305358507034,0.8525373785878052,0.6739279197080279,0.5281934306569326,0.7661496350364946
723,31,0.6031380753137956,0.5113110181310901,0.6974476987447573,0.7371861193445559,0.6154745260332248,0.8070521782898019,0.8178953399541662,0.7854305358507034,0.8525373785878052,0.6739279197080279,0.5281934306569326,0.7661496350364946
724,31,0.6031380753137956,0.5113110181310901,0.6974476987447573,0.7371861193445559,0.6154745260332248,0.8070521782898019,0.8178953399541662,0.7854305358507034,0.8525373785878052,0.6739279197080279,0.5281934306569326,0.7661496350364946
725,31,0.6031380753137956,0.5113110181310901,0.6974476987447573,0.7371861193445559,0.6154745260332248,0.8070521782898019,0.8178953399541662,0.7854305358507034,0.8525373785878052,0.6739279197080279,0.5281934306569326,0.7661496350364946
726,31,0.6031380753137956,0.5113110181310901,0.6974476987447573,0.7371861193445559,0.6154745260332248,0.8070521782898019,0.8178953399541662,0.7854305358507034,0.8525373785878052,0.6739279197080279,0.5281934306569326,0.7661496350364946
727,31,0.6031380753137956,0.5113110181310901,0.6974476987447573,0.7371861193445559,0.6154745260332248,0.8070521782898019,0.8178953399541662,0.7854305358507034,0.8525373785878052,0.6739279197080279,0.5281934306569326,0.7661496350364946
728,31,0.6031380753137956,0.5113110181310901,0.6974476987447573,0.7371861193445559,0.6154745260332248,0.8070521782898019,0.8178953399541662,0.7854305358507034,0.8525373785878052,0.6739279197080279,0.5281934306569326,0.7661496350364946
729,31,0.6031380753137956,0.5113110181310901,0.6974476987447573,0.7371861193445559,0.6154745260332248,0.8070521782898019,0.8178953399541662,0.7854305358507034,0.8525373785878052,0.6739279197080279,0.5281934306569326,0.7661496350364946
730,31,0.6031380753137956,0.5113110181310901,0.6974476987447573,0.7371861193445559,0.6154745260332248,0.8070521782898019,0.8178953399541662,0.7854305358507034,0.8525373785878052,0.6739279197080279,0.5281934306569326,0.7661496350364946
731,31,0.6031380753137956,0.5113110181310901,0.6974476987447573,0.7371861193445559,0.6154745260332248,0.8070521782898019,0.8178953399541662,0.7854305358507034,0.8525373785878052,0.6739279197080279,0.5281934306569326,0.7661496350364946
732,31,0.6031380753137956,0.5113110181310901,0.6974476987447573,0.7371861193445559,0.6154745260332248,0.8070521782898019,0.8178953399541662,0.7854305358507034,0.8525373785878052,0.6739279197080279,0.5281934306569326,0.7661496350364946
733,31,0.6031380753137956,0.5113110181310901,0.6974476987447573,0.7371861193445559,0.6154745260332248,0.8070521782898019,0.8178953399541662,0.7854305358507034,0.8525373785878052,0.6739279197080279,0.5281934306569326,0.7661496350364946
734,31,0.6031380753137956,0.5113110181310901,0.6974476987447573,0.7371861193445559,0.6154745260332248,0.8070521782898019,0.8178953399541662,0.7854305358507034,0.8525373785878052,0.6739279197080279,0.5281934306569326,0.7661496350364946
735,31,0.6031380753137956,0.5113110181310901,0.6974476987447573,0.7371861193445559,0.6154745260332248,0.8070521782898019,0.8178953399541662,0.7854305358507034,0.8525373785878052,0.6739279197080279,0.5281934306569326,0.7661496350364946
736,31,0.6031380753137956,0.5113110181310901,0.6974476987447573,0.7371861193445559,0.6154745260332248,0.8070521782898019,0.8178953399541662,0.7854305358507034,0.8525373785878052,0.6739279197080279,0.5281934306569326,0.7661496350364946
737,31,0.6031380753137956,0.5113110181310901,0.6974476987447573,0.7371861193445559,0.6154745260332248,0.8070521782898019,0.8178953399541662,0.7854305358507034,0.8525373785878052,0.6739279197080279,0.5281934306569326,0.7661496350364946
738,31,0.6031380753137956,0.5113110181310901,0.6974476987447573,0.7371861193445559,0.6154745260332248,0.8070521782898019,0.8178953399541662,0.7854305358507034,0.8525373785878052,0.6739279197080279,0.5281934306569326,0.7661496350364946
739,31,0.6031380753137956,0.5113110181310901,0.6974476987447573,0.7371861193445559,0.6154745260332248,0.8070521782898019,0.8178953399541662,0.7854305358507034,0.8525373785878052,0.6739279197080279,0.5281934306569326,0.7661496350364946
740,31,0.6031380753137956,0.5113110181310901,0.6974476987447573,0.7371861193445559,0.6154745260332248,0.8070521782898019,0.8178953399541662,0.7854305358507034,0.8525373785878052,0.6739279197080279,0.5281934306569326,0.7661496350364946
741,31,0.6031380753137956,0.5113110181310901,0.6974476987447573,0.7371861193445559,0.6154745260332248,0.8070521782898019,0.8178953399541662,0.7854305358507034,0.8525373785878052,0.6739279197080279,0.5281934306569326,0.7661496350364946
742,31,0.6031380753137956,0.5113110181310901,0.6974476987447573,0.7371861193445559,0.6154745260332248,0.8070521782898019,0.8178953399541662,0.7854305358507034,0.8525373785878052,0.6739279197080279,0.5281934306569326,0.7661496350364946
743,31,0.6031380753137956,0.5113110181310901,0.6974476987447573,0.7371861193445559,0.6154745260332248,0.8070521782898019,0.8178953399541662,0.7854305358507034,0.8525373785878052,0.6739279197080279,0.5281934306569326,0.7661496350364946
744,31,0.6031380753137956,0.5113110181310901,0.6974476987447573,0.7371861193445559,0.6154745260332248,0.8070521782898019,0.8178953399541662,0.7854305358507034,0.8525373785878052,0.6739279197080279,0.5281934306569326,0.7661496350364946
745,32,0.5477510460250983,0.3607810320781042,0.7340585774058482,0.7331105642861155,0.6072646943683295,0.7991555282143068,0.7922623594892526,0.7522754556368028,0.8426825275564788,0.6985629562043782,0.5789233576642306,0.8312043795620433
746,32,0.5477510460250983,0.3607810320781042,0.7340585774058482,0.7331105642861155,0.6072646943683295,0.7991555282143068,0.7922623594892526,0.7522754556368028,0.8426825275564788,0.6985629562043782,0.5789233576642306,0.8312043795620433
747,32,0.5477510460250983,0.3607810320781042,0.7340585774058482,0.7331105642861155,0.6072646943683295,0.7991555282143068,0.7922623594892526,0.7522754556368028,0.8426825275564788,0.6985629562043782,0.5789233576642306,0.8312043795620433
748,32,0.5477510460250983,0.3607810320781042,0.7340585774058482,0.7331105642861155,0.6072646943683295,0.7991555282143068,0.7922623594892526,0.7522754556368028,0.8426825275564788,0.6985629562043782,0.5789233576642306,0.8312043795620433
749,32,0.5477510460250983,0.3607810320781042,0.7340585774058482,0.7331105642861155,0.6072646943683295,0.7991555282143068,0.7922623594892526,0.7522754556368028,0.8426825275564788,0.6985629562043782,0.5789233576642306,0.8312043795620433
750,32,0.5477510460250983,0.3607810320781042,0.7340585774058482,0.7331105642861155,0.6072646943683295,0.7991555282143068,0.7922623594892526,0.7522754556368028,0.8426825275564788,0.6985629562043782,0.5789233576642306,0.8312043795620433
751,32,0.5477510460250983,0.3607810320781042,0.7340585774058482,0.7331105642861155,0.6072646943683295,0.7991555282143068,0.7922623594892526,0.7522754556368028,0.8426825275564788,0.6985629562043782,0.5789233576642306,0.8312043795620433
752,32,0.5477510460250983,0.3607810320781042,0.7340585774058482,0.7331105642861155,0.6072646943683295,0.7991555282143068,0.7922623594892526,0.7522754556368028,0.8426825275564788,0.6985629562043782,0.5789233576642306,0.8312043795620433
753,32,0.5477510460250983,0.3607810320781042,0.7340585774058482,0.7331105642861155,0.6072646943683295,0.7991555282143068,0.7922623594892526,0.7522754556368028,0.8426825275564788,0.6985629562043782,0.5789233576642306,0.8312043795620433
754,32,0.5477510460250983,0.3607810320781042,0.7340585774058482,0.7331105642861155,0.6072646943683295,0.7991555282143068,0.7922623594892526,0.7522754556368028,0.8426825275564788,0.6985629562043782,0.5789233576642306,0.8312043795620433
755,32,0.5477510460250983,0.3607810320781042,0.7340585774058482,0.7331105642861155,0.6072646943683295,0.7991555282143068,0.7922623594892526,0.7522754556368028,0.8426825275564788,0.6985629562043782,0.5789233576642306,0.8312043795620433
756,32,0.5477510460250983,0.3607810320781042,0.7340585774058482,0.7331105642861155,0.6072646943683295,0.7991555282143068,0.7922623594892526,0.7522754556368028,0.8426825275564788,0.6985629562043782,0.5789233576642306,0.8312043795620433
757,32,0.5477510460250983,0.3607810320781042,0.7340585774058482,0.7331105642861155,0.6072646943683295,0.7991555282143068,0.7922623594892526,0.7522754556368028,0.8426825275564788,0.6985629562043782,0.5789233576642306,0.8312043795620433
758,32,0.5477510460250983,0.3607810320781042,0.7340585774058482,0.7331105642861155,0.6072646943683295,0.7991555282143068,0.7922623594892526,0.7522754556368028,0.8426825275564788,0.6985629562043782,0.5789233576642306,0.8312043795620433
759,32,0.5477510460250983,0.3607810320781042,0.7340585774058482,0.7331105642861155,0.6072646943683295,0.7991555282143068,0.7922623594892526,0.7522754556368028,0.8426825275564788,0.6985629562043782,0.5789233576642306,0.8312043795620433
760,32,0.5477510460250983,0.3607810320781042,0.7340585774058482,0.7331105642861155,0.6072646943683295,0.7991555282143068,0.7922623594892526,0.7522754556368028,0.8426825275564788,0.6985629562043782,0.5789233576642306,0.8312043795620433
761,32,0.5477510460250983,0.3607810320781042,0.7340585774058482,0.7331105642861155,0.6072646943683295,0.7991555282143068,0.7922623594892526,0.7522754556368028,0.8426825275564788,0.6985629562043782,0.5789233576642306,0.8312043795620433
762,32,0.5477510460250983,0.3607810320781042,0.7340585774058482,0.7331105642861155,0.6072646943683295,0.7991555282143068,0.7922623594892526,0.7522754556368028,0.8426825275564788,0.6985629562043782,0.5789233576642306,0.8312043795620433
763,32,0.5477510460250983,0.3607810320781042,0.7340585774058482,0.7331105642861155,0.6072646943683295,0.7991555282143068,0.7922623594892526,0.7522754556368028,0.8426825275564788,0.6985629562043782,0.5789233576642306,0.8312043795620433
764,32,0.5477510460250983,0.3607810320781042,0.7340585774058482,0.7331105642861155,0.6072646943683295,0.7991555282143068,0.7922623594892526,0.7522754556368028,0.8426825275564788,0.6985629562043782,0.5789233576642306,0.8312043795620433
765,32,0.5477510460250983,0.3607810320781042,0.7340585774058482,0.7331105642861155,0.6072646943683295,0.7991555282143068,0.7922623594892526,0.7522754556368028,0.8426825275564788,0.6985629562043782,0.5789233576642306,0.8312043795620433
766,32,0.5477510460250983,0.3607810320781042,0.7340585774058482,0.7331105642861155,0.6072646943683295,0.7991555282143068,0.7922623594892526,0.7522754556368028,0.8426825275564788,0.6985629562043782,0.5789233576642306,0.8312043795620433
767,32,0.5477510460250983,0.3607810320781042,0.7340585774058482,0.7331105642861155,0.6072646943683295,0.7991555282143068,0.7922623594892526,0.7522754556368028,0.8426825275564788,0.6985629562043782,0.5789233576642306,0.8312043795620433
768,32,0.5477510460250983,0.3607810320781042,0.7340585774058482,0.7331105642861155,0.6072646943683295,0.7991555282143068,0.7922623594892526,0.7522754556368028,0.8426825275564788,0.6985629562043782,0.5789233576642306,0.8312043795620433
769,33,0.6036262203626102,0.5107670850767079,0.6930683403068272,0.7355712767742295,0.6182036798836783,0.799524635087522,0.78357251991706,0.7398341154643695,0.839375750300124,0.6992472627737221,0.5698905109489054,0.8165145985401444
770,33,0.6036262203626102,0.5107670850767079,0.6930683403068272,0.7355712767742295,0.6182036798836783,0.799524635087522,0.78357251991706,0.7398341154643695,0.839375750300124,0.6992472627737221,0.5698905109489054,0.8165145985401444
771,33,0.6036262203626102,0.5107670850767079,0.6930683403068272,0.7355712767742295,0.6182036798836783,0.799524635087522,0.78357251991706,0.7398341154643695,0.839375750300124,0.6992472627737221,0.5698905109489054,0.8165145985401444
772,33,0.6036262203626102,0.5107670850767079,0.6930683403068272,0.7355712767742295,0.6182036798836783,0.799524635087522,0.78357251991706,0.7398341154643695,0.839375750300124,0.6992472627737221,0.5698905109489054,0.8165145985401444
773,33,0.6036262203626102,0.5107670850767079,0.6930683403068272,0.7355712767742295,0.6182036798836783,0.799524635087522,0.78357251991706,0.7398341154643695,0.839375750300124,0.6992472627737221,0.5698905109489054,0.8165145985401444
774,33,0.6036262203626102,0.5107670850767079,0.6930683403068272,0.7355712767742295,0.6182036798836783,0.799524635087522,0.78357251991706,0.7398341154643695,0.839375750300124,0.6992472627737221,0.5698905109489054,0.8165145985401444
775,33,0.6036262203626102,0.5107670850767079,0.6930683403068272,0.7355712767742295,0.6182036798836783,0.799524635087522,0.78357251991706,0.7398341154643695,0.839375750300124,0.6992472627737221,0.5698905109489054,0.8165145985401444
776,33,0.6036262203626102,0.5107670850767079,0.6930683403068272,0.7355712767742295,0.6182036798836783,0.799524635087522,0.78357251991706,0.7398341154643695,0.839375750300124,0.6992472627737221,0.5698905109489054,0.8165145985401444
777,33,0.6036262203626102,0.5107670850767079,0.6930683403068272,0.7355712767742295,0.6182036798836783,0.799524635087522,0.78357251991706,0.7398341154643695,0.839375750300124,0.6992472627737221,0.5698905109489054,0.8165145985401444
778,33,0.6036262203626102,0.5107670850767079,0.6930683403068272,0.7355712767742295,0.6182036798836783,0.799524635087522,0.78357251991706,0.7398341154643695,0.839375750300124,0.6992472627737221,0.5698905109489054,0.8165145985401444
779,33,0.6036262203626102,0.5107670850767079,0.6930683403068272,0.7355712767742295,0.6182036798836783,0.799524635087522,0.78357251991706,0.7398341154643695,0.839375750300124,0.6992472627737221,0.5698905109489054,0.8165145985401444
780,33,0.6036262203626102,0.5107670850767079,0.6930683403068272,0.7355712767742295,0.6182036798836783,0.799524635087522,0.78357251991706,0.7398341154643695,0.839375750300124,0.6992472627737221,0.5698905109489054,0.8165145985401444
781,33,0.6036262203626102,0.5107670850767079,0.6930683403068272,0.7355712767742295,0.6182036798836783,0.799524635087522,0.78357251991706,0.7398341154643695,0.839375750300124,0.6992472627737221,0.5698905109489054,0.8165145985401444
782,33,0.6036262203626102,0.5107670850767079,0.6930683403068272,0.7355712767742295,0.6182036798836783,0.799524635087522,0.78357251991706,0.7398341154643695,0.839375750300124,0.6992472627737221,0.5698905109489054,0.8165145985401444
783,33,0.6036262203626102,0.5107670850767079,0.6930683403068272,0.7355712767742295,0.6182036798836783,0.799524635087522,0.78357251991706,0.7398341154643695,0.839375750300124,0.6992472627737221,0.5698905109489054,0.8165145985401444
784,33,0.6036262203626102,0.5107670850767079,0.6930683403068272,0.7355712767742295,0.6182036798836783,0.799524635087522,0.78357251991706,0.7398341154643695,0.839375750300124,0.6992472627737221,0.5698905109489054,0.8165145985401444
785,33,0.6036262203626102,0.5107670850767079,0.6930683403068272,0.7355712767742295,0.6182036798836783,0.799524635087522,0.78357251991706,0.7398341154643695,0.839375750300124,0.6992472627737221,0.5698905109489054,0.8165145985401444
786,33,0.6036262203626102,0.5107670850767079,0.6930683403068272,0.7355712767742295,0.6182036798836783,0.799524635087522,0.78357251991706,0.7398341154643695,0.839375750300124,0.6992472627737221,0.5698905109489054,0.8165145985401444
787,33,0.6036262203626102,0.5107670850767079,0.6930683403068272,0.7355712767742295,0.6182036798836783,0.799524635087522,0.78357251991706,0.7398341154643695,0.839375750300124,0.6992472627737221,0.5698905109489054,0.8165145985401444
788,33,0.6036262203626102,0.5107670850767079,0.6930683403068272,0.7355712767742295,0.6182036798836783,0.799524635087522,0.78357251991706,0.7398341154643695,0.839375750300124,0.6992472627737221,0.5698905109489054,0.8165145985401444
789,33,0.6036262203626102,0.5107670850767079,0.6930683403068272,0.7355712767742295,0.6182036798836783,0.799524635087522,0.78357251991706,0.7398341154643695,0.839375750300124,0.6992472627737221,0.5698905109489054,0.8165145985401444
790,33,0.6036262203626102,0.5107670850767079,0.6930683403068272,0.7355712767742295,0.6182036798836783,0.799524635087522,0.78357251991706,0.7398341154643695,0.839375750300124,0.6992472627737221,0.5698905109489054,0.8165145985401444
791,33,0.6036262203626102,0.5107670850767079,0.6930683403068272,0.7355712767742295,0.6182036798836783,0.799524635087522,0.78357251991706,0.7398341154643695,0.839375750300124,0.6992472627737221,0.5698905109489054,0.8165145985401444
792,33,0.6036262203626102,0.5107670850767079,0.6930683403068272,0.7355712767742295,0.6182036798836783,0.799524635087522,0.78357251991706,0.7398341154643695,0.839375750300124,0.6992472627737221,0.5698905109489054,0.8165145985401444
793,34,0.5864016736401556,0.4786052998605214,0.7022315202231325,0.7360256697052749,0.6405066830714133,0.7960908226609262,0.7932172869147678,0.7045727381861859,0.8970315398886874,0.6634352189781016,0.5262773722627724,0.7750000000000015
794,34,0.5864016736401556,0.4786052998605214,0.7022315202231325,0.7360256697052749,0.6405066830714133,0.7960908226609262,0.7932172869147678,0.7045727381861859,0.8970315398886874,0.6634352189781016,0.5262773722627724,0.7750000000000015
795,34,0.5864016736401556,0.4786052998605214,0.7022315202231325,0.7360256697052749,0.6405066830714133,0.7960908226609262,0.7932172869147678,0.7045727381861859,0.8970315398886874,0.6634352189781016,0.5262773722627724,0.7750000000000015
796,34,0.5864016736401556,0.4786052998605214,0.7022315202231325,0.7360256697052749,0.6405066830714133,0.7960908226609262,0.7932172869147678,0.7045727381861859,0.8970315398886874,0.6634352189781016,0.5262773722627724,0.7750000000000015
797,34,0.5864016736401556,0.4786052998605214,0.7022315202231325,0.7360256697052749,0.6405066830714133,0.7960908226609262,0.7932172869147678,0.7045727381861859,0.8970315398886874,0.6634352189781016,0.5262773722627724,0.7750000000000015
798,34,0.5864016736401556,0.4786052998605214,0.7022315202231325,0.7360256697052749,0.6405066830714133,0.7960908226609262,0.7932172869147678,0.7045727381861859,0.8970315398886874,0.6634352189781016,0.5262773722627724,0.7750000000000015
799,34,0.5864016736401556,0.4786052998605214,0.7022315202231325,0.7360256697052749,0.6405066830714133,0.7960908226609262,0.7932172869147678,0.7045727381861859,0.8970315398886874,0.6634352189781016,0.5262773722627724,0.7750000000000015
800,34,0.5864016736401556,0.4786052998605214,0.7022315202231325,0.7360256697052749,0.6405066830714133,0.7960908226609262,0.7932172869147678,0.7045727381861859,0.8970315398886874,0.6634352189781016,0.5262773722627724,0.7750000000000015
801,34,0.5864016736401556,0.4786052998605214,0.7022315202231325,0.7360256697052749,0.6405066830714133,0.7960908226609262,0.7932172869147678,0.7045727381861859,0.8970315398886874,0.6634352189781016,0.5262773722627724,0.7750000000000015
802,34,0.5864016736401556,0.4786052998605214,0.7022315202231325,0.7360256697052749,0.6405066830714133,0.7960908226609262,0.7932172869147678,0.7045727381861859,0.8970315398886874,0.6634352189781016,0.5262773722627724,0.7750000000000015
803,34,0.5864016736401556,0.4786052998605214,0.7022315202231325,0.7360256697052749,0.6405066830714133,0.7960908226609262,0.7932172869147678,0.7045727381861859,0.8970315398886874,0.6634352189781016,0.5262773722627724,0.7750000000000015
804,34,0.5864016736401556,0.4786052998605214,0.7022315202231325,0.7360256697052749,0.6405066830714133,0.7960908226609262,0.7932172869147678,0.7045727381861859,0.8970315398886874,0.6634352189781016,0.5262773722627724,0.7750000000000015
805,34,0.5864016736401556,0.4786052998605214,0.7022315202231325,0.7360256697052749,0.6405066830714133,0.7960908226609262,0.7932172869147678,0.7045727381861859,0.8970315398886874,0.6634352189781016,0.5262773722627724,0.7750000000000015
806,34,0.5864016736401556,0.4786052998605214,0.7022315202231325,0.7360256697052749,0.6405066830714133,0.7960908226609262,0.7932172869147678,0.7045727381861859,0.8970315398886874,0.6634352189781016,0.5262773722627724,0.7750000000000015
807,34,0.5864016736401556,0.4786052998605214,0.7022315202231325,0.7360256697052749,0.6405066830714133,0.7960908226609262,0.7932172869147678,0.7045727381861859,0.8970315398886874,0.6634352189781016,0.5262773722627724,0.7750000000000015
808,34,0.5864016736401556,0.4786052998605214,0.7022315202231325,0.7360256697052749,0.6405066830714133,0.7960908226609262,0.7932172869147678,0.7045727381861859,0.8970315398886874,0.6634352189781016,0.5262773722627724,0.7750000000000015
809,34,0.5864016736401556,0.4786052998605214,0.7022315202231325,0.7360256697052749,0.6405066830714133,0.7960908226609262,0.7932172869147678,0.7045727381861859,0.8970315398886874,0.6634352189781016,0.5262773722627724,0.7750000000000015
810,34,0.5864016736401556,0.4786052998605214,0.7022315202231325,0.7360256697052749,0.6405066830714133,0.7960908226609262,0.7932172869147678,0.7045727381861859,0.8970315398886874,0.6634352189781016,0.5262773722627724,0.7750000000000015
811,34,0.5864016736401556,0.4786052998605214,0.7022315202231325,0.7360256697052749,0.6405066830714133,0.7960908226609262,0.7932172869147678,0.7045727381861859,0.8970315398886874,0.6634352189781016,0.5262773722627724,0.7750000000000015
812,34,0.5864016736401556,0.4786052998605214,0.7022315202231325,0.7360256697052749,0.6405066830714133,0.7960908226609262,0.7932172869147678,0.7045727381861859,0.8970315398886874,0.6634352189781016,0.5262773722627724,0.7750000000000015
813,34,0.5864016736401556,0.4786052998605214,0.7022315202231325,0.7360256697052749,0.6405066830714133,0.7960908226609262,0.7932172869147678,0.7045727381861859,0.8970315398886874,0.6634352189781016,0.5262773722627724,0.7750000000000015
814,34,0.5864016736401556,0.4786052998605214,0.7022315202231325,0.7360256697052749,0.6405066830714133,0.7960908226609262,0.7932172869147678,0.7045727381861859,0.8970315398886874,0.6634352189781016,0.5262773722627724,0.7750000000000015
815,34,0.5864016736401556,0.4786052998605214,0.7022315202231325,0.7360256697052749,0.6405066830714133,0.7960908226609262,0.7932172869147678,0.7045727381861859,0.8970315398886874,0.6634352189781016,0.5262773722627724,0.7750000000000015
816,34,0.5864016736401556,0.4786052998605214,0.7022315202231325,0.7360256697052749,0.6405066830714133,0.7960908226609262,0.7932172869147678,0.7045727381861859,0.8970315398886874,0.6634352189781016,0.5262773722627724,0.7750000000000015
817,35,0.5569211994421064,0.4596094839609364,0.6295258019525619,0.7386891113472416,0.6409037525865486,0.7979028018567185,0.8378260395067132,0.767292371494053,0.8965731747244327,0.6425638686131379,0.4628649635036499,0.7748175182481756
818,35,0.5569211994421064,0.4596094839609364,0.6295258019525619,0.7386891113472416,0.6409037525865486,0.7979028018567185,0.8378260395067132,0.767292371494053,0.8965731747244327,0.6425638686131379,0.4628649635036499,0.7748175182481756
819,35,0.5569211994421064,0.4596094839609364,0.6295258019525619,0.7386891113472416,0.6409037525865486,0.7979028018567185,0.8378260395067132,0.767292371494053,0.8965731747244327,0.6425638686131379,0.4628649635036499,0.7748175182481756
820,35,0.5569211994421064,0.4596094839609364,0.6295258019525619,0.7386891113472416,0.6409037525865486,0.7979028018567185,0.8378260395067132,0.767292371494053,0.8965731747244327,0.6425638686131379,0.4628649635036499,0.7748175182481756
821,35,0.5569211994421064,0.4596094839609364,0.6295258019525619,0.7386891113472416,0.6409037525865486,0.7979028018567185,0.8378260395067132,0.767292371494053,0.8965731747244327,0.6425638686131379,0.4628649635036499,0.7748175182481756
822,35,0.5569211994421064,0.4596094839609364,0.6295258019525619,0.7386891113472416,0.6409037525865486,0.7979028018567185,0.8378260395067132,0.767292371494053,0.8965731747244327,0.6425638686131379,0.4628649635036499,0.7748175182481756
823,35,0.5569211994421064,0.4596094839609364,0.6295258019525619,0.7386891113472416,0.6409037525865486,0.7979028018567185,0.8378260395067132,0.767292371494053,0.8965731747244327,0.6425638686131379,0.4628649635036499,0.7748175182481756
824,35,0.5569211994421064,0.4596094839609364,0.6295258019525619,0.7386891113472416,0.6409037525865486,0.7979028018567185,0.8378260395067132,0.767292371494053,0.8965731747244327,0.6425638686131379,0.4628649635036499,0.7748175182481756
825,35,0.5569211994421064,0.4596094839609364,0.6295258019525619,0.7386891113472416,0.6409037525865486,0.7979028018567185,0.8378260395067132,0.767292371494053,0.8965731747244327,0.6425638686131379,0.4628649635036499,0.7748175182481756
826,35,0.5569211994421064,0.4596094839609364,0.6295258019525619,0.7386891113472416,0.6409037525865486,0.7979028018567185,0.8378260395067132,0.767292371494053,0.8965731747244327,0.6425638686131379,0.4628649635036499,0.7748175182481756
827,35,0.5569211994421064,0.4596094839609364,0.6295258019525619,0.7386891113472416,0.6409037525865486,0.7979028018567185,0.8378260395067132,0.767292371494053,0.8965731747244327,0.6425638686131379,0.4628649635036499,0.7748175182481756
828,35,0.5569211994421064,0.4596094839609364,0.6295258019525619,0.7386891113472416,0.6409037525865486,0.7979028018567185,0.8378260395067132,0.767292371494053,0.8965731747244327,0.6425638686131379,0.4628649635036499,0.7748175182481756
829,35,0.5569211994421064,0.4596094839609364,0.6295258019525619,0.7386891113472416,0.6409037525865486,0.7979028018567185,0.8378260395067132,0.767292371494053,0.8965731747244327,0.6425638686131379,0.4628649635036499,0.7748175182481756
830,35,0.5569211994421064,0.4596094839609364,0.6295258019525619,0.7386891113472416,0.6409037525865486,0.7979028018567185,0.8378260395067132,0.767292371494053,0.8965731747244327,0.6425638686131379,0.4628649635036499,0.7748175182481756
831,35,0.5569211994421064,0.4596094839609364,0.6295258019525619,0.7386891113472416,0.6409037525865486,0.7979028018567185,0.8378260395067132,0.767292371494053,0.8965731747244327,0.6425638686131379,0.4628649635036499,0.7748175182481756
832,35,0.5569211994421064,0.4596094839609364,0.6295258019525619,0.7386891113472416,0.6409037525865486,0.7979028018567185,0.8378260395067132,0.767292371494053,0.8965731747244327,0.6425638686131379,0.4628649635036499,0.7748175182481756
833,35,0.5569211994421064,0.4596094839609364,0.6295258019525619,0.7386891113472416,0.6409037525865486,0.7979028018567185,0.8378260395067132,0.767292371494053,0.8965731747244327,0.6425638686131379,0.4628649635036499,0.7748175182481756
834,35,0.5569211994421064,0.4596094839609364,0.6295258019525619,0.7386891113472416,0.6409037525865486,0.7979028018567185,0.8378260395067132,0.767292371494053,0.8965731747244327,0.6425638686131379,0.4628649635036499,0.7748175182481756
835,35,0.5569211994421064,0.4596094839609364,0.6295258019525619,0.7386891113472416,0.6409037525865486,0.7979028018567185,0.8378260395067132,0.767292371494053,0.8965731747244327,0.6425638686131379,0.4628649635036499,0.7748175182481756
836,35,0.5569211994421064,0.4596094839609364,0.6295258019525619,0.7386891113472416,0.6409037525865486,0.7979028018567185,0.8378260395067132,0.767292371494053,0.8965731747244327,0.6425638686131379,0.4628649635036499,0.7748175182481756
837,35,0.5569211994421064,0.4596094839609364,0.6295258019525619,0.7386891113472416,0.6409037525865486,0.7979028018567185,0.8378260395067132,0.767292371494053,0.8965731747244327,0.6425638686131379,0.4628649635036499,0.7748175182481756
838,35,0.5569211994421064,0.4596094839609364,0.6295258019525619,0.7386891113472416,0.6409037525865486,0.7979028018567185,0.8378260395067132,0.767292371494053,0.8965731747244327,0.6425638686131379,0.4628649635036499,0.7748175182481756
839,35,0.5569211994421064,0.4596094839609364,0.6295258019525619,0.7386891113472416,0.6409037525865486,0.7979028018567185,0.8378260395067132,0.767292371494053,0.8965731747244327,0.6425638686131379,0.4628649635036499,0.7748175182481756
840,35,0.5569211994421064,0.4596094839609364,0.6295258019525619,0.7386891113472416,0.6409037525865486,0.7979028018567185,0.8378260395067132,0.767292371494053,0.8965731747244327,0.6425638686131379,0.4628649635036499,0.7748175182481756
841,36,0.5375871687587086,0.4346164574616353,0.6197768479776713,0.7317473854929828,0.6044572451205227,0.7831553045131698,0.7717996289424889,0.7096038415366188,0.8155189348466699,0.6885264598540131,0.47536496350364565,0.810948905109489
842,36,0.5375871687587086,0.4346164574616353,0.6197768479776713,0.7317473854929828,0.6044572451205227,0.7831553045131698,0.7717996289424889,0.7096038415366188,0.8155189348466699,0.6885264598540131,0.47536496350364565,0.810948905109489
843,36,0.5375871687587086,0.4346164574616353,0.6197768479776713,0.7317473854929828,0.6044572451205227,0.7831553045131698,0.7717996289424889,0.7096038415366188,0.8155189348466699,0.6885264598540131,0.47536496350364565,0.810948905109489
844,36,0.5375871687587086,0.4346164574616353,0.6197768479776713,0.7317473854929828,0.6044572451205227,0.7831553045131698,0.7717996289424889,0.7096038415366188,0.8155189348466699,0.6885264598540131,0.47536496350364565,0.810948905109489
845,36,0.5375871687587086,0.4346164574616353,0.6197768479776713,0.7317473854929828,0.6044572451205227,0.7831553045131698,0.7717996289424889,0.7096038415366188,0.8155189348466699,0.6885264598540131,0.47536496350364565,0.810948905109489
846,36,0.5375871687587086,0.4346164574616353,0.6197768479776713,0.7317473854929828,0.6044572451205227,0.7831553045131698,0.7717996289424889,0.7096038415366188,0.8155189348466699,0.6885264598540131,0.47536496350364565,0.810948905109489
847,36,0.5375871687587086,0.4346164574616353,0.6197768479776713,0.7317473854929828,0.6044572451205227,0.7831553045131698,0.7717996289424889,0.7096038415366188,0.8155189348466699,0.6885264598540131,0.47536496350364565,0.810948905109489
848,36,0.5375871687587086,0.4346164574616353,0.6197768479776713,0.7317473854929828,0.6044572451205227,0.7831553045131698,0.7717996289424889,0.7096038415366188,0.8155189348466699,0.6885264598540131,0.47536496350364565,0.810948905109489
849,36,0.5375871687587086,0.4346164574616353,0.6197768479776713,0.7317473854929828,0.6044572451205227,0.7831553045131698,0.7717996289424889,0.7096038415366188,0.8155189348466699,0.6885264598540131,0.47536496350364565,0.810948905109489
850,36,0.5375871687587086,0.4346164574616353,0.6197768479776713,0.7317473854929828,0.6044572451205227,0.7831553045131698,0.7717996289424889,0.7096038415366188,0.8155189348466699,0.6885264598540131,0.47536496350364565,0.810948905109489
851,36,0.5375871687587086,0.4346164574616353,0.6197768479776713,0.7317473854929828,0.6044572451205227,0.7831553045131698,0.7717996289424889,0.7096038415366188,0.8155189348466699,0.6885264598540131,0.47536496350364565,0.810948905109489
852,36,0.5375871687587086,0.4346164574616353,0.6197768479776713,0.7317473854929828,0.6044572451205227,0.7831553045131698,0.7717996289424889,0.7096038415366188,0.8155189348466699,0.6885264598540131,0.47536496350364565,0.810948905109489
853,36,0.5375871687587086,0.4346164574616353,0.6197768479776713,0.7317473854929828,0.6044572451205227,0.7831553045131698,0.7717996289424889,0.7096038415366188,0.8155189348466699,0.6885264598540131,0.47536496350364565,0.810948905109489
854,36,0.5375871687587086,0.4346164574616353,0.6197768479776713,0.7317473854929828,0.6044572451205227,0.7831553045131698,0.7717996289424889,0.7096038415366188,0.8155189348466699,0.6885264598540131,0.47536496350364565,0.810948905109489
855,36,0.5375871687587086,0.4346164574616353,0.6197768479776713,0.7317473854929828,0.6044572451205227,0.7831553045131698,0.7717996289424889,0.7096038415366188,0.8155189348466699,0.6885264598540131,0.47536496350364565,0.810948905109489
856,36,0.5375871687587086,0.4346164574616353,0.6197768479776713,0.7317473854929828,0.6044572451205227,0.7831553045131698,0.7717996289424889,0.7096038415366188,0.8155189348466699,0.6885264598540131,0.47536496350364565,0.810948905109489
857,36,0.5375871687587086,0.4346164574616353,0.6197768479776713,0.7317473854929828,0.6044572451205227,0.7831553045131698,0.7717996289424889,0.7096038415366188,0.8155189348466699,0.6885264598540131,0.47536496350364565,0.810948905109489
858,36,0.5375871687587086,0.4346164574616353,0.6197768479776713,0.7317473854929828,0.6044572451205227,0.7831553045131698,0.7717996289424889,0.7096038415366188,0.8155189348466699,0.6885264598540131,0.47536496350364565,0.810948905109489
859,36,0.5375871687587086,0.4346164574616353,0.6197768479776713,0.7317473854929828,0.6044572451205227,0.7831553045131698,0.7717996289424889,0.7096038415366188,0.8155189348466699,0.6885264598540131,0.47536496350364565,0.810948905109489
860,36,0.5375871687587086,0.4346164574616353,0.6197768479776713,0.7317473854929828,0.6044572451205227,0.7831553045131698,0.7717996289424889,0.7096038415366188,0.8155189348466699,0.6885264598540131,0.47536496350364565,0.810948905109489
861,36,0.5375871687587086,0.4346164574616353,0.6197768479776713,0.7317473854929828,0.6044572451205227,0.7831553045131698,0.7717996289424889,0.7096038415366188,0.8155189348466699,0.6885264598540131,0.47536496350364565,0.810948905109489
862,36,0.5375871687587086,0.4346164574616353,0.6197768479776713,0.7317473854929828,0.6044572451205227,0.7831553045131698,0.7717996289424889,0.7096038415366188,0.8155189348466699,0.6885264598540131,0.47536496350364565,0.810948905109489
863,36,0.5375871687587086,0.4346164574616353,0.6197768479776713,0.7317473854929828,0.6044572451205227,0.7831553045131698,0.7717996289424889,0.7096038415366188,0.8155189348466699,0.6885264598540131,0.47536496350364565,0.810948905109489
864,36,0.5375871687587086,0.4346164574616353,0.6197768479776713,0.7317473854929828,0.6044572451205227,0.7831553045131698,0.7717996289424889,0.7096038415366188,0.8155189348466699,0.6885264598540131,0.47536496350364565,0.810948905109489
865,37,0.5048640167363914,0.2738214783821505,0.6861087866108647,0.7448059392651434,0.6172529500587232,0.8043957273083194,0.791498417548838,0.7490996398559403,0.8326094073993275,0.6965100364963495,0.5607664233576631,0.7962591240875906
866,37,0.5048640167363914,0.2738214783821505,0.6861087866108647,0.7448059392651434,0.6172529500587232,0.8043957273083194,0.791498417548838,0.7490996398559403,0.8326094073993275,0.6965100364963495,0.5607664233576631,0.7962591240875906
867,37,0.5048640167363914,0.2738214783821505,0.6861087866108647,0.7448059392651434,0.6172529500587232,0.8043957273083194,0.791498417548838,0.7490996398559403,0.8326094073993275,0.6965100364963495,0.5607664233576631,0.7962591240875906
868,37,0.5048640167363914,0.2738214783821505,0.6861087866108647,0.7448059392651434,0.6172529500587232,0.8043957273083194,0.791498417548838,0.7490996398559403,0.8326094073993275,0.6965100364963495,0.5607664233576631,0.7962591240875906
869,37,0.5048640167363914,0.2738214783821505,0.6861087866108647,0.7448059392651434,0.6172529500587232,0.8043957273083194,0.791498417548838,0.7490996398559403,0.8326094073993275,0.6965100364963495,0.5607664233576631,0.7962591240875906
870,37,0.5048640167363914,0.2738214783821505,0.6861087866108647,0.7448059392651434,0.6172529500587232,0.8043957273083194,0.791498417548838,0.7490996398559403,0.8326094073993275,0.6965100364963495,0.5607664233576631,0.7962591240875906
871,37,0.5048640167363914,0.2738214783821505,0.6861087866108647,0.7448059392651434,0.6172529500587232,0.8043957273083194,0.791498417548838,0.7490996398559403,0.8326094073993275,0.6965100364963495,0.5607664233576631,0.7962591240875906
872,37,0.5048640167363914,0.2738214783821505,0.6861087866108647,0.7448059392651434,0.6172529500587232,0.8043957273083194,0.791498417548838,0.7490996398559403,0.8326094073993275,0.6965100364963495,0.5607664233576631,0.7962591240875906
873,37,0.5048640167363914,0.2738214783821505,0.6861087866108647,0.7448059392651434,0.6172529500587232,0.8043957273083194,0.791498417548838,0.7490996398559403,0.8326094073993275,0.6965100364963495,0.5607664233576631,0.7962591240875906
874,37,0.5048640167363914,0.2738214783821505,0.6861087866108647,0.7448059392651434,0.6172529500587232,0.8043957273083194,0.791498417548838,0.7490996398559403,0.8326094073993275,0.6965100364963495,0.5607664233576631,0.7962591240875906
875,37,0.5048640167363914,0.2738214783821505,0.6861087866108647,0.7448059392651434,0.6172529500587232,0.8043957273083194,0.791498417548838,0.7490996398559403,0.8326094073993275,0.6965100364963495,0.5607664233576631,0.7962591240875906
876,37,0.5048640167363914,0.2738214783821505,0.6861087866108647,0.7448059392651434,0.6172529500587232,0.8043957273083194,0.791498417548838,0.7490996398559403,0.8326094073993275,0.6965100364963495,0.5607664233576631,0.7962591240875906
877,37,0.5048640167363914,0.2738214783821505,0.6861087866108647,0.7448059392651434,0.6172529500587232,0.8043957273083194,0.791498417548838,0.7490996398559403,0.8326094073993275,0.6965100364963495,0.5607664233576631,0.7962591240875906
878,37,0.5048640167363914,0.2738214783821505,0.6861087866108647,0.7448059392651434,0.6172529500587232,0.8043957273083194,0.791498417548838,0.7490996398559403,0.8326094073993275,0.6965100364963495,0.5607664233576631,0.7962591240875906
879,37,0.5048640167363914,0.2738214783821505,0.6861087866108647,0.7448059392651434,0.6172529500587232,0.8043957273083194,0.791498417548838,0.7490996398559403,0.8326094073993275,0.6965100364963495,0.5607664233576631,0.7962591240875906
880,37,0.5048640167363914,0.2738214783821505,0.6861087866108647,0.7448059392651434,0.6172529500587232,0.8043957273083194,0.791498417548838,0.7490996398559403,0.8326094073993275,0.6965100364963495,0.5607664233576631,0.7962591240875906
881,37,0.5048640167363914,0.2738214783821505,0.6861087866108647,0.7448059392651434,0.6172529500587232,0.8043957273083194,0.791498417548838,0.7490996398559403,0.8326094073993275,0.6965100364963495,0.5607664233576631,0.7962591240875906
882,37,0.5048640167363914,0.2738214783821505,0.6861087866108647,0.7448059392651434,0.6172529500587232,0.8043957273083194,0.791498417548838,0.7490996398559403,0.8326094073993275,0.6965100364963495,0.5607664233576631,0.7962591240875906
883,37,0.5048640167363914,0.2738214783821505,0.6861087866108647,0.7448059392651434,0.6172529500587232,0.8043957273083194,0.791498417548838,0.7490996398559403,0.8326094073993275,0.6965100364963495,0.5607664233576631,0.7962591240875906
884,37,0.5048640167363914,0.2738214783821505,0.6861087866108647,0.7448059392651434,0.6172529500587232,0.8043957273083194,0.791498417548838,0.7490996398559403,0.8326094073993275,0.6965100364963495,0.5607664233576631,0.7962591240875906
885,37,0.5048640167363914,0.2738214783821505,0.6861087866108647,0.7448059392651434,0.6172529500587232,0.8043957273083194,0.791498417548838,0.7490996398559403,0.8326094073993275,0.6965100364963495,0.5607664233576631,0.7962591240875906
886,37,0.5048640167363914,0.2738214783821505,0.6861087866108647,0.7448059392651434,0.6172529500587232,0.8043957273083194,0.791498417548838,0.7490996398559403,0.8326094073993275,0.6965100364963495,0.5607664233576631,0.7962591240875906
887,37,0.5048640167363914,0.2738214783821505,0.6861087866108647,0.7448059392651434,0.6172529500587232,0.8043957273083194,0.791498417548838,0.7490996398559403,0.8326094073993275,0.6965100364963495,0.5607664233576631,0.7962591240875906
888,37,0.5048640167363914,0.2738214783821505,0.6861087866108647,0.7448059392651434,0.6172529500587232,0.8043957273083194,0.791498417548838,0.7490996398559403,0.8326094073993275,0.6965100364963495,0.5607664233576631,0.7962591240875906
889,38,0.5019874476987365,0.34750348675034104,0.6094281729428047,0.7382696717185855,0.6099211453498136,0.8073429897656788,0.8110257937166985,0.7630688639092028,0.89592168883364,0.6446167883211675,0.4546532846715333,0.8199817518248171
890,38,0.5019874476987365,0.34750348675034104,0.6094281729428047,0.7382696717185855,0.6099211453498136,0.8073429897656788,0.8110257937166985,0.7630688639092028,0.89592168883364,0.6446167883211675,0.4546532846715333,0.8199817518248171
891,38,0.5019874476987365,0.34750348675034104,0.6094281729428047,0.7382696717185855,0.6099211453498136,0.8073429897656788,0.8110257937166985,0.7630688639092028,0.89592168883364,0.6446167883211675,0.4546532846715333,0.8199817518248171
892,38,0.5019874476987365,0.34750348675034104,0.6094281729428047,0.7382696717185855,0.6099211453498136,0.8073429897656788,0.8110257937166985,0.7630688639092028,0.89592168883364,0.6446167883211675,0.4546532846715333,0.8199817518248171
893,38,0.5019874476987365,0.34750348675034104,0.6094281729428047,0.7382696717185855,0.6099211453498136,0.8073429897656788,0.8110257937166985,0.7630688639092028,0.89592168883364,0.6446167883211675,0.4546532846715333,0.8199817518248171
894,38,0.5019874476987365,0.34750348675034104,0.6094281729428047,0.7382696717185855,0.6099211453498136,0.8073429897656788,0.8110257937166985,0.7630688639092028,0.89592168883364,0.6446167883211675,0.4546532846715333,0.8199817518248171
895,38,0.5019874476987365,0.34750348675034104,0.6094281729428047,0.7382696717185855,0.6099211453498136,0.8073429897656788,0.8110257937166985,0.7630688639092028,0.89592168883364,0.6446167883211675,0.4546532846715333,0.8199817518248171
896,38,0.5019874476987365,0.34750348675034104,0.6094281729428047,0.7382696717185855,0.6099211453498136,0.8073429897656788,0.8110257937166985,0.7630688639092028,0.89592168883364,0.6446167883211675,0.4546532846715333,0.8199817518248171
897,38,0.5019874476987365,0.34750348675034104,0.6094281729428047,0.7382696717185855,0.6099211453498136,0.8073429897656788,0.8110257937166985,0.7630688639092028,0.89592168883364,0.6446167883211675,0.4546532846715333,0.8199817518248171
898,38,0.5019874476987365,0.34750348675034104,0.6094281729428047,0.7382696717185855,0.6099211453498136,0.8073429897656788,0.8110257937166985,0.7630688639092028,0.89592168883364,0.6446167883211675,0.4546532846715333,0.8199817518248171
899,38,0.5019874476987365,0.34750348675034104,0.6094281729428047,0.7382696717185855,0.6099211453498136,0.8073429897656788,0.8110257937166985,0.7630688639092028,0.89592168883364,0.6446167883211675,0.4546532846715333,0.8199817518248171
900,38,0.5019874476987365,0.34750348675034104,0.6094281729428047,0.7382696717185855,0.6099211453498136,0.8073429897656788,0.8110257937166985,0.7630688639092028,0.89592168883364,0.6446167883211675,0.4546532846715333,0.8199817518248171
901,38,0.5019874476987365,0.34750348675034104,0.6094281729428047,0.7382696717185855,0.6099211453498136,0.8073429897656788,0.8110257937166985,0.7630688639092028,0.89592168883364,0.6446167883211675,0.4546532846715333,0.8199817518248171
902,38,0.5019874476987365,0.34750348675034104,0.6094281729428047,0.7382696717185855,0.6099211453498136,0.8073429897656788,0.8110257937166985,0.7630688639092028,0.89592168883364,0.6446167883211675,0.4546532846715333,0.8199817518248171
903,38,0.5019874476987365,0.34750348675034104,0.6094281729428047,0.7382696717185855,0.6099211453498136,0.8073429897656788,0.8110257937166985,0.7630688639092028,0.89592168883364,0.6446167883211675,0.4546532846715333,0.8199817518248171
904,38,0.5019874476987365,0.34750348675034104,0.6094281729428047,0.7382696717185855,0.6099211453498136,0.8073429897656788,0.8110257937166985,0.7630688639092028,0.89592168883364,0.6446167883211675,0.4546532846715333,0.8199817518248171
905,38,0.5019874476987365,0.34750348675034104,0.6094281729428047,0.7382696717185855,0.6099211453498136,0.8073429897656788,0.8110257937166985,0.7630688639092028,0.89592168883364,0.6446167883211675,0.4546532846715333,0.8199817518248171
906,38,0.5019874476987365,0.34750348675034104,0.6094281729428047,0.7382696717185855,0.6099211453498136,0.8073429897656788,0.8110257937166985,0.7630688639092028,0.89592168883364,0.6446167883211675,0.4546532846715333,0.8199817518248171
907,38,0.5019874476987365,0.34750348675034104,0.6094281729428047,0.7382696717185855,0.6099211453498136,0.8073429897656788,0.8110257937166985,0.7630688639092028,0.89592168883364,0.6446167883211675,0.4546532846715333,0.8199817518248171
908,38,0.5019874476987365,0.34750348675034104,0.6094281729428047,0.7382696717185855,0.6099211453498136,0.8073429897656788,0.8110257937166985,0.7630688639092028,0.89592168883364,0.6446167883211675,0.4546532846715333,0.8199817518248171
909,38,0.5019874476987365,0.34750348675034104,0.6094281729428047,0.7382696717185855,0.6099211453498136,0.8073429897656788,0.8110257937166985,0.7630688639092028,0.89592168883364,0.6446167883211675,0.4546532846715333,0.8199817518248171
910,38,0.5019874476987365,0.34750348675034104,0.6094281729428047,0.7382696717185855,0.6099211453498136,0.8073429897656788,0.8110257937166985,0.7630688639092028,0.89592168883364,0.6446167883211675,0.4546532846715333,0.8199817518248171
911,38,0.5019874476987365,0.34750348675034104,0.6094281729428047,0.7382696717185855,0.6099211453498136,0.8073429897656788,0.8110257937166985,0.7630688639092028,0.89592168883364,0.6446167883211675,0.4546532846715333,0.8199817518248171
912,38,0.5019874476987365,0.34750348675034104,0.6094281729428047,0.7382696717185855,0.6099211453498136,0.8073429897656788,0.8110257937166985,0.7630688639092028,0.89592168883364,0.6446167883211675,0.4546532846715333,0.8199817518248171
913,39,0.522367503486743,0.3974755927475556,0.6144072524407236,0.7433029472624586,0.5988311615681461,0.8125272635758656,0.8093828440467119,0.7406089708610708,0.8953617810760683,0.5946624087591235,0.3623175182481749,0.8035583941605833
914,39,0.522367503486743,0.3974755927475556,0.6144072524407236,0.7433029472624586,0.5988311615681461,0.8125272635758656,0.8093828440467119,0.7406089708610708,0.8953617810760683,0.5946624087591235,0.3623175182481749,0.8035583941605833
915,39,0.522367503486743,0.3974755927475556,0.6144072524407236,0.7433029472624586,0.5988311615681461,0.8125272635758656,0.8093828440467119,0.7406089708610708,0.8953617810760683,0.5946624087591235,0.3623175182481749,0.8035583941605833
916,39,0.522367503486743,0.3974755927475556,0.6144072524407236,0.7433029472624586,0.5988311615681461,0.8125272635758656,0.8093828440467119,0.7406089708610708,0.8953617810760683,0.5946624087591235,0.3623175182481749,0.8035583941605833
917,39,0.522367503486743,0.3974755927475556,0.6144072524407236,0.7433029472624586,0.5988311615681461,0.8125272635758656,0.8093828440467119,0.7406089708610708,0.8953617810760683,0.5946624087591235,0.3623175182481749,0.8035583941605833
918,39,0.522367503486743,0.3974755927475556,0.6144072524407236,0.7433029472624586,0.5988311615681461,0.8125272635758656,0.8093828440467119,0.7406089708610708,0.8953617810760683,0.5946624087591235,0.3623175182481749,0.8035583941605833
919,39,0.522367503486743,0.3974755927475556,0.6144072524407236,0.7433029472624586,0.5988311615681461,0.8125272635758656,0.8093828440467119,0.7406089708610708,0.8953617810760683,0.5946624087591235,0.3623175182481749,0.8035583941605833
920,39,0.522367503486743,0.3974755927475556,0.6144072524407236,0.7433029472624586,0.5988311615681461,0.8125272635758656,0.8093828440467119,0.7406089708610708,0.8953617810760683,0.5946624087591235,0.3623175182481749,0.8035583941605833
921,39,0.522367503486743,0.3974755927475556,0.6144072524407236,0.7433029472624586,0.5988311615681461,0.8125272635758656,0.8093828440467119,0.7406089708610708,0.8953617810760683,0.5946624087591235,0.3623175182481749,0.8035583941605833
922,39,0.522367503486743,0.3974755927475556,0.6144072524407236,0.7433029472624586,0.5988311615681461,0.8125272635758656,0.8093828440467119,0.7406089708610708,0.8953617810760683,0.5946624087591235,0.3623175182481749,0.8035583941605833
923,39,0.522367503486743,0.3974755927475556,0.6144072524407236,0.7433029472624586,0.5988311615681461,0.8125272635758656,0.8093828440467119,0.7406089708610708,0.8953617810760683,0.5946624087591235,0.3623175182481749,0.8035583941605833
924,39,0.522367503486743,0.3974755927475556,0.6144072524407236,0.7433029472624586,0.5988311615681461,0.8125272635758656,0.8093828440467119,0.7406089708610708,0.8953617810760683,0.5946624087591235,0.3623175182481749,0.8035583941605833
925,39,0.522367503486743,0.3974755927475556,0.6144072524407236,0.7433029472624586,0.5988311615681461,0.8125272635758656,0.8093828440467119,0.7406089708610708,0.8953617810760683,0.5946624087591235,0.3623175182481749,0.8035583941605833
926,39,0.522367503486743,0.3974755927475556,0.6144072524407236,0.7433029472624586,0.5988311615681461,0.8125272635758656,0.8093828440467119,0.7406089708610708,0.8953617810760683,0.5946624087591235,0.3623175182481749,0.8035583941605833
927,39,0.522367503486743,0.3974755927475556,0.6144072524407236,0.7433029472624586,0.5988311615681461,0.8125272635758656,0.8093828440467119,0.7406089708610708,0.8953617810760683,0.5946624087591235,0.3623175182481749,0.8035583941605833
928,39,0.522367503486743,0.3974755927475556,0.6144072524407236,0.7433029472624586,0.5988311615681461,0.8125272635758656,0.8093828440467119,0.7406089708610708,0.8953617810760683,0.5946624087591235,0.3623175182481749,0.8035583941605833
929,39,0.522367503486743,0.3974755927475556,0.6144072524407236,0.7433029472624586,0.5988311615681461,0.8125272635758656,0.8093828440467119,0.7406089708610708,0.8953617810760683,0.5946624087591235,0.3623175182481749,0.8035583941605833
930,39,0.522367503486743,0.3974755927475556,0.6144072524407236,0.7433029472624586,0.5988311615681461,0.8125272635758656,0.8093828440467119,0.7406089708610708,0.8953617810760683,0.5946624087591235,0.3623175182481749,0.8035583941605833
931,39,0.522367503486743,0.3974755927475556,0.6144072524407236,0.7433029472624586,0.5988311615681461,0.8125272635758656,0.8093828440467119,0.7406089708610708,0.8953617810760683,0.5946624087591235,0.3623175182481749,0.8035583941605833
932,39,0.522367503486743,0.3974755927475556,0.6144072524407236,0.7433029472624586,0.5988311615681461,0.8125272635758656,0.8093828440467119,0.7406089708610708,0.8953617810760683,0.5946624087591235,0.3623175182481749,0.8035583941605833
933,39,0.522367503486743,0.3974755927475556,0.6144072524407236,0.7433029472624586,0.5988311615681461,0.8125272635758656,0.8093828440467119,0.7406089708610708,0.8953617810760683,0.5946624087591235,0.3623175182481749,0.8035583941605833
934,39,0.522367503486743,0.3974755927475556,0.6144072524407236,0.7433029472624586,0.5988311615681461,0.8125272635758656,0.8093828440467119,0.7406089708610708,0.8953617810760683,0.5946624087591235,0.3623175182481749,0.8035583941605833
935,39,0.522367503486743,0.3974755927475556,0.6144072524407236,0.7433029472624586,0.5988311615681461,0.8125272635758656,0.8093828440467119,0.7406089708610708,0.8953617810760683,0.5946624087591235,0.3623175182481749,0.8035583941605833
936,39,0.522367503486743,0.3974755927475556,0.6144072524407236,0.7433029472624586,0.5988311615681461,0.8125272635758656,0.8093828440467119,0.7406089708610708,0.8953617810760683,0.5946624087591235,0.3623175182481749,0.8035583941605833
937,40,0.505020920502087,0.4353556485355625,0.5612552301255207,0.7267001286281545,0.5937195906269217,0.7891337173536208,0.7965868165448011,0.7008730765033256,0.8748772236167163,0.605155109489049,0.3574817518248152,0.7896897810218949
938,40,0.505020920502087,0.4353556485355625,0.5612552301255207,0.7267001286281545,0.5937195906269217,0.7891337173536208,0.7965868165448011,0.7008730765033256,0.8748772236167163,0.605155109489049,0.3574817518248152,0.7896897810218949
939,40,0.505020920502087,0.4353556485355625,0.5612552301255207,0.7267001286281545,0.5937195906269217,0.7891337173536208,0.7965868165448011,0.7008730765033256,0.8748772236167163,0.605155109489049,0.3574817518248152,0.7896897810218949
940,40,0.505020920502087,0.4353556485355625,0.5612552301255207,0.7267001286281545,0.5937195906269217,0.7891337173536208,0.7965868165448011,0.7008730765033256,0.8748772236167163,0.605155109489049,0.3574817518248152,0.7896897810218949
941,40,0.505020920502087,0.4353556485355625,0.5612552301255207,0.7267001286281545,0.5937195906269217,0.7891337173536208,0.7965868165448011,0.7008730765033256,0.8748772236167163,0.605155109489049,0.3574817518248152,0.7896897810218949
942,40,0.505020920502087,0.4353556485355625,0.5612552301255207,0.7267001286281545,0.5937195906269217,0.7891337173536208,0.7965868165448011,0.7008730765033256,0.8748772236167163,0.605155109489049,0.3574817518248152,0.7896897810218949
943,40,0.505020920502087,0.4353556485355625,0.5612552301255207,0.7267001286281545,0.5937195906269217,0.7891337173536208,0.7965868165448011,0.7008730765033256,0.8748772236167163,0.605155109489049,0.3574817518248152,0.7896897810218949
944,40,0.505020920502087,0.4353556485355625,0.5612552301255207,0.7267001286281545,0.5937195906269217,0.7891337173536208,0.7965868165448011,0.7008730765033256,0.8748772236167163,0.605155109489049,0.3574817518248152,0.7896897810218949
945,40,0.505020920502087,0.4353556485355625,0.5612552301255207,0.7267001286281545,0.5937195906269217,0.7891337173536208,0.7965868165448011,0.7008730765033256,0.8748772236167163,0.605155109489049,0.3574817518248152,0.7896897810218949
946,40,0.505020920502087,0.4353556485355625,0.5612552301255207,0.7267001286281545,0.5937195906269217,0.7891337173536208,0.7965868165448011,0.7008730765033256,0.8748772236167163,0.605155109489049,0.3574817518248152,0.7896897810218949
947,40,0.505020920502087,0.4353556485355625,0.5612552301255207,0.7267001286281545,0.5937195906269217,0.7891337173536208,0.7965868165448011,0.7008730765033256,0.8748772236167163,0.605155109489049,0.3574817518248152,0.7896897810218949
948,40,0.505020920502087,0.4353556485355625,0.5612552301255207,0.7267001286281545,0.5937195906269217,0.7891337173536208,0.7965868165448011,0.7008730765033256,0.8748772236167163,0.605155109489049,0.3574817518248152,0.7896897810218949
949,40,0.505020920502087,0.4353556485355625,0.5612552301255207,0.7267001286281545,0.5937195906269217,0.7891337173536208,0.7965868165448011,0.7008730765033256,0.8748772236167163,0.605155109489049,0.3574817518248152,0.7896897810218949
950,40,0.505020920502087,0.4353556485355625,0.5612552301255207,0.7267001286281545,0.5937195906269217,0.7891337173536208,0.7965868165448011,0.7008730765033256,0.8748772236167163,0.605155109489049,0.3574817518248152,0.7896897810218949
951,40,0.505020920502087,0.4353556485355625,0.5612552301255207,0.7267001286281545,0.5937195906269217,0.7891337173536208,0.7965868165448011,0.7008730765033256,0.8748772236167163,0.605155109489049,0.3574817518248152,0.7896897810218949
952,40,0.505020920502087,0.4353556485355625,0.5612552301255207,0.7267001286281545,0.5937195906269217,0.7891337173536208,0.7965868165448011,0.7008730765033256,0.8748772236167163,0.605155109489049,0.3574817518248152,0.7896897810218949
953,40,0.505020920502087,0.4353556485355625,0.5612552301255207,0.7267001286281545,0.5937195906269217,0.7891337173536208,0.7965868165448011,0.7008730765033256,0.8748772236167163,0.605155109489049,0.3574817518248152,0.7896897810218949
954,40,0.505020920502087,0.4353556485355625,0.5612552301255207,0.7267001286281545,0.5937195906269217,0.7891337173536208,0.7965868165448011,0.7008730765033256,0.8748772236167163,0.605155109489049,0.3574817518248152,0.7896897810218949
955,40,0.505020920502087,0.4353556485355625,0.5612552301255207,0.7267001286281545,0.5937195906269217,0.7891337173536208,0.7965868165448011,0.7008730765033256,0.8748772236167163,0.605155109489049,0.3574817518248152,0.7896897810218949
956,40,0.505020920502087,0.4353556485355625,0.5612552301255207,0.7267001286281545,0.5937195906269217,0.7891337173536208,0.7965868165448011,0.7008730765033256,0.8748772236167163,0.605155109489049,0.3574817518248152,0.7896897810218949
957,40,0.505020920502087,0.4353556485355625,0.5612552301255207,0.7267001286281545,0.5937195906269217,0.7891337173536208,0.7965868165448011,0.7008730765033256,0.8748772236167163,0.605155109489049,0.3574817518248152,0.7896897810218949
958,40,0.505020920502087,0.4353556485355625,0.5612552301255207,0.7267001286281545,0.5937195906269217,0.7891337173536208,0.7965868165448011,0.7008730765033256,0.8748772236167163,0.605155109489049,0.3574817518248152,0.7896897810218949
959,40,0.505020920502087,0.4353556485355625,0.5612552301255207,0.7267001286281545,0.5937195906269217,0.7891337173536208,0.7965868165448011,0.7008730765033256,0.8748772236167163,0.605155109489049,0.3574817518248152,0.7896897810218949
960,40,0.505020920502087,0.4353556485355625,0.5612552301255207,0.7267001286281545,0.5937195906269217,0.7891337173536208,0.7965868165448011,0.7008730765033256,0.8748772236167163,0.605155109489049,0.3574817518248152,0.7896897810218949
961,41,0.5126046025104536,0.46048814504880226,0.5696652719665224,0.7185629998322263,0.6028465969464853,0.7807169621385889,0.7939229410772608,0.7044308632543966,0.8647515204428942,0.6207801094890506,0.3960766423357658,0.8135948905109498
962,41,0.5126046025104536,0.46048814504880226,0.5696652719665224,0.7185629998322263,0.6028465969464853,0.7807169621385889,0.7939229410772608,0.7044308632543966,0.8647515204428942,0.6207801094890506,0.3960766423357658,0.8135948905109498
963,41,0.5126046025104536,0.46048814504880226,0.5696652719665224,0.7185629998322263,0.6028465969464853,0.7807169621385889,0.7939229410772608,0.7044308632543966,0.8647515204428942,0.6207801094890506,0.3960766423357658,0.8135948905109498
964,41,0.5126046025104536,0.46048814504880226,0.5696652719665224,0.7185629998322263,0.6028465969464853,0.7807169621385889,0.7939229410772608,0.7044308632543966,0.8647515204428942,0.6207801094890506,0.3960766423357658,0.8135948905109498
965,41,0.5126046025104536,0.46048814504880226,0.5696652719665224,0.7185629998322263,0.6028465969464853,0.7807169621385889,0.7939229410772608,0.7044308632543966,0.8647515204428942,0.6207801094890506,0.3960766423357658,0.8135948905109498
966,41,0.5126046025104536,0.46048814504880226,0.5696652719665224,0.7185629998322263,0.6028465969464853,0.7807169621385889,0.7939229410772608,0.7044308632543966,0.8647515204428942,0.6207801094890506,0.3960766423357658,0.8135948905109498
967,41,0.5126046025104536,0.46048814504880226,0.5696652719665224,0.7185629998322263,0.6028465969464853,0.7807169621385889,0.7939229410772608,0.7044308632543966,0.8647515204428942,0.6207801094890506,0.3960766423357658,0.8135948905109498
968,41,0.5126046025104536,0.46048814504880226,0.5696652719665224,0.7185629998322263,0.6028465969464853,0.7807169621385889,0.7939229410772608,0.7044308632543966,0.8647515204428942,0.6207801094890506,0.3960766423357658,0.8135948905109498
969,41,0.5126046025104536,0.46048814504880226,0.5696652719665224,0.7185629998322263,0.6028465969464853,0.7807169621385889,0.7939229410772608,0.7044308632543966,0.8647515204428942,0.6207801094890506,0.3960766423357658,0.8135948905109498
970,41,0.5126046025104536,0.46048814504880226,0.5696652719665224,0.7185629998322263,0.6028465969464853,0.7807169621385889,0.7939229410772608,0.7044308632543966,0.8647515204428942,0.6207801094890506,0.3960766423357658,0.8135948905109498
971,41,0.5126046025104536,0.46048814504880226,0.5696652719665224,0.7185629998322263,0.6028465969464853,0.7807169621385889,0.7939229410772608,0.7044308632543966,0.8647515204428942,0.6207801094890506,0.3960766423357658,0.8135948905109498
972,41,0.5126046025104536,0.46048814504880226,0.5696652719665224,0.7185629998322263,0.6028465969464853,0.7807169621385889,0.7939229410772608,0.7044308632543966,0.8647515204428942,0.6207801094890506,0.3960766423357658,0.8135948905109498
973,41,0.5126046025104536,0.46048814504880226,0.5696652719665224,0.7185629998322263,0.6028465969464853,0.7807169621385889,0.7939229410772608,0.7044308632543966,0.8647515204428942,0.6207801094890506,0.3960766423357658,0.8135948905109498
974,41,0.5126046025104536,0.46048814504880226,0.5696652719665224,0.7185629998322263,0.6028465969464853,0.7807169621385889,0.7939229410772608,0.7044308632543966,0.8647515204428942,0.6207801094890506,0.3960766423357658,0.8135948905109498
975,41,0.5126046025104536,0.46048814504880226,0.5696652719665224,0.7185629998322263,0.6028465969464853,0.7807169621385889,0.7939229410772608,0.7044308632543966,0.8647515204428942,0.6207801094890506,0.3960766423357658,0.8135948905109498
976,41,0.5126046025104536,0.46048814504880226,0.5696652719665224,0.7185629998322263,0.6028465969464853,0.7807169621385889,0.7939229410772608,0.7044308632543966,0.8647515204428942,0.6207801094890506,0.3960766423357658,0.8135948905109498
977,41,0.5126046025104536,0.46048814504880226,0.5696652719665224,0.7185629998322263,0.6028465969464853,0.7807169621385889,0.7939229410772608,0.7044308632543966,0.8647515204428942,0.6207801094890506,0.3960766423357658,0.8135948905109498
978,41,0.5126046025104536,0.46048814504880226,0.5696652719665224,0.7185629998322263,0.6028465969464853,0.7807169621385889,0.7939229410772608,0.7044308632543966,0.8647515204428942,0.6207801094890506,0.3960766423357658,0.8135948905109498
979,41,0.5126046025104536,0.46048814504880226,0.5696652719665224,0.7185629998322263,0.6028465969464853,0.7807169621385889,0.7939229410772608,0.7044308632543966,0.8647515204428942,0.6207801094890506,0.3960766423357658,0.8135948905109498
980,41,0.5126046025104536,0.46048814504880226,0.5696652719665224,0.7185629998322263,0.6028465969464853,0.7807169621385889,0.7939229410772608,0.7044308632543966,0.8647515204428942,0.6207801094890506,0.3960766423357658,0.8135948905109498
981,41,0.5126046025104536,0.46048814504880226,0.5696652719665224,0.7185629998322263,0.6028465969464853,0.7807169621385889,0.7939229410772608,0.7044308632543966,0.8647515204428942,0.6207801094890506,0.3960766423357658,0.8135948905109498
982,41,0.5126046025104536,0.46048814504880226,0.5696652719665224,0.7185629998322263,0.6028465969464853,0.7807169621385889,0.7939229410772608,0.7044308632543966,0.8647515204428942,0.6207801094890506,0.3960766423357658,0.8135948905109498
983,41,0.5126046025104536,0.46048814504880226,0.5696652719665224,0.7185629998322263,0.6028465969464853,0.7807169621385889,0.7939229410772608,0.7044308632543966,0.8647515204428942,0.6207801094890506,0.3960766423357658,0.8135948905109498
984,41,0.5126046025104536,0.46048814504880226,0.5696652719665224,0.7185629998322263,0.6028465969464853,0.7807169621385889,0.7939229410772608,0.7044308632543966,0.8647515204428942,0.6207801094890506,0.3960766423357658,0.8135948905109498
985,42,0.5360942056548623,0.476527196652701,0.5931380753137944,0.7273922040154357,0.6273027235613228,0.8118393825848635,0.7888519043981237,0.7338317145039831,0.8461420932009147,0.6262545620437954,0.4047445255474461,0.7890510948905106
986,42,0.5360942056548623,0.476527196652701,0.5931380753137944,0.7273922040154357,0.6273027235613228,0.8118393825848635,0.7888519043981237,0.7338317145039831,0.8461420932009147,0.6262545620437954,0.4047445255474461,0.7890510948905106
987,42,0.5360942056548623,0.476527196652701,0.5931380753137944,0.7273922040154357,0.6273027235613228,0.8118393825848635,0.7888519043981237,0.7338317145039831,0.8461420932009147,0.6262545620437954,0.4047445255474461,0.7890510948905106
988,42,0.5360942056548623,0.476527196652701,0.5931380753137944,0.7273922040154357,0.6273027235613228,0.8118393825848635,0.7888519043981237,0.7338317145039831,0.8461420932009147,0.6262545620437954,0.4047445255474461,0.7890510948905106
989,42,0.5360942056548623,0.476527196652701,0.5931380753137944,0.7273922040154357,0.6273027235613228,0.8118393825848635,0.7888519043981237,0.7338317145039831,0.8461420932009147,0.6262545620437954,0.4047445255474461,0.7890510948905106
990,42,0.5360942056548623,0.476527196652701,0.5931380753137944,0.7273922040154357,0.6273027235613228,0.8118393825848635,0.7888519043981237,0.7338317145039831,0.8461420932009147,0.6262545620437954,0.4047445255474461,0.7890510948905106
991,42,0.5360942056548623,0.476527196652701,0.5931380753137944,0.7273922040154357,0.6273027235613228,0.8118393825848635,0.7888519043981237,0.7338317145039831,0.8461420932009147,0.6262545620437954,0.4047445255474461,0.7890510948905106
992,42,0.5360942056548623,0.476527196652701,0.5931380753137944,0.7273922040154357,0.6273027235613228,0.8118393825848635,0.7888519043981237,0.7338317145039831,0.8461420932009147,0.6262545620437954,0.4047445255474461,0.7890510948905106
993,42,0.5360942056548623,0.476527196652701,0.5931380753137944,0.7273922040154357,0.6273027235613228,0.8118393825848635,0.7888519043981237,0.7338317145039831,0.8461420932009147,0.6262545620437954,0.4047445255474461,0.7890510948905106
994,42,0.5360942056548623,0.476527196652701,0.5931380753137944,0.7273922040154357,0.6273027235613228,0.8118393825848635,0.7888519043981237,0.7338317145039831,0.8461420932009147,0.6262545620437954,0.4047445255474461,0.7890510948905106
995,42,0.5360942056548623,0.476527196652701,0.5931380753137944,0.7273922040154357,0.6273027235613228,0.8118393825848635,0.7888519043981237,0.7338317145039831,0.8461420932009147,0.6262545620437954,0.4047445255474461,0.7890510948905106
996,42,0.5360942056548623,0.476527196652701,0.5931380753137944,0.7273922040154357,0.6273027235613228,0.8118393825848635,0.7888519043981237,0.7338317145039831,0.8461420932009147,0.6262545620437954,0.4047445255474461,0.7890510948905106
997,42,0.5360942056548623,0.476527196652701,0.5931380753137944,0.7273922040154357,0.6273027235613228,0.8118393825848635,0.7888519043981237,0.7338317145039831,0.8461420932009147,0.6262545620437954,0.4047445255474461,0.7890510948905106
998,42,0.5360942056548623,0.476527196652701,0.5931380753137944,0.7273922040154357,0.6273027235613228,0.8118393825848635,0.7888519043981237,0.7338317145039831,0.8461420932009147,0.6262545620437954,0.4047445255474461,0.7890510948905106
999,42,0.5360942056548623,0.476527196652701,0.5931380753137944,0.7273922040154357,0.6273027235613228,0.8118393825848635,0.7888519043981237,0.7338317145039831,0.8461420932009147,0.6262545620437954,0.4047445255474461,0.7890510948905106
1000,42,0.5360942056548623,0.476527196652701,0.5931380753137944,0.7273922040154357,0.6273027235613228,0.8118393825848635,0.7888519043981237,0.7338317145039831,0.8461420932009147,0.6262545620437954,0.4047445255474461,0.7890510948905106
1001,42,0.5360942056548623,0.476527196652701,0.5931380753137944,0.7273922040154357,0.6273027235613228,0.8118393825848635,0.7888519043981237,0.7338317145039831,0.8461420932009147,0.6262545620437954,0.4047445255474461,0.7890510948905106
1002,42,0.5360942056548623,0.476527196652701,0.5931380753137944,0.7273922040154357,0.6273027235613228,0.8118393825848635,0.7888519043981237,0.7338317145039831,0.8461420932009147,0.6262545620437954,0.4047445255474461,0.7890510948905106
1003,42,0.5360942056548623,0.476527196652701,0.5931380753137944,0.7273922040154357,0.6273027235613228,0.8118393825848635,0.7888519043981237,0.7338317145039831,0.8461420932009147,0.6262545620437954,0.4047445255474461,0.7890510948905106
1004,42,0.5360942056548623,0.476527196652701,0.5931380753137944,0.7273922040154357,0.6273027235613228,0.8118393825848635,0.7888519043981237,0.7338317145039831,0.8461420932009147,0.6262545620437954,0.4047445255474461,0.7890510948905106
1005,42,0.5360942056548623,0.476527196652701,0.5931380753137944,0.7273922040154357,0.6273027235613228,0.8118393825848635,0.7888519043981237,0.7338317145039831,0.8461420932009147,0.6262545620437954,0.4047445255474461,0.7890510948905106
1006,42,0.5360942056548623,0.476527196652701,0.5931380753137944,0.7273922040154357,0.6273027235613228,0.8118393825848635,0.7888519043981237,0.7338317145039831,0.8461420932009147,0.6262545620437954,0.4047445255474461,0.7890510948905106
1007,42,0.5360942056548623,0.476527196652701,0.5931380753137944,0.7273922040154357,0.6273027235613228,0.8118393825848635,0.7888519043981237,0.7338317145039831,0.8461420932009147,0.6262545620437954,0.4047445255474461,0.7890510948905106
1008,42,0.5360942056548623,0.476527196652701,0.5931380753137944,0.7273922040154357,0.6273027235613228,0.8118393825848635,0.7888519043981237,0.7338317145039831,0.8461420932009147,0.6262545620437954,0.4047445255474461,0.7890510948905106
1009,43,0.5451733413030464,0.46220362622036076,0.6202092050209245,0.7160673340417212,0.6311615681449638,0.7895923046809443,0.8168449197860967,0.7751718869365931,0.8661682854960162,0.6163207116788314,0.37783759124087624,0.8069343065693417
1010,43,0.5451733413030464,0.46220362622036076,0.6202092050209245,0.7160673340417212,0.6311615681449638,0.7895923046809443,0.8168449197860967,0.7751718869365931,0.8661682854960162,0.6163207116788314,0.37783759124087624,0.8069343065693417
1011,43,0.5451733413030464,0.46220362622036076,0.6202092050209245,0.7160673340417212,0.6311615681449638,0.7895923046809443,0.8168449197860967,0.7751718869365931,0.8661682854960162,0.6163207116788314,0.37783759124087624,0.8069343065693417
1012,43,0.5451733413030464,0.46220362622036076,0.6202092050209245,0.7160673340417212,0.6311615681449638,0.7895923046809443,0.8168449197860967,0.7751718869365931,0.8661682854960162,0.6163207116788314,0.37783759124087624,0.8069343065693417
1013,43,0.5451733413030464,0.46220362622036076,0.6202092050209245,0.7160673340417212,0.6311615681449638,0.7895923046809443,0.8168449197860967,0.7751718869365931,0.8661682854960162,0.6163207116788314,0.37783759124087624,0.8069343065693417
1014,43,0.5451733413030464,0.46220362622036076,0.6202092050209245,0.7160673340417212,0.6311615681449638,0.7895923046809443,0.8168449197860967,0.7751718869365931,0.8661682854960162,0.6163207116788314,0.37783759124087624,0.8069343065693417
1015,43,0.5451733413030464,0.46220362622036076,0.6202092050209245,0.7160673340417212,0.6311615681449638,0.7895923046809443,0.8168449197860967,0.7751718869365931,0.8661682854960162,0.6163207116788314,0.37783759124087624,0.8069343065693417
1016,43,0.5451733413030464,0.46220362622036076,0.6202092050209245,0.7160673340417212,0.6311615681449638,0.7895923046809443,0.8168449197860967,0.7751718869365931,0.8661682854960162,0.6163207116788314,0.37783759124087624,0.8069343065693417
1017,43,0.5451733413030464,0.46220362622036076,0.6202092050209245,0.7160673340417212,0.6311615681449638,0.7895923046809443,0.8168449197860967,0.7751718869365931,0.8661682854960162,0.6163207116788314,0.37783759124087624,0.8069343065693417
1018,43,0.5451733413030464,0.46220362622036076,0.6202092050209245,0.7160673340417212,0.6311615681449638,0.7895923046809443,0.8168449197860967,0.7751718869365931,0.8661682854960162,0.6163207116788314,0.37783759124087624,0.8069343065693417
1019,43,0.5451733413030464,0.46220362622036076,0.6202092050209245,0.7160673340417212,0.6311615681449638,0.7895923046809443,0.8168449197860967,0.7751718869365931,0.8661682854960162,0.6163207116788314,0.37783759124087624,0.8069343065693417
1020,43,0.5451733413030464,0.46220362622036076,0.6202092050209245,0.7160673340417212,0.6311615681449638,0.7895923046809443,0.8168449197860967,0.7751718869365931,0.8661682854960162,0.6163207116788314,0.37783759124087624,0.8069343065693417
1021,43,0.5451733413030464,0.46220362622036076,0.6202092050209245,0.7160673340417212,0.6311615681449638,0.7895923046809443,0.8168449197860967,0.7751718869365931,0.8661682854960162,0.6163207116788314,0.37783759124087624,0.8069343065693417
1022,43,0.5451733413030464,0.46220362622036076,0.6202092050209245,0.7160673340417212,0.6311615681449638,0.7895923046809443,0.8168449197860967,0.7751718869365931,0.8661682854960162,0.6163207116788314,0.37783759124087624,0.8069343065693417
1023,43,0.5451733413030464,0.46220362622036076,0.6202092050209245,0.7160673340417212,0.6311615681449638,0.7895923046809443,0.8168449197860967,0.7751718869365931,0.8661682854960162,0.6163207116788314,0.37783759124087624,0.8069343065693417
1024,43,0.5451733413030464,0.46220362622036076,0.6202092050209245,0.7160673340417212,0.6311615681449638,0.7895923046809443,0.8168449197860967,0.7751718869365931,0.8661682854960162,0.6163207116788314,0.37783759124087624,0.8069343065693417
1025,43,0.5451733413030464,0.46220362622036076,0.6202092050209245,0.7160673340417212,0.6311615681449638,0.7895923046809443,0.8168449197860967,0.7751718869365931,0.8661682854960162,0.6163207116788314,0.37783759124087624,0.8069343065693417
1026,43,0.5451733413030464,0.46220362622036076,0.6202092050209245,0.7160673340417212,0.6311615681449638,0.7895923046809443,0.8168449197860967,0.7751718869365931,0.8661682854960162,0.6163207116788314,0.37783759124087624,0.8069343065693417
1027,43,0.5451733413030464,0.46220362622036076,0.6202092050209245,0.7160673340417212,0.6311615681449638,0.7895923046809443,0.8168449197860967,0.7751718869365931,0.8661682854960162,0.6163207116788314,0.37783759124087624,0.8069343065693417
1028,43,0.5451733413030464,0.46220362622036076,0.6202092050209245,0.7160673340417212,0.6311615681449638,0.7895923046809443,0.8168449197860967,0.7751718869365931,0.8661682854960162,0.6163207116788314,0.37783759124087624,0.8069343065693417
1029,43,0.5451733413030464,0.46220362622036076,0.6202092050209245,0.7160673340417212,0.6311615681449638,0.7895923046809443,0.8168449197860967,0.7751718869365931,0.8661682854960162,0.6163207116788314,0.37783759124087624,0.8069343065693417
1030,43,0.5451733413030464,0.46220362622036076,0.6202092050209245,0.7160673340417212,0.6311615681449638,0.7895923046809443,0.8168449197860967,0.7751718869365931,0.8661682854960162,0.6163207116788314,0.37783759124087624,0.8069343065693417
1031,43,0.5451733413030464,0.46220362622036076,0.6202092050209245,0.7160673340417212,0.6311615681449638,0.7895923046809443,0.8168449197860967,0.7751718869365931,0.8661682854960162,0.6163207116788314,0.37783759124087624,0.8069343065693417
1032,43,0.5451733413030464,0.46220362622036076,0.6202092050209245,0.7160673340417212,0.6311615681449638,0.7895923046809443,0.8168449197860967,0.7751718869365931,0.8661682854960162,0.6163207116788314,0.37783759124087624,0.8069343065693417
1033,44,0.5782078103207695,0.5049372384937157,0.65364016736402,0.7212334321346692,0.6476147866450432,0.7882612829260112,0.8053312233984498,0.7521335807050065,0.8564553093964846,0.573106751824817,0.2492700729926982,0.7850364963503665
1034,44,0.5782078103207695,0.5049372384937157,0.65364016736402,0.7212334321346692,0.6476147866450432,0.7882612829260112,0.8053312233984498,0.7521335807050065,0.8564553093964846,0.573106751824817,0.2492700729926982,0.7850364963503665
1035,44,0.5782078103207695,0.5049372384937157,0.65364016736402,0.7212334321346692,0.6476147866450432,0.7882612829260112,0.8053312233984498,0.7521335807050065,0.8564553093964846,0.573106751824817,0.2492700729926982,0.7850364963503665
1036,44,0.5782078103207695,0.5049372384937157,0.65364016736402,0.7212334321346692,0.6476147866450432,0.7882612829260112,0.8053312233984498,0.7521335807050065,0.8564553093964846,0.573106751824817,0.2492700729926982,0.7850364963503665
1037,44,0.5782078103207695,0.5049372384937157,0.65364016736402,0.7212334321346692,0.6476147866450432,0.7882612829260112,0.8053312233984498,0.7521335807050065,0.8564553093964846,0.573106751824817,0.2492700729926982,0.7850364963503665
1038,44,0.5782078103207695,0.5049372384937157,0.65364016736402,0.7212334321346692,0.6476147866450432,0.7882612829260112,0.8053312233984498,0.7521335807050065,0.8564553093964846,0.573106751824817,0.2492700729926982,0.7850364963503665
1039,44,0.5782078103207695,0.5049372384937157,0.65364016736402,0.7212334321346692,0.6476147866450432,0.7882612829260112,0.8053312233984498,0.7521335807050065,0.8564553093964846,0.573106751824817,0.2492700729926982,0.7850364963503665
1040,44,0.5782078103207695,0.5049372384937157,0.65364016736402,0.7212334321346692,0.6476147866450432,0.7882612829260112,0.8053312233984498,0.7521335807050065,0.8564553093964846,0.573106751824817,0.2492700729926982,0.7850364963503665
1041,44,0.5782078103207695,0.5049372384937157,0.65364016736402,0.7212334321346692,0.6476147866450432,0.7882612829260112,0.8053312233984498,0.7521335807050065,0.8564553093964846,0.573106751824817,0.2492700729926982,0.7850364963503665
1042,44,0.5782078103207695,0.5049372384937157,0.65364016736402,0.7212334321346692,0.6476147866450432,0.7882612829260112,0.8053312233984498,0.7521335807050065,0.8564553093964846,0.573106751824817,0.2492700729926982,0.7850364963503665
1043,44,0.5782078103207695,0.5049372384937157,0.65364016736402,0.7212334321346692,0.6476147866450432,0.7882612829260112,0.8053312233984498,0.7521335807050065,0.8564553093964846,0.573106751824817,0.2492700729926982,0.7850364963503665
1044,44,0.5782078103207695,0.5049372384937157,0.65364016736402,0.7212334321346692,0.6476147866450432,0.7882612829260112,0.8053312233984498,0.7521335807050065,0.8564553093964846,0.573106751824817,0.2492700729926982,0.7850364963503665
1045,44,0.5782078103207695,0.5049372384937157,0.65364016736402,0.7212334321346692,0.6476147866450432,0.7882612829260112,0.8053312233984498,0.7521335807050065,0.8564553093964846,0.573106751824817,0.2492700729926982,0.7850364963503665
1046,44,0.5782078103207695,0.5049372384937157,0.65364016736402,0.7212334321346692,0.6476147866450432,0.7882612829260112,0.8053312233984498,0.7521335807050065,0.8564553093964846,0.573106751824817,0.2492700729926982,0.7850364963503665
1047,44,0.5782078103207695,0.5049372384937157,0.65364016736402,0.7212334321346692,0.6476147866450432,0.7882612829260112,0.8053312233984498,0.7521335807050065,0.8564553093964846,0.573106751824817,0.2492700729926982,0.7850364963503665
1048,44,0.5782078103207695,0.5049372384937157,0.65364016736402,0.7212334321346692,0.6476147866450432,0.7882612829260112,0.8053312233984498,0.7521335807050065,0.8564553093964846,0.573106751824817,0.2492700729926982,0.7850364963503665
1049,44,0.5782078103207695,0.5049372384937157,0.65364016736402,0.7212334321346692,0.6476147866450432,0.7882612829260112,0.8053312233984498,0.7521335807050065,0.8564553093964846,0.573106751824817,0.2492700729926982,0.7850364963503665
1050,44,0.5782078103207695,0.5049372384937157,0.65364016736402,0.7212334321346692,0.6476147866450432,0.7882612829260112,0.8053312233984498,0.7521335807050065,0.8564553093964846,0.573106751824817,0.2492700729926982,0.7850364963503665
1051,44,0.5782078103207695,0.5049372384937157,0.65364016736402,0.7212334321346692,0.6476147866450432,0.7882612829260112,0.8053312233984498,0.7521335807050065,0.8564553093964846,0.573106751824817,0.2492700729926982,0.7850364963503665
1052,44,0.5782078103207695,0.5049372384937157,0.65364016736402,0.7212334321346692,0.6476147866450432,0.7882612829260112,0.8053312233984498,0.7521335807050065,0.8564553093964846,0.573106751824817,0.2492700729926982,0.7850364963503665
1053,44,0.5782078103207695,0.5049372384937157,0.65364016736402,0.7212334321346692,0.6476147866450432,0.7882612829260112,0.8053312233984498,0.7521335807050065,0.8564553093964846,0.573106751824817,0.2492700729926982,0.7850364963503665
1054,44,0.5782078103207695,0.5049372384937157,0.65364016736402,0.7212334321346692,0.6476147866450432,0.7882612829260112,0.8053312233984498,0.7521335807050065,0.8564553093964846,0.573106751824817,0.2492700729926982,0.7850364963503665
1055,44,0.5782078103207695,0.5049372384937157,0.65364016736402,0.7212334321346692,0.6476147866450432,0.7882612829260112,0.8053312233984498,0.7521335807050065,0.8564553093964846,0.573106751824817,0.2492700729926982,0.7850364963503665
1056,44,0.5782078103207695,0.5049372384937157,0.65364016736402,0.7212334321346692,0.6476147866450432,0.7882612829260112,0.8053312233984498,0.7521335807050065,0.8564553093964846,0.573106751824817,0.2492700729926982,0.7850364963503665
1057,45,0.6144700139469954,0.529107391910739,0.6963598326359843,0.7114045635031587,0.6266539902689978,0.7950841675521481,0.8004201680672285,0.7466986794717897,0.8530284841209259,0.5237226277372262,0.2005474452554731,0.6842153284671539
1058,45,0.6144700139469954,0.529107391910739,0.6963598326359843,0.7114045635031587,0.6266539902689978,0.7950841675521481,0.8004201680672285,0.7466986794717897,0.8530284841209259,0.5237226277372262,0.2005474452554731,0.6842153284671539
1059,45,0.6144700139469954,0.529107391910739,0.6963598326359843,0.7114045635031587,0.6266539902689978,0.7950841675521481,0.8004201680672285,0.7466986794717897,0.8530284841209259,0.5237226277372262,0.2005474452554731,0.6842153284671539
1060,45,0.6144700139469954,0.529107391910739,0.6963598326359843,0.7114045635031587,0.6266539902689978,0.7950841675521481,0.8004201680672285,0.7466986794717897,0.8530284841209259,0.5237226277372262,0.2005474452554731,0.6842153284671539
1061,45,0.6144700139469954,0.529107391910739,0.6963598326359843,0.7114045635031587,0.6266539902689978,0.7950841675521481,0.8004201680672285,0.7466986794717897,0.8530284841209259,0.5237226277372262,0.2005474452554731,0.6842153284671539
1062,45,0.6144700139469954,0.529107391910739,0.6963598326359843,0.7114045635031587,0.6266539902689978,0.7950841675521481,0.8004201680672285,0.7466986794717897,0.8530284841209259,0.5237226277372262,0.2005474452554731,0.6842153284671539
1063,45,0.6144700139469954,0.529107391910739,0.6963598326359843,0.7114045635031587,0.6266539902689978,0.7950841675521481,0.8004201680672285,0.7466986794717897,0.8530284841209259,0.5237226277372262,0.2005474452554731,0.6842153284671539
1064,45,0.6144700139469954,0.529107391910739,0.6963598326359843,0.7114045635031587,0.6266539902689978,0.7950841675521481,0.8004201680672285,0.7466986794717897,0.8530284841209259,0.5237226277372262,0.2005474452554731,0.6842153284671539
1065,45,0.6144700139469954,0.529107391910739,0.6963598326359843,0.7114045635031587,0.6266539902689978,0.7950841675521481,0.8004201680672285,0.7466986794717897,0.8530284841209259,0.5237226277372262,0.2005474452554731,0.6842153284671539
1066,45,0.6144700139469954,0.529107391910739,0.6963598326359843,0.7114045635031587,0.6266539902689978,0.7950841675521481,0.8004201680672285,0.7466986794717897,0.8530284841209259,0.5237226277372262,0.2005474452554731,0.6842153284671539
1067,45,0.6144700139469954,0.529107391910739,0.6963598326359843,0.7114045635031587,0.6266539902689978,0.7950841675521481,0.8004201680672285,0.7466986794717897,0.8530284841209259,0.5237226277372262,0.2005474452554731,0.6842153284671539
1068,45,0.6144700139469954,0.529107391910739,0.6963598326359843,0.7114045635031587,0.6266539902689978,0.7950841675521481,0.8004201680672285,0.7466986794717897,0.8530284841209259,0.5237226277372262,0.2005474452554731,0.6842153284671539
1069,45,0.6144700139469954,0.529107391910739,0.6963598326359843,0.7114045635031587,0.6266539902689978,0.7950841675521481,0.8004201680672285,0.7466986794717897,0.8530284841209259,0.5237226277372262,0.2005474452554731,0.6842153284671539
1070,45,0.6144700139469954,0.529107391910739,0.6963598326359843,0.7114045635031587,0.6266539902689978,0.7950841675521481,0.8004201680672285,0.7466986794717897,0.8530284841209259,0.5237226277372262,0.2005474452554731,0.6842153284671539
1071,45,0.6144700139469954,0.529107391910739,0.6963598326359843,0.7114045635031587,0.6266539902689978,0.7950841675521481,0.8004201680672285,0.7466986794717897,0.8530284841209259,0.5237226277372262,0.2005474452554731,0.6842153284671539
1072,45,0.6144700139469954,0.529107391910739,0.6963598326359843,0.7114045635031587,0.6266539902689978,0.7950841675521481,0.8004201680672285,0.7466986794717897,0.8530284841209259,0.5237226277372262,0.2005474452554731,0.6842153284671539
1073,45,0.6144700139469954,0.529107391910739,0.6963598326359843,0.7114045635031587,0.6266539902689978,0.7950841675521481,0.8004201680672285,0.7466986794717897,0.8530284841209259,0.5237226277372262,0.2005474452554731,0.6842153284671539
1074,45,0.6144700139469954,0.529107391910739,0.6963598326359843,0.7114045635031587,0.6266539902689978,0.7950841675521481,0.8004201680672285,0.7466986794717897,0.8530284841209259,0.5237226277372262,0.2005474452554731,0.6842153284671539
1075,45,0.6144700139469954,0.529107391910739,0.6963598326359843,0.7114045635031587,0.6266539902689978,0.7950841675521481,0.8004201680672285,0.7466986794717897,0.8530284841209259,0.5237226277372262,0.2005474452554731,0.6842153284671539
1076,45,0.6144700139469954,0.529107391910739,0.6963598326359843,0.7114045635031587,0.6266539902689978,0.7950841675521481,0.8004201680672285,0.7466986794717897,0.8530284841209259,0.5237226277372262,0.2005474452554731,0.6842153284671539
1077,45,0.6144700139469954,0.529107391910739,0.6963598326359843,0.7114045635031587,0.6266539902689978,0.7950841675521481,0.8004201680672285,0.7466986794717897,0.8530284841209259,0.5237226277372262,0.2005474452554731,0.6842153284671539
1078,45,0.6144700139469954,0.529107391910739,0.6963598326359843,0.7114045635031587,0.6266539902689978,0.7950841675521481,0.8004201680672285,0.7466986794717897,0.8530284841209259,0.5237226277372262,0.2005474452554731,0.6842153284671539
1079,45,0.6144700139469954,0.529107391910739,0.6963598326359843,0.7114045635031587,0.6266539902689978,0.7950841675521481,0.8004201680672285,0.7466986794717897,0.8530284841209259,0.5237226277372262,0.2005474452554731,0.6842153284671539
1080,45,0.6144700139469954,0.529107391910739,0.6963598326359843,0.7114045635031587,0.6266539902689978,0.7950841675521481,0.8004201680672285,0.7466986794717897,0.8530284841209259,0.5237226277372262,0.2005474452554731,0.6842153284671539
1081,46,0.6056659693165898,0.5191631799163133,0.6951185495118466,0.7231069291426664,0.6239304289469232,0.8041776187014158,0.7734639310269582,0.7154316271963367,0.8327512823311146,0.5449361313868604,0.3070255474452555,0.7238138686131382
1082,46,0.6056659693165898,0.5191631799163133,0.6951185495118466,0.7231069291426664,0.6239304289469232,0.8041776187014158,0.7734639310269582,0.7154316271963367,0.8327512823311146,0.5449361313868604,0.3070255474452555,0.7238138686131382
1083,46,0.6056659693165898,0.5191631799163133,0.6951185495118466,0.7231069291426664,0.6239304289469232,0.8041776187014158,0.7734639310269582,0.7154316271963367,0.8327512823311146,0.5449361313868604,0.3070255474452555,0.7238138686131382
1084,46,0.6056659693165898,0.5191631799163133,0.6951185495118466,0.7231069291426664,0.6239304289469232,0.8041776187014158,0.7734639310269582,0.7154316271963367,0.8327512823311146,0.5449361313868604,0.3070255474452555,0.7238138686131382
1085,46,0.6056659693165898,0.5191631799163133,0.6951185495118466,0.7231069291426664,0.6239304289469232,0.8041776187014158,0.7734639310269582,0.7154316271963367,0.8327512823311146,0.5449361313868604,0.3070255474452555,0.7238138686131382
1086,46,0.6056659693165898,0.5191631799163133,0.6951185495118466,0.7231069291426664,0.6239304289469232,0.8041776187014158,0.7734639310269582,0.7154316271963367,0.8327512823311146,0.5449361313868604,0.3070255474452555,0.7238138686131382
1087,46,0.6056659693165898,0.5191631799163133,0.6951185495118466,0.7231069291426664,0.6239304289469232,0.8041776187014158,0.7734639310269582,0.7154316271963367,0.8327512823311146,0.5449361313868604,0.3070255474452555,0.7238138686131382
1088,46,0.6056659693165898,0.5191631799163133,0.6951185495118466,0.7231069291426664,0.6239304289469232,0.8041776187014158,0.7734639310269582,0.7154316271963367,0.8327512823311146,0.5449361313868604,0.3070255474452555,0.7238138686131382
1089,46,0.6056659693165898,0.5191631799163133,0.6951185495118466,0.7231069291426664,0.6239304289469232,0.8041776187014158,0.7734639310269582,0.7154316271963367,0.8327512823311146,0.5449361313868604,0.3070255474452555,0.7238138686131382
1090,46,0.6056659693165898,0.5191631799163133,0.6951185495118466,0.7231069291426664,0.6239304289469232,0.8041776187014158,0.7734639310269582,0.7154316271963367,0.8327512823311146,0.5449361313868604,0.3070255474452555,0.7238138686131382
1091,46,0.6056659693165898,0.5191631799163133,0.6951185495118466,0.7231069291426664,0.6239304289469232,0.8041776187014158,0.7734639310269582,0.7154316271963367,0.8327512823311146,0.5449361313868604,0.3070255474452555,0.7238138686131382
1092,46,0.6056659693165898,0.5191631799163133,0.6951185495118466,0.7231069291426664,0.6239304289469232,0.8041776187014158,0.7734639310269582,0.7154316271963367,0.8327512823311146,0.5449361313868604,0.3070255474452555,0.7238138686131382
1093,46,0.6056659693165898,0.5191631799163133,0.6951185495118466,0.7231069291426664,0.6239304289469232,0.8041776187014158,0.7734639310269582,0.7154316271963367,0.8327512823311146,0.5449361313868604,0.3070255474452555,0.7238138686131382
1094,46,0.6056659693165898,0.5191631799163133,0.6951185495118466,0.7231069291426664,0.6239304289469232,0.8041776187014158,0.7734639310269582,0.7154316271963367,0.8327512823311146,0.5449361313868604,0.3070255474452555,0.7238138686131382
1095,46,0.6056659693165898,0.5191631799163133,0.6951185495118466,0.7231069291426664,0.6239304289469232,0.8041776187014158,0.7734639310269582,0.7154316271963367,0.8327512823311146,0.5449361313868604,0.3070255474452555,0.7238138686131382
1096,46,0.6056659693165898,0.5191631799163133,0.6951185495118466,0.7231069291426664,0.6239304289469232,0.8041776187014158,0.7734639310269582,0.7154316271963367,0.8327512823311146,0.5449361313868604,0.3070255474452555,0.7238138686131382
1097,46,0.6056659693165898,0.5191631799163133,0.6951185495118466,0.7231069291426664,0.6239304289469232,0.8041776187014158,0.7734639310269582,0.7154316271963367,0.8327512823311146,0.5449361313868604,0.3070255474452555,0.7238138686131382
1098,46,0.6056659693165898,0.5191631799163133,0.6951185495118466,0.7231069291426664,0.6239304289469232,0.8041776187014158,0.7734639310269582,0.7154316271963367,0.8327512823311146,0.5449361313868604,0.3070255474452555,0.7238138686131382
1099,46,0.6056659693165898,0.5191631799163133,0.6951185495118466,0.7231069291426664,0.6239304289469232,0.8041776187014158,0.7734639310269582,0.7154316271963367,0.8327512823311146,0.5449361313868604,0.3070255474452555,0.7238138686131382
1100,46,0.6056659693165898,0.5191631799163133,0.6951185495118466,0.7231069291426664,0.6239304289469232,0.8041776187014158,0.7734639310269582,0.7154316271963367,0.8327512823311146,0.5449361313868604,0.3070255474452555,0.7238138686131382
1101,46,0.6056659693165898,0.5191631799163133,0.6951185495118466,0.7231069291426664,0.6239304289469232,0.8041776187014158,0.7734639310269582,0.7154316271963367,0.8327512823311146,0.5449361313868604,0.3070255474452555,0.7238138686131382
1102,46,0.6056659693165898,0.5191631799163133,0.6951185495118466,0.7231069291426664,0.6239304289469232,0.8041776187014158,0.7734639310269582,0.7154316271963367,0.8327512823311146,0.5449361313868604,0.3070255474452555,0.7238138686131382
1103,46,0.6056659693165898,0.5191631799163133,0.6951185495118466,0.7231069291426664,0.6239304289469232,0.8041776187014158,0.7734639310269582,0.7154316271963367,0.8327512823311146,0.5449361313868604,0.3070255474452555,0.7238138686131382
1104,46,0.6056659693165898,0.5191631799163133,0.6951185495118466,0.7231069291426664,0.6239304289469232,0.8041776187014158,0.7734639310269582,0.7154316271963367,0.8327512823311146,0.5449361313868604,0.3070255474452555,0.7238138686131382
1105,47,0.5862273361227253,0.4923988842398842,0.7112552301255249,0.7239597897209356,0.5918460936189291,0.8119456406241277,0.8039670413620001,0.7432391138273502,0.8837062097566282,0.5721943430656924,0.3784671532846701,0.8063868613138687
1106,47,0.5862273361227253,0.4923988842398842,0.7112552301255249,0.7239597897209356,0.5918460936189291,0.8119456406241277,0.8039670413620001,0.7432391138273502,0.8837062097566282,0.5721943430656924,0.3784671532846701,0.8063868613138687
1107,47,0.5862273361227253,0.4923988842398842,0.7112552301255249,0.7239597897209356,0.5918460936189291,0.8119456406241277,0.8039670413620001,0.7432391138273502,0.8837062097566282,0.5721943430656924,0.3784671532846701,0.8063868613138687
1108,47,0.5862273361227253,0.4923988842398842,0.7112552301255249,0.7239597897209356,0.5918460936189291,0.8119456406241277,0.8039670413620001,0.7432391138273502,0.8837062097566282,0.5721943430656924,0.3784671532846701,0.8063868613138687
1109,47,0.5862273361227253,0.4923988842398842,0.7112552301255249,0.7239597897209356,0.5918460936189291,0.8119456406241277,0.8039670413620001,0.7432391138273502,0.8837062097566282,0.5721943430656924,0.3784671532846701,0.8063868613138687
1110,47,0.5862273361227253,0.4923988842398842,0.7112552301255249,0.7239597897209356,0.5918460936189291,0.8119456406241277,0.8039670413620001,0.7432391138273502,0.8837062097566282,0.5721943430656924,0.3784671532846701,0.8063868613138687
1111,47,0.5862273361227253,0.4923988842398842,0.7112552301255249,0.7239597897209356,0.5918460936189291,0.8119456406241277,0.8039670413620001,0.7432391138273502,0.8837062097566282,0.5721943430656924,0.3784671532846701,0.8063868613138687
1112,47,0.5862273361227253,0.4923988842398842,0.7112552301255249,0.7239597897209356,0.5918460936189291,0.8119456406241277,0.8039670413620001,0.7432391138273502,0.8837062097566282,0.5721943430656924,0.3784671532846701,0.8063868613138687
1113,47,0.5862273361227253,0.4923988842398842,0.7112552301255249,0.7239597897209356,0.5918460936189291,0.8119456406241277,0.8039670413620001,0.7432391138273502,0.8837062097566282,0.5721943430656924,0.3784671532846701,0.8063868613138687
1114,47,0.5862273361227253,0.4923988842398842,0.7112552301255249,0.7239597897209356,0.5918460936189291,0.8119456406241277,0.8039670413620001,0.7432391138273502,0.8837062097566282,0.5721943430656924,0.3784671532846701,0.8063868613138687
1115,47,0.5862273361227253,0.4923988842398842,0.7112552301255249,0.7239597897209356,0.5918460936189291,0.8119456406241277,0.8039670413620001,0.7432391138273502,0.8837062097566282,0.5721943430656924,0.3784671532846701,0.8063868613138687
1116,47,0.5862273361227253,0.4923988842398842,0.7112552301255249,0.7239597897209356,0.5918460936189291,0.8119456406241277,0.8039670413620001,0.7432391138273502,0.8837062097566282,0.5721943430656924,0.3784671532846701,0.8063868613138687
1117,47,0.5862273361227253,0.4923988842398842,0.7112552301255249,0.7239597897209356,0.5918460936189291,0.8119456406241277,0.8039670413620001,0.7432391138273502,0.8837062097566282,0.5721943430656924,0.3784671532846701,0.8063868613138687
1118,47,0.5862273361227253,0.4923988842398842,0.7112552301255249,0.7239597897209356,0.5918460936189291,0.8119456406241277,0.8039670413620001,0.7432391138273502,0.8837062097566282,0.5721943430656924,0.3784671532846701,0.8063868613138687
1119,47,0.5862273361227253,0.4923988842398842,0.7112552301255249,0.7239597897209356,0.5918460936189291,0.8119456406241277,0.8039670413620001,0.7432391138273502,0.8837062097566282,0.5721943430656924,0.3784671532846701,0.8063868613138687
1120,47,0.5862273361227253,0.4923988842398842,0.7112552301255249,0.7239597897209356,0.5918460936189291,0.8119456406241277,0.8039670413620001,0.7432391138273502,0.8837062097566282,0.5721943430656924,0.3784671532846701,0.8063868613138687
1121,47,0.5862273361227253,0.4923988842398842,0.7112552301255249,0.7239597897209356,0.5918460936189291,0.8119456406241277,0.8039670413620001,0.7432391138273502,0.8837062097566282,0.5721943430656924,0.3784671532846701,0.8063868613138687
1122,47,0.5862273361227253,0.4923988842398842,0.7112552301255249,0.7239597897209356,0.5918460936189291,0.8119456406241277,0.8039670413620001,0.7432391138273502,0.8837062097566282,0.5721943430656924,0.3784671532846701,0.8063868613138687
1123,47,0.5862273361227253,0.4923988842398842,0.7112552301255249,0.7239597897209356,0.5918460936189291,0.8119456406241277,0.8039670413620001,0.7432391138273502,0.8837062097566282,0.5721943430656924,0.3784671532846701,0.8063868613138687
1124,47,0.5862273361227253,0.4923988842398842,0.7112552301255249,0.7239597897209356,0.5918460936189291,0.8119456406241277,0.8039670413620001,0.7432391138273502,0.8837062097566282,0.5721943430656924,0.3784671532846701,0.8063868613138687
1125,47,0.5862273361227253,0.4923988842398842,0.7112552301255249,0.7239597897209356,0.5918460936189291,0.8119456406241277,0.8039670413620001,0.7432391138273502,0.8837062097566282,0.5721943430656924,0.3784671532846701,0.8063868613138687
1126,47,0.5862273361227253,0.4923988842398842,0.7112552301255249,0.7239597897209356,0.5918460936189291,0.8119456406241277,0.8039670413620001,0.7432391138273502,0.8837062097566282,0.5721943430656924,0.3784671532846701,0.8063868613138687
1127,47,0.5862273361227253,0.4923988842398842,0.7112552301255249,0.7239597897209356,0.5918460936189291,0.8119456406241277,0.8039670413620001,0.7432391138273502,0.8837062097566282,0.5721943430656924,0.3784671532846701,0.8063868613138687
1128,47,0.5862273361227253,0.4923988842398842,0.7112552301255249,0.7239597897209356,0.5918460936189291,0.8119456406241277,0.8039670413620001,0.7432391138273502,0.8837062097566282,0.5721943430656924,0.3784671532846701,0.8063868613138687
1129,48,0.5585425383542475,0.45351464435145206,0.7087587168758517,0.7257983334265417,0.6209328337341276,0.804887869805944,0.8079504529084387,0.7561060787951576,0.8518607442977171,0.6138229927007299,0.43266423357664047,0.7702554744525553
1130,48,0.5585425383542475,0.45351464435145206,0.7087587168758517,0.7257983334265417,0.6209328337341276,0.804887869805944,0.8079504529084387,0.7561060787951576,0.8518607442977171,0.6138229927007299,0.43266423357664047,0.7702554744525553
1131,48,0.5585425383542475,0.45351464435145206,0.7087587168758517,0.7257983334265417,0.6209328337341276,0.804887869805944,0.8079504529084387,0.7561060787951576,0.8518607442977171,0.6138229927007299,0.43266423357664047,0.7702554744525553
1132,48,0.5585425383542475,0.45351464435145206,0.7087587168758517,0.7257983334265417,0.6209328337341276,0.804887869805944,0.8079504529084387,0.7561060787951576,0.8518607442977171,0.6138229927007299,0.43266423357664047,0.7702554744525553
1133,48,0.5585425383542475,0.45351464435145206,0.7087587168758517,0.7257983334265417,0.6209328337341276,0.804887869805944,0.8079504529084387,0.7561060787951576,0.8518607442977171,0.6138229927007299,0.43266423357664047,0.7702554744525553
1134,48,0.5585425383542475,0.45351464435145206,0.7087587168758517,0.7257983334265417,0.6209328337341276,0.804887869805944,0.8079504529084387,0.7561060787951576,0.8518607442977171,0.6138229927007299,0.43266423357664047,0.7702554744525553
1135,48,0.5585425383542475,0.45351464435145206,0.7087587168758517,0.7257983334265417,0.6209328337341276,0.804887869805944,0.8079504529084387,0.7561060787951576,0.8518607442977171,0.6138229927007299,0.43266423357664047,0.7702554744525553
1136,48,0.5585425383542475,0.45351464435145206,0.7087587168758517,0.7257983334265417,0.6209328337341276,0.804887869805944,0.8079504529084387,0.7561060787951576,0.8518607442977171,0.6138229927007299,0.43266423357664047,0.7702554744525553
1137,48,0.5585425383542475,0.45351464435145206,0.7087587168758517,0.7257983334265417,0.6209328337341276,0.804887869805944,0.8079504529084387,0.7561060787951576,0.8518607442977171,0.6138229927007299,0.43266423357664047,0.7702554744525553
1138,48,0.5585425383542475,0.45351464435145206,0.7087587168758517,0.7257983334265417,0.6209328337341276,0.804887869805944,0.8079504529084387,0.7561060787951576,0.8518607442977171,0.6138229927007299,0.43266423357664047,0.7702554744525553
1139,48,0.5585425383542475,0.45351464435145206,0.7087587168758517,0.7257983334265417,0.6209328337341276,0.804887869805944,0.8079504529084387,0.7561060787951576,0.8518607442977171,0.6138229927007299,0.43266423357664047,0.7702554744525553
1140,48,0.5585425383542475,0.45351464435145206,0.7087587168758517,0.7257983334265417,0.6209328337341276,0.804887869805944,0.8079504529084387,0.7561060787951576,0.8518607442977171,0.6138229927007299,0.43266423357664047,0.7702554744525553
1141,48,0.5585425383542475,0.45351464435145206,0.7087587168758517,0.7257983334265417,0.6209328337341276,0.804887869805944,0.8079504529084387,0.7561060787951576,0.8518607442977171,0.6138229927007299,0.43266423357664047,0.7702554744525553
1142,48,0.5585425383542475,0.45351464435145206,0.7087587168758517,0.7257983334265417,0.6209328337341276,0.804887869805944,0.8079504529084387,0.7561060787951576,0.8518607442977171,0.6138229927007299,0.43266423357664047,0.7702554744525553
1143,48,0.5585425383542475,0.45351464435145206,0.7087587168758517,0.7257983334265417,0.6209328337341276,0.804887869805944,0.8079504529084387,0.7561060787951576,0.8518607442977171,0.6138229927007299,0.43266423357664047,0.7702554744525553
1144,48,0.5585425383542475,0.45351464435145206,0.7087587168758517,0.7257983334265417,0.6209328337341276,0.804887869805944,0.8079504529084387,0.7561060787951576,0.8518607442977171,0.6138229927007299,0.43266423357664047,0.7702554744525553
1145,48,0.5585425383542475,0.45351464435145206,0.7087587168758517,0.7257983334265417,0.6209328337341276,0.804887869805944,0.8079504529084387,0.7561060787951576,0.8518607442977171,0.6138229927007299,0.43266423357664047,0.7702554744525553
1146,48,0.5585425383542475,0.45351464435145206,0.7087587168758517,0.7257983334265417,0.6209328337341276,0.804887869805944,0.8079504529084387,0.7561060787951576,0.8518607442977171,0.6138229927007299,0.43266423357664047,0.7702554744525553
1147,48,0.5585425383542475,0.45351464435145206,0.7087587168758517,0.7257983334265417,0.6209328337341276,0.804887869805944,0.8079504529084387,0.7561060787951576,0.8518607442977171,0.6138229927007299,0.43266423357664047,0.7702554744525553
1148,48,0.5585425383542475,0.45351464435145206,0.7087587168758517,0.7257983334265417,0.6209328337341276,0.804887869805944,0.8079504529084387,0.7561060787951576,0.8518607442977171,0.6138229927007299,0.43266423357664047,0.7702554744525553
1149,48,0.5585425383542475,0.45351464435145206,0.7087587168758517,0.7257983334265417,0.6209328337341276,0.804887869805944,0.8079504529084387,0.7561060787951576,0.8518607442977171,0.6138229927007299,0.43266423357664047,0.7702554744525553
1150,48,0.5585425383542475,0.45351464435145206,0.7087587168758517,0.7257983334265417,0.6209328337341276,0.804887869805944,0.8079504529084387,0.7561060787951576,0.8518607442977171,0.6138229927007299,0.43266423357664047,0.7702554744525553
1151,48,0.5585425383542475,0.45351464435145206,0.7087587168758517,0.7257983334265417,0.6209328337341276,0.804887869805944,0.8079504529084387,0.7561060787951576,0.8518607442977171,0.6138229927007299,0.43266423357664047,0.7702554744525553
1152,48,0.5585425383542475,0.45351464435145206,0.7087587168758517,0.7257983334265417,0.6209328337341276,0.804887869805944,0.8079504529084387,0.7561060787951576,0.8518607442977171,0.6138229927007299,0.43266423357664047,0.7702554744525553
1153,49,0.5154637377963596,0.3589400278939934,0.6807391910738957,0.7254977350260043,0.6432805771489306,0.8152564174263176,0.788510858889012,0.7006111535523332,0.8541307432063725,0.6287636861313861,0.4468065693430656,0.7835766423357662
1154,49,0.5154637377963596,0.3589400278939934,0.6807391910738957,0.7254977350260043,0.6432805771489306,0.8152564174263176,0.788510858889012,0.7006111535523332,0.8541307432063725,0.6287636861313861,0.4468065693430656,0.7835766423357662
1155,49,0.5154637377963596,0.3589400278939934,0.6807391910738957,0.7254977350260043,0.6432805771489306,0.8152564174263176,0.788510858889012,0.7006111535523332,0.8541307432063725,0.6287636861313861,0.4468065693430656,0.7835766423357662
1156,49,0.5154637377963596,0.3589400278939934,0.6807391910738957,0.7254977350260043,0.6432805771489306,0.8152564174263176,0.788510858889012,0.7006111535523332,0.8541307432063725,0.6287636861313861,0.4468065693430656,0.7835766423357662
1157,49,0.5154637377963596,0.3589400278939934,0.6807391910738957,0.7254977350260043,0.6432805771489306,0.8152564174263176,0.788510858889012,0.7006111535523332,0.8541307432063725,0.6287636861313861,0.4468065693430656,0.7835766423357662
1158,49,0.5154637377963596,0.3589400278939934,0.6807391910738957,0.7254977350260043,0.6432805771489306,0.8152564174263176,0.788510858889012,0.7006111535523332,0.8541307432063725,0.6287636861313861,0.4468065693430656,0.7835766423357662
1159,49,0.5154637377963596,0.3589400278939934,0.6807391910738957,0.7254977350260043,0.6432805771489306,0.8152564174263176,0.788510858889012,0.7006111535523332,0.8541307432063725,0.6287636861313861,0.4468065693430656,0.7835766423357662
1160,49,0.5154637377963596,0.3589400278939934,0.6807391910738957,0.7254977350260043,0.6432805771489306,0.8152564174263176,0.788510858889012,0.7006111535523332,0.8541307432063725,0.6287636861313861,0.4468065693430656,0.7835766423357662
1161,49,0.5154637377963596,0.3589400278939934,0.6807391910738957,0.7254977350260043,0.6432805771489306,0.8152564174263176,0.788510858889012,0.7006111535523332,0.8541307432063725,0.6287636861313861,0.4468065693430656,0.7835766423357662
1162,49,0.5154637377963596,0.3589400278939934,0.6807391910738957,0.7254977350260043,0.6432805771489306,0.8152564174263176,0.788510858889012,0.7006111535523332,0.8541307432063725,0.6287636861313861,0.4468065693430656,0.7835766423357662
1163,49,0.5154637377963596,0.3589400278939934,0.6807391910738957,0.7254977350260043,0.6432805771489306,0.8152564174263176,0.788510858889012,0.7006111535523332,0.8541307432063725,0.6287636861313861,0.4468065693430656,0.7835766423357662
1164,49,0.5154637377963596,0.3589400278939934,0.6807391910738957,0.7254977350260043,0.6432805771489306,0.8152564174263176,0.788510858889012,0.7006111535523332,0.8541307432063725,0.6287636861313861,0.4468065693430656,0.7835766423357662
1165,49,0.5154637377963596,0.3589400278939934,0.6807391910738957,0.7254977350260043,0.6432805771489306,0.8152564174263176,0.788510858889012,0.7006111535523332,0.8541307432063725,0.6287636861313861,0.4468065693430656,0.7835766423357662
1166,49,0.5154637377963596,0.3589400278939934,0.6807391910738957,0.7254977350260043,0.6432805771489306,0.8152564174263176,0.788510858889012,0.7006111535523332,0.8541307432063725,0.6287636861313861,0.4468065693430656,0.7835766423357662
1167,49,0.5154637377963596,0.3589400278939934,0.6807391910738957,0.7254977350260043,0.6432805771489306,0.8152564174263176,0.788510858889012,0.7006111535523332,0.8541307432063725,0.6287636861313861,0.4468065693430656,0.7835766423357662
1168,49,0.5154637377963596,0.3589400278939934,0.6807391910738957,0.7254977350260043,0.6432805771489306,0.8152564174263176,0.788510858889012,0.7006111535523332,0.8541307432063725,0.6287636861313861,0.4468065693430656,0.7835766423357662
1169,49,0.5154637377963596,0.3589400278939934,0.6807391910738957,0.7254977350260043,0.6432805771489306,0.8152564174263176,0.788510858889012,0.7006111535523332,0.8541307432063725,0.6287636861313861,0.4468065693430656,0.7835766423357662
1170,49,0.5154637377963596,0.3589400278939934,0.6807391910738957,0.7254977350260043,0.6432805771489306,0.8152564174263176,0.788510858889012,0.7006111535523332,0.8541307432063725,0.6287636861313861,0.4468065693430656,0.7835766423357662
1171,49,0.5154637377963596,0.3589400278939934,0.6807391910738957,0.7254977350260043,0.6432805771489306,0.8152564174263176,0.788510858889012,0.7006111535523332,0.8541307432063725,0.6287636861313861,0.4468065693430656,0.7835766423357662
1172,49,0.5154637377963596,0.3589400278939934,0.6807391910738957,0.7254977350260043,0.6432805771489306,0.8152564174263176,0.788510858889012,0.7006111535523332,0.8541307432063725,0.6287636861313861,0.4468065693430656,0.7835766423357662
1173,49,0.5154637377963596,0.3589400278939934,0.6807391910738957,0.7254977350260043,0.6432805771489306,0.8152564174263176,0.788510858889012,0.7006111535523332,0.8541307432063725,0.6287636861313861,0.4468065693430656,0.7835766423357662
1174,49,0.5154637377963596,0.3589400278939934,0.6807391910738957,0.7254977350260043,0.6432805771489306,0.8152564174263176,0.788510858889012,0.7006111535523332,0.8541307432063725,0.6287636861313861,0.4468065693430656,0.7835766423357662
1175,49,0.5154637377963596,0.3589400278939934,0.6807391910738957,0.7254977350260043,0.6432805771489306,0.8152564174263176,0.788510858889012,0.7006111535523332,0.8541307432063725,0.6287636861313861,0.4468065693430656,0.7835766423357662
1176,49,0.5154637377963596,0.3589400278939934,0.6807391910738957,0.7254977350260043,0.6432805771489306,0.8152564174263176,0.788510858889012,0.7006111535523332,0.8541307432063725,0.6287636861313861,0.4468065693430656,0.7835766423357662
1177,50,0.5100767085076559,0.38790794979078813,0.6012133891213182,0.7216528717633262,0.6243834237458756,0.8071360662155407,0.763901014951438,0.7099312452253663,0.8286259958528938,0.6133667883211666,0.4671532846715323,0.7399635036496335
1178,50,0.5100767085076559,0.38790794979078813,0.6012133891213182,0.7216528717633262,0.6243834237458756,0.8071360662155407,0.763901014951438,0.7099312452253663,0.8286259958528938,0.6133667883211666,0.4671532846715323,0.7399635036496335
1179,50,0.5100767085076559,0.38790794979078813,0.6012133891213182,0.7216528717633262,0.6243834237458756,0.8071360662155407,0.763901014951438,0.7099312452253663,0.8286259958528938,0.6133667883211666,0.4671532846715323,0.7399635036496335
1180,50,0.5100767085076559,0.38790794979078813,0.6012133891213182,0.7216528717633262,0.6243834237458756,0.8071360662155407,0.763901014951438,0.7099312452253663,0.8286259958528938,0.6133667883211666,0.4671532846715323,0.7399635036496335
1181,50,0.5100767085076559,0.38790794979078813,0.6012133891213182,0.7216528717633262,0.6243834237458756,0.8071360662155407,0.763901014951438,0.7099312452253663,0.8286259958528938,0.6133667883211666,0.4671532846715323,0.7399635036496335
1182,50,0.5100767085076559,0.38790794979078813,0.6012133891213182,0.7216528717633262,0.6243834237458756,0.8071360662155407,0.763901014951438,0.7099312452253663,0.8286259958528938,0.6133667883211666,0.4671532846715323,0.7399635036496335
1183,50,0.5100767085076559,0.38790794979078813,0.6012133891213182,0.7216528717633262,0.6243834237458756,0.8071360662155407,0.763901014951438,0.7099312452253663,0.8286259958528938,0.6133667883211666,0.4671532846715323,0.7399635036496335
1184,50,0.5100767085076559,0.38790794979078813,0.6012133891213182,0.7216528717633262,0.6243834237458756,0.8071360662155407,0.763901014951438,0.7099312452253663,0.8286259958528938,0.6133667883211666,0.4671532846715323,0.7399635036496335
1185,50,0.5100767085076559,0.38790794979078813,0.6012133891213182,0.7216528717633262,0.6243834237458756,0.8071360662155407,0.763901014951438,0.7099312452253663,0.8286259958528938,0.6133667883211666,0.4671532846715323,0.7399635036496335
1186,50,0.5100767085076559,0.38790794979078813,0.6012133891213182,0.7216528717633262,0.6243834237458756,0.8071360662155407,0.763901014951438,0.7099312452253663,0.8286259958528938,0.6133667883211666,0.4671532846715323,0.7399635036496335
1187,50,0.5100767085076559,0.38790794979078813,0.6012133891213182,0.7216528717633262,0.6243834237458756,0.8071360662155407,0.763901014951438,0.7099312452253663,0.8286259958528938,0.6133667883211666,0.4671532846715323,0.7399635036496335
1188,50,0.5100767085076559,0.38790794979078813,0.6012133891213182,0.7216528717633262,0.6243834237458756,0.8071360662155407,0.763901014951438,0.7099312452253663,0.8286259958528938,0.6133667883211666,0.4671532846715323,0.7399635036496335
1189,50,0.5100767085076559,0.38790794979078813,0.6012133891213182,0.7216528717633262,0.6243834237458756,0.8071360662155407,0.763901014951438,0.7099312452253663,0.8286259958528938,0.6133667883211666,0.4671532846715323,0.7399635036496335
1190,50,0.5100767085076559,0.38790794979078813,0.6012133891213182,0.7216528717633262,0.6243834237458756,0.8071360662155407,0.763901014951438,0.7099312452253663,0.8286259958528938,0.6133667883211666,0.4671532846715323,0.7399635036496335
1191,50,0.5100767085076559,0.38790794979078813,0.6012133891213182,0.7216528717633262,0.6243834237458756,0.8071360662155407,0.763901014951438,0.7099312452253663,0.8286259958528938,0.6133667883211666,0.4671532846715323,0.7399635036496335
1192,50,0.5100767085076559,0.38790794979078813,0.6012133891213182,0.7216528717633262,0.6243834237458756,0.8071360662155407,0.763901014951438,0.7099312452253663,0.8286259958528938,0.6133667883211666,0.4671532846715323,0.7399635036496335
1193,50,0.5100767085076559,0.38790794979078813,0.6012133891213182,0.7216528717633262,0.6243834237458756,0.8071360662155407,0.763901014951438,0.7099312452253663,0.8286259958528938,0.6133667883211666,0.4671532846715323,0.7399635036496335
1194,50,0.5100767085076559,0.38790794979078813,0.6012133891213182,0.7216528717633262,0.6243834237458756,0.8071360662155407,0.763901014951438,0.7099312452253663,0.8286259958528938,0.6133667883211666,0.4671532846715323,0.7399635036496335
1195,50,0.5100767085076559,0.38790794979078813,0.6012133891213182,0.7216528717633262,0.6243834237458756,0.8071360662155407,0.763901014951438,0.7099312452253663,0.8286259958528938,0.6133667883211666,0.4671532846715323,0.7399635036496335
1196,50,0.5100767085076559,0.38790794979078813,0.6012133891213182,0.7216528717633262,0.6243834237458756,0.8071360662155407,0.763901014951438,0.7099312452253663,0.8286259958528938,0.6133667883211666,0.4671532846715323,0.7399635036496335
1197,50,0.5100767085076559,0.38790794979078813,0.6012133891213182,0.7216528717633262,0.6243834237458756,0.8071360662155407,0.763901014951438,0.7099312452253663,0.8286259958528938,0.6133667883211666,0.4671532846715323,0.7399635036496335
1198,50,0.5100767085076559,0.38790794979078813,0.6012133891213182,0.7216528717633262,0.6243834237458756,0.8071360662155407,0.763901014951438,0.7099312452253663,0.8286259958528938,0.6133667883211666,0.4671532846715323,0.7399635036496335
1199,50,0.5100767085076559,0.38790794979078813,0.6012133891213182,0.7216528717633262,0.6243834237458756,0.8071360662155407,0.763901014951438,0.7099312452253663,0.8286259958528938,0.6133667883211666,0.4671532846715323,0.7399635036496335
1200,50,0.5100767085076559,0.38790794979078813,0.6012133891213182,0.7216528717633262,0.6243834237458756,0.8071360662155407,0.763901014951438,0.7099312452253663,0.8286259958528938,0.6133667883211666,0.4671532846715323,0.7399635036496335
1201,51,0.514940725244065,0.41216178521617763,0.6144211994421056,0.7140540238241728,0.601683351043009,0.8062468542027872,0.803926115900909,0.777802029902874,0.8256902761104492,0.6279653284671523,0.42819343065693405,0.748175182481749
1202,51,0.514940725244065,0.41216178521617763,0.6144211994421056,0.7140540238241728,0.601683351043009,0.8062468542027872,0.803926115900909,0.777802029902874,0.8256902761104492,0.6279653284671523,0.42819343065693405,0.748175182481749
1203,51,0.514940725244065,0.41216178521617763,0.6144211994421056,0.7140540238241728,0.601683351043009,0.8062468542027872,0.803926115900909,0.777802029902874,0.8256902761104492,0.6279653284671523,0.42819343065693405,0.748175182481749
1204,51,0.514940725244065,0.41216178521617763,0.6144211994421056,0.7140540238241728,0.601683351043009,0.8062468542027872,0.803926115900909,0.777802029902874,0.8256902761104492,0.6279653284671523,0.42819343065693405,0.748175182481749
1205,51,0.514940725244065,0.41216178521617763,0.6144211994421056,0.7140540238241728,0.601683351043009,0.8062468542027872,0.803926115900909,0.777802029902874,0.8256902761104492,0.6279653284671523,0.42819343065693405,0.748175182481749
1206,51,0.514940725244065,0.41216178521617763,0.6144211994421056,0.7140540238241728,0.601683351043009,0.8062468542027872,0.803926115900909,0.777802029902874,0.8256902761104492,0.6279653284671523,0.42819343065693405,0.748175182481749
1207,51,0.514940725244065,0.41216178521617763,0.6144211994421056,0.7140540238241728,0.601683351043009,0.8062468542027872,0.803926115900909,0.777802029902874,0.8256902761104492,0.6279653284671523,0.42819343065693405,0.748175182481749
1208,51,0.514940725244065,0.41216178521617763,0.6144211994421056,0.7140540238241728,0.601683351043009,0.8062468542027872,0.803926115900909,0.777802029902874,0.8256902761104492,0.6279653284671523,0.42819343065693405,0.748175182481749
1209,51,0.514940725244065,0.41216178521617763,0.6144211994421056,0.7140540238241728,0.601683351043009,0.8062468542027872,0.803926115900909,0.777802029902874,0.8256902761104492,0.6279653284671523,0.42819343065693405,0.748175182481749
1210,51,0.514940725244065,0.41216178521617763,0.6144211994421056,0.7140540238241728,0.601683351043009,0.8062468542027872,0.803926115900909,0.777802029902874,0.8256902761104492,0.6279653284671523,0.42819343065693405,0.748175182481749
1211,51,0.514940725244065,0.41216178521617763,0.6144211994421056,0.7140540238241728,0.601683351043009,0.8062468542027872,0.803926115900909,0.777802029902874,0.8256902761104492,0.6279653284671523,0.42819343065693405,0.748175182481749
1212,51,0.514940725244065,0.41216178521617763,0.6144211994421056,0.7140540238241728,0.601683351043009,0.8062468542027872,0.803926115900909,0.777802029902874,0.8256902761104492,0.6279653284671523,0.42819343065693405,0.748175182481749
1213,51,0.514940725244065,0.41216178521617763,0.6144211994421056,0.7140540238241728,0.601683351043009,0.8062468542027872,0.803926115900909,0.777802029902874,0.8256902761104492,0.6279653284671523,0.42819343065693405,0.748175182481749
1214,51,0.514940725244065,0.41216178521617763,0.6144211994421056,0.7140540238241728,0.601683351043009,0.8062468542027872,0.803926115900909,0.777802029902874,0.8256902761104492,0.6279653284671523,0.42819343065693405,0.748175182481749
1215,51,0.514940725244065,0.41216178521617763,0.6144211994421056,0.7140540238241728,0.601683351043009,0.8062468542027872,0.803926115900909,0.777802029902874,0.8256902761104492,0.6279653284671523,0.42819343065693405,0.748175182481749
1216,51,0.514940725244065,0.41216178521617763,0.6144211994421056,0.7140540238241728,0.601683351043009,0.8062468542027872,0.803926115900909,0.777802029902874,0.8256902761104492,0.6279653284671523,0.42819343065693405,0.748175182481749
1217,51,0.514940725244065,0.41216178521617763,0.6144211994421056,0.7140540238241728,0.601683351043009,0.8062468542027872,0.803926115900909,0.777802029902874,0.8256902761104492,0.6279653284671523,0.42819343065693405,0.748175182481749
1218,51,0.514940725244065,0.41216178521617763,0.6144211994421056,0.7140540238241728,0.601683351043009,0.8062468542027872,0.803926115900909,0.777802029902874,0.8256902761104492,0.6279653284671523,0.42819343065693405,0.748175182481749
1219,51,0.514940725244065,0.41216178521617763,0.6144211994421056,0.7140540238241728,0.601683351043009,0.8062468542027872,0.803926115900909,0.777802029902874,0.8256902761104492,0.6279653284671523,0.42819343065693405,0.748175182481749
1220,51,0.514940725244065,0.41216178521617763,0.6144211994421056,0.7140540238241728,0.601683351043009,0.8062468542027872,0.803926115900909,0.777802029902874,0.8256902761104492,0.6279653284671523,0.42819343065693405,0.748175182481749
1221,51,0.514940725244065,0.41216178521617763,0.6144211994421056,0.7140540238241728,0.601683351043009,0.8062468542027872,0.803926115900909,0.777802029902874,0.8256902761104492,0.6279653284671523,0.42819343065693405,0.748175182481749
1222,51,0.514940725244065,0.41216178521617763,0.6144211994421056,0.7140540238241728,0.601683351043009,0.8062468542027872,0.803926115900909,0.777802029902874,0.8256902761104492,0.6279653284671523,0.42819343065693405,0.748175182481749
1223,51,0.514940725244065,0.41216178521617763,0.6144211994421056,0.7140540238241728,0.601683351043009,0.8062468542027872,0.803926115900909,0.777802029902874,0.8256902761104492,0.6279653284671523,0.42819343065693405,0.748175182481749
1224,51,0.514940725244065,0.41216178521617763,0.6144211994421056,0.7140540238241728,0.601683351043009,0.8062468542027872,0.803926115900909,0.777802029902874,0.8256902761104492,0.6279653284671523,0.42819343065693405,0.748175182481749
1225,52,0.5324442119944113,0.43345885634587805,0.6355648535564754,0.7137464347631557,0.5877523628432435,0.8068899949667241,0.7787160318672948,0.696824184219146,0.8744188584524736,0.6981067518248167,0.5608576642335752,0.8010948905109487
1226,52,0.5324442119944113,0.43345885634587805,0.6355648535564754,0.7137464347631557,0.5877523628432435,0.8068899949667241,0.7787160318672948,0.696824184219146,0.8744188584524736,0.6981067518248167,0.5608576642335752,0.8010948905109487
1227,52,0.5324442119944113,0.43345885634587805,0.6355648535564754,0.7137464347631557,0.5877523628432435,0.8068899949667241,0.7787160318672948,0.696824184219146,0.8744188584524736,0.6981067518248167,0.5608576642335752,0.8010948905109487
1228,52,0.5324442119944113,0.43345885634587805,0.6355648535564754,0.7137464347631557,0.5877523628432435,0.8068899949667241,0.7787160318672948,0.696824184219146,0.8744188584524736,0.6981067518248167,0.5608576642335752,0.8010948905109487
1229,52,0.5324442119944113,0.43345885634587805,0.6355648535564754,0.7137464347631557,0.5877523628432435,0.8068899949667241,0.7787160318672948,0.696824184219146,0.8744188584524736,0.6981067518248167,0.5608576642335752,0.8010948905109487
1230,52,0.5324442119944113,0.43345885634587805,0.6355648535564754,0.7137464347631557,0.5877523628432435,0.8068899949667241,0.7787160318672948,0.696824184219146,0.8744188584524736,0.6981067518248167,0.5608576642335752,0.8010948905109487
1231,52,0.5324442119944113,0.43345885634587805,0.6355648535564754,0.7137464347631557,0.5877523628432435,0.8068899949667241,0.7787160318672948,0.696824184219146,0.8744188584524736,0.6981067518248167,0.5608576642335752,0.8010948905109487
1232,52,0.5324442119944113,0.43345885634587805,0.6355648535564754,0.7137464347631557,0.5877523628432435,0.8068899949667241,0.7787160318672948,0.696824184219146,0.8744188584524736,0.6981067518248167,0.5608576642335752,0.8010948905109487
1233,52,0.5324442119944113,0.43345885634587805,0.6355648535564754,0.7137464347631557,0.5877523628432435,0.8068899949667241,0.7787160318672948,0.696824184219146,0.8744188584524736,0.6981067518248167,0.5608576642335752,0.8010948905109487
1234,52,0.5324442119944113,0.43345885634587805,0.6355648535564754,0.7137464347631557,0.5877523628432435,0.8068899949667241,0.7787160318672948,0.696824184219146,0.8744188584524736,0.6981067518248167,0.5608576642335752,0.8010948905109487
1235,52,0.5324442119944113,0.43345885634587805,0.6355648535564754,0.7137464347631557,0.5877523628432435,0.8068899949667241,0.7787160318672948,0.696824184219146,0.8744188584524736,0.6981067518248167,0.5608576642335752,0.8010948905109487
1236,52,0.5324442119944113,0.43345885634587805,0.6355648535564754,0.7137464347631557,0.5877523628432435,0.8068899949667241,0.7787160318672948,0.696824184219146,0.8744188584524736,0.6981067518248167,0.5608576642335752,0.8010948905109487
1237,52,0.5324442119944113,0.43345885634587805,0.6355648535564754,0.7137464347631557,0.5877523628432435,0.8068899949667241,0.7787160318672948,0.696824184219146,0.8744188584524736,0.6981067518248167,0.5608576642335752,0.8010948905109487
1238,52,0.5324442119944113,0.43345885634587805,0.6355648535564754,0.7137464347631557,0.5877523628432435,0.8068899949667241,0.7787160318672948,0.696824184219146,0.8744188584524736,0.6981067518248167,0.5608576642335752,0.8010948905109487
1239,52,0.5324442119944113,0.43345885634587805,0.6355648535564754,0.7137464347631557,0.5877523628432435,0.8068899949667241,0.7787160318672948,0.696824184219146,0.8744188584524736,0.6981067518248167,0.5608576642335752,0.8010948905109487
1240,52,0.5324442119944113,0.43345885634587805,0.6355648535564754,0.7137464347631557,0.5877523628432435,0.8068899949667241,0.7787160318672948,0.696824184219146,0.8744188584524736,0.6981067518248167,0.5608576642335752,0.8010948905109487
1241,52,0.5324442119944113,0.43345885634587805,0.6355648535564754,0.7137464347631557,0.5877523628432435,0.8068899949667241,0.7787160318672948,0.696824184219146,0.8744188584524736,0.6981067518248167,0.5608576642335752,0.8010948905109487
1242,52,0.5324442119944113,0.43345885634587805,0.6355648535564754,0.7137464347631557,0.5877523628432435,0.8068899949667241,0.7787160318672948,0.696824184219146,0.8744188584524736,0.6981067518248167,0.5608576642335752,0.8010948905109487
1243,52,0.5324442119944113,0.43345885634587805,0.6355648535564754,0.7137464347631557,0.5877523628432435,0.8068899949667241,0.7787160318672948,0.696824184219146,0.8744188584524736,0.6981067518248167,0.5608576642335752,0.8010948905109487
1244,52,0.5324442119944113,0.43345885634587805,0.6355648535564754,0.7137464347631557,0.5877523628432435,0.8068899949667241,0.7787160318672948,0.696824184219146,0.8744188584524736,0.6981067518248167,0.5608576642335752,0.8010948905109487
1245,52,0.5324442119944113,0.43345885634587805,0.6355648535564754,0.7137464347631557,0.5877523628432435,0.8068899949667241,0.7787160318672948,0.696824184219146,0.8744188584524736,0.6981067518248167,0.5608576642335752,0.8010948905109487
1246,52,0.5324442119944113,0.43345885634587805,0.6355648535564754,0.7137464347631557,0.5877523628432435,0.8068899949667241,0.7787160318672948,0.696824184219146,0.8744188584524736,0.6981067518248167,0.5608576642335752,0.8010948905109487
1247,52,0.5324442119944113,0.43345885634587805,0.6355648535564754,0.7137464347631557,0.5877523628432435,0.8068899949667241,0.7787160318672948,0.696824184219146,0.8744188584524736,0.6981067518248167,0.5608576642335752,0.8010948905109487
1248,52,0.5324442119944113,0.43345885634587805,0.6355648535564754,0.7137464347631557,0.5877523628432435,0.8068899949667241,0.7787160318672948,0.696824184219146,0.8744188584524736,0.6981067518248167,0.5608576642335752,0.8010948905109487
1249,53,0.5412831241283005,0.44198047419803715,0.614030683403054,0.7186958223812994,0.5835076338012414,0.8041272859459759,0.7964503983411566,0.7005565862708721,0.8667685255920595,0.6328695255474426,0.47582116788320783,0.8119525547445232
1250,53,0.5412831241283005,0.44198047419803715,0.614030683403054,0.7186958223812994,0.5835076338012414,0.8041272859459759,0.7964503983411566,0.7005565862708721,0.8667685255920595,0.6328695255474426,0.47582116788320783,0.8119525547445232
1251,53,0.5412831241283005,0.44198047419803715,0.614030683403054,0.7186958223812994,0.5835076338012414,0.8041272859459759,0.7964503983411566,0.7005565862708721,0.8667685255920595,0.6328695255474426,0.47582116788320783,0.8119525547445232
1252,53,0.5412831241283005,0.44198047419803715,0.614030683403054,0.7186958223812994,0.5835076338012414,0.8041272859459759,0.7964503983411566,0.7005565862708721,0.8667685255920595,0.6328695255474426,0.47582116788320783,0.8119525547445232
1253,53,0.5412831241283005,0.44198047419803715,0.614030683403054,0.7186958223812994,0.5835076338012414,0.8041272859459759,0.7964503983411566,0.7005565862708721,0.8667685255920595,0.6328695255474426,0.47582116788320783,0.8119525547445232
1254,53,0.5412831241283005,0.44198047419803715,0.614030683403054,0.7186958223812994,0.5835076338012414,0.8041272859459759,0.7964503983411566,0.7005565862708721,0.8667685255920595,0.6328695255474426,0.47582116788320783,0.8119525547445232
1255,53,0.5412831241283005,0.44198047419803715,0.614030683403054,0.7186958223812994,0.5835076338012414,0.8041272859459759,0.7964503983411566,0.7005565862708721,0.8667685255920595,0.6328695255474426,0.47582116788320783,0.8119525547445232
1256,53,0.5412831241283005,0.44198047419803715,0.614030683403054,0.7186958223812994,0.5835076338012414,0.8041272859459759,0.7964503983411566,0.7005565862708721,0.8667685255920595,0.6328695255474426,0.47582116788320783,0.8119525547445232
1257,53,0.5412831241283005,0.44198047419803715,0.614030683403054,0.7186958223812994,0.5835076338012414,0.8041272859459759,0.7964503983411566,0.7005565862708721,0.8667685255920595,0.6328695255474426,0.47582116788320783,0.8119525547445232
1258,53,0.5412831241283005,0.44198047419803715,0.614030683403054,0.7186958223812994,0.5835076338012414,0.8041272859459759,0.7964503983411566,0.7005565862708721,0.8667685255920595,0.6328695255474426,0.47582116788320783,0.8119525547445232
1259,53,0.5412831241283005,0.44198047419803715,0.614030683403054,0.7186958223812994,0.5835076338012414,0.8041272859459759,0.7964503983411566,0.7005565862708721,0.8667685255920595,0.6328695255474426,0.47582116788320783,0.8119525547445232
1260,53,0.5412831241283005,0.44198047419803715,0.614030683403054,0.7186958223812994,0.5835076338012414,0.8041272859459759,0.7964503983411566,0.7005565862708721,0.8667685255920595,0.6328695255474426,0.47582116788320783,0.8119525547445232
1261,53,0.5412831241283005,0.44198047419803715,0.614030683403054,0.7186958223812994,0.5835076338012414,0.8041272859459759,0.7964503983411566,0.7005565862708721,0.8667685255920595,0.6328695255474426,0.47582116788320783,0.8119525547445232
1262,53,0.5412831241283005,0.44198047419803715,0.614030683403054,0.7186958223812994,0.5835076338012414,0.8041272859459759,0.7964503983411566,0.7005565862708721,0.8667685255920595,0.6328695255474426,0.47582116788320783,0.8119525547445232
1263,53,0.5412831241283005,0.44198047419803715,0.614030683403054,0.7186958223812994,0.5835076338012414,0.8041272859459759,0.7964503983411566,0.7005565862708721,0.8667685255920595,0.6328695255474426,0.47582116788320783,0.8119525547445232
1264,53,0.5412831241283005,0.44198047419803715,0.614030683403054,0.7186958223812994,0.5835076338012414,0.8041272859459759,0.7964503983411566,0.7005565862708721,0.8667685255920595,0.6328695255474426,0.47582116788320783,0.8119525547445232
1265,53,0.5412831241283005,0.44198047419803715,0.614030683403054,0.7186958223812994,0.5835076338012414,0.8041272859459759,0.7964503983411566,0.7005565862708721,0.8667685255920595,0.6328695255474426,0.47582116788320783,0.8119525547445232
1266,53,0.5412831241283005,0.44198047419803715,0.614030683403054,0.7186958223812994,0.5835076338012414,0.8041272859459759,0.7964503983411566,0.7005565862708721,0.8667685255920595,0.6328695255474426,0.47582116788320783,0.8119525547445232
1267,53,0.5412831241283005,0.44198047419803715,0.614030683403054,0.7186958223812994,0.5835076338012414,0.8041272859459759,0.7964503983411566,0.7005565862708721,0.8667685255920595,0.6328695255474426,0.47582116788320783,0.8119525547445232
1268,53,0.5412831241283005,0.44198047419803715,0.614030683403054,0.7186958223812994,0.5835076338012414,0.8041272859459759,0.7964503983411566,0.7005565862708721,0.8667685255920595,0.6328695255474426,0.47582116788320783,0.8119525547445232
1269,53,0.5412831241283005,0.44198047419803715,0.614030683403054,0.7186958223812994,0.5835076338012414,0.8041272859459759,0.7964503983411566,0.7005565862708721,0.8667685255920595,0.6328695255474426,0.47582116788320783,0.8119525547445232
1270,53,0.5412831241283005,0.44198047419803715,0.614030683403054,0.7186958223812994,0.5835076338012414,0.8041272859459759,0.7964503983411566,0.7005565862708721,0.8667685255920595,0.6328695255474426,0.47582116788320783,0.8119525547445232
1271,53,0.5412831241283005,0.44198047419803715,0.614030683403054,0.7186958223812994,0.5835076338012414,0.8041272859459759,0.7964503983411566,0.7005565862708721,0.8667685255920595,0.6328695255474426,0.47582116788320783,0.8119525547445232
1272,53,0.5412831241283005,0.44198047419803715,0.614030683403054,0.7186958223812994,0.5835076338012414,0.8041272859459759,0.7964503983411566,0.7005565862708721,0.8667685255920595,0.6328695255474426,0.47582116788320783,0.8119525547445232
1273,54,0.49987796373778615,0.4059135285913428,0.5845048814504793,0.7244770985962763,0.6038196968849654,0.8322577037078467,0.7819627851140458,0.6970861071701442,0.8487831496234854,0.6225479014598525,0.35428832116788167,0.8170164233576621
1274,54,0.49987796373778615,0.4059135285913428,0.5845048814504793,0.7244770985962763,0.6038196968849654,0.8322577037078467,0.7819627851140458,0.6970861071701442,0.8487831496234854,0.6225479014598525,0.35428832116788167,0.8170164233576621
1275,54,0.49987796373778615,0.4059135285913428,0.5845048814504793,0.7244770985962763,0.6038196968849654,0.8322577037078467,0.7819627851140458,0.6970861071701442,0.8487831496234854,0.6225479014598525,0.35428832116788167,0.8170164233576621
1276,54,0.49987796373778615,0.4059135285913428,0.5845048814504793,0.7244770985962763,0.6038196968849654,0.8322577037078467,0.7819627851140458,0.6970861071701442,0.8487831496234854,0.6225479014598525,0.35428832116788167,0.8170164233576621
1277,54,0.49987796373778615,0.4059135285913428,0.5845048814504793,0.7244770985962763,0.6038196968849654,0.8322577037078467,0.7819627851140458,0.6970861071701442,0.8487831496234854,0.6225479014598525,0.35428832116788167,0.8170164233576621
1278,54,0.49987796373778615,0.4059135285913428,0.5845048814504793,0.7244770985962763,0.6038196968849654,0.8322577037078467,0.7819627851140458,0.6970861071701442,0.8487831496234854,0.6225479014598525,0.35428832116788167,0.8170164233576621
1279,54,0.49987796373778615,0.4059135285913428,0.5845048814504793,0.7244770985962763,0.6038196968849654,0.8322577037078467,0.7819627851140458,0.6970861071701442,0.8487831496234854,0.6225479014598525,0.35428832116788167,0.8170164233576621
1280,54,0.49987796373778615,0.4059135285913428,0.5845048814504793,0.7244770985962763,0.6038196968849654,0.8322577037078467,0.7819627851140458,0.6970861071701442,0.8487831496234854,0.6225479014598525,0.35428832116788167,0.8170164233576621
1281,54,0.49987796373778615,0.4059135285913428,0.5845048814504793,0.7244770985962763,0.6038196968849654,0.8322577037078467,0.7819627851140458,0.6970861071701442,0.8487831496234854,0.6225479014598525,0.35428832116788167,0.8170164233576621
1282,54,0.49987796373778615,0.4059135285913428,0.5845048814504793,0.7244770985962763,0.6038196968849654,0.8322577037078467,0.7819627851140458,0.6970861071701442,0.8487831496234854,0.6225479014598525,0.35428832116788167,0.8170164233576621
1283,54,0.49987796373778615,0.4059135285913428,0.5845048814504793,0.7244770985962763,0.6038196968849654,0.8322577037078467,0.7819627851140458,0.6970861071701442,0.8487831496234854,0.6225479014598525,0.35428832116788167,0.8170164233576621
1284,54,0.49987796373778615,0.4059135285913428,0.5845048814504793,0.7244770985962763,0.6038196968849654,0.8322577037078467,0.7819627851140458,0.6970861071701442,0.8487831496234854,0.6225479014598525,0.35428832116788167,0.8170164233576621
1285,54,0.49987796373778615,0.4059135285913428,0.5845048814504793,0.7244770985962763,0.6038196968849654,0.8322577037078467,0.7819627851140458,0.6970861071701442,0.8487831496234854,0.6225479014598525,0.35428832116788167,0.8170164233576621
1286,54,0.49987796373778615,0.4059135285913428,0.5845048814504793,0.7244770985962763,0.6038196968849654,0.8322577037078467,0.7819627851140458,0.6970861071701442,0.8487831496234854,0.6225479014598525,0.35428832116788167,0.8170164233576621
1287,54,0.49987796373778615,0.4059135285913428,0.5845048814504793,0.7244770985962763,0.6038196968849654,0.8322577037078467,0.7819627851140458,0.6970861071701442,0.8487831496234854,0.6225479014598525,0.35428832116788167,0.8170164233576621
1288,54,0.49987796373778615,0.4059135285913428,0.5845048814504793,0.7244770985962763,0.6038196968849654,0.8322577037078467,0.7819627851140458,0.6970861071701442,0.8487831496234854,0.6225479014598525,0.35428832116788167,0.8170164233576621
1289,54,0.49987796373778615,0.4059135285913428,0.5845048814504793,0.7244770985962763,0.6038196968849654,0.8322577037078467,0.7819627851140458,0.6970861071701442,0.8487831496234854,0.6225479014598525,0.35428832116788167,0.8170164233576621
1290,54,0.49987796373778615,0.4059135285913428,0.5845048814504793,0.7244770985962763,0.6038196968849654,0.8322577037078467,0.7819627851140458,0.6970861071701442,0.8487831496234854,0.6225479014598525,0.35428832116788167,0.8170164233576621
1291,54,0.49987796373778615,0.4059135285913428,0.5845048814504793,0.7244770985962763,0.6038196968849654,0.8322577037078467,0.7819627851140458,0.6970861071701442,0.8487831496234854,0.6225479014598525,0.35428832116788167,0.8170164233576621
1292,54,0.49987796373778615,0.4059135285913428,0.5845048814504793,0.7244770985962763,0.6038196968849654,0.8322577037078467,0.7819627851140458,0.6970861071701442,0.8487831496234854,0.6225479014598525,0.35428832116788167,0.8170164233576621
1293,54,0.49987796373778615,0.4059135285913428,0.5845048814504793,0.7244770985962763,0.6038196968849654,0.8322577037078467,0.7819627851140458,0.6970861071701442,0.8487831496234854,0.6225479014598525,0.35428832116788167,0.8170164233576621
1294,54,0.49987796373778615,0.4059135285913428,0.5845048814504793,0.7244770985962763,0.6038196968849654,0.8322577037078467,0.7819627851140458,0.6970861071701442,0.8487831496234854,0.6225479014598525,0.35428832116788167,0.8170164233576621
1295,54,0.49987796373778615,0.4059135285913428,0.5845048814504793,0.7244770985962763,0.6038196968849654,0.8322577037078467,0.7819627851140458,0.6970861071701442,0.8487831496234854,0.6225479014598525,0.35428832116788167,0.8170164233576621
1296,54,0.49987796373778615,0.4059135285913428,0.5845048814504793,0.7244770985962763,0.6038196968849654,0.8322577037078467,0.7819627851140458,0.6970861071701442,0.8487831496234854,0.6225479014598525,0.35428832116788167,0.8170164233576621
1297,55,0.4931136680613548,0.3692050209204865,0.663110181311005,0.7458056037134382,0.6279738269671717,0.8391309210894249,0.7784022699989119,0.7292262359489292,0.8130306668121825,0.6584169708029188,0.41249999999999787,0.8745437956204369
1298,55,0.4931136680613548,0.3692050209204865,0.663110181311005,0.7458056037134382,0.6279738269671717,0.8391309210894249,0.7784022699989119,0.7292262359489292,0.8130306668121825,0.6584169708029188,0.41249999999999787,0.8745437956204369
1299,55,0.4931136680613548,0.3692050209204865,0.663110181311005,0.7458056037134382,0.6279738269671717,0.8391309210894249,0.7784022699989119,0.7292262359489292,0.8130306668121825,0.6584169708029188,0.41249999999999787,0.8745437956204369
1300,55,0.4931136680613548,0.3692050209204865,0.663110181311005,0.7458056037134382,0.6279738269671717,0.8391309210894249,0.7784022699989119,0.7292262359489292,0.8130306668121825,0.6584169708029188,0.41249999999999787,0.8745437956204369
1301,55,0.4931136680613548,0.3692050209204865,0.663110181311005,0.7458056037134382,0.6279738269671717,0.8391309210894249,0.7784022699989119,0.7292262359489292,0.8130306668121825,0.6584169708029188,0.41249999999999787,0.8745437956204369
1302,55,0.4931136680613548,0.3692050209204865,0.663110181311005,0.7458056037134382,0.6279738269671717,0.8391309210894249,0.7784022699989119,0.7292262359489292,0.8130306668121825,0.6584169708029188,0.41249999999999787,0.8745437956204369
1303,55,0.4931136680613548,0.3692050209204865,0.663110181311005,0.7458056037134382,0.6279738269671717,0.8391309210894249,0.7784022699989119,0.7292262359489292,0.8130306668121825,0.6584169708029188,0.41249999999999787,0.8745437956204369
1304,55,0.4931136680613548,0.3692050209204865,0.663110181311005,0.7458056037134382,0.6279738269671717,0.8391309210894249,0.7784022699989119,0.7292262359489292,0.8130306668121825,0.6584169708029188,0.41249999999999787,0.8745437956204369
1305,55,0.4931136680613548,0.3692050209204865,0.663110181311005,0.7458056037134382,0.6279738269671717,0.8391309210894249,0.7784022699989119,0.7292262359489292,0.8130306668121825,0.6584169708029188,0.41249999999999787,0.8745437956204369
1306,55,0.4931136680613548,0.3692050209204865,0.663110181311005,0.7458056037134382,0.6279738269671717,0.8391309210894249,0.7784022699989119,0.7292262359489292,0.8130306668121825,0.6584169708029188,0.41249999999999787,0.8745437956204369
1307,55,0.4931136680613548,0.3692050209204865,0.663110181311005,0.7458056037134382,0.6279738269671717,0.8391309210894249,0.7784022699989119,0.7292262359489292,0.8130306668121825,0.6584169708029188,0.41249999999999787,0.8745437956204369
1308,55,0.4931136680613548,0.3692050209204865,0.663110181311005,0.7458056037134382,0.6279738269671717,0.8391309210894249,0.7784022699989119,0.7292262359489292,0.8130306668121825,0.6584169708029188,0.41249999999999787,0.8745437956204369
1309,55,0.4931136680613548,0.3692050209204865,0.663110181311005,0.7458056037134382,0.6279738269671717,0.8391309210894249,0.7784022699989119,0.7292262359489292,0.8130306668121825,0.6584169708029188,0.41249999999999787,0.8745437956204369
1310,55,0.4931136680613548,0.3692050209204865,0.663110181311005,0.7458056037134382,0.6279738269671717,0.8391309210894249,0.7784022699989119,0.7292262359489292,0.8130306668121825,0.6584169708029188,0.41249999999999787,0.8745437956204369
1311,55,0.4931136680613548,0.3692050209204865,0.663110181311005,0.7458056037134382,0.6279738269671717,0.8391309210894249,0.7784022699989119,0.7292262359489292,0.8130306668121825,0.6584169708029188,0.41249999999999787,0.8745437956204369
1312,55,0.4931136680613548,0.3692050209204865,0.663110181311005,0.7458056037134382,0.6279738269671717,0.8391309210894249,0.7784022699989119,0.7292262359489292,0.8130306668121825,0.6584169708029188,0.41249999999999787,0.8745437956204369
1313,55,0.4931136680613548,0.3692050209204865,0.663110181311005,0.7458056037134382,0.6279738269671717,0.8391309210894249,0.7784022699989119,0.7292262359489292,0.8130306668121825,0.6584169708029188,0.41249999999999787,0.8745437956204369
1314,55,0.4931136680613548,0.3692050209204865,0.663110181311005,0.7458056037134382,0.6279738269671717,0.8391309210894249,0.7784022699989119,0.7292262359489292,0.8130306668121825,0.6584169708029188,0.41249999999999787,0.8745437956204369
1315,55,0.4931136680613548,0.3692050209204865,0.663110181311005,0.7458056037134382,0.6279738269671717,0.8391309210894249,0.7784022699989119,0.7292262359489292,0.8130306668121825,0.6584169708029188,0.41249999999999787,0.8745437956204369
1316,55,0.4931136680613548,0.3692050209204865,0.663110181311005,0.7458056037134382,0.6279738269671717,0.8391309210894249,0.7784022699989119,0.7292262359489292,0.8130306668121825,0.6584169708029188,0.41249999999999787,0.8745437956204369
1317,55,0.4931136680613548,0.3692050209204865,0.663110181311005,0.7458056037134382,0.6279738269671717,0.8391309210894249,0.7784022699989119,0.7292262359489292,0.8130306668121825,0.6584169708029188,0.41249999999999787,0.8745437956204369
1318,55,0.4931136680613548,0.3692050209204865,0.663110181311005,0.7458056037134382,0.6279738269671717,0.8391309210894249,0.7784022699989119,0.7292262359489292,0.8130306668121825,0.6584169708029188,0.41249999999999787,0.8745437956204369
1319,55,0.4931136680613548,0.3692050209204865,0.663110181311005,0.7458056037134382,0.6279738269671717,0.8391309210894249,0.7784022699989119,0.7292262359489292,0.8130306668121825,0.6584169708029188,0.41249999999999787,0.8745437956204369
1320,55,0.4931136680613548,0.3692050209204865,0.663110181311005,0.7458056037134382,0.6279738269671717,0.8391309210894249,0.7784022699989119,0.7292262359489292,0.8130306668121825,0.6584169708029188,0.41249999999999787,0.8745437956204369
1321,56,0.4496687587168662,0.2914225941422572,0.581562064156192,0.7628348526368791,0.6811699569375307,0.8256529276886126,0.7501637018443743,0.6888027938448118,0.8150823965950031,0.6210082116788316,0.4104014598540129,0.7686131386861306
1322,56,0.4496687587168662,0.2914225941422572,0.581562064156192,0.7628348526368791,0.6811699569375307,0.8256529276886126,0.7501637018443743,0.6888027938448118,0.8150823965950031,0.6210082116788316,0.4104014598540129,0.7686131386861306
1323,56,0.4496687587168662,0.2914225941422572,0.581562064156192,0.7628348526368791,0.6811699569375307,0.8256529276886126,0.7501637018443743,0.6888027938448118,0.8150823965950031,0.6210082116788316,0.4104014598540129,0.7686131386861306
1324,56,0.4496687587168662,0.2914225941422572,0.581562064156192,0.7628348526368791,0.6811699569375307,0.8256529276886126,0.7501637018443743,0.6888027938448118,0.8150823965950031,0.6210082116788316,0.4104014598540129,0.7686131386861306
1325,56,0.4496687587168662,0.2914225941422572,0.581562064156192,0.7628348526368791,0.6811699569375307,0.8256529276886126,0.7501637018443743,0.6888027938448118,0.8150823965950031,0.6210082116788316,0.4104014598540129,0.7686131386861306
1326,56,0.4496687587168662,0.2914225941422572,0.581562064156192,0.7628348526368791,0.6811699569375307,0.8256529276886126,0.7501637018443743,0.6888027938448118,0.8150823965950031,0.6210082116788316,0.4104014598540129,0.7686131386861306
1327,56,0.4496687587168662,0.2914225941422572,0.581562064156192,0.7628348526368791,0.6811699569375307,0.8256529276886126,0.7501637018443743,0.6888027938448118,0.8150823965950031,0.6210082116788316,0.4104014598540129,0.7686131386861306
1328,56,0.4496687587168662,0.2914225941422572,0.581562064156192,0.7628348526368791,0.6811699569375307,0.8256529276886126,0.7501637018443743,0.6888027938448118,0.8150823965950031,0.6210082116788316,0.4104014598540129,0.7686131386861306
1329,56,0.4496687587168662,0.2914225941422572,0.581562064156192,0.7628348526368791,0.6811699569375307,0.8256529276886126,0.7501637018443743,0.6888027938448118,0.8150823965950031,0.6210082116788316,0.4104014598540129,0.7686131386861306
1330,56,0.4496687587168662,0.2914225941422572,0.581562064156192,0.7628348526368791,0.6811699569375307,0.8256529276886126,0.7501637018443743,0.6888027938448118,0.8150823965950031,0.6210082116788316,0.4104014598540129,0.7686131386861306
1331,56,0.4496687587168662,0.2914225941422572,0.581562064156192,0.7628348526368791,0.6811699569375307,0.8256529276886126,0.7501637018443743,0.6888027938448118,0.8150823965950031,0.6210082116788316,0.4104014598540129,0.7686131386861306
1332,56,0.4496687587168662,0.2914225941422572,0.581562064156192,0.7628348526368791,0.6811699569375307,0.8256529276886126,0.7501637018443743,0.6888027938448118,0.8150823965950031,0.6210082116788316,0.4104014598540129,0.7686131386861306
1333,56,0.4496687587168662,0.2914225941422572,0.581562064156192,0.7628348526368791,0.6811699569375307,0.8256529276886126,0.7501637018443743,0.6888027938448118,0.8150823965950031,0.6210082116788316,0.4104014598540129,0.7686131386861306
1334,56,0.4496687587168662,0.2914225941422572,0.581562064156192,0.7628348526368791,0.6811699569375307,0.8256529276886126,0.7501637018443743,0.6888027938448118,0.8150823965950031,0.6210082116788316,0.4104014598540129,0.7686131386861306
1335,56,0.4496687587168662,0.2914225941422572,0.581562064156192,0.7628348526368791,0.6811699569375307,0.8256529276886126,0.7501637018443743,0.6888027938448118,0.8150823965950031,0.6210082116788316,0.4104014598540129,0.7686131386861306
1336,56,0.4496687587168662,0.2914225941422572,0.581562064156192,0.7628348526368791,0.6811699569375307,0.8256529276886126,0.7501637018443743,0.6888027938448118,0.8150823965950031,0.6210082116788316,0.4104014598540129,0.7686131386861306
1337,56,0.4496687587168662,0.2914225941422572,0.581562064156192,0.7628348526368791,0.6811699569375307,0.8256529276886126,0.7501637018443743,0.6888027938448118,0.8150823965950031,0.6210082116788316,0.4104014598540129,0.7686131386861306
1338,56,0.4496687587168662,0.2914225941422572,0.581562064156192,0.7628348526368791,0.6811699569375307,0.8256529276886126,0.7501637018443743,0.6888027938448118,0.8150823965950031,0.6210082116788316,0.4104014598540129,0.7686131386861306
1339,56,0.4496687587168662,0.2914225941422572,0.581562064156192,0.7628348526368791,0.6811699569375307,0.8256529276886126,0.7501637018443743,0.6888027938448118,0.8150823965950031,0.6210082116788316,0.4104014598540129,0.7686131386861306
1340,56,0.4496687587168662,0.2914225941422572,0.581562064156192,0.7628348526368791,0.6811699569375307,0.8256529276886126,0.7501637018443743,0.6888027938448118,0.8150823965950031,0.6210082116788316,0.4104014598540129,0.7686131386861306
1341,56,0.4496687587168662,0.2914225941422572,0.581562064156192,0.7628348526368791,0.6811699569375307,0.8256529276886126,0.7501637018443743,0.6888027938448118,0.8150823965950031,0.6210082116788316,0.4104014598540129,0.7686131386861306
1342,56,0.4496687587168662,0.2914225941422572,0.581562064156192,0.7628348526368791,0.6811699569375307,0.8256529276886126,0.7501637018443743,0.6888027938448118,0.8150823965950031,0.6210082116788316,0.4104014598540129,0.7686131386861306
1343,56,0.4496687587168662,0.2914225941422572,0.581562064156192,0.7628348526368791,0.6811699569375307,0.8256529276886126,0.7501637018443743,0.6888027938448118,0.8150823965950031,0.6210082116788316,0.4104014598540129,0.7686131386861306
1344,56,0.4496687587168662,0.2914225941422572,0.581562064156192,0.7628348526368791,0.6811699569375307,0.8256529276886126,0.7501637018443743,0.6888027938448118,0.8150823965950031,0.6210082116788316,0.4104014598540129,0.7686131386861306
1345,57,0.4383891213389042,0.3402092050209092,0.574546722454663,0.7512303562440596,0.6814943235836928,0.8178681281807506,0.7399869038524551,0.6894030339408559,0.7962021172105225,0.5786952554744516,0.375821167883209,0.7631386861313852
1346,57,0.4383891213389042,0.3402092050209092,0.574546722454663,0.7512303562440596,0.6814943235836928,0.8178681281807506,0.7399869038524551,0.6894030339408559,0.7962021172105225,0.5786952554744516,0.375821167883209,0.7631386861313852
1347,57,0.4383891213389042,0.3402092050209092,0.574546722454663,0.7512303562440596,0.6814943235836928,0.8178681281807506,0.7399869038524551,0.6894030339408559,0.7962021172105225,0.5786952554744516,0.375821167883209,0.7631386861313852
1348,57,0.4383891213389042,0.3402092050209092,0.574546722454663,0.7512303562440596,0.6814943235836928,0.8178681281807506,0.7399869038524551,0.6894030339408559,0.7962021172105225,0.5786952554744516,0.375821167883209,0.7631386861313852
1349,57,0.4383891213389042,0.3402092050209092,0.574546722454663,0.7512303562440596,0.6814943235836928,0.8178681281807506,0.7399869038524551,0.6894030339408559,0.7962021172105225,0.5786952554744516,0.375821167883209,0.7631386861313852
1350,57,0.4383891213389042,0.3402092050209092,0.574546722454663,0.7512303562440596,0.6814943235836928,0.8178681281807506,0.7399869038524551,0.6894030339408559,0.7962021172105225,0.5786952554744516,0.375821167883209,0.7631386861313852
1351,57,0.4383891213389042,0.3402092050209092,0.574546722454663,0.7512303562440596,0.6814943235836928,0.8178681281807506,0.7399869038524551,0.6894030339408559,0.7962021172105225,0.5786952554744516,0.375821167883209,0.7631386861313852
1352,57,0.4383891213389042,0.3402092050209092,0.574546722454663,0.7512303562440596,0.6814943235836928,0.8178681281807506,0.7399869038524551,0.6894030339408559,0.7962021172105225,0.5786952554744516,0.375821167883209,0.7631386861313852
1353,57,0.4383891213389042,0.3402092050209092,0.574546722454663,0.7512303562440596,0.6814943235836928,0.8178681281807506,0.7399869038524551,0.6894030339408559,0.7962021172105225,0.5786952554744516,0.375821167883209,0.7631386861313852
1354,57,0.4383891213389042,0.3402092050209092,0.574546722454663,0.7512303562440596,0.6814943235836928,0.8178681281807506,0.7399869038524551,0.6894030339408559,0.7962021172105225,0.5786952554744516,0.375821167883209,0.7631386861313852
1355,57,0.4383891213389042,0.3402092050209092,0.574546722454663,0.7512303562440596,0.6814943235836928,0.8178681281807506,0.7399869038524551,0.6894030339408559,0.7962021172105225,0.5786952554744516,0.375821167883209,0.7631386861313852
1356,57,0.4383891213389042,0.3402092050209092,0.574546722454663,0.7512303562440596,0.6814943235836928,0.8178681281807506,0.7399869038524551,0.6894030339408559,0.7962021172105225,0.5786952554744516,0.375821167883209,0.7631386861313852
1357,57,0.4383891213389042,0.3402092050209092,0.574546722454663,0.7512303562440596,0.6814943235836928,0.8178681281807506,0.7399869038524551,0.6894030339408559,0.7962021172105225,0.5786952554744516,0.375821167883209,0.7631386861313852
1358,57,0.4383891213389042,0.3402092050209092,0.574546722454663,0.7512303562440596,0.6814943235836928,0.8178681281807506,0.7399869038524551,0.6894030339408559,0.7962021172105225,0.5786952554744516,0.375821167883209,0.7631386861313852
1359,57,0.4383891213389042,0.3402092050209092,0.574546722454663,0.7512303562440596,0.6814943235836928,0.8178681281807506,0.7399869038524551,0.6894030339408559,0.7962021172105225,0.5786952554744516,0.375821167883209,0.7631386861313852
1360,57,0.4383891213389042,0.3402092050209092,0.574546722454663,0.7512303562440596,0.6814943235836928,0.8178681281807506,0.7399869038524551,0.6894030339408559,0.7962021172105225,0.5786952554744516,0.375821167883209,0.7631386861313852
1361,57,0.4383891213389042,0.3402092050209092,0.574546722454663,0.7512303562440596,0.6814943235836928,0.8178681281807506,0.7399869038524551,0.6894030339408559,0.7962021172105225,0.5786952554744516,0.375821167883209,0.7631386861313852
1362,57,0.4383891213389042,0.3402092050209092,0.574546722454663,0.7512303562440596,0.6814943235836928,0.8178681281807506,0.7399869038524551,0.6894030339408559,0.7962021172105225,0.5786952554744516,0.375821167883209,0.7631386861313852
1363,57,0.4383891213389042,0.3402092050209092,0.574546722454663,0.7512303562440596,0.6814943235836928,0.8178681281807506,0.7399869038524551,0.6894030339408559,0.7962021172105225,0.5786952554744516,0.375821167883209,0.7631386861313852
1364,57,0.4383891213389042,0.3402092050209092,0.574546722454663,0.7512303562440596,0.6814943235836928,0.8178681281807506,0.7399869038524551,0.6894030339408559,0.7962021172105225,0.5786952554744516,0.375821167883209,0.7631386861313852
1365,57,0.4383891213389042,0.3402092050209092,0.574546722454663,0.7512303562440596,0.6814943235836928,0.8178681281807506,0.7399869038524551,0.6894030339408559,0.7962021172105225,0.5786952554744516,0.375821167883209,0.7631386861313852
1366,57,0.4383891213389042,0.3402092050209092,0.574546722454663,0.7512303562440596,0.6814943235836928,0.8178681281807506,0.7399869038524551,0.6894030339408559,0.7962021172105225,0.5786952554744516,0.375821167883209,0.7631386861313852
1367,57,0.4383891213389042,0.3402092050209092,0.574546722454663,0.7512303562440596,0.6814943235836928,0.8178681281807506,0.7399869038524551,0.6894030339408559,0.7962021172105225,0.5786952554744516,0.375821167883209,0.7631386861313852
1368,57,0.4383891213389042,0.3402092050209092,0.574546722454663,0.7512303562440596,0.6814943235836928,0.8178681281807506,0.7399869038524551,0.6894030339408559,0.7962021172105225,0.5786952554744516,0.375821167883209,0.7631386861313852
1369,58,0.4174511854951124,0.2433333333333209,0.5211018131101781,0.741597226105922,0.6490017336837987,0.8313740842234758,0.7517325111862956,0.6876132271090263,0.8475935828876985,0.5580172960964767,0.33868613138686215,0.6826642335766419
1370,58,0.4174511854951124,0.2433333333333209,0.5211018131101781,0.741597226105922,0.6490017336837987,0.8313740842234758,0.7517325111862956,0.6876132271090263,0.8475935828876985,0.5580172960964767,0.33868613138686215,0.6826642335766419
1371,58,0.4174511854951124,0.2433333333333209,0.5211018131101781,0.741597226105922,0.6490017336837987,0.8313740842234758,0.7517325111862956,0.6876132271090263,0.8475935828876985,0.5580172960964767,0.33868613138686215,0.6826642335766419
1372,58,0.4174511854951124,0.2433333333333209,0.5211018131101781,0.741597226105922,0.6490017336837987,0.8313740842234758,0.7517325111862956,0.6876132271090263,0.8475935828876985,0.5580172960964767,0.33868613138686215,0.6826642335766419
1373,58,0.4174511854951124,0.2433333333333209,0.5211018131101781,0.741597226105922,0.6490017336837987,0.8313740842234758,0.7517325111862956,0.6876132271090263,0.8475935828876985,0.5580172960964767,0.33868613138686215,0.6826642335766419
1374,58,0.4174511854951124,0.2433333333333209,0.5211018131101781,0.741597226105922,0.6490017336837987,0.8313740842234758,0.7517325111862956,0.6876132271090263,0.8475935828876985,0.5580172960964767,0.33868613138686215,0.6826642335766419
1375,58,0.4174511854951124,0.2433333333333209,0.5211018131101781,0.741597226105922,0.6490017336837987,0.8313740842234758,0.7517325111862956,0.6876132271090263,0.8475935828876985,0.5580172960964767,0.33868613138686215,0.6826642335766419
1376,58,0.4174511854951124,0.2433333333333209,0.5211018131101781,0.741597226105922,0.6490017336837987,0.8313740842234758,0.7517325111862956,0.6876132271090263,0.8475935828876985,0.5580172960964767,0.33868613138686215,0.6826642335766419
1377,58,0.4174511854951124,0.2433333333333209,0.5211018131101781,0.741597226105922,0.6490017336837987,0.8313740842234758,0.7517325111862956,0.6876132271090263,0.8475935828876985,0.5580172960964767,0.33868613138686215,0.6826642335766419
1378,58,0.4174511854951124,0.2433333333333209,0.5211018131101781,0.741597226105922,0.6490017336837987,0.8313740842234758,0.7517325111862956,0.6876132271090263,0.8475935828876985,0.5580172960964767,0.33868613138686215,0.6826642335766419
1379,58,0.4174511854951124,0.2433333333333209,0.5211018131101781,0.741597226105922,0.6490017336837987,0.8313740842234758,0.7517325111862956,0.6876132271090263,0.8475935828876985,0.5580172960964767,0.33868613138686215,0.6826642335766419
1380,58,0.4174511854951124,0.2433333333333209,0.5211018131101781,0.741597226105922,0.6490017336837987,0.8313740842234758,0.7517325111862956,0.6876132271090263,0.8475935828876985,0.5580172960964767,0.33868613138686215,0.6826642335766419
1381,58,0.4174511854951124,0.2433333333333209,0.5211018131101781,0.741597226105922,0.6490017336837987,0.8313740842234758,0.7517325111862956,0.6876132271090263,0.8475935828876985,0.5580172960964767,0.33868613138686215,0.6826642335766419
1382,58,0.4174511854951124,0.2433333333333209,0.5211018131101781,0.741597226105922,0.6490017336837987,0.8313740842234758,0.7517325111862956,0.6876132271090263,0.8475935828876985,0.5580172960964767,0.33868613138686215,0.6826642335766419
1383,58,0.4174511854951124,0.2433333333333209,0.5211018131101781,0.741597226105922,0.6490017336837987,0.8313740842234758,0.7517325111862956,0.6876132271090263,0.8475935828876985,0.5580172960964767,0.33868613138686215,0.6826642335766419
1384,58,0.4174511854951124,0.2433333333333209,0.5211018131101781,0.741597226105922,0.6490017336837987,0.8313740842234758,0.7517325111862956,0.6876132271090263,0.8475935828876985,0.5580172960964767,0.33868613138686215,0.6826642335766419
1385,58,0.4174511854951124,0.2433333333333209,0.5211018131101781,0.741597226105922,0.6490017336837987,0.8313740842234758,0.7517325111862956,0.6876132271090263,0.8475935828876985,0.5580172960964767,0.33868613138686215,0.6826642335766419
1386,58,0.4174511854951124,0.2433333333333209,0.5211018131101781,0.741597226105922,0.6490017336837987,0.8313740842234758,0.7517325111862956,0.6876132271090263,0.8475935828876985,0.5580172960964767,0.33868613138686215,0.6826642335766419
1387,58,0.4174511854951124,0.2433333333333209,0.5211018131101781,0.741597226105922,0.6490017336837987,0.8313740842234758,0.7517325111862956,0.6876132271090263,0.8475935828876985,0.5580172960964767,0.33868613138686215,0.6826642335766419
1388,58,0.4174511854951124,0.2433333333333209,0.5211018131101781,0.741597226105922,0.6490017336837987,0.8313740842234758,0.7517325111862956,0.6876132271090263,0.8475935828876985,0.5580172960964767,0.33868613138686215,0.6826642335766419
1389,58,0.4174511854951124,0.2433333333333209,0.5211018131101781,0.741597226105922,0.6490017336837987,0.8313740842234758,0.7517325111862956,0.6876132271090263,0.8475935828876985,0.5580172960964767,0.33868613138686215,0.6826642335766419
1390,58,0.4174511854951124,0.2433333333333209,0.5211018131101781,0.741597226105922,0.6490017336837987,0.8313740842234758,0.7517325111862956,0.6876132271090263,0.8475935828876985,0.5580172960964767,0.33868613138686215,0.6826642335766419
1391,58,0.4174511854951124,0.2433333333333209,0.5211018131101781,0.741597226105922,0.6490017336837987,0.8313740842234758,0.7517325111862956,0.6876132271090263,0.8475935828876985,0.5580172960964767,0.33868613138686215,0.6826642335766419
1392,58,0.4174511854951124,0.2433333333333209,0.5211018131101781,0.741597226105922,0.6490017336837987,0.8313740842234758,0.7517325111862956,0.6876132271090263,0.8475935828876985,0.5580172960964767,0.33868613138686215,0.6826642335766419
1393,59,0.3957287308228672,0.27414225941421505,0.4896373779637301,0.714068005145128,0.6233432134668085,0.7933672613388516,0.7482538469933449,0.7151915311579209,0.7950671177561958,0.5501824817518237,0.2814781021897801,0.6583029197080265
1394,59,0.3957287308228672,0.27414225941421505,0.4896373779637301,0.714068005145128,0.6233432134668085,0.7933672613388516,0.7482538469933449,0.7151915311579209,0.7950671177561958,0.5501824817518237,0.2814781021897801,0.6583029197080265
1395,59,0.3957287308228672,0.27414225941421505,0.4896373779637301,0.714068005145128,0.6233432134668085,0.7933672613388516,0.7482538469933449,0.7151915311579209,0.7950671177561958,0.5501824817518237,0.2814781021897801,0.6583029197080265
1396,59,0.3957287308228672,0.27414225941421505,0.4896373779637301,0.714068005145128,0.6233432134668085,0.7933672613388516,0.7482538469933449,0.7151915311579209,0.7950671177561958,0.5501824817518237,0.2814781021897801,0.6583029197080265
1397,59,0.3957287308228672,0.27414225941421505,0.4896373779637301,0.714068005145128,0.6233432134668085,0.7933672613388516,0.7482538469933449,0.7151915311579209,0.7950671177561958,0.5501824817518237,0.2814781021897801,0.6583029197080265
1398,59,0.3957287308228672,0.27414225941421505,0.4896373779637301,0.714068005145128,0.6233432134668085,0.7933672613388516,0.7482538469933449,0.7151915311579209,0.7950671177561958,0.5501824817518237,0.2814781021897801,0.6583029197080265
1399,59,0.3957287308228672,0.27414225941421505,0.4896373779637301,0.714068005145128,0.6233432134668085,0.7933672613388516,0.7482538469933449,0.7151915311579209,0.7950671177561958,0.5501824817518237,0.2814781021897801,0.6583029197080265
1400,59,0.3957287308228672,0.27414225941421505,0.4896373779637301,0.714068005145128,0.6233432134668085,0.7933672613388516,0.7482538469933449,0.7151915311579209,0.7950671177561958,0.5501824817518237,0.2814781021897801,0.6583029197080265
1401,59,0.3957287308228672,0.27414225941421505,0.4896373779637301,0.714068005145128,0.6233432134668085,0.7933672613388516,0.7482538469933449,0.7151915311579209,0.7950671177561958,0.5501824817518237,0.2814781021897801,0.6583029197080265
1402,59,0.3957287308228672,0.27414225941421505,0.4896373779637301,0.714068005145128,0.6233432134668085,0.7933672613388516,0.7482538469933449,0.7151915311579209,0.7950671177561958,0.5501824817518237,0.2814781021897801,0.6583029197080265
1403,59,0.3957287308228672,0.27414225941421505,0.4896373779637301,0.714068005145128,0.6233432134668085,0.7933672613388516,0.7482538469933449,0.7151915311579209,0.7950671177561958,0.5501824817518237,0.2814781021897801,0.6583029197080265
1404,59,0.3957287308228672,0.27414225941421505,0.4896373779637301,0.714068005145128,0.6233432134668085,0.7933672613388516,0.7482538469933449,0.7151915311579209,0.7950671177561958,0.5501824817518237,0.2814781021897801,0.6583029197080265
1405,59,0.3957287308228672,0.27414225941421505,0.4896373779637301,0.714068005145128,0.6233432134668085,0.7933672613388516,0.7482538469933449,0.7151915311579209,0.7950671177561958,0.5501824817518237,0.2814781021897801,0.6583029197080265
1406,59,0.3957287308228672,0.27414225941421505,0.4896373779637301,0.714068005145128,0.6233432134668085,0.7933672613388516,0.7482538469933449,0.7151915311579209,0.7950671177561958,0.5501824817518237,0.2814781021897801,0.6583029197080265
1407,59,0.3957287308228672,0.27414225941421505,0.4896373779637301,0.714068005145128,0.6233432134668085,0.7933672613388516,0.7482538469933449,0.7151915311579209,0.7950671177561958,0.5501824817518237,0.2814781021897801,0.6583029197080265
1408,59,0.3957287308228672,0.27414225941421505,0.4896373779637301,0.714068005145128,0.6233432134668085,0.7933672613388516,0.7482538469933449,0.7151915311579209,0.7950671177561958,0.5501824817518237,0.2814781021897801,0.6583029197080265
1409,59,0.3957287308228672,0.27414225941421505,0.4896373779637301,0.714068005145128,0.6233432134668085,0.7933672613388516,0.7482538469933449,0.7151915311579209,0.7950671177561958,0.5501824817518237,0.2814781021897801,0.6583029197080265
1410,59,0.3957287308228672,0.27414225941421505,0.4896373779637301,0.714068005145128,0.6233432134668085,0.7933672613388516,0.7482538469933449,0.7151915311579209,0.7950671177561958,0.5501824817518237,0.2814781021897801,0.6583029197080265
1411,59,0.3957287308228672,0.27414225941421505,0.4896373779637301,0.714068005145128,0.6233432134668085,0.7933672613388516,0.7482538469933449,0.7151915311579209,0.7950671177561958,0.5501824817518237,0.2814781021897801,0.6583029197080265
1412,59,0.3957287308228672,0.27414225941421505,0.4896373779637301,0.714068005145128,0.6233432134668085,0.7933672613388516,0.7482538469933449,0.7151915311579209,0.7950671177561958,0.5501824817518237,0.2814781021897801,0.6583029197080265
1413,59,0.3957287308228672,0.27414225941421505,0.4896373779637301,0.714068005145128,0.6233432134668085,0.7933672613388516,0.7482538469933449,0.7151915311579209,0.7950671177561958,0.5501824817518237,0.2814781021897801,0.6583029197080265
1414,59,0.3957287308228672,0.27414225941421505,0.4896373779637301,0.714068005145128,0.6233432134668085,0.7933672613388516,0.7482538469933449,0.7151915311579209,0.7950671177561958,0.5501824817518237,0.2814781021897801,0.6583029197080265
1415,59,0.3957287308228672,0.27414225941421505,0.4896373779637301,0.714068005145128,0.6233432134668085,0.7933672613388516,0.7482538469933449,0.7151915311579209,0.7950671177561958,0.5501824817518237,0.2814781021897801,0.6583029197080265
1416,59,0.3957287308228672,0.27414225941421505,0.4896373779637301,0.714068005145128,0.6233432134668085,0.7933672613388516,0.7482538469933449,0.7151915311579209,0.7950671177561958,0.5501824817518237,0.2814781021897801,0.6583029197080265
1417,60,0.46565550906554165,0.3795815899581612,0.5442538354253628,0.7078113640176742,0.6116771992617871,0.7815893965661885,0.7333296955145725,0.686860198624909,0.7901888027938497,0.5329607664233558,0.27335766423357394,0.7300182481751797
1418,60,0.46565550906554165,0.3795815899581612,0.5442538354253628,0.7078113640176742,0.6116771992617871,0.7815893965661885,0.7333296955145725,0.686860198624909,0.7901888027938497,0.5329607664233558,0.27335766423357394,0.7300182481751797
1419,60,0.46565550906554165,0.3795815899581612,0.5442538354253628,0.7078113640176742,0.6116771992617871,0.7815893965661885,0.7333296955145725,0.686860198624909,0.7901888027938497,0.5329607664233558,0.27335766423357394,0.7300182481751797
1420,60,0.46565550906554165,0.3795815899581612,0.5442538354253628,0.7078113640176742,0.6116771992617871,0.7815893965661885,0.7333296955145725,0.686860198624909,0.7901888027938497,0.5329607664233558,0.27335766423357394,0.7300182481751797
1421,60,0.46565550906554165,0.3795815899581612,0.5442538354253628,0.7078113640176742,0.6116771992617871,0.7815893965661885,0.7333296955145725,0.686860198624909,0.7901888027938497,0.5329607664233558,0.27335766423357394,0.7300182481751797
1422,60,0.46565550906554165,0.3795815899581612,0.5442538354253628,0.7078113640176742,0.6116771992617871,0.7815893965661885,0.7333296955145725,0.686860198624909,0.7901888027938497,0.5329607664233558,0.27335766423357394,0.7300182481751797
1423,60,0.46565550906554165,0.3795815899581612,0.5442538354253628,0.7078113640176742,0.6116771992617871,0.7815893965661885,0.7333296955145725,0.686860198624909,0.7901888027938497,0.5329607664233558,0.27335766423357394,0.7300182481751797
1424,60,0.46565550906554165,0.3795815899581612,0.5442538354253628,0.7078113640176742,0.6116771992617871,0.7815893965661885,0.7333296955145725,0.686860198624909,0.7901888027938497,0.5329607664233558,0.27335766423357394,0.7300182481751797
1425,60,0.46565550906554165,0.3795815899581612,0.5442538354253628,0.7078113640176742,0.6116771992617871,0.7815893965661885,0.7333296955145725,0.686860198624909,0.7901888027938497,0.5329607664233558,0.27335766423357394,0.7300182481751797
1426,60,0.46565550906554165,0.3795815899581612,0.5442538354253628,0.7078113640176742,0.6116771992617871,0.7815893965661885,0.7333296955145725,0.686860198624909,0.7901888027938497,0.5329607664233558,0.27335766423357394,0.7300182481751797
1427,60,0.46565550906554165,0.3795815899581612,0.5442538354253628,0.7078113640176742,0.6116771992617871,0.7815893965661885,0.7333296955145725,0.686860198624909,0.7901888027938497,0.5329607664233558,0.27335766423357394,0.7300182481751797
1428,60,0.46565550906554165,0.3795815899581612,0.5442538354253628,0.7078113640176742,0.6116771992617871,0.7815893965661885,0.7333296955145725,0.686860198624909,0.7901888027938497,0.5329607664233558,0.27335766423357394,0.7300182481751797
1429,60,0.46565550906554165,0.3795815899581612,0.5442538354253628,0.7078113640176742,0.6116771992617871,0.7815893965661885,0.7333296955145725,0.686860198624909,0.7901888027938497,0.5329607664233558,0.27335766423357394,0.7300182481751797
1430,60,0.46565550906554165,0.3795815899581612,0.5442538354253628,0.7078113640176742,0.6116771992617871,0.7815893965661885,0.7333296955145725,0.686860198624909,0.7901888027938497,0.5329607664233558,0.27335766423357394,0.7300182481751797
1431,60,0.46565550906554165,0.3795815899581612,0.5442538354253628,0.7078113640176742,0.6116771992617871,0.7815893965661885,0.7333296955145725,0.686860198624909,0.7901888027938497,0.5329607664233558,0.27335766423357394,0.7300182481751797
1432,60,0.46565550906554165,0.3795815899581612,0.5442538354253628,0.7078113640176742,0.6116771992617871,0.7815893965661885,0.7333296955145725,0.686860198624909,0.7901888027938497,0.5329607664233558,0.27335766423357394,0.7300182481751797
1433,60,0.46565550906554165,0.3795815899581612,0.5442538354253628,0.7078113640176742,0.6116771992617871,0.7815893965661885,0.7333296955145725,0.686860198624909,0.7901888027938497,0.5329607664233558,0.27335766423357394,0.7300182481751797
1434,60,0.46565550906554165,0.3795815899581612,0.5442538354253628,0.7078113640176742,0.6116771992617871,0.7815893965661885,0.7333296955145725,0.686860198624909,0.7901888027938497,0.5329607664233558,0.27335766423357394,0.7300182481751797
1435,60,0.46565550906554165,0.3795815899581612,0.5442538354253628,0.7078113640176742,0.6116771992617871,0.7815893965661885,0.7333296955145725,0.686860198624909,0.7901888027938497,0.5329607664233558,0.27335766423357394,0.7300182481751797
1436,60,0.46565550906554165,0.3795815899581612,0.5442538354253628,0.7078113640176742,0.6116771992617871,0.7815893965661885,0.7333296955145725,0.686860198624909,0.7901888027938497,0.5329607664233558,0.27335766423357394,0.7300182481751797
1437,60,0.46565550906554165,0.3795815899581612,0.5442538354253628,0.7078113640176742,0.6116771992617871,0.7815893965661885,0.7333296955145725,0.686860198624909,0.7901888027938497,0.5329607664233558,0.27335766423357394,0.7300182481751797
1438,60,0.46565550906554165,0.3795815899581612,0.5442538354253628,0.7078113640176742,0.6116771992617871,0.7815893965661885,0.7333296955145725,0.686860198624909,0.7901888027938497,0.5329607664233558,0.27335766423357394,0.7300182481751797
1439,60,0.46565550906554165,0.3795815899581612,0.5442538354253628,0.7078113640176742,0.6116771992617871,0.7815893965661885,0.7333296955145725,0.686860198624909,0.7901888027938497,0.5329607664233558,0.27335766423357394,0.7300182481751797
1440,60,0.46565550906554165,0.3795815899581612,0.5442538354253628,0.7078113640176742,0.6116771992617871,0.7815893965661885,0.7333296955145725,0.686860198624909,0.7901888027938497,0.5329607664233558,0.27335766423357394,0.7300182481751797
1441,61,0.4415794979079397,0.21965132496512893,0.5675732217573184,0.702547396678038,0.6019965326324076,0.8070745484033317,0.7849230601331456,0.6793844810651549,0.9014405762304903,0.5150547445255464,0.2857664233576623,0.8136861313868603
1442,61,0.4415794979079397,0.21965132496512893,0.5675732217573184,0.702547396678038,0.6019965326324076,0.8070745484033317,0.7849230601331456,0.6793844810651549,0.9014405762304903,0.5150547445255464,0.2857664233576623,0.8136861313868603
1443,61,0.4415794979079397,0.21965132496512893,0.5675732217573184,0.702547396678038,0.6019965326324076,0.8070745484033317,0.7849230601331456,0.6793844810651549,0.9014405762304903,0.5150547445255464,0.2857664233576623,0.8136861313868603
1444,61,0.4415794979079397,0.21965132496512893,0.5675732217573184,0.702547396678038,0.6019965326324076,0.8070745484033317,0.7849230601331456,0.6793844810651549,0.9014405762304903,0.5150547445255464,0.2857664233576623,0.8136861313868603
1445,61,0.4415794979079397,0.21965132496512893,0.5675732217573184,0.702547396678038,0.6019965326324076,0.8070745484033317,0.7849230601331456,0.6793844810651549,0.9014405762304903,0.5150547445255464,0.2857664233576623,0.8136861313868603
1446,61,0.4415794979079397,0.21965132496512893,0.5675732217573184,0.702547396678038,0.6019965326324076,0.8070745484033317,0.7849230601331456,0.6793844810651549,0.9014405762304903,0.5150547445255464,0.2857664233576623,0.8136861313868603
1447,61,0.4415794979079397,0.21965132496512893,0.5675732217573184,0.702547396678038,0.6019965326324076,0.8070745484033317,0.7849230601331456,0.6793844810651549,0.9014405762304903,0.5150547445255464,0.2857664233576623,0.8136861313868603
1448,61,0.4415794979079397,0.21965132496512893,0.5675732217573184,0.702547396678038,0.6019965326324076,0.8070745484033317,0.7849230601331456,0.6793844810651549,0.9014405762304903,0.5150547445255464,0.2857664233576623,0.8136861313868603
1449,61,0.4415794979079397,0.21965132496512893,0.5675732217573184,0.702547396678038,0.6019965326324076,0.8070745484033317,0.7849230601331456,0.6793844810651549,0.9014405762304903,0.5150547445255464,0.2857664233576623,0.8136861313868603
1450,61,0.4415794979079397,0.21965132496512893,0.5675732217573184,0.702547396678038,0.6019965326324076,0.8070745484033317,0.7849230601331456,0.6793844810651549,0.9014405762304903,0.5150547445255464,0.2857664233576623,0.8136861313868603
1451,61,0.4415794979079397,0.21965132496512893,0.5675732217573184,0.702547396678038,0.6019965326324076,0.8070745484033317,0.7849230601331456,0.6793844810651549,0.9014405762304903,0.5150547445255464,0.2857664233576623,0.8136861313868603
1452,61,0.4415794979079397,0.21965132496512893,0.5675732217573184,0.702547396678038,0.6019965326324076,0.8070745484033317,0.7849230601331456,0.6793844810651549,0.9014405762304903,0.5150547445255464,0.2857664233576623,0.8136861313868603
1453,61,0.4415794979079397,0.21965132496512893,0.5675732217573184,0.702547396678038,0.6019965326324076,0.8070745484033317,0.7849230601331456,0.6793844810651549,0.9014405762304903,0.5150547445255464,0.2857664233576623,0.8136861313868603
1454,61,0.4415794979079397,0.21965132496512893,0.5675732217573184,0.702547396678038,0.6019965326324076,0.8070745484033317,0.7849230601331456,0.6793844810651549,0.9014405762304903,0.5150547445255464,0.2857664233576623,0.8136861313868603
1455,61,0.4415794979079397,0.21965132496512893,0.5675732217573184,0.702547396678038,0.6019965326324076,0.8070745484033317,0.7849230601331456,0.6793844810651549,0.9014405762304903,0.5150547445255464,0.2857664233576623,0.8136861313868603
1456,61,0.4415794979079397,0.21965132496512893,0.5675732217573184,0.702547396678038,0.6019965326324076,0.8070745484033317,0.7849230601331456,0.6793844810651549,0.9014405762304903,0.5150547445255464,0.2857664233576623,0.8136861313868603
1457,61,0.4415794979079397,0.21965132496512893,0.5675732217573184,0.702547396678038,0.6019965326324076,0.8070745484033317,0.7849230601331456,0.6793844810651549,0.9014405762304903,0.5150547445255464,0.2857664233576623,0.8136861313868603
1458,61,0.4415794979079397,0.21965132496512893,0.5675732217573184,0.702547396678038,0.6019965326324076,0.8070745484033317,0.7849230601331456,0.6793844810651549,0.9014405762304903,0.5150547445255464,0.2857664233576623,0.8136861313868603
1459,61,0.4415794979079397,0.21965132496512893,0.5675732217573184,0.702547396678038,0.6019965326324076,0.8070745484033317,0.7849230601331456,0.6793844810651549,0.9014405762304903,0.5150547445255464,0.2857664233576623,0.8136861313868603
1460,61,0.4415794979079397,0.21965132496512893,0.5675732217573184,0.702547396678038,0.6019965326324076,0.8070745484033317,0.7849230601331456,0.6793844810651549,0.9014405762304903,0.5150547445255464,0.2857664233576623,0.8136861313868603
1461,61,0.4415794979079397,0.21965132496512893,0.5675732217573184,0.702547396678038,0.6019965326324076,0.8070745484033317,0.7849230601331456,0.6793844810651549,0.9014405762304903,0.5150547445255464,0.2857664233576623,0.8136861313868603
1462,61,0.4415794979079397,0.21965132496512893,0.5675732217573184,0.702547396678038,0.6019965326324076,0.8070745484033317,0.7849230601331456,0.6793844810651549,0.9014405762304903,0.5150547445255464,0.2857664233576623,0.8136861313868603
1463,61,0.4415794979079397,0.21965132496512893,0.5675732217573184,0.702547396678038,0.6019965326324076,0.8070745484033317,0.7849230601331456,0.6793844810651549,0.9014405762304903,0.5150547445255464,0.2857664233576623,0.8136861313868603
1464,61,0.4415794979079397,0.21965132496512893,0.5675732217573184,0.702547396678038,0.6019965326324076,0.8070745484033317,0.7849230601331456,0.6793844810651549,0.9014405762304903,0.5150547445255464,0.2857664233576623,0.8136861313868603
1465,62,0.40625871687585935,0.26573221757320625,0.5077963737796267,0.6749902130753318,0.5684637324534464,0.7782898048207606,0.7422514460329594,0.5898177452799296,0.8986249045072612,0.5148861472548389,0.23102189781021795,0.8092748333862264
1466,62,0.40625871687585935,0.26573221757320625,0.5077963737796267,0.6749902130753318,0.5684637324534464,0.7782898048207606,0.7422514460329594,0.5898177452799296,0.8986249045072612,0.5148861472548389,0.23102189781021795,0.8092748333862264
1467,62,0.40625871687585935,0.26573221757320625,0.5077963737796267,0.6749902130753318,0.5684637324534464,0.7782898048207606,0.7422514460329594,0.5898177452799296,0.8986249045072612,0.5148861472548389,0.23102189781021795,0.8092748333862264
1468,62,0.40625871687585935,0.26573221757320625,0.5077963737796267,0.6749902130753318,0.5684637324534464,0.7782898048207606,0.7422514460329594,0.5898177452799296,0.8986249045072612,0.5148861472548389,0.23102189781021795,0.8092748333862264
1469,62,0.40625871687585935,0.26573221757320625,0.5077963737796267,0.6749902130753318,0.5684637324534464,0.7782898048207606,0.7422514460329594,0.5898177452799296,0.8986249045072612,0.5148861472548389,0.23102189781021795,0.8092748333862264
1470,62,0.40625871687585935,0.26573221757320625,0.5077963737796267,0.6749902130753318,0.5684637324534464,0.7782898048207606,0.7422514460329594,0.5898177452799296,0.8986249045072612,0.5148861472548389,0.23102189781021795,0.8092748333862264
1471,62,0.40625871687585935,0.26573221757320625,0.5077963737796267,0.6749902130753318,0.5684637324534464,0.7782898048207606,0.7422514460329594,0.5898177452799296,0.8986249045072612,0.5148861472548389,0.23102189781021795,0.8092748333862264
1472,62,0.40625871687585935,0.26573221757320625,0.5077963737796267,0.6749902130753318,0.5684637324534464,0.7782898048207606,0.7422514460329594,0.5898177452799296,0.8986249045072612,0.5148861472548389,0.23102189781021795,0.8092748333862264
1473,62,0.40625871687585935,0.26573221757320625,0.5077963737796267,0.6749902130753318,0.5684637324534464,0.7782898048207606,0.7422514460329594,0.5898177452799296,0.8986249045072612,0.5148861472548389,0.23102189781021795,0.8092748333862264
1474,62,0.40625871687585935,0.26573221757320625,0.5077963737796267,0.6749902130753318,0.5684637324534464,0.7782898048207606,0.7422514460329594,0.5898177452799296,0.8986249045072612,0.5148861472548389,0.23102189781021795,0.8092748333862264
1475,62,0.40625871687585935,0.26573221757320625,0.5077963737796267,0.6749902130753318,0.5684637324534464,0.7782898048207606,0.7422514460329594,0.5898177452799296,0.8986249045072612,0.5148861472548389,0.23102189781021795,0.8092748333862264
1476,62,0.40625871687585935,0.26573221757320625,0.5077963737796267,0.6749902130753318,0.5684637324534464,0.7782898048207606,0.7422514460329594,0.5898177452799296,0.8986249045072612,0.5148861472548389,0.23102189781021795,0.8092748333862264
1477,62,0.40625871687585935,0.26573221757320625,0.5077963737796267,0.6749902130753318,0.5684637324534464,0.7782898048207606,0.7422514460329594,0.5898177452799296,0.8986249045072612,0.5148861472548389,0.23102189781021795,0.8092748333862264
1478,62,0.40625871687585935,0.26573221757320625,0.5077963737796267,0.6749902130753318,0.5684637324534464,0.7782898048207606,0.7422514460329594,0.5898177452799296,0.8986249045072612,0.5148861472548389,0.23102189781021795,0.8092748333862264
1479,62,0.40625871687585935,0.26573221757320625,0.5077963737796267,0.6749902130753318,0.5684637324534464,0.7782898048207606,0.7422514460329594,0.5898177452799296,0.8986249045072612,0.5148861472548389,0.23102189781021795,0.8092748333862264
1480,62,0.40625871687585935,0.26573221757320625,0.5077963737796267,0.6749902130753318,0.5684637324534464,0.7782898048207606,0.7422514460329594,0.5898177452799296,0.8986249045072612,0.5148861472548389,0.23102189781021795,0.8092748333862264
1481,62,0.40625871687585935,0.26573221757320625,0.5077963737796267,0.6749902130753318,0.5684637324534464,0.7782898048207606,0.7422514460329594,0.5898177452799296,0.8986249045072612,0.5148861472548389,0.23102189781021795,0.8092748333862264
1482,62,0.40625871687585935,0.26573221757320625,0.5077963737796267,0.6749902130753318,0.5684637324534464,0.7782898048207606,0.7422514460329594,0.5898177452799296,0.8986249045072612,0.5148861472548389,0.23102189781021795,0.8092748333862264
1483,62,0.40625871687585935,0.26573221757320625,0.5077963737796267,0.6749902130753318,0.5684637324534464,0.7782898048207606,0.7422514460329594,0.5898177452799296,0.8986249045072612,0.5148861472548389,0.23102189781021795,0.8092748333862264
1484,62,0.40625871687585935,0.26573221757320625,0.5077963737796267,0.6749902130753318,0.5684637324534464,0.7782898048207606,0.7422514460329594,0.5898177452799296,0.8986249045072612,0.5148861472548389,0.23102189781021795,0.8092748333862264
1485,62,0.40625871687585935,0.26573221757320625,0.5077963737796267,0.6749902130753318,0.5684637324534464,0.7782898048207606,0.7422514460329594,0.5898177452799296,0.8986249045072612,0.5148861472548389,0.23102189781021795,0.8092748333862264
1486,62,0.40625871687585935,0.26573221757320625,0.5077963737796267,0.6749902130753318,0.5684637324534464,0.7782898048207606,0.7422514460329594,0.5898177452799296,0.8986249045072612,0.5148861472548389,0.23102189781021795,0.8092748333862264
1487,62,0.40625871687585935,0.26573221757320625,0.5077963737796267,0.6749902130753318,0.5684637324534464,0.7782898048207606,0.7422514460329594,0.5898177452799296,0.8986249045072612,0.5148861472548389,0.23102189781021795,0.8092748333862264
1488,62,0.40625871687585935,0.26573221757320625,0.5077963737796267,0.6749902130753318,0.5684637324534464,0.7782898048207606,0.7422514460329594,0.5898177452799296,0.8986249045072612,0.5148861472548389,0.23102189781021795,0.8092748333862264
1489,63,0.465829846582972,0.371492329149217,0.5652022315202032,0.669991890833848,0.563139645433705,0.796963257088531,0.7443659281894597,0.6282985921641391,0.8880934191858607,0.5158531021897796,0.3041970802919693,0.7529197080291968
1490,63,0.465829846582972,0.371492329149217,0.5652022315202032,0.669991890833848,0.563139645433705,0.796963257088531,0.7443659281894597,0.6282985921641391,0.8880934191858607,0.5158531021897796,0.3041970802919693,0.7529197080291968
1491,63,0.465829846582972,0.371492329149217,0.5652022315202032,0.669991890833848,0.563139645433705,0.796963257088531,0.7443659281894597,0.6282985921641391,0.8880934191858607,0.5158531021897796,0.3041970802919693,0.7529197080291968
1492,63,0.465829846582972,0.371492329149217,0.5652022315202032,0.669991890833848,0.563139645433705,0.796963257088531,0.7443659281894597,0.6282985921641391,0.8880934191858607,0.5158531021897796,0.3041970802919693,0.7529197080291968
1493,63,0.465829846582972,0.371492329149217,0.5652022315202032,0.669991890833848,0.563139645433705,0.796963257088531,0.7443659281894597,0.6282985921641391,0.8880934191858607,0.5158531021897796,0.3041970802919693,0.7529197080291968
1494,63,0.465829846582972,0.371492329149217,0.5652022315202032,0.669991890833848,0.563139645433705,0.796963257088531,0.7443659281894597,0.6282985921641391,0.8880934191858607,0.5158531021897796,0.3041970802919693,0.7529197080291968
1495,63,0.465829846582972,0.371492329149217,0.5652022315202032,0.669991890833848,0.563139645433705,0.796963257088531,0.7443659281894597,0.6282985921641391,0.8880934191858607,0.5158531021897796,0.3041970802919693,0.7529197080291968
1496,63,0.465829846582972,0.371492329149217,0.5652022315202032,0.669991890833848,0.563139645433705,0.796963257088531,0.7443659281894597,0.6282985921641391,0.8880934191858607,0.5158531021897796,0.3041970802919693,0.7529197080291968
1497,63,0.465829846582972,0.371492329149217,0.5652022315202032,0.669991890833848,0.563139645433705,0.796963257088531,0.7443659281894597,0.6282985921641391,0.8880934191858607,0.5158531021897796,0.3041970802919693,0.7529197080291968
1498,63,0.465829846582972,0.371492329149217,0.5652022315202032,0.669991890833848,0.563139645433705,0.796963257088531,0.7443659281894597,0.6282985921641391,0.8880934191858607,0.5158531021897796,0.3041970802919693,0.7529197080291968
1499,63,0.465829846582972,0.371492329149217,0.5652022315202032,0.669991890833848,0.563139645433705,0.796963257088531,0.7443659281894597,0.6282985921641391,0.8880934191858607,0.5158531021897796,0.3041970802919693,0.7529197080291968
1500,63,0.465829846582972,0.371492329149217,0.5652022315202032,0.669991890833848,0.563139645433705,0.796963257088531,0.7443659281894597,0.6282985921641391,0.8880934191858607,0.5158531021897796,0.3041970802919693,0.7529197080291968
1501,63,0.465829846582972,0.371492329149217,0.5652022315202032,0.669991890833848,0.563139645433705,0.796963257088531,0.7443659281894597,0.6282985921641391,0.8880934191858607,0.5158531021897796,0.3041970802919693,0.7529197080291968
1502,63,0.465829846582972,0.371492329149217,0.5652022315202032,0.669991890833848,0.563139645433705,0.796963257088531,0.7443659281894597,0.6282985921641391,0.8880934191858607,0.5158531021897796,0.3041970802919693,0.7529197080291968
1503,63,0.465829846582972,0.371492329149217,0.5652022315202032,0.669991890833848,0.563139645433705,0.796963257088531,0.7443659281894597,0.6282985921641391,0.8880934191858607,0.5158531021897796,0.3041970802919693,0.7529197080291968
1504,63,0.465829846582972,0.371492329149217,0.5652022315202032,0.669991890833848,0.563139645433705,0.796963257088531,0.7443659281894597,0.6282985921641391,0.8880934191858607,0.5158531021897796,0.3041970802919693,0.7529197080291968
1505,63,0.465829846582972,0.371492329149217,0.5652022315202032,0.669991890833848,0.563139645433705,0.796963257088531,0.7443659281894597,0.6282985921641391,0.8880934191858607,0.5158531021897796,0.3041970802919693,0.7529197080291968
1506,63,0.465829846582972,0.371492329149217,0.5652022315202032,0.669991890833848,0.563139645433705,0.796963257088531,0.7443659281894597,0.6282985921641391,0.8880934191858607,0.5158531021897796,0.3041970802919693,0.7529197080291968
1507,63,0.465829846582972,0.371492329149217,0.5652022315202032,0.669991890833848,0.563139645433705,0.796963257088531,0.7443659281894597,0.6282985921641391,0.8880934191858607,0.5158531021897796,0.3041970802919693,0.7529197080291968
1508,63,0.465829846582972,0.371492329149217,0.5652022315202032,0.669991890833848,0.563139645433705,0.796963257088531,0.7443659281894597,0.6282985921641391,0.8880934191858607,0.5158531021897796,0.3041970802919693,0.7529197080291968
1509,63,0.465829846582972,0.371492329149217,0.5652022315202032,0.669991890833848,0.563139645433705,0.796963257088531,0.7443659281894597,0.6282985921641391,0.8880934191858607,0.5158531021897796,0.3041970802919693,0.7529197080291968
1510,63,0.465829846582972,0.371492329149217,0.5652022315202032,0.669991890833848,0.563139645433705,0.796963257088531,0.7443659281894597,0.6282985921641391,0.8880934191858607,0.5158531021897796,0.3041970802919693,0.7529197080291968
1511,63,0.465829846582972,0.371492329149217,0.5652022315202032,0.669991890833848,0.563139645433705,0.796963257088531,0.7443659281894597,0.6282985921641391,0.8880934191858607,0.5158531021897796,0.3041970802919693,0.7529197080291968
1512,63,0.465829846582972,0.371492329149217,0.5652022315202032,0.669991890833848,0.563139645433705,0.796963257088531,0.7443659281894597,0.6282985921641391,0.8880934191858607,0.5158531021897796,0.3041970802919693,0.7529197080291968
1513,64,0.47857391910738123,0.4014644351464341,0.5616596931659487,0.6705022090487125,0.5647502936077444,0.8011129131480302,0.7711857470260854,0.6761650114591327,0.8585397795481867,0.49475364963503576,0.2515510948905099,0.7109489051094886
1514,64,0.47857391910738123,0.4014644351464341,0.5616596931659487,0.6705022090487125,0.5647502936077444,0.8011129131480302,0.7711857470260854,0.6761650114591327,0.8585397795481867,0.49475364963503576,0.2515510948905099,0.7109489051094886
1515,64,0.47857391910738123,0.4014644351464341,0.5616596931659487,0.6705022090487125,0.5647502936077444,0.8011129131480302,0.7711857470260854,0.6761650114591327,0.8585397795481867,0.49475364963503576,0.2515510948905099,0.7109489051094886
1516,64,0.47857391910738123,0.4014644351464341,0.5616596931659487,0.6705022090487125,0.5647502936077444,0.8011129131480302,0.7711857470260854,0.6761650114591327,0.8585397795481867,0.49475364963503576,0.2515510948905099,0.7109489051094886
1517,64,0.47857391910738123,0.4014644351464341,0.5616596931659487,0.6705022090487125,0.5647502936077444,0.8011129131480302,0.7711857470260854,0.6761650114591327,0.8585397795481867,0.49475364963503576,0.2515510948905099,0.7109489051094886
1518,64,0.47857391910738123,0.4014644351464341,0.5616596931659487,0.6705022090487125,0.5647502936077444,0.8011129131480302,0.7711857470260854,0.6761650114591327,0.8585397795481867,0.49475364963503576,0.2515510948905099,0.7109489051094886
1519,64,0.47857391910738123,0.4014644351464341,0.5616596931659487,0.6705022090487125,0.5647502936077444,0.8011129131480302,0.7711857470260854,0.6761650114591327,0.8585397795481867,0.49475364963503576,0.2515510948905099,0.7109489051094886
1520,64,0.47857391910738123,0.4014644351464341,0.5616596931659487,0.6705022090487125,0.5647502936077444,0.8011129131480302,0.7711857470260854,0.6761650114591327,0.8585397795481867,0.49475364963503576,0.2515510948905099,0.7109489051094886
1521,64,0.47857391910738123,0.4014644351464341,0.5616596931659487,0.6705022090487125,0.5647502936077444,0.8011129131480302,0.7711857470260854,0.6761650114591327,0.8585397795481867,0.49475364963503576,0.2515510948905099,0.7109489051094886
1522,64,0.47857391910738123,0.4014644351464341,0.5616596931659487,0.6705022090487125,0.5647502936077444,0.8011129131480302,0.7711857470260854,0.6761650114591327,0.8585397795481867,0.49475364963503576,0.2515510948905099,0.7109489051094886
1523,64,0.47857391910738123,0.4014644351464341,0.5616596931659487,0.6705022090487125,0.5647502936077444,0.8011129131480302,0.7711857470260854,0.6761650114591327,0.8585397795481867,0.49475364963503576,0.2515510948905099,0.7109489051094886
1524,64,0.47857391910738123,0.4014644351464341,0.5616596931659487,0.6705022090487125,0.5647502936077444,0.8011129131480302,0.7711857470260854,0.6761650114591327,0.8585397795481867,0.49475364963503576,0.2515510948905099,0.7109489051094886
1525,64,0.47857391910738123,0.4014644351464341,0.5616596931659487,0.6705022090487125,0.5647502936077444,0.8011129131480302,0.7711857470260854,0.6761650114591327,0.8585397795481867,0.49475364963503576,0.2515510948905099,0.7109489051094886
1526,64,0.47857391910738123,0.4014644351464341,0.5616596931659487,0.6705022090487125,0.5647502936077444,0.8011129131480302,0.7711857470260854,0.6761650114591327,0.8585397795481867,0.49475364963503576,0.2515510948905099,0.7109489051094886
1527,64,0.47857391910738123,0.4014644351464341,0.5616596931659487,0.6705022090487125,0.5647502936077444,0.8011129131480302,0.7711857470260854,0.6761650114591327,0.8585397795481867,0.49475364963503576,0.2515510948905099,0.7109489051094886
1528,64,0.47857391910738123,0.4014644351464341,0.5616596931659487,0.6705022090487125,0.5647502936077444,0.8011129131480302,0.7711857470260854,0.6761650114591327,0.8585397795481867,0.49475364963503576,0.2515510948905099,0.7109489051094886
1529,64,0.47857391910738123,0.4014644351464341,0.5616596931659487,0.6705022090487125,0.5647502936077444,0.8011129131480302,0.7711857470260854,0.6761650114591327,0.8585397795481867,0.49475364963503576,0.2515510948905099,0.7109489051094886
1530,64,0.47857391910738123,0.4014644351464341,0.5616596931659487,0.6705022090487125,0.5647502936077444,0.8011129131480302,0.7711857470260854,0.6761650114591327,0.8585397795481867,0.49475364963503576,0.2515510948905099,0.7109489051094886
1531,64,0.47857391910738123,0.4014644351464341,0.5616596931659487,0.6705022090487125,0.5647502936077444,0.8011129131480302,0.7711857470260854,0.6761650114591327,0.8585397795481867,0.49475364963503576,0.2515510948905099,0.7109489051094886
1532,64,0.47857391910738123,0.4014644351464341,0.5616596931659487,0.6705022090487125,0.5647502936077444,0.8011129131480302,0.7711857470260854,0.6761650114591327,0.8585397795481867,0.49475364963503576,0.2515510948905099,0.7109489051094886
1533,64,0.47857391910738123,0.4014644351464341,0.5616596931659487,0.6705022090487125,0.5647502936077444,0.8011129131480302,0.7711857470260854,0.6761650114591327,0.8585397795481867,0.49475364963503576,0.2515510948905099,0.7109489051094886
1534,64,0.47857391910738123,0.4014644351464341,0.5616596931659487,0.6705022090487125,0.5647502936077444,0.8011129131480302,0.7711857470260854,0.6761650114591327,0.8585397795481867,0.49475364963503576,0.2515510948905099,0.7109489051094886
1535,64,0.47857391910738123,0.4014644351464341,0.5616596931659487,0.6705022090487125,0.5647502936077444,0.8011129131480302,0.7711857470260854,0.6761650114591327,0.8585397795481867,0.49475364963503576,0.2515510948905099,0.7109489051094886
1536,64,0.47857391910738123,0.4014644351464341,0.5616596931659487,0.6705022090487125,0.5647502936077444,0.8011129131480302,0.7711857470260854,0.6761650114591327,0.8585397795481867,0.49475364963503576,0.2515510948905099,0.7109489051094886
1537,65,0.5107566248256603,0.4291910739190996,0.6477266387726643,0.6671002994544768,0.5616632179408321,0.7948802944720441,0.7482174688057057,0.6489031976426937,0.8074357015533508,0.5135720802919694,0.36386861313868446,0.6480839416058373
1538,65,0.5107566248256603,0.4291910739190996,0.6477266387726643,0.6671002994544768,0.5616632179408321,0.7948802944720441,0.7482174688057057,0.6489031976426937,0.8074357015533508,0.5135720802919694,0.36386861313868446,0.6480839416058373
1539,65,0.5107566248256603,0.4291910739190996,0.6477266387726643,0.6671002994544768,0.5616632179408321,0.7948802944720441,0.7482174688057057,0.6489031976426937,0.8074357015533508,0.5135720802919694,0.36386861313868446,0.6480839416058373
1540,65,0.5107566248256603,0.4291910739190996,0.6477266387726643,0.6671002994544768,0.5616632179408321,0.7948802944720441,0.7482174688057057,0.6489031976426937,0.8074357015533508,0.5135720802919694,0.36386861313868446,0.6480839416058373
1541,65,0.5107566248256603,0.4291910739190996,0.6477266387726643,0.6671002994544768,0.5616632179408321,0.7948802944720441,0.7482174688057057,0.6489031976426937,0.8074357015533508,0.5135720802919694,0.36386861313868446,0.6480839416058373
1542,65,0.5107566248256603,0.4291910739190996,0.6477266387726643,0.6671002994544768,0.5616632179408321,0.7948802944720441,0.7482174688057057,0.6489031976426937,0.8074357015533508,0.5135720802919694,0.36386861313868446,0.6480839416058373
1543,65,0.5107566248256603,0.4291910739190996,0.6477266387726643,0.6671002994544768,0.5616632179408321,0.7948802944720441,0.7482174688057057,0.6489031976426937,0.8074357015533508,0.5135720802919694,0.36386861313868446,0.6480839416058373
1544,65,0.5107566248256603,0.4291910739190996,0.6477266387726643,0.6671002994544768,0.5616632179408321,0.7948802944720441,0.7482174688057057,0.6489031976426937,0.8074357015533508,0.5135720802919694,0.36386861313868446,0.6480839416058373
1545,65,0.5107566248256603,0.4291910739190996,0.6477266387726643,0.6671002994544768,0.5616632179408321,0.7948802944720441,0.7482174688057057,0.6489031976426937,0.8074357015533508,0.5135720802919694,0.36386861313868446,0.6480839416058373
1546,65,0.5107566248256603,0.4291910739190996,0.6477266387726643,0.6671002994544768,0.5616632179408321,0.7948802944720441,0.7482174688057057,0.6489031976426937,0.8074357015533508,0.5135720802919694,0.36386861313868446,0.6480839416058373
1547,65,0.5107566248256603,0.4291910739190996,0.6477266387726643,0.6671002994544768,0.5616632179408321,0.7948802944720441,0.7482174688057057,0.6489031976426937,0.8074357015533508,0.5135720802919694,0.36386861313868446,0.6480839416058373
1548,65,0.5107566248256603,0.4291910739190996,0.6477266387726643,0.6671002994544768,0.5616632179408321,0.7948802944720441,0.7482174688057057,0.6489031976426937,0.8074357015533508,0.5135720802919694,0.36386861313868446,0.6480839416058373
1549,65,0.5107566248256603,0.4291910739190996,0.6477266387726643,0.6671002994544768,0.5616632179408321,0.7948802944720441,0.7482174688057057,0.6489031976426937,0.8074357015533508,0.5135720802919694,0.36386861313868446,0.6480839416058373
1550,65,0.5107566248256603,0.4291910739190996,0.6477266387726643,0.6671002994544768,0.5616632179408321,0.7948802944720441,0.7482174688057057,0.6489031976426937,0.8074357015533508,0.5135720802919694,0.36386861313868446,0.6480839416058373
1551,65,0.5107566248256603,0.4291910739190996,0.6477266387726643,0.6671002994544768,0.5616632179408321,0.7948802944720441,0.7482174688057057,0.6489031976426937,0.8074357015533508,0.5135720802919694,0.36386861313868446,0.6480839416058373
1552,65,0.5107566248256603,0.4291910739190996,0.6477266387726643,0.6671002994544768,0.5616632179408321,0.7948802944720441,0.7482174688057057,0.6489031976426937,0.8074357015533508,0.5135720802919694,0.36386861313868446,0.6480839416058373
1553,65,0.5107566248256603,0.4291910739190996,0.6477266387726643,0.6671002994544768,0.5616632179408321,0.7948802944720441,0.7482174688057057,0.6489031976426937,0.8074357015533508,0.5135720802919694,0.36386861313868446,0.6480839416058373
1554,65,0.5107566248256603,0.4291910739190996,0.6477266387726643,0.6671002994544768,0.5616632179408321,0.7948802944720441,0.7482174688057057,0.6489031976426937,0.8074357015533508,0.5135720802919694,0.36386861313868446,0.6480839416058373
1555,65,0.5107566248256603,0.4291910739190996,0.6477266387726643,0.6671002994544768,0.5616632179408321,0.7948802944720441,0.7482174688057057,0.6489031976426937,0.8074357015533508,0.5135720802919694,0.36386861313868446,0.6480839416058373
1556,65,0.5107566248256603,0.4291910739190996,0.6477266387726643,0.6671002994544768,0.5616632179408321,0.7948802944720441,0.7482174688057057,0.6489031976426937,0.8074357015533508,0.5135720802919694,0.36386861313868446,0.6480839416058373
1557,65,0.5107566248256603,0.4291910739190996,0.6477266387726643,0.6671002994544768,0.5616632179408321,0.7948802944720441,0.7482174688057057,0.6489031976426937,0.8074357015533508,0.5135720802919694,0.36386861313868446,0.6480839416058373
1558,65,0.5107566248256603,0.4291910739190996,0.6477266387726643,0.6671002994544768,0.5616632179408321,0.7948802944720441,0.7482174688057057,0.6489031976426937,0.8074357015533508,0.5135720802919694,0.36386861313868446,0.6480839416058373
1559,65,0.5107566248256603,0.4291910739190996,0.6477266387726643,0.6671002994544768,0.5616632179408321,0.7948802944720441,0.7482174688057057,0.6489031976426937,0.8074357015533508,0.5135720802919694,0.36386861313868446,0.6480839416058373
1560,65,0.5107566248256603,0.4291910739190996,0.6477266387726643,0.6671002994544768,0.5616632179408321,0.7948802944720441,0.7482174688057057,0.6489031976426937,0.8074357015533508,0.5135720802919694,0.36386861313868446,0.6480839416058373
1561,66,0.48188633193862174,0.41691771269175887,0.5872803347280211,0.6780870756669106,0.591572059728206,0.7793300150998264,0.7265906362545032,0.6341263778238556,0.7886500054567293,0.5482436131386845,0.34023722627737063,0.6745437956204366
1562,66,0.48188633193862174,0.41691771269175887,0.5872803347280211,0.6780870756669106,0.591572059728206,0.7793300150998264,0.7265906362545032,0.6341263778238556,0.7886500054567293,0.5482436131386845,0.34023722627737063,0.6745437956204366
1563,66,0.48188633193862174,0.41691771269175887,0.5872803347280211,0.6780870756669106,0.591572059728206,0.7793300150998264,0.7265906362545032,0.6341263778238556,0.7886500054567293,0.5482436131386845,0.34023722627737063,0.6745437956204366
1564,66,0.48188633193862174,0.41691771269175887,0.5872803347280211,0.6780870756669106,0.591572059728206,0.7793300150998264,0.7265906362545032,0.6341263778238556,0.7886500054567293,0.5482436131386845,0.34023722627737063,0.6745437956204366
1565,66,0.48188633193862174,0.41691771269175887,0.5872803347280211,0.6780870756669106,0.591572059728206,0.7793300150998264,0.7265906362545032,0.6341263778238556,0.7886500054567293,0.5482436131386845,0.34023722627737063,0.6745437956204366
1566,66,0.48188633193862174,0.41691771269175887,0.5872803347280211,0.6780870756669106,0.591572059728206,0.7793300150998264,0.7265906362545032,0.6341263778238556,0.7886500054567293,0.5482436131386845,0.34023722627737063,0.6745437956204366
1567,66,0.48188633193862174,0.41691771269175887,0.5872803347280211,0.6780870756669106,0.591572059728206,0.7793300150998264,0.7265906362545032,0.6341263778238556,0.7886500054567293,0.5482436131386845,0.34023722627737063,0.6745437956204366
1568,66,0.48188633193862174,0.41691771269175887,0.5872803347280211,0.6780870756669106,0.591572059728206,0.7793300150998264,0.7265906362545032,0.6341263778238556,0.7886500054567293,0.5482436131386845,0.34023722627737063,0.6745437956204366
1569,66,0.48188633193862174,0.41691771269175887,0.5872803347280211,0.6780870756669106,0.591572059728206,0.7793300150998264,0.7265906362545032,0.6341263778238556,0.7886500054567293,0.5482436131386845,0.34023722627737063,0.6745437956204366
1570,66,0.48188633193862174,0.41691771269175887,0.5872803347280211,0.6780870756669106,0.591572059728206,0.7793300150998264,0.7265906362545032,0.6341263778238556,0.7886500054567293,0.5482436131386845,0.34023722627737063,0.6745437956204366
1571,66,0.48188633193862174,0.41691771269175887,0.5872803347280211,0.6780870756669106,0.591572059728206,0.7793300150998264,0.7265906362545032,0.6341263778238556,0.7886500054567293,0.5482436131386845,0.34023722627737063,0.6745437956204366
1572,66,0.48188633193862174,0.41691771269175887,0.5872803347280211,0.6780870756669106,0.591572059728206,0.7793300150998264,0.7265906362545032,0.6341263778238556,0.7886500054567293,0.5482436131386845,0.34023722627737063,0.6745437956204366
1573,66,0.48188633193862174,0.41691771269175887,0.5872803347280211,0.6780870756669106,0.591572059728206,0.7793300150998264,0.7265906362545032,0.6341263778238556,0.7886500054567293,0.5482436131386845,0.34023722627737063,0.6745437956204366
1574,66,0.48188633193862174,0.41691771269175887,0.5872803347280211,0.6780870756669106,0.591572059728206,0.7793300150998264,0.7265906362545032,0.6341263778238556,0.7886500054567293,0.5482436131386845,0.34023722627737063,0.6745437956204366
1575,66,0.48188633193862174,0.41691771269175887,0.5872803347280211,0.6780870756669106,0.591572059728206,0.7793300150998264,0.7265906362545032,0.6341263778238556,0.7886500054567293,0.5482436131386845,0.34023722627737063,0.6745437956204366
1576,66,0.48188633193862174,0.41691771269175887,0.5872803347280211,0.6780870756669106,0.591572059728206,0.7793300150998264,0.7265906362545032,0.6341263778238556,0.7886500054567293,0.5482436131386845,0.34023722627737063,0.6745437956204366
1577,66,0.48188633193862174,0.41691771269175887,0.5872803347280211,0.6780870756669106,0.591572059728206,0.7793300150998264,0.7265906362545032,0.6341263778238556,0.7886500054567293,0.5482436131386845,0.34023722627737063,0.6745437956204366
1578,66,0.48188633193862174,0.41691771269175887,0.5872803347280211,0.6780870756669106,0.591572059728206,0.7793300150998264,0.7265906362545032,0.6341263778238556,0.7886500054567293,0.5482436131386845,0.34023722627737063,0.6745437956204366
1579,66,0.48188633193862174,0.41691771269175887,0.5872803347280211,0.6780870756669106,0.591572059728206,0.7793300150998264,0.7265906362545032,0.6341263778238556,0.7886500054567293,0.5482436131386845,0.34023722627737063,0.6745437956204366
1580,66,0.48188633193862174,0.41691771269175887,0.5872803347280211,0.6780870756669106,0.591572059728206,0.7793300150998264,0.7265906362545032,0.6341263778238556,0.7886500054567293,0.5482436131386845,0.34023722627737063,0.6745437956204366
1581,66,0.48188633193862174,0.41691771269175887,0.5872803347280211,0.6780870756669106,0.591572059728206,0.7793300150998264,0.7265906362545032,0.6341263778238556,0.7886500054567293,0.5482436131386845,0.34023722627737063,0.6745437956204366
1582,66,0.48188633193862174,0.41691771269175887,0.5872803347280211,0.6780870756669106,0.591572059728206,0.7793300150998264,0.7265906362545032,0.6341263778238556,0.7886500054567293,0.5482436131386845,0.34023722627737063,0.6745437956204366
1583,66,0.48188633193862174,0.41691771269175887,0.5872803347280211,0.6780870756669106,0.591572059728206,0.7793300150998264,0.7265906362545032,0.6341263778238556,0.7886500054567293,0.5482436131386845,0.34023722627737063,0.6745437956204366
1584,66,0.48188633193862174,0.41691771269175887,0.5872803347280211,0.6780870756669106,0.591572059728206,0.7793300150998264,0.7265906362545032,0.6341263778238556,0.7886500054567293,0.5482436131386845,0.34023722627737063,0.6745437956204366
1585,67,0.4410216178521509,0.29039051603903515,0.5884518828451831,0.6834768748951427,0.6054079749454736,0.7572786756892789,0.7453754228964309,0.6915857251991753,0.7971297609953062,0.548129562043794,0.3767335766423354,0.7749087591240851
1586,67,0.4410216178521509,0.29039051603903515,0.5884518828451831,0.6834768748951427,0.6054079749454736,0.7572786756892789,0.7453754228964309,0.6915857251991753,0.7971297609953062,0.548129562043794,0.3767335766423354,0.7749087591240851
1587,67,0.4410216178521509,0.29039051603903515,0.5884518828451831,0.6834768748951427,0.6054079749454736,0.7572786756892789,0.7453754228964309,0.6915857251991753,0.7971297609953062,0.548129562043794,0.3767335766423354,0.7749087591240851
1588,67,0.4410216178521509,0.29039051603903515,0.5884518828451831,0.6834768748951427,0.6054079749454736,0.7572786756892789,0.7453754228964309,0.6915857251991753,0.7971297609953062,0.548129562043794,0.3767335766423354,0.7749087591240851
1589,67,0.4410216178521509,0.29039051603903515,0.5884518828451831,0.6834768748951427,0.6054079749454736,0.7572786756892789,0.7453754228964309,0.6915857251991753,0.7971297609953062,0.548129562043794,0.3767335766423354,0.7749087591240851
1590,67,0.4410216178521509,0.29039051603903515,0.5884518828451831,0.6834768748951427,0.6054079749454736,0.7572786756892789,0.7453754228964309,0.6915857251991753,0.7971297609953062,0.548129562043794,0.3767335766423354,0.7749087591240851
1591,67,0.4410216178521509,0.29039051603903515,0.5884518828451831,0.6834768748951427,0.6054079749454736,0.7572786756892789,0.7453754228964309,0.6915857251991753,0.7971297609953062,0.548129562043794,0.3767335766423354,0.7749087591240851
1592,67,0.4410216178521509,0.29039051603903515,0.5884518828451831,0.6834768748951427,0.6054079749454736,0.7572786756892789,0.7453754228964309,0.6915857251991753,0.7971297609953062,0.548129562043794,0.3767335766423354,0.7749087591240851
1593,67,0.4410216178521509,0.29039051603903515,0.5884518828451831,0.6834768748951427,0.6054079749454736,0.7572786756892789,0.7453754228964309,0.6915857251991753,0.7971297609953062,0.548129562043794,0.3767335766423354,0.7749087591240851
1594,67,0.4410216178521509,0.29039051603903515,0.5884518828451831,0.6834768748951427,0.6054079749454736,0.7572786756892789,0.7453754228964309,0.6915857251991753,0.7971297609953062,0.548129562043794,0.3767335766423354,0.7749087591240851
1595,67,0.4410216178521509,0.29039051603903515,0.5884518828451831,0.6834768748951427,0.6054079749454736,0.7572786756892789,0.7453754228964309,0.6915857251991753,0.7971297609953062,0.548129562043794,0.3767335766423354,0.7749087591240851
1596,67,0.4410216178521509,0.29039051603903515,0.5884518828451831,0.6834768748951427,0.6054079749454736,0.7572786756892789,0.7453754228964309,0.6915857251991753,0.7971297609953062,0.548129562043794,0.3767335766423354,0.7749087591240851
1597,67,0.4410216178521509,0.29039051603903515,0.5884518828451831,0.6834768748951427,0.6054079749454736,0.7572786756892789,0.7453754228964309,0.6915857251991753,0.7971297609953062,0.548129562043794,0.3767335766423354,0.7749087591240851
1598,67,0.4410216178521509,0.29039051603903515,0.5884518828451831,0.6834768748951427,0.6054079749454736,0.7572786756892789,0.7453754228964309,0.6915857251991753,0.7971297609953062,0.548129562043794,0.3767335766423354,0.7749087591240851
1599,67,0.4410216178521509,0.29039051603903515,0.5884518828451831,0.6834768748951427,0.6054079749454736,0.7572786756892789,0.7453754228964309,0.6915857251991753,0.7971297609953062,0.548129562043794,0.3767335766423354,0.7749087591240851
1600,67,0.4410216178521509,0.29039051603903515,0.5884518828451831,0.6834768748951427,0.6054079749454736,0.7572786756892789,0.7453754228964309,0.6915857251991753,0.7971297609953062,0.548129562043794,0.3767335766423354,0.7749087591240851
1601,67,0.4410216178521509,0.29039051603903515,0.5884518828451831,0.6834768748951427,0.6054079749454736,0.7572786756892789,0.7453754228964309,0.6915857251991753,0.7971297609953062,0.548129562043794,0.3767335766423354,0.7749087591240851
1602,67,0.4410216178521509,0.29039051603903515,0.5884518828451831,0.6834768748951427,0.6054079749454736,0.7572786756892789,0.7453754228964309,0.6915857251991753,0.7971297609953062,0.548129562043794,0.3767335766423354,0.7749087591240851
1603,67,0.4410216178521509,0.29039051603903515,0.5884518828451831,0.6834768748951427,0.6054079749454736,0.7572786756892789,0.7453754228964309,0.6915857251991753,0.7971297609953062,0.548129562043794,0.3767335766423354,0.7749087591240851
1604,67,0.4410216178521509,0.29039051603903515,0.5884518828451831,0.6834768748951427,0.6054079749454736,0.7572786756892789,0.7453754228964309,0.6915857251991753,0.7971297609953062,0.548129562043794,0.3767335766423354,0.7749087591240851
1605,67,0.4410216178521509,0.29039051603903515,0.5884518828451831,0.6834768748951427,0.6054079749454736,0.7572786756892789,0.7453754228964309,0.6915857251991753,0.7971297609953062,0.548129562043794,0.3767335766423354,0.7749087591240851
1606,67,0.4410216178521509,0.29039051603903515,0.5884518828451831,0.6834768748951427,0.6054079749454736,0.7572786756892789,0.7453754228964309,0.6915857251991753,0.7971297609953062,0.548129562043794,0.3767335766423354,0.7749087591240851
1607,67,0.4410216178521509,0.29039051603903515,0.5884518828451831,0.6834768748951427,0.6054079749454736,0.7572786756892789,0.7453754228964309,0.6915857251991753,0.7971297609953062,0.548129562043794,0.3767335766423354,0.7749087591240851
1608,67,0.4410216178521509,0.29039051603903515,0.5884518828451831,0.6834768748951427,0.6054079749454736,0.7572786756892789,0.7453754228964309,0.6915857251991753,0.7971297609953062,0.548129562043794,0.3767335766423354,0.7749087591240851
1609,68,0.4371687587168651,0.2945746164574487,0.5665550906554913,0.6712921536826819,0.5959174542810821,0.7271293551814815,0.7758921750518404,0.6910618792971739,0.8765797227982126,0.5830291970802901,0.40903284671532775,0.7234489051094866
1610,68,0.4371687587168651,0.2945746164574487,0.5665550906554913,0.6712921536826819,0.5959174542810821,0.7271293551814815,0.7758921750518404,0.6910618792971739,0.8765797227982126,0.5830291970802901,0.40903284671532775,0.7234489051094866
1611,68,0.4371687587168651,0.2945746164574487,0.5665550906554913,0.6712921536826819,0.5959174542810821,0.7271293551814815,0.7758921750518404,0.6910618792971739,0.8765797227982126,0.5830291970802901,0.40903284671532775,0.7234489051094866
1612,68,0.4371687587168651,0.2945746164574487,0.5665550906554913,0.6712921536826819,0.5959174542810821,0.7271293551814815,0.7758921750518404,0.6910618792971739,0.8765797227982126,0.5830291970802901,0.40903284671532775,0.7234489051094866
1613,68,0.4371687587168651,0.2945746164574487,0.5665550906554913,0.6712921536826819,0.5959174542810821,0.7271293551814815,0.7758921750518404,0.6910618792971739,0.8765797227982126,0.5830291970802901,0.40903284671532775,0.7234489051094866
1614,68,0.4371687587168651,0.2945746164574487,0.5665550906554913,0.6712921536826819,0.5959174542810821,0.7271293551814815,0.7758921750518404,0.6910618792971739,0.8765797227982126,0.5830291970802901,0.40903284671532775,0.7234489051094866
1615,68,0.4371687587168651,0.2945746164574487,0.5665550906554913,0.6712921536826819,0.5959174542810821,0.7271293551814815,0.7758921750518404,0.6910618792971739,0.8765797227982126,0.5830291970802901,0.40903284671532775,0.7234489051094866
1616,68,0.4371687587168651,0.2945746164574487,0.5665550906554913,0.6712921536826819,0.5959174542810821,0.7271293551814815,0.7758921750518404,0.6910618792971739,0.8765797227982126,0.5830291970802901,0.40903284671532775,0.7234489051094866
1617,68,0.4371687587168651,0.2945746164574487,0.5665550906554913,0.6712921536826819,0.5959174542810821,0.7271293551814815,0.7758921750518404,0.6910618792971739,0.8765797227982126,0.5830291970802901,0.40903284671532775,0.7234489051094866
1618,68,0.4371687587168651,0.2945746164574487,0.5665550906554913,0.6712921536826819,0.5959174542810821,0.7271293551814815,0.7758921750518404,0.6910618792971739,0.8765797227982126,0.5830291970802901,0.40903284671532775,0.7234489051094866
1619,68,0.4371687587168651,0.2945746164574487,0.5665550906554913,0.6712921536826819,0.5959174542810821,0.7271293551814815,0.7758921750518404,0.6910618792971739,0.8765797227982126,0.5830291970802901,0.40903284671532775,0.7234489051094866
1620,68,0.4371687587168651,0.2945746164574487,0.5665550906554913,0.6712921536826819,0.5959174542810821,0.7271293551814815,0.7758921750518404,0.6910618792971739,0.8765797227982126,0.5830291970802901,0.40903284671532775,0.7234489051094866
1621,68,0.4371687587168651,0.2945746164574487,0.5665550906554913,0.6712921536826819,0.5959174542810821,0.7271293551814815,0.7758921750518404,0.6910618792971739,0.8765797227982126,0.5830291970802901,0.40903284671532775,0.7234489051094866
1622,68,0.4371687587168651,0.2945746164574487,0.5665550906554913,0.6712921536826819,0.5959174542810821,0.7271293551814815,0.7758921750518404,0.6910618792971739,0.8765797227982126,0.5830291970802901,0.40903284671532775,0.7234489051094866
1623,68,0.4371687587168651,0.2945746164574487,0.5665550906554913,0.6712921536826819,0.5959174542810821,0.7271293551814815,0.7758921750518404,0.6910618792971739,0.8765797227982126,0.5830291970802901,0.40903284671532775,0.7234489051094866
1624,68,0.4371687587168651,0.2945746164574487,0.5665550906554913,0.6712921536826819,0.5959174542810821,0.7271293551814815,0.7758921750518404,0.6910618792971739,0.8765797227982126,0.5830291970802901,0.40903284671532775,0.7234489051094866
1625,68,0.4371687587168651,0.2945746164574487,0.5665550906554913,0.6712921536826819,0.5959174542810821,0.7271293551814815,0.7758921750518404,0.6910618792971739,0.8765797227982126,0.5830291970802901,0.40903284671532775,0.7234489051094866
1626,68,0.4371687587168651,0.2945746164574487,0.5665550906554913,0.6712921536826819,0.5959174542810821,0.7271293551814815,0.7758921750518404,0.6910618792971739,0.8765797227982126,0.5830291970802901,0.40903284671532775,0.7234489051094866
1627,68,0.4371687587168651,0.2945746164574487,0.5665550906554913,0.6712921536826819,0.5959174542810821,0.7271293551814815,0.7758921750518404,0.6910618792971739,0.8765797227982126,0.5830291970802901,0.40903284671532775,0.7234489051094866
1628,68,0.4371687587168651,0.2945746164574487,0.5665550906554913,0.6712921536826819,0.5959174542810821,0.7271293551814815,0.7758921750518404,0.6910618792971739,0.8765797227982126,0.5830291970802901,0.40903284671532775,0.7234489051094866
1629,68,0.4371687587168651,0.2945746164574487,0.5665550906554913,0.6712921536826819,0.5959174542810821,0.7271293551814815,0.7758921750518404,0.6910618792971739,0.8765797227982126,0.5830291970802901,0.40903284671532775,0.7234489051094866
1630,68,0.4371687587168651,0.2945746164574487,0.5665550906554913,0.6712921536826819,0.5959174542810821,0.7271293551814815,0.7758921750518404,0.6910618792971739,0.8765797227982126,0.5830291970802901,0.40903284671532775,0.7234489051094866
1631,68,0.4371687587168651,0.2945746164574487,0.5665550906554913,0.6712921536826819,0.5959174542810821,0.7271293551814815,0.7758921750518404,0.6910618792971739,0.8765797227982126,0.5830291970802901,0.40903284671532775,0.7234489051094866
1632,68,0.4371687587168651,0.2945746164574487,0.5665550906554913,0.6712921536826819,0.5959174542810821,0.7271293551814815,0.7758921750518404,0.6910618792971739,0.8765797227982126,0.5830291970802901,0.40903284671532775,0.7234489051094866
1633,69,0.44058577405857235,0.315062761506276,0.6299581589958081,0.6653291202952865,0.5853028354118919,0.718494491359548,0.7716768525592075,0.6927207246535005,0.8520462730546775,0.5733348540145973,0.4065693430656925,0.7405109489051096
1634,69,0.44058577405857235,0.315062761506276,0.6299581589958081,0.6653291202952865,0.5853028354118919,0.718494491359548,0.7716768525592075,0.6927207246535005,0.8520462730546775,0.5733348540145973,0.4065693430656925,0.7405109489051096
1635,69,0.44058577405857235,0.315062761506276,0.6299581589958081,0.6653291202952865,0.5853028354118919,0.718494491359548,0.7716768525592075,0.6927207246535005,0.8520462730546775,0.5733348540145973,0.4065693430656925,0.7405109489051096
1636,69,0.44058577405857235,0.315062761506276,0.6299581589958081,0.6653291202952865,0.5853028354118919,0.718494491359548,0.7716768525592075,0.6927207246535005,0.8520462730546775,0.5733348540145973,0.4065693430656925,0.7405109489051096
1637,69,0.44058577405857235,0.315062761506276,0.6299581589958081,0.6653291202952865,0.5853028354118919,0.718494491359548,0.7716768525592075,0.6927207246535005,0.8520462730546775,0.5733348540145973,0.4065693430656925,0.7405109489051096
1638,69,0.44058577405857235,0.315062761506276,0.6299581589958081,0.6653291202952865,0.5853028354118919,0.718494491359548,0.7716768525592075,0.6927207246535005,0.8520462730546775,0.5733348540145973,0.4065693430656925,0.7405109489051096
1639,69,0.44058577405857235,0.315062761506276,0.6299581589958081,0.6653291202952865,0.5853028354118919,0.718494491359548,0.7716768525592075,0.6927207246535005,0.8520462730546775,0.5733348540145973,0.4065693430656925,0.7405109489051096
1640,69,0.44058577405857235,0.315062761506276,0.6299581589958081,0.6653291202952865,0.5853028354118919,0.718494491359548,0.7716768525592075,0.6927207246535005,0.8520462730546775,0.5733348540145973,0.4065693430656925,0.7405109489051096
1641,69,0.44058577405857235,0.315062761506276,0.6299581589958081,0.6653291202952865,0.5853028354118919,0.718494491359548,0.7716768525592075,0.6927207246535005,0.8520462730546775,0.5733348540145973,0.4065693430656925,0.7405109489051096
1642,69,0.44058577405857235,0.315062761506276,0.6299581589958081,0.6653291202952865,0.5853028354118919,0.718494491359548,0.7716768525592075,0.6927207246535005,0.8520462730546775,0.5733348540145973,0.4065693430656925,0.7405109489051096
1643,69,0.44058577405857235,0.315062761506276,0.6299581589958081,0.6653291202952865,0.5853028354118919,0.718494491359548,0.7716768525592075,0.6927207246535005,0.8520462730546775,0.5733348540145973,0.4065693430656925,0.7405109489051096
1644,69,0.44058577405857235,0.315062761506276,0.6299581589958081,0.6653291202952865,0.5853028354118919,0.718494491359548,0.7716768525592075,0.6927207246535005,0.8520462730546775,0.5733348540145973,0.4065693430656925,0.7405109489051096
1645,69,0.44058577405857235,0.315062761506276,0.6299581589958081,0.6653291202952865,0.5853028354118919,0.718494491359548,0.7716768525592075,0.6927207246535005,0.8520462730546775,0.5733348540145973,0.4065693430656925,0.7405109489051096
1646,69,0.44058577405857235,0.315062761506276,0.6299581589958081,0.6653291202952865,0.5853028354118919,0.718494491359548,0.7716768525592075,0.6927207246535005,0.8520462730546775,0.5733348540145973,0.4065693430656925,0.7405109489051096
1647,69,0.44058577405857235,0.315062761506276,0.6299581589958081,0.6653291202952865,0.5853028354118919,0.718494491359548,0.7716768525592075,0.6927207246535005,0.8520462730546775,0.5733348540145973,0.4065693430656925,0.7405109489051096
1648,69,0.44058577405857235,0.315062761506276,0.6299581589958081,0.6653291202952865,0.5853028354118919,0.718494491359548,0.7716768525592075,0.6927207246535005,0.8520462730546775,0.5733348540145973,0.4065693430656925,0.7405109489051096
1649,69,0.44058577405857235,0.315062761506276,0.6299581589958081,0.6653291202952865,0.5853028354118919,0.718494491359548,0.7716768525592075,0.6927207246535005,0.8520462730546775,0.5733348540145973,0.4065693430656925,0.7405109489051096
1650,69,0.44058577405857235,0.315062761506276,0.6299581589958081,0.6653291202952865,0.5853028354118919,0.718494491359548,0.7716768525592075,0.6927207246535005,0.8520462730546775,0.5733348540145973,0.4065693430656925,0.7405109489051096
1651,69,0.44058577405857235,0.315062761506276,0.6299581589958081,0.6653291202952865,0.5853028354118919,0.718494491359548,0.7716768525592075,0.6927207246535005,0.8520462730546775,0.5733348540145973,0.4065693430656925,0.7405109489051096
1652,69,0.44058577405857235,0.315062761506276,0.6299581589958081,0.6653291202952865,0.5853028354118919,0.718494491359548,0.7716768525592075,0.6927207246535005,0.8520462730546775,0.5733348540145973,0.4065693430656925,0.7405109489051096
1653,69,0.44058577405857235,0.315062761506276,0.6299581589958081,0.6653291202952865,0.5853028354118919,0.718494491359548,0.7716768525592075,0.6927207246535005,0.8520462730546775,0.5733348540145973,0.4065693430656925,0.7405109489051096
1654,69,0.44058577405857235,0.315062761506276,0.6299581589958081,0.6653291202952865,0.5853028354118919,0.718494491359548,0.7716768525592075,0.6927207246535005,0.8520462730546775,0.5733348540145973,0.4065693430656925,0.7405109489051096
1655,69,0.44058577405857235,0.315062761506276,0.6299581589958081,0.6653291202952865,0.5853028354118919,0.718494491359548,0.7716768525592075,0.6927207246535005,0.8520462730546775,0.5733348540145973,0.4065693430656925,0.7405109489051096
1656,69,0.44058577405857235,0.315062761506276,0.6299581589958081,0.6653291202952865,0.5853028354118919,0.718494491359548,0.7716768525592075,0.6927207246535005,0.8520462730546775,0.5733348540145973,0.4065693430656925,0.7405109489051096
1657,70,0.47241980474196943,0.335439330543916,0.6686610878661,0.6602748727699801,0.5778479950785751,0.7275823499804289,0.7553612354032575,0.7085888901014947,0.8047691803994403,0.5421989051094878,0.3678832116788321,0.6853102189781012
1658,70,0.47241980474196943,0.335439330543916,0.6686610878661,0.6602748727699801,0.5778479950785751,0.7275823499804289,0.7553612354032575,0.7085888901014947,0.8047691803994403,0.5421989051094878,0.3678832116788321,0.6853102189781012
1659,70,0.47241980474196943,0.335439330543916,0.6686610878661,0.6602748727699801,0.5778479950785751,0.7275823499804289,0.7553612354032575,0.7085888901014947,0.8047691803994403,0.5421989051094878,0.3678832116788321,0.6853102189781012
1660,70,0.47241980474196943,0.335439330543916,0.6686610878661,0.6602748727699801,0.5778479950785751,0.7275823499804289,0.7553612354032575,0.7085888901014947,0.8047691803994403,0.5421989051094878,0.3678832116788321,0.6853102189781012
1661,70,0.47241980474196943,0.335439330543916,0.6686610878661,0.6602748727699801,0.5778479950785751,0.7275823499804289,0.7553612354032575,0.7085888901014947,0.8047691803994403,0.5421989051094878,0.3678832116788321,0.6853102189781012
1662,70,0.47241980474196943,0.335439330543916,0.6686610878661,0.6602748727699801,0.5778479950785751,0.7275823499804289,0.7553612354032575,0.7085888901014947,0.8047691803994403,0.5421989051094878,0.3678832116788321,0.6853102189781012
1663,70,0.47241980474196943,0.335439330543916,0.6686610878661,0.6602748727699801,0.5778479950785751,0.7275823499804289,0.7553612354032575,0.7085888901014947,0.8047691803994403,0.5421989051094878,0.3678832116788321,0.6853102189781012
1664,70,0.47241980474196943,0.335439330543916,0.6686610878661,0.6602748727699801,0.5778479950785751,0.7275823499804289,0.7553612354032575,0.7085888901014947,0.8047691803994403,0.5421989051094878,0.3678832116788321,0.6853102189781012
1665,70,0.47241980474196943,0.335439330543916,0.6686610878661,0.6602748727699801,0.5778479950785751,0.7275823499804289,0.7553612354032575,0.7085888901014947,0.8047691803994403,0.5421989051094878,0.3678832116788321,0.6853102189781012
1666,70,0.47241980474196943,0.335439330543916,0.6686610878661,0.6602748727699801,0.5778479950785751,0.7275823499804289,0.7553612354032575,0.7085888901014947,0.8047691803994403,0.5421989051094878,0.3678832116788321,0.6853102189781012
1667,70,0.47241980474196943,0.335439330543916,0.6686610878661,0.6602748727699801,0.5778479950785751,0.7275823499804289,0.7553612354032575,0.7085888901014947,0.8047691803994403,0.5421989051094878,0.3678832116788321,0.6853102189781012
1668,70,0.47241980474196943,0.335439330543916,0.6686610878661,0.6602748727699801,0.5778479950785751,0.7275823499804289,0.7553612354032575,0.7085888901014947,0.8047691803994403,0.5421989051094878,0.3678832116788321,0.6853102189781012
1669,70,0.47241980474196943,0.335439330543916,0.6686610878661,0.6602748727699801,0.5778479950785751,0.7275823499804289,0.7553612354032575,0.7085888901014947,0.8047691803994403,0.5421989051094878,0.3678832116788321,0.6853102189781012
1670,70,0.47241980474196943,0.335439330543916,0.6686610878661,0.6602748727699801,0.5778479950785751,0.7275823499804289,0.7553612354032575,0.7085888901014947,0.8047691803994403,0.5421989051094878,0.3678832116788321,0.6853102189781012
1671,70,0.47241980474196943,0.335439330543916,0.6686610878661,0.6602748727699801,0.5778479950785751,0.7275823499804289,0.7553612354032575,0.7085888901014947,0.8047691803994403,0.5421989051094878,0.3678832116788321,0.6853102189781012
1672,70,0.47241980474196943,0.335439330543916,0.6686610878661,0.6602748727699801,0.5778479950785751,0.7275823499804289,0.7553612354032575,0.7085888901014947,0.8047691803994403,0.5421989051094878,0.3678832116788321,0.6853102189781012
1673,70,0.47241980474196943,0.335439330543916,0.6686610878661,0.6602748727699801,0.5778479950785751,0.7275823499804289,0.7553612354032575,0.7085888901014947,0.8047691803994403,0.5421989051094878,0.3678832116788321,0.6853102189781012
1674,70,0.47241980474196943,0.335439330543916,0.6686610878661,0.6602748727699801,0.5778479950785751,0.7275823499804289,0.7553612354032575,0.7085888901014947,0.8047691803994403,0.5421989051094878,0.3678832116788321,0.6853102189781012
1675,70,0.47241980474196943,0.335439330543916,0.6686610878661,0.6602748727699801,0.5778479950785751,0.7275823499804289,0.7553612354032575,0.7085888901014947,0.8047691803994403,0.5421989051094878,0.3678832116788321,0.6853102189781012
1676,70,0.47241980474196943,0.335439330543916,0.6686610878661,0.6602748727699801,0.5778479950785751,0.7275823499804289,0.7553612354032575,0.7085888901014947,0.8047691803994403,0.5421989051094878,0.3678832116788321,0.6853102189781012
1677,70,0.47241980474196943,0.335439330543916,0.6686610878661,0.6602748727699801,0.5778479950785751,0.7275823499804289,0.7553612354032575,0.7085888901014947,0.8047691803994403,0.5421989051094878,0.3678832116788321,0.6853102189781012
1678,70,0.47241980474196943,0.335439330543916,0.6686610878661,0.6602748727699801,0.5778479950785751,0.7275823499804289,0.7553612354032575,0.7085888901014947,0.8047691803994403,0.5421989051094878,0.3678832116788321,0.6853102189781012
1679,70,0.47241980474196943,0.335439330543916,0.6686610878661,0.6602748727699801,0.5778479950785751,0.7275823499804289,0.7553612354032575,0.7085888901014947,0.8047691803994403,0.5421989051094878,0.3678832116788321,0.6853102189781012
1680,70,0.47241980474196943,0.335439330543916,0.6686610878661,0.6602748727699801,0.5778479950785751,0.7275823499804289,0.7553612354032575,0.7085888901014947,0.8047691803994403,0.5421989051094878,0.3678832116788321,0.6853102189781012
1681,71,0.442939330543922,0.34836820083681064,0.5201394700139389,0.6582335999105213,0.5363514344835323,0.7810245511996008,0.7605451271417669,0.6591945869256755,0.8507148313870992,0.5140282846715318,0.3269160583941599,0.6857664233576628
1682,71,0.442939330543922,0.34836820083681064,0.5201394700139389,0.6582335999105213,0.5363514344835323,0.7810245511996008,0.7605451271417669,0.6591945869256755,0.8507148313870992,0.5140282846715318,0.3269160583941599,0.6857664233576628
1683,71,0.442939330543922,0.34836820083681064,0.5201394700139389,0.6582335999105213,0.5363514344835323,0.7810245511996008,0.7605451271417669,0.6591945869256755,0.8507148313870992,0.5140282846715318,0.3269160583941599,0.6857664233576628
1684,71,0.442939330543922,0.34836820083681064,0.5201394700139389,0.6582335999105213,0.5363514344835323,0.7810245511996008,0.7605451271417669,0.6591945869256755,0.8507148313870992,0.5140282846715318,0.3269160583941599,0.6857664233576628
1685,71,0.442939330543922,0.34836820083681064,0.5201394700139389,0.6582335999105213,0.5363514344835323,0.7810245511996008,0.7605451271417669,0.6591945869256755,0.8507148313870992,0.5140282846715318,0.3269160583941599,0.6857664233576628
1686,71,0.442939330543922,0.34836820083681064,0.5201394700139389,0.6582335999105213,0.5363514344835323,0.7810245511996008,0.7605451271417669,0.6591945869256755,0.8507148313870992,0.5140282846715318,0.3269160583941599,0.6857664233576628
1687,71,0.442939330543922,0.34836820083681064,0.5201394700139389,0.6582335999105213,0.5363514344835323,0.7810245511996008,0.7605451271417669,0.6591945869256755,0.8507148313870992,0.5140282846715318,0.3269160583941599,0.6857664233576628
1688,71,0.442939330543922,0.34836820083681064,0.5201394700139389,0.6582335999105213,0.5363514344835323,0.7810245511996008,0.7605451271417669,0.6591945869256755,0.8507148313870992,0.5140282846715318,0.3269160583941599,0.6857664233576628
1689,71,0.442939330543922,0.34836820083681064,0.5201394700139389,0.6582335999105213,0.5363514344835323,0.7810245511996008,0.7605451271417669,0.6591945869256755,0.8507148313870992,0.5140282846715318,0.3269160583941599,0.6857664233576628
1690,71,0.442939330543922,0.34836820083681064,0.5201394700139389,0.6582335999105213,0.5363514344835323,0.7810245511996008,0.7605451271417669,0.6591945869256755,0.8507148313870992,0.5140282846715318,0.3269160583941599,0.6857664233576628
1691,71,0.442939330543922,0.34836820083681064,0.5201394700139389,0.6582335999105213,0.5363514344835323,0.7810245511996008,0.7605451271417669,0.6591945869256755,0.8507148313870992,0.5140282846715318,0.3269160583941599,0.6857664233576628
1692,71,0.442939330543922,0.34836820083681064,0.5201394700139389,0.6582335999105213,0.5363514344835323,0.7810245511996008,0.7605451271417669,0.6591945869256755,0.8507148313870992,0.5140282846715318,0.3269160583941599,0.6857664233576628
1693,71,0.442939330543922,0.34836820083681064,0.5201394700139389,0.6582335999105213,0.5363514344835323,0.7810245511996008,0.7605451271417669,0.6591945869256755,0.8507148313870992,0.5140282846715318,0.3269160583941599,0.6857664233576628
1694,71,0.442939330543922,0.34836820083681064,0.5201394700139389,0.6582335999105213,0.5363514344835323,0.7810245511996008,0.7605451271417669,0.6591945869256755,0.8507148313870992,0.5140282846715318,0.3269160583941599,0.6857664233576628
1695,71,0.442939330543922,0.34836820083681064,0.5201394700139389,0.6582335999105213,0.5363514344835323,0.7810245511996008,0.7605451271417669,0.6591945869256755,0.8507148313870992,0.5140282846715318,0.3269160583941599,0.6857664233576628
1696,71,0.442939330543922,0.34836820083681064,0.5201394700139389,0.6582335999105213,0.5363514344835323,0.7810245511996008,0.7605451271417669,0.6591945869256755,0.8507148313870992,0.5140282846715318,0.3269160583941599,0.6857664233576628
1697,71,0.442939330543922,0.34836820083681064,0.5201394700139389,0.6582335999105213,0.5363514344835323,0.7810245511996008,0.7605451271417669,0.6591945869256755,0.8507148313870992,0.5140282846715318,0.3269160583941599,0.6857664233576628
1698,71,0.442939330543922,0.34836820083681064,0.5201394700139389,0.6582335999105213,0.5363514344835323,0.7810245511996008,0.7605451271417669,0.6591945869256755,0.8507148313870992,0.5140282846715318,0.3269160583941599,0.6857664233576628
1699,71,0.442939330543922,0.34836820083681064,0.5201394700139389,0.6582335999105213,0.5363514344835323,0.7810245511996008,0.7605451271417669,0.6591945869256755,0.8507148313870992,0.5140282846715318,0.3269160583941599,0.6857664233576628
1700,71,0.442939330543922,0.34836820083681064,0.5201394700139389,0.6582335999105213,0.5363514344835323,0.7810245511996008,0.7605451271417669,0.6591945869256755,0.8507148313870992,0.5140282846715318,0.3269160583941599,0.6857664233576628
1701,71,0.442939330543922,0.34836820083681064,0.5201394700139389,0.6582335999105213,0.5363514344835323,0.7810245511996008,0.7605451271417669,0.6591945869256755,0.8507148313870992,0.5140282846715318,0.3269160583941599,0.6857664233576628
1702,71,0.442939330543922,0.34836820083681064,0.5201394700139389,0.6582335999105213,0.5363514344835323,0.7810245511996008,0.7605451271417669,0.6591945869256755,0.8507148313870992,0.5140282846715318,0.3269160583941599,0.6857664233576628
1703,71,0.442939330543922,0.34836820083681064,0.5201394700139389,0.6582335999105213,0.5363514344835323,0.7810245511996008,0.7605451271417669,0.6591945869256755,0.8507148313870992,0.5140282846715318,0.3269160583941599,0.6857664233576628
1704,71,0.442939330543922,0.34836820083681064,0.5201394700139389,0.6582335999105213,0.5363514344835323,0.7810245511996008,0.7605451271417669,0.6591945869256755,0.8507148313870992,0.5140282846715318,0.3269160583941599,0.6857664233576628
1705,72,0.44231171548116244,0.3637517433751626,0.5270013947001274,0.6504110508360847,0.5352385213354957,0.7915440970862953,0.7760013096147595,0.7052275455636859,0.8236603732402088,0.446510036496349,0.28248175182481533,0.6585766423357651
1706,72,0.44231171548116244,0.3637517433751626,0.5270013947001274,0.6504110508360847,0.5352385213354957,0.7915440970862953,0.7760013096147595,0.7052275455636859,0.8236603732402088,0.446510036496349,0.28248175182481533,0.6585766423357651
1707,72,0.44231171548116244,0.3637517433751626,0.5270013947001274,0.6504110508360847,0.5352385213354957,0.7915440970862953,0.7760013096147595,0.7052275455636859,0.8236603732402088,0.446510036496349,0.28248175182481533,0.6585766423357651
1708,72,0.44231171548116244,0.3637517433751626,0.5270013947001274,0.6504110508360847,0.5352385213354957,0.7915440970862953,0.7760013096147595,0.7052275455636859,0.8236603732402088,0.446510036496349,0.28248175182481533,0.6585766423357651
1709,72,0.44231171548116244,0.3637517433751626,0.5270013947001274,0.6504110508360847,0.5352385213354957,0.7915440970862953,0.7760013096147595,0.7052275455636859,0.8236603732402088,0.446510036496349,0.28248175182481533,0.6585766423357651
1710,72,0.44231171548116244,0.3637517433751626,0.5270013947001274,0.6504110508360847,0.5352385213354957,0.7915440970862953,0.7760013096147595,0.7052275455636859,0.8236603732402088,0.446510036496349,0.28248175182481533,0.6585766423357651
1711,72,0.44231171548116244,0.3637517433751626,0.5270013947001274,0.6504110508360847,0.5352385213354957,0.7915440970862953,0.7760013096147595,0.7052275455636859,0.8236603732402088,0.446510036496349,0.28248175182481533,0.6585766423357651
1712,72,0.44231171548116244,0.3637517433751626,0.5270013947001274,0.6504110508360847,0.5352385213354957,0.7915440970862953,0.7760013096147595,0.7052275455636859,0.8236603732402088,0.446510036496349,0.28248175182481533,0.6585766423357651
1713,72,0.44231171548116244,0.3637517433751626,0.5270013947001274,0.6504110508360847,0.5352385213354957,0.7915440970862953,0.7760013096147595,0.7052275455636859,0.8236603732402088,0.446510036496349,0.28248175182481533,0.6585766423357651
1714,72,0.44231171548116244,0.3637517433751626,0.5270013947001274,0.6504110508360847,0.5352385213354957,0.7915440970862953,0.7760013096147595,0.7052275455636859,0.8236603732402088,0.446510036496349,0.28248175182481533,0.6585766423357651
1715,72,0.44231171548116244,0.3637517433751626,0.5270013947001274,0.6504110508360847,0.5352385213354957,0.7915440970862953,0.7760013096147595,0.7052275455636859,0.8236603732402088,0.446510036496349,0.28248175182481533,0.6585766423357651
1716,72,0.44231171548116244,0.3637517433751626,0.5270013947001274,0.6504110508360847,0.5352385213354957,0.7915440970862953,0.7760013096147595,0.7052275455636859,0.8236603732402088,0.446510036496349,0.28248175182481533,0.6585766423357651
1717,72,0.44231171548116244,0.3637517433751626,0.5270013947001274,0.6504110508360847,0.5352385213354957,0.7915440970862953,0.7760013096147595,0.7052275455636859,0.8236603732402088,0.446510036496349,0.28248175182481533,0.6585766423357651
1718,72,0.44231171548116244,0.3637517433751626,0.5270013947001274,0.6504110508360847,0.5352385213354957,0.7915440970862953,0.7760013096147595,0.7052275455636859,0.8236603732402088,0.446510036496349,0.28248175182481533,0.6585766423357651
1719,72,0.44231171548116244,0.3637517433751626,0.5270013947001274,0.6504110508360847,0.5352385213354957,0.7915440970862953,0.7760013096147595,0.7052275455636859,0.8236603732402088,0.446510036496349,0.28248175182481533,0.6585766423357651
1720,72,0.44231171548116244,0.3637517433751626,0.5270013947001274,0.6504110508360847,0.5352385213354957,0.7915440970862953,0.7760013096147595,0.7052275455636859,0.8236603732402088,0.446510036496349,0.28248175182481533,0.6585766423357651
1721,72,0.44231171548116244,0.3637517433751626,0.5270013947001274,0.6504110508360847,0.5352385213354957,0.7915440970862953,0.7760013096147595,0.7052275455636859,0.8236603732402088,0.446510036496349,0.28248175182481533,0.6585766423357651
1722,72,0.44231171548116244,0.3637517433751626,0.5270013947001274,0.6504110508360847,0.5352385213354957,0.7915440970862953,0.7760013096147595,0.7052275455636859,0.8236603732402088,0.446510036496349,0.28248175182481533,0.6585766423357651
1723,72,0.44231171548116244,0.3637517433751626,0.5270013947001274,0.6504110508360847,0.5352385213354957,0.7915440970862953,0.7760013096147595,0.7052275455636859,0.8236603732402088,0.446510036496349,0.28248175182481533,0.6585766423357651
1724,72,0.44231171548116244,0.3637517433751626,0.5270013947001274,0.6504110508360847,0.5352385213354957,0.7915440970862953,0.7760013096147595,0.7052275455636859,0.8236603732402088,0.446510036496349,0.28248175182481533,0.6585766423357651
1725,72,0.44231171548116244,0.3637517433751626,0.5270013947001274,0.6504110508360847,0.5352385213354957,0.7915440970862953,0.7760013096147595,0.7052275455636859,0.8236603732402088,0.446510036496349,0.28248175182481533,0.6585766423357651
1726,72,0.44231171548116244,0.3637517433751626,0.5270013947001274,0.6504110508360847,0.5352385213354957,0.7915440970862953,0.7760013096147595,0.7052275455636859,0.8236603732402088,0.446510036496349,0.28248175182481533,0.6585766423357651
1727,72,0.44231171548116244,0.3637517433751626,0.5270013947001274,0.6504110508360847,0.5352385213354957,0.7915440970862953,0.7760013096147595,0.7052275455636859,0.8236603732402088,0.446510036496349,0.28248175182481533,0.6585766423357651
1728,72,0.44231171548116244,0.3637517433751626,0.5270013947001274,0.6504110508360847,0.5352385213354957,0.7915440970862953,0.7760013096147595,0.7052275455636859,0.8236603732402088,0.446510036496349,0.28248175182481533,0.6585766423357651
1729,73,0.4329149232914844,0.36030683403067343,0.5008926080892522,0.6688803758179063,0.5564901291874044,0.783037861417145,0.7837498635817992,0.7153988868274659,0.8727381861835646,0.4525661496350364,0.3052919708029201,0.6606113138686147
1730,73,0.4329149232914844,0.36030683403067343,0.5008926080892522,0.6688803758179063,0.5564901291874044,0.783037861417145,0.7837498635817992,0.7153988868274659,0.8727381861835646,0.4525661496350364,0.3052919708029201,0.6606113138686147
1731,73,0.4329149232914844,0.36030683403067343,0.5008926080892522,0.6688803758179063,0.5564901291874044,0.783037861417145,0.7837498635817992,0.7153988868274659,0.8727381861835646,0.4525661496350364,0.3052919708029201,0.6606113138686147
1732,73,0.4329149232914844,0.36030683403067343,0.5008926080892522,0.6688803758179063,0.5564901291874044,0.783037861417145,0.7837498635817992,0.7153988868274659,0.8727381861835646,0.4525661496350364,0.3052919708029201,0.6606113138686147
1733,73,0.4329149232914844,0.36030683403067343,0.5008926080892522,0.6688803758179063,0.5564901291874044,0.783037861417145,0.7837498635817992,0.7153988868274659,0.8727381861835646,0.4525661496350364,0.3052919708029201,0.6606113138686147
1734,73,0.4329149232914844,0.36030683403067343,0.5008926080892522,0.6688803758179063,0.5564901291874044,0.783037861417145,0.7837498635817992,0.7153988868274659,0.8727381861835646,0.4525661496350364,0.3052919708029201,0.6606113138686147
1735,73,0.4329149232914844,0.36030683403067343,0.5008926080892522,0.6688803758179063,0.5564901291874044,0.783037861417145,0.7837498635817992,0.7153988868274659,0.8727381861835646,0.4525661496350364,0.3052919708029201,0.6606113138686147
1736,73,0.4329149232914844,0.36030683403067343,0.5008926080892522,0.6688803758179063,0.5564901291874044,0.783037861417145,0.7837498635817992,0.7153988868274659,0.8727381861835646,0.4525661496350364,0.3052919708029201,0.6606113138686147
1737,73,0.4329149232914844,0.36030683403067343,0.5008926080892522,0.6688803758179063,0.5564901291874044,0.783037861417145,0.7837498635817992,0.7153988868274659,0.8727381861835646,0.4525661496350364,0.3052919708029201,0.6606113138686147
1738,73,0.4329149232914844,0.36030683403067343,0.5008926080892522,0.6688803758179063,0.5564901291874044,0.783037861417145,0.7837498635817992,0.7153988868274659,0.8727381861835646,0.4525661496350364,0.3052919708029201,0.6606113138686147
1739,73,0.4329149232914844,0.36030683403067343,0.5008926080892522,0.6688803758179063,0.5564901291874044,0.783037861417145,0.7837498635817992,0.7153988868274659,0.8727381861835646,0.4525661496350364,0.3052919708029201,0.6606113138686147
1740,73,0.4329149232914844,0.36030683403067343,0.5008926080892522,0.6688803758179063,0.5564901291874044,0.783037861417145,0.7837498635817992,0.7153988868274659,0.8727381861835646,0.4525661496350364,0.3052919708029201,0.6606113138686147
1741,73,0.4329149232914844,0.36030683403067343,0.5008926080892522,0.6688803758179063,0.5564901291874044,0.783037861417145,0.7837498635817992,0.7153988868274659,0.8727381861835646,0.4525661496350364,0.3052919708029201,0.6606113138686147
1742,73,0.4329149232914844,0.36030683403067343,0.5008926080892522,0.6688803758179063,0.5564901291874044,0.783037861417145,0.7837498635817992,0.7153988868274659,0.8727381861835646,0.4525661496350364,0.3052919708029201,0.6606113138686147
1743,73,0.4329149232914844,0.36030683403067343,0.5008926080892522,0.6688803758179063,0.5564901291874044,0.783037861417145,0.7837498635817992,0.7153988868274659,0.8727381861835646,0.4525661496350364,0.3052919708029201,0.6606113138686147
1744,73,0.4329149232914844,0.36030683403067343,0.5008926080892522,0.6688803758179063,0.5564901291874044,0.783037861417145,0.7837498635817992,0.7153988868274659,0.8727381861835646,0.4525661496350364,0.3052919708029201,0.6606113138686147
1745,73,0.4329149232914844,0.36030683403067343,0.5008926080892522,0.6688803758179063,0.5564901291874044,0.783037861417145,0.7837498635817992,0.7153988868274659,0.8727381861835646,0.4525661496350364,0.3052919708029201,0.6606113138686147
1746,73,0.4329149232914844,0.36030683403067343,0.5008926080892522,0.6688803758179063,0.5564901291874044,0.783037861417145,0.7837498635817992,0.7153988868274659,0.8727381861835646,0.4525661496350364,0.3052919708029201,0.6606113138686147
1747,73,0.4329149232914844,0.36030683403067343,0.5008926080892522,0.6688803758179063,0.5564901291874044,0.783037861417145,0.7837498635817992,0.7153988868274659,0.8727381861835646,0.4525661496350364,0.3052919708029201,0.6606113138686147
1748,73,0.4329149232914844,0.36030683403067343,0.5008926080892522,0.6688803758179063,0.5564901291874044,0.783037861417145,0.7837498635817992,0.7153988868274659,0.8727381861835646,0.4525661496350364,0.3052919708029201,0.6606113138686147
1749,73,0.4329149232914844,0.36030683403067343,0.5008926080892522,0.6688803758179063,0.5564901291874044,0.783037861417145,0.7837498635817992,0.7153988868274659,0.8727381861835646,0.4525661496350364,0.3052919708029201,0.6606113138686147
1750,73,0.4329149232914844,0.36030683403067343,0.5008926080892522,0.6688803758179063,0.5564901291874044,0.783037861417145,0.7837498635817992,0.7153988868274659,0.8727381861835646,0.4525661496350364,0.3052919708029201,0.6606113138686147
1751,73,0.4329149232914844,0.36030683403067343,0.5008926080892522,0.6688803758179063,0.5564901291874044,0.783037861417145,0.7837498635817992,0.7153988868274659,0.8727381861835646,0.4525661496350364,0.3052919708029201,0.6606113138686147
1752,73,0.4329149232914844,0.36030683403067343,0.5008926080892522,0.6688803758179063,0.5564901291874044,0.783037861417145,0.7837498635817992,0.7153988868274659,0.8727381861835646,0.4525661496350364,0.3052919708029201,0.6606113138686147
1753,74,0.4347977684797737,0.3234309623431031,0.5399442119944041,0.6653221296348093,0.5714613276662405,0.7567194228510707,0.6991296518607459,0.5600894903415963,0.8367674342464297,0.5202782846715324,0.3720255474452564,0.7014598540145979
1754,74,0.4347977684797737,0.3234309623431031,0.5399442119944041,0.6653221296348093,0.5714613276662405,0.7567194228510707,0.6991296518607459,0.5600894903415963,0.8367674342464297,0.5202782846715324,0.3720255474452564,0.7014598540145979
1755,74,0.4347977684797737,0.3234309623431031,0.5399442119944041,0.6653221296348093,0.5714613276662405,0.7567194228510707,0.6991296518607459,0.5600894903415963,0.8367674342464297,0.5202782846715324,0.3720255474452564,0.7014598540145979
1756,74,0.4347977684797737,0.3234309623431031,0.5399442119944041,0.6653221296348093,0.5714613276662405,0.7567194228510707,0.6991296518607459,0.5600894903415963,0.8367674342464297,0.5202782846715324,0.3720255474452564,0.7014598540145979
1757,74,0.4347977684797737,0.3234309623431031,0.5399442119944041,0.6653221296348093,0.5714613276662405,0.7567194228510707,0.6991296518607459,0.5600894903415963,0.8367674342464297,0.5202782846715324,0.3720255474452564,0.7014598540145979
1758,74,0.4347977684797737,0.3234309623431031,0.5399442119944041,0.6653221296348093,0.5714613276662405,0.7567194228510707,0.6991296518607459,0.5600894903415963,0.8367674342464297,0.5202782846715324,0.3720255474452564,0.7014598540145979
1759,74,0.4347977684797737,0.3234309623431031,0.5399442119944041,0.6653221296348093,0.5714613276662405,0.7567194228510707,0.6991296518607459,0.5600894903415963,0.8367674342464297,0.5202782846715324,0.3720255474452564,0.7014598540145979
1760,74,0.4347977684797737,0.3234309623431031,0.5399442119944041,0.6653221296348093,0.5714613276662405,0.7567194228510707,0.6991296518607459,0.5600894903415963,0.8367674342464297,0.5202782846715324,0.3720255474452564,0.7014598540145979
1761,74,0.4347977684797737,0.3234309623431031,0.5399442119944041,0.6653221296348093,0.5714613276662405,0.7567194228510707,0.6991296518607459,0.5600894903415963,0.8367674342464297,0.5202782846715324,0.3720255474452564,0.7014598540145979
1762,74,0.4347977684797737,0.3234309623431031,0.5399442119944041,0.6653221296348093,0.5714613276662405,0.7567194228510707,0.6991296518607459,0.5600894903415963,0.8367674342464297,0.5202782846715324,0.3720255474452564,0.7014598540145979
1763,74,0.4347977684797737,0.3234309623431031,0.5399442119944041,0.6653221296348093,0.5714613276662405,0.7567194228510707,0.6991296518607459,0.5600894903415963,0.8367674342464297,0.5202782846715324,0.3720255474452564,0.7014598540145979
1764,74,0.4347977684797737,0.3234309623431031,0.5399442119944041,0.6653221296348093,0.5714613276662405,0.7567194228510707,0.6991296518607459,0.5600894903415963,0.8367674342464297,0.5202782846715324,0.3720255474452564,0.7014598540145979
1765,74,0.4347977684797737,0.3234309623431031,0.5399442119944041,0.6653221296348093,0.5714613276662405,0.7567194228510707,0.6991296518607459,0.5600894903415963,0.8367674342464297,0.5202782846715324,0.3720255474452564,0.7014598540145979
1766,74,0.4347977684797737,0.3234309623431031,0.5399442119944041,0.6653221296348093,0.5714613276662405,0.7567194228510707,0.6991296518607459,0.5600894903415963,0.8367674342464297,0.5202782846715324,0.3720255474452564,0.7014598540145979
1767,74,0.4347977684797737,0.3234309623431031,0.5399442119944041,0.6653221296348093,0.5714613276662405,0.7567194228510707,0.6991296518607459,0.5600894903415963,0.8367674342464297,0.5202782846715324,0.3720255474452564,0.7014598540145979
1768,74,0.4347977684797737,0.3234309623431031,0.5399442119944041,0.6653221296348093,0.5714613276662405,0.7567194228510707,0.6991296518607459,0.5600894903415963,0.8367674342464297,0.5202782846715324,0.3720255474452564,0.7014598540145979
1769,74,0.4347977684797737,0.3234309623431031,0.5399442119944041,0.6653221296348093,0.5714613276662405,0.7567194228510707,0.6991296518607459,0.5600894903415963,0.8367674342464297,0.5202782846715324,0.3720255474452564,0.7014598540145979
1770,74,0.4347977684797737,0.3234309623431031,0.5399442119944041,0.6653221296348093,0.5714613276662405,0.7567194228510707,0.6991296518607459,0.5600894903415963,0.8367674342464297,0.5202782846715324,0.3720255474452564,0.7014598540145979
1771,74,0.4347977684797737,0.3234309623431031,0.5399442119944041,0.6653221296348093,0.5714613276662405,0.7567194228510707,0.6991296518607459,0.5600894903415963,0.8367674342464297,0.5202782846715324,0.3720255474452564,0.7014598540145979
1772,74,0.4347977684797737,0.3234309623431031,0.5399442119944041,0.6653221296348093,0.5714613276662405,0.7567194228510707,0.6991296518607459,0.5600894903415963,0.8367674342464297,0.5202782846715324,0.3720255474452564,0.7014598540145979
1773,74,0.4347977684797737,0.3234309623431031,0.5399442119944041,0.6653221296348093,0.5714613276662405,0.7567194228510707,0.6991296518607459,0.5600894903415963,0.8367674342464297,0.5202782846715324,0.3720255474452564,0.7014598540145979
1774,74,0.4347977684797737,0.3234309623431031,0.5399442119944041,0.6653221296348093,0.5714613276662405,0.7567194228510707,0.6991296518607459,0.5600894903415963,0.8367674342464297,0.5202782846715324,0.3720255474452564,0.7014598540145979
1775,74,0.4347977684797737,0.3234309623431031,0.5399442119944041,0.6653221296348093,0.5714613276662405,0.7567194228510707,0.6991296518607459,0.5600894903415963,0.8367674342464297,0.5202782846715324,0.3720255474452564,0.7014598540145979
1776,74,0.4347977684797737,0.3234309623431031,0.5399442119944041,0.6653221296348093,0.5714613276662405,0.7567194228510707,0.6991296518607459,0.5600894903415963,0.8367674342464297,0.5202782846715324,0.3720255474452564,0.7014598540145979
1777,75,0.39457810320780595,0.28739191073918846,0.4954532775453245,0.6781010569878658,0.6030982607236766,0.7542083776075138,0.7110526028593274,0.6429662774200573,0.8044636036232667,0.5252052919708023,0.38229927007299197,0.6151459854014597
1778,75,0.39457810320780595,0.28739191073918846,0.4954532775453245,0.6781010569878658,0.6030982607236766,0.7542083776075138,0.7110526028593274,0.6429662774200573,0.8044636036232667,0.5252052919708023,0.38229927007299197,0.6151459854014597
1779,75,0.39457810320780595,0.28739191073918846,0.4954532775453245,0.6781010569878658,0.6030982607236766,0.7542083776075138,0.7110526028593274,0.6429662774200573,0.8044636036232667,0.5252052919708023,0.38229927007299197,0.6151459854014597
1780,75,0.39457810320780595,0.28739191073918846,0.4954532775453245,0.6781010569878658,0.6030982607236766,0.7542083776075138,0.7110526028593274,0.6429662774200573,0.8044636036232667,0.5252052919708023,0.38229927007299197,0.6151459854014597
1781,75,0.39457810320780595,0.28739191073918846,0.4954532775453245,0.6781010569878658,0.6030982607236766,0.7542083776075138,0.7110526028593274,0.6429662774200573,0.8044636036232667,0.5252052919708023,0.38229927007299197,0.6151459854014597
1782,75,0.39457810320780595,0.28739191073918846,0.4954532775453245,0.6781010569878658,0.6030982607236766,0.7542083776075138,0.7110526028593274,0.6429662774200573,0.8044636036232667,0.5252052919708023,0.38229927007299197,0.6151459854014597
1783,75,0.39457810320780595,0.28739191073918846,0.4954532775453245,0.6781010569878658,0.6030982607236766,0.7542083776075138,0.7110526028593274,0.6429662774200573,0.8044636036232667,0.5252052919708023,0.38229927007299197,0.6151459854014597
1784,75,0.39457810320780595,0.28739191073918846,0.4954532775453245,0.6781010569878658,0.6030982607236766,0.7542083776075138,0.7110526028593274,0.6429662774200573,0.8044636036232667,0.5252052919708023,0.38229927007299197,0.6151459854014597
1785,75,0.39457810320780595,0.28739191073918846,0.4954532775453245,0.6781010569878658,0.6030982607236766,0.7542083776075138,0.7110526028593274,0.6429662774200573,0.8044636036232667,0.5252052919708023,0.38229927007299197,0.6151459854014597
1786,75,0.39457810320780595,0.28739191073918846,0.4954532775453245,0.6781010569878658,0.6030982607236766,0.7542083776075138,0.7110526028593274,0.6429662774200573,0.8044636036232667,0.5252052919708023,0.38229927007299197,0.6151459854014597
1787,75,0.39457810320780595,0.28739191073918846,0.4954532775453245,0.6781010569878658,0.6030982607236766,0.7542083776075138,0.7110526028593274,0.6429662774200573,0.8044636036232667,0.5252052919708023,0.38229927007299197,0.6151459854014597
1788,75,0.39457810320780595,0.28739191073918846,0.4954532775453245,0.6781010569878658,0.6030982607236766,0.7542083776075138,0.7110526028593274,0.6429662774200573,0.8044636036232667,0.5252052919708023,0.38229927007299197,0.6151459854014597
1789,75,0.39457810320780595,0.28739191073918846,0.4954532775453245,0.6781010569878658,0.6030982607236766,0.7542083776075138,0.7110526028593274,0.6429662774200573,0.8044636036232667,0.5252052919708023,0.38229927007299197,0.6151459854014597
1790,75,0.39457810320780595,0.28739191073918846,0.4954532775453245,0.6781010569878658,0.6030982607236766,0.7542083776075138,0.7110526028593274,0.6429662774200573,0.8044636036232667,0.5252052919708023,0.38229927007299197,0.6151459854014597
1791,75,0.39457810320780595,0.28739191073918846,0.4954532775453245,0.6781010569878658,0.6030982607236766,0.7542083776075138,0.7110526028593274,0.6429662774200573,0.8044636036232667,0.5252052919708023,0.38229927007299197,0.6151459854014597
1792,75,0.39457810320780595,0.28739191073918846,0.4954532775453245,0.6781010569878658,0.6030982607236766,0.7542083776075138,0.7110526028593274,0.6429662774200573,0.8044636036232667,0.5252052919708023,0.38229927007299197,0.6151459854014597
1793,75,0.39457810320780595,0.28739191073918846,0.4954532775453245,0.6781010569878658,0.6030982607236766,0.7542083776075138,0.7110526028593274,0.6429662774200573,0.8044636036232667,0.5252052919708023,0.38229927007299197,0.6151459854014597
1794,75,0.39457810320780595,0.28739191073918846,0.4954532775453245,0.6781010569878658,0.6030982607236766,0.7542083776075138,0.7110526028593274,0.6429662774200573,0.8044636036232667,0.5252052919708023,0.38229927007299197,0.6151459854014597
1795,75,0.39457810320780595,0.28739191073918846,0.4954532775453245,0.6781010569878658,0.6030982607236766,0.7542083776075138,0.7110526028593274,0.6429662774200573,0.8044636036232667,0.5252052919708023,0.38229927007299197,0.6151459854014597
1796,75,0.39457810320780595,0.28739191073918846,0.4954532775453245,0.6781010569878658,0.6030982607236766,0.7542083776075138,0.7110526028593274,0.6429662774200573,0.8044636036232667,0.5252052919708023,0.38229927007299197,0.6151459854014597
1797,75,0.39457810320780595,0.28739191073918846,0.4954532775453245,0.6781010569878658,0.6030982607236766,0.7542083776075138,0.7110526028593274,0.6429662774200573,0.8044636036232667,0.5252052919708023,0.38229927007299197,0.6151459854014597
1798,75,0.39457810320780595,0.28739191073918846,0.4954532775453245,0.6781010569878658,0.6030982607236766,0.7542083776075138,0.7110526028593274,0.6429662774200573,0.8044636036232667,0.5252052919708023,0.38229927007299197,0.6151459854014597
1799,75,0.39457810320780595,0.28739191073918846,0.4954532775453245,0.6781010569878658,0.6030982607236766,0.7542083776075138,0.7110526028593274,0.6429662774200573,0.8044636036232667,0.5252052919708023,0.38229927007299197,0.6151459854014597
1800,75,0.39457810320780595,0.28739191073918846,0.4954532775453245,0.6781010569878658,0.6030982607236766,0.7542083776075138,0.7110526028593274,0.6429662774200573,0.8044636036232667,0.5252052919708023,0.38229927007299197,0.6151459854014597
1801,76,0.3934797768479683,0.31509065550905435,0.4954532775453188,0.6807644986298316,0.6120574911917686,0.7333370616855917,0.7588535414165678,0.6831387100294648,0.8238022481720015,0.4917883211678813,0.36222627737226,0.6891423357664216
1802,76,0.3934797768479683,0.31509065550905435,0.4954532775453188,0.6807644986298316,0.6120574911917686,0.7333370616855917,0.7588535414165678,0.6831387100294648,0.8238022481720015,0.4917883211678813,0.36222627737226,0.6891423357664216
1803,76,0.3934797768479683,0.31509065550905435,0.4954532775453188,0.6807644986298316,0.6120574911917686,0.7333370616855917,0.7588535414165678,0.6831387100294648,0.8238022481720015,0.4917883211678813,0.36222627737226,0.6891423357664216
1804,76,0.3934797768479683,0.31509065550905435,0.4954532775453188,0.6807644986298316,0.6120574911917686,0.7333370616855917,0.7588535414165678,0.6831387100294648,0.8238022481720015,0.4917883211678813,0.36222627737226,0.6891423357664216
1805,76,0.3934797768479683,0.31509065550905435,0.4954532775453188,0.6807644986298316,0.6120574911917686,0.7333370616855917,0.7588535414165678,0.6831387100294648,0.8238022481720015,0.4917883211678813,0.36222627737226,0.6891423357664216
1806,76,0.3934797768479683,0.31509065550905435,0.4954532775453188,0.6807644986298316,0.6120574911917686,0.7333370616855917,0.7588535414165678,0.6831387100294648,0.8238022481720015,0.4917883211678813,0.36222627737226,0.6891423357664216
1807,76,0.3934797768479683,0.31509065550905435,0.4954532775453188,0.6807644986298316,0.6120574911917686,0.7333370616855917,0.7588535414165678,0.6831387100294648,0.8238022481720015,0.4917883211678813,0.36222627737226,0.6891423357664216
1808,76,0.3934797768479683,0.31509065550905435,0.4954532775453188,0.6807644986298316,0.6120574911917686,0.7333370616855917,0.7588535414165678,0.6831387100294648,0.8238022481720015,0.4917883211678813,0.36222627737226,0.6891423357664216
1809,76,0.3934797768479683,0.31509065550905435,0.4954532775453188,0.6807644986298316,0.6120574911917686,0.7333370616855917,0.7588535414165678,0.6831387100294648,0.8238022481720015,0.4917883211678813,0.36222627737226,0.6891423357664216
1810,76,0.3934797768479683,0.31509065550905435,0.4954532775453188,0.6807644986298316,0.6120574911917686,0.7333370616855917,0.7588535414165678,0.6831387100294648,0.8238022481720015,0.4917883211678813,0.36222627737226,0.6891423357664216
1811,76,0.3934797768479683,0.31509065550905435,0.4954532775453188,0.6807644986298316,0.6120574911917686,0.7333370616855917,0.7588535414165678,0.6831387100294648,0.8238022481720015,0.4917883211678813,0.36222627737226,0.6891423357664216
1812,76,0.3934797768479683,0.31509065550905435,0.4954532775453188,0.6807644986298316,0.6120574911917686,0.7333370616855917,0.7588535414165678,0.6831387100294648,0.8238022481720015,0.4917883211678813,0.36222627737226,0.6891423357664216
1813,76,0.3934797768479683,0.31509065550905435,0.4954532775453188,0.6807644986298316,0.6120574911917686,0.7333370616855917,0.7588535414165678,0.6831387100294648,0.8238022481720015,0.4917883211678813,0.36222627737226,0.6891423357664216
1814,76,0.3934797768479683,0.31509065550905435,0.4954532775453188,0.6807644986298316,0.6120574911917686,0.7333370616855917,0.7588535414165678,0.6831387100294648,0.8238022481720015,0.4917883211678813,0.36222627737226,0.6891423357664216
1815,76,0.3934797768479683,0.31509065550905435,0.4954532775453188,0.6807644986298316,0.6120574911917686,0.7333370616855917,0.7588535414165678,0.6831387100294648,0.8238022481720015,0.4917883211678813,0.36222627737226,0.6891423357664216
1816,76,0.3934797768479683,0.31509065550905435,0.4954532775453188,0.6807644986298316,0.6120574911917686,0.7333370616855917,0.7588535414165678,0.6831387100294648,0.8238022481720015,0.4917883211678813,0.36222627737226,0.6891423357664216
1817,76,0.3934797768479683,0.31509065550905435,0.4954532775453188,0.6807644986298316,0.6120574911917686,0.7333370616855917,0.7588535414165678,0.6831387100294648,0.8238022481720015,0.4917883211678813,0.36222627737226,0.6891423357664216
1818,76,0.3934797768479683,0.31509065550905435,0.4954532775453188,0.6807644986298316,0.6120574911917686,0.7333370616855917,0.7588535414165678,0.6831387100294648,0.8238022481720015,0.4917883211678813,0.36222627737226,0.6891423357664216
1819,76,0.3934797768479683,0.31509065550905435,0.4954532775453188,0.6807644986298316,0.6120574911917686,0.7333370616855917,0.7588535414165678,0.6831387100294648,0.8238022481720015,0.4917883211678813,0.36222627737226,0.6891423357664216
1820,76,0.3934797768479683,0.31509065550905435,0.4954532775453188,0.6807644986298316,0.6120574911917686,0.7333370616855917,0.7588535414165678,0.6831387100294648,0.8238022481720015,0.4917883211678813,0.36222627737226,0.6891423357664216
1821,76,0.3934797768479683,0.31509065550905435,0.4954532775453188,0.6807644986298316,0.6120574911917686,0.7333370616855917,0.7588535414165678,0.6831387100294648,0.8238022481720015,0.4917883211678813,0.36222627737226,0.6891423357664216
1822,76,0.3934797768479683,0.31509065550905435,0.4954532775453188,0.6807644986298316,0.6120574911917686,0.7333370616855917,0.7588535414165678,0.6831387100294648,0.8238022481720015,0.4917883211678813,0.36222627737226,0.6891423357664216
1823,76,0.3934797768479683,0.31509065550905435,0.4954532775453188,0.6807644986298316,0.6120574911917686,0.7333370616855917,0.7588535414165678,0.6831387100294648,0.8238022481720015,0.4917883211678813,0.36222627737226,0.6891423357664216
1824,76,0.3934797768479683,0.31509065550905435,0.4954532775453188,0.6807644986298316,0.6120574911917686,0.7333370616855917,0.7588535414165678,0.6831387100294648,0.8238022481720015,0.4917883211678813,0.36222627737226,0.6891423357664216
1825,77,0.3916841004184022,0.24729428172942391,0.5246861924686186,0.6788280856775364,0.5979195794418708,0.7428219898216014,0.7518007202881183,0.6656335261377301,0.8289643129979304,0.4800410583941601,0.3034671532846698,0.6566605839416052
1826,77,0.3916841004184022,0.24729428172942391,0.5246861924686186,0.6788280856775364,0.5979195794418708,0.7428219898216014,0.7518007202881183,0.6656335261377301,0.8289643129979304,0.4800410583941601,0.3034671532846698,0.6566605839416052
1827,77,0.3916841004184022,0.24729428172942391,0.5246861924686186,0.6788280856775364,0.5979195794418708,0.7428219898216014,0.7518007202881183,0.6656335261377301,0.8289643129979304,0.4800410583941601,0.3034671532846698,0.6566605839416052
1828,77,0.3916841004184022,0.24729428172942391,0.5246861924686186,0.6788280856775364,0.5979195794418708,0.7428219898216014,0.7518007202881183,0.6656335261377301,0.8289643129979304,0.4800410583941601,0.3034671532846698,0.6566605839416052
1829,77,0.3916841004184022,0.24729428172942391,0.5246861924686186,0.6788280856775364,0.5979195794418708,0.7428219898216014,0.7518007202881183,0.6656335261377301,0.8289643129979304,0.4800410583941601,0.3034671532846698,0.6566605839416052
1830,77,0.3916841004184022,0.24729428172942391,0.5246861924686186,0.6788280856775364,0.5979195794418708,0.7428219898216014,0.7518007202881183,0.6656335261377301,0.8289643129979304,0.4800410583941601,0.3034671532846698,0.6566605839416052
1831,77,0.3916841004184022,0.24729428172942391,0.5246861924686186,0.6788280856775364,0.5979195794418708,0.7428219898216014,0.7518007202881183,0.6656335261377301,0.8289643129979304,0.4800410583941601,0.3034671532846698,0.6566605839416052
1832,77,0.3916841004184022,0.24729428172942391,0.5246861924686186,0.6788280856775364,0.5979195794418708,0.7428219898216014,0.7518007202881183,0.6656335261377301,0.8289643129979304,0.4800410583941601,0.3034671532846698,0.6566605839416052
1833,77,0.3916841004184022,0.24729428172942391,0.5246861924686186,0.6788280856775364,0.5979195794418708,0.7428219898216014,0.7518007202881183,0.6656335261377301,0.8289643129979304,0.4800410583941601,0.3034671532846698,0.6566605839416052
1834,77,0.3916841004184022,0.24729428172942391,0.5246861924686186,0.6788280856775364,0.5979195794418708,0.7428219898216014,0.7518007202881183,0.6656335261377301,0.8289643129979304,0.4800410583941601,0.3034671532846698,0.6566605839416052
1835,77,0.3916841004184022,0.24729428172942391,0.5246861924686186,0.6788280856775364,0.5979195794418708,0.7428219898216014,0.7518007202881183,0.6656335261377301,0.8289643129979304,0.4800410583941601,0.3034671532846698,0.6566605839416052
1836,77,0.3916841004184022,0.24729428172942391,0.5246861924686186,0.6788280856775364,0.5979195794418708,0.7428219898216014,0.7518007202881183,0.6656335261377301,0.8289643129979304,0.4800410583941601,0.3034671532846698,0.6566605839416052
1837,77,0.3916841004184022,0.24729428172942391,0.5246861924686186,0.6788280856775364,0.5979195794418708,0.7428219898216014,0.7518007202881183,0.6656335261377301,0.8289643129979304,0.4800410583941601,0.3034671532846698,0.6566605839416052
1838,77,0.3916841004184022,0.24729428172942391,0.5246861924686186,0.6788280856775364,0.5979195794418708,0.7428219898216014,0.7518007202881183,0.6656335261377301,0.8289643129979304,0.4800410583941601,0.3034671532846698,0.6566605839416052
1839,77,0.3916841004184022,0.24729428172942391,0.5246861924686186,0.6788280856775364,0.5979195794418708,0.7428219898216014,0.7518007202881183,0.6656335261377301,0.8289643129979304,0.4800410583941601,0.3034671532846698,0.6566605839416052
1840,77,0.3916841004184022,0.24729428172942391,0.5246861924686186,0.6788280856775364,0.5979195794418708,0.7428219898216014,0.7518007202881183,0.6656335261377301,0.8289643129979304,0.4800410583941601,0.3034671532846698,0.6566605839416052
1841,77,0.3916841004184022,0.24729428172942391,0.5246861924686186,0.6788280856775364,0.5979195794418708,0.7428219898216014,0.7518007202881183,0.6656335261377301,0.8289643129979304,0.4800410583941601,0.3034671532846698,0.6566605839416052
1842,77,0.3916841004184022,0.24729428172942391,0.5246861924686186,0.6788280856775364,0.5979195794418708,0.7428219898216014,0.7518007202881183,0.6656335261377301,0.8289643129979304,0.4800410583941601,0.3034671532846698,0.6566605839416052
1843,77,0.3916841004184022,0.24729428172942391,0.5246861924686186,0.6788280856775364,0.5979195794418708,0.7428219898216014,0.7518007202881183,0.6656335261377301,0.8289643129979304,0.4800410583941601,0.3034671532846698,0.6566605839416052
1844,77,0.3916841004184022,0.24729428172942391,0.5246861924686186,0.6788280856775364,0.5979195794418708,0.7428219898216014,0.7518007202881183,0.6656335261377301,0.8289643129979304,0.4800410583941601,0.3034671532846698,0.6566605839416052
1845,77,0.3916841004184022,0.24729428172942391,0.5246861924686186,0.6788280856775364,0.5979195794418708,0.7428219898216014,0.7518007202881183,0.6656335261377301,0.8289643129979304,0.4800410583941601,0.3034671532846698,0.6566605839416052
1846,77,0.3916841004184022,0.24729428172942391,0.5246861924686186,0.6788280856775364,0.5979195794418708,0.7428219898216014,0.7518007202881183,0.6656335261377301,0.8289643129979304,0.4800410583941601,0.3034671532846698,0.6566605839416052
1847,77,0.3916841004184022,0.24729428172942391,0.5246861924686186,0.6788280856775364,0.5979195794418708,0.7428219898216014,0.7518007202881183,0.6656335261377301,0.8289643129979304,0.4800410583941601,0.3034671532846698,0.6566605839416052
1848,77,0.3916841004184022,0.24729428172942391,0.5246861924686186,0.6788280856775364,0.5979195794418708,0.7428219898216014,0.7518007202881183,0.6656335261377301,0.8289643129979304,0.4800410583941601,0.3034671532846698,0.6566605839416052
1849,78,0.44656555090655026,0.35613668061366893,0.5273919107391919,0.6663567473854943,0.5757452044069161,0.7555393993624492,0.7377769289534006,0.6256684491978639,0.8134890319764281,0.4244981751824801,0.24032846715328252,0.588412408759121
1850,78,0.44656555090655026,0.35613668061366893,0.5273919107391919,0.6663567473854943,0.5757452044069161,0.7555393993624492,0.7377769289534006,0.6256684491978639,0.8134890319764281,0.4244981751824801,0.24032846715328252,0.588412408759121
1851,78,0.44656555090655026,0.35613668061366893,0.5273919107391919,0.6663567473854943,0.5757452044069161,0.7555393993624492,0.7377769289534006,0.6256684491978639,0.8134890319764281,0.4244981751824801,0.24032846715328252,0.588412408759121
1852,78,0.44656555090655026,0.35613668061366893,0.5273919107391919,0.6663567473854943,0.5757452044069161,0.7555393993624492,0.7377769289534006,0.6256684491978639,0.8134890319764281,0.4244981751824801,0.24032846715328252,0.588412408759121
1853,78,0.44656555090655026,0.35613668061366893,0.5273919107391919,0.6663567473854943,0.5757452044069161,0.7555393993624492,0.7377769289534006,0.6256684491978639,0.8134890319764281,0.4244981751824801,0.24032846715328252,0.588412408759121
1854,78,0.44656555090655026,0.35613668061366893,0.5273919107391919,0.6663567473854943,0.5757452044069161,0.7555393993624492,0.7377769289534006,0.6256684491978639,0.8134890319764281,0.4244981751824801,0.24032846715328252,0.588412408759121
1855,78,0.44656555090655026,0.35613668061366893,0.5273919107391919,0.6663567473854943,0.5757452044069161,0.7555393993624492,0.7377769289534006,0.6256684491978639,0.8134890319764281,0.4244981751824801,0.24032846715328252,0.588412408759121
1856,78,0.44656555090655026,0.35613668061366893,0.5273919107391919,0.6663567473854943,0.5757452044069161,0.7555393993624492,0.7377769289534006,0.6256684491978639,0.8134890319764281,0.4244981751824801,0.24032846715328252,0.588412408759121
1857,78,0.44656555090655026,0.35613668061366893,0.5273919107391919,0.6663567473854943,0.5757452044069161,0.7555393993624492,0.7377769289534006,0.6256684491978639,0.8134890319764281,0.4244981751824801,0.24032846715328252,0.588412408759121
1858,78,0.44656555090655026,0.35613668061366893,0.5273919107391919,0.6663567473854943,0.5757452044069161,0.7555393993624492,0.7377769289534006,0.6256684491978639,0.8134890319764281,0.4244981751824801,0.24032846715328252,0.588412408759121
1859,78,0.44656555090655026,0.35613668061366893,0.5273919107391919,0.6663567473854943,0.5757452044069161,0.7555393993624492,0.7377769289534006,0.6256684491978639,0.8134890319764281,0.4244981751824801,0.24032846715328252,0.588412408759121
1860,78,0.44656555090655026,0.35613668061366893,0.5273919107391919,0.6663567473854943,0.5757452044069161,0.7555393993624492,0.7377769289534006,0.6256684491978639,0.8134890319764281,0.4244981751824801,0.24032846715328252,0.588412408759121
1861,78,0.44656555090655026,0.35613668061366893,0.5273919107391919,0.6663567473854943,0.5757452044069161,0.7555393993624492,0.7377769289534006,0.6256684491978639,0.8134890319764281,0.4244981751824801,0.24032846715328252,0.588412408759121
1862,78,0.44656555090655026,0.35613668061366893,0.5273919107391919,0.6663567473854943,0.5757452044069161,0.7555393993624492,0.7377769289534006,0.6256684491978639,0.8134890319764281,0.4244981751824801,0.24032846715328252,0.588412408759121
1863,78,0.44656555090655026,0.35613668061366893,0.5273919107391919,0.6663567473854943,0.5757452044069161,0.7555393993624492,0.7377769289534006,0.6256684491978639,0.8134890319764281,0.4244981751824801,0.24032846715328252,0.588412408759121
1864,78,0.44656555090655026,0.35613668061366893,0.5273919107391919,0.6663567473854943,0.5757452044069161,0.7555393993624492,0.7377769289534006,0.6256684491978639,0.8134890319764281,0.4244981751824801,0.24032846715328252,0.588412408759121
1865,78,0.44656555090655026,0.35613668061366893,0.5273919107391919,0.6663567473854943,0.5757452044069161,0.7555393993624492,0.7377769289534006,0.6256684491978639,0.8134890319764281,0.4244981751824801,0.24032846715328252,0.588412408759121
1866,78,0.44656555090655026,0.35613668061366893,0.5273919107391919,0.6663567473854943,0.5757452044069161,0.7555393993624492,0.7377769289534006,0.6256684491978639,0.8134890319764281,0.4244981751824801,0.24032846715328252,0.588412408759121
1867,78,0.44656555090655026,0.35613668061366893,0.5273919107391919,0.6663567473854943,0.5757452044069161,0.7555393993624492,0.7377769289534006,0.6256684491978639,0.8134890319764281,0.4244981751824801,0.24032846715328252,0.588412408759121
1868,78,0.44656555090655026,0.35613668061366893,0.5273919107391919,0.6663567473854943,0.5757452044069161,0.7555393993624492,0.7377769289534006,0.6256684491978639,0.8134890319764281,0.4244981751824801,0.24032846715328252,0.588412408759121
1869,78,0.44656555090655026,0.35613668061366893,0.5273919107391919,0.6663567473854943,0.5757452044069161,0.7555393993624492,0.7377769289534006,0.6256684491978639,0.8134890319764281,0.4244981751824801,0.24032846715328252,0.588412408759121
1870,78,0.44656555090655026,0.35613668061366893,0.5273919107391919,0.6663567473854943,0.5757452044069161,0.7555393993624492,0.7377769289534006,0.6256684491978639,0.8134890319764281,0.4244981751824801,0.24032846715328252,0.588412408759121
1871,78,0.44656555090655026,0.35613668061366893,0.5273919107391919,0.6663567473854943,0.5757452044069161,0.7555393993624492,0.7377769289534006,0.6256684491978639,0.8134890319764281,0.4244981751824801,0.24032846715328252,0.588412408759121
1872,78,0.44656555090655026,0.35613668061366893,0.5273919107391919,0.6663567473854943,0.5757452044069161,0.7555393993624492,0.7377769289534006,0.6256684491978639,0.8134890319764281,0.4244981751824801,0.24032846715328252,0.588412408759121
1873,79,0.464365411436539,0.3292747559274787,0.551450488145042,0.6707259101839957,0.584475141211346,0.7661540182316422,0.7488131616282896,0.6429990177889365,0.8342355123867754,0.4390967153284657,0.28667883211678724,0.6045620437956187
1874,79,0.464365411436539,0.3292747559274787,0.551450488145042,0.6707259101839957,0.584475141211346,0.7661540182316422,0.7488131616282896,0.6429990177889365,0.8342355123867754,0.4390967153284657,0.28667883211678724,0.6045620437956187
1875,79,0.464365411436539,0.3292747559274787,0.551450488145042,0.6707259101839957,0.584475141211346,0.7661540182316422,0.7488131616282896,0.6429990177889365,0.8342355123867754,0.4390967153284657,0.28667883211678724,0.6045620437956187
1876,79,0.464365411436539,0.3292747559274787,0.551450488145042,0.6707259101839957,0.584475141211346,0.7661540182316422,0.7488131616282896,0.6429990177889365,0.8342355123867754,0.4390967153284657,0.28667883211678724,0.6045620437956187
1877,79,0.464365411436539,0.3292747559274787,0.551450488145042,0.6707259101839957,0.584475141211346,0.7661540182316422,0.7488131616282896,0.6429990177889365,0.8342355123867754,0.4390967153284657,0.28667883211678724,0.6045620437956187
1878,79,0.464365411436539,0.3292747559274787,0.551450488145042,0.6707259101839957,0.584475141211346,0.7661540182316422,0.7488131616282896,0.6429990177889365,0.8342355123867754,0.4390967153284657,0.28667883211678724,0.6045620437956187
1879,79,0.464365411436539,0.3292747559274787,0.551450488145042,0.6707259101839957,0.584475141211346,0.7661540182316422,0.7488131616282896,0.6429990177889365,0.8342355123867754,0.4390967153284657,0.28667883211678724,0.6045620437956187
1880,79,0.464365411436539,0.3292747559274787,0.551450488145042,0.6707259101839957,0.584475141211346,0.7661540182316422,0.7488131616282896,0.6429990177889365,0.8342355123867754,0.4390967153284657,0.28667883211678724,0.6045620437956187
1881,79,0.464365411436539,0.3292747559274787,0.551450488145042,0.6707259101839957,0.584475141211346,0.7661540182316422,0.7488131616282896,0.6429990177889365,0.8342355123867754,0.4390967153284657,0.28667883211678724,0.6045620437956187
1882,79,0.464365411436539,0.3292747559274787,0.551450488145042,0.6707259101839957,0.584475141211346,0.7661540182316422,0.7488131616282896,0.6429990177889365,0.8342355123867754,0.4390967153284657,0.28667883211678724,0.6045620437956187
1883,79,0.464365411436539,0.3292747559274787,0.551450488145042,0.6707259101839957,0.584475141211346,0.7661540182316422,0.7488131616282896,0.6429990177889365,0.8342355123867754,0.4390967153284657,0.28667883211678724,0.6045620437956187
1884,79,0.464365411436539,0.3292747559274787,0.551450488145042,0.6707259101839957,0.584475141211346,0.7661540182316422,0.7488131616282896,0.6429990177889365,0.8342355123867754,0.4390967153284657,0.28667883211678724,0.6045620437956187
1885,79,0.464365411436539,0.3292747559274787,0.551450488145042,0.6707259101839957,0.584475141211346,0.7661540182316422,0.7488131616282896,0.6429990177889365,0.8342355123867754,0.4390967153284657,0.28667883211678724,0.6045620437956187
1886,79,0.464365411436539,0.3292747559274787,0.551450488145042,0.6707259101839957,0.584475141211346,0.7661540182316422,0.7488131616282896,0.6429990177889365,0.8342355123867754,0.4390967153284657,0.28667883211678724,0.6045620437956187
1887,79,0.464365411436539,0.3292747559274787,0.551450488145042,0.6707259101839957,0.584475141211346,0.7661540182316422,0.7488131616282896,0.6429990177889365,0.8342355123867754,0.4390967153284657,0.28667883211678724,0.6045620437956187
1888,79,0.464365411436539,0.3292747559274787,0.551450488145042,0.6707259101839957,0.584475141211346,0.7661540182316422,0.7488131616282896,0.6429990177889365,0.8342355123867754,0.4390967153284657,0.28667883211678724,0.6045620437956187
1889,79,0.464365411436539,0.3292747559274787,0.551450488145042,0.6707259101839957,0.584475141211346,0.7661540182316422,0.7488131616282896,0.6429990177889365,0.8342355123867754,0.4390967153284657,0.28667883211678724,0.6045620437956187
1890,79,0.464365411436539,0.3292747559274787,0.551450488145042,0.6707259101839957,0.584475141211346,0.7661540182316422,0.7488131616282896,0.6429990177889365,0.8342355123867754,0.4390967153284657,0.28667883211678724,0.6045620437956187
1891,79,0.464365411436539,0.3292747559274787,0.551450488145042,0.6707259101839957,0.584475141211346,0.7661540182316422,0.7488131616282896,0.6429990177889365,0.8342355123867754,0.4390967153284657,0.28667883211678724,0.6045620437956187
1892,79,0.464365411436539,0.3292747559274787,0.551450488145042,0.6707259101839957,0.584475141211346,0.7661540182316422,0.7488131616282896,0.6429990177889365,0.8342355123867754,0.4390967153284657,0.28667883211678724,0.6045620437956187
1893,79,0.464365411436539,0.3292747559274787,0.551450488145042,0.6707259101839957,0.584475141211346,0.7661540182316422,0.7488131616282896,0.6429990177889365,0.8342355123867754,0.4390967153284657,0.28667883211678724,0.6045620437956187
1894,79,0.464365411436539,0.3292747559274787,0.551450488145042,0.6707259101839957,0.584475141211346,0.7661540182316422,0.7488131616282896,0.6429990177889365,0.8342355123867754,0.4390967153284657,0.28667883211678724,0.6045620437956187
1895,79,0.464365411436539,0.3292747559274787,0.551450488145042,0.6707259101839957,0.584475141211346,0.7661540182316422,0.7488131616282896,0.6429990177889365,0.8342355123867754,0.4390967153284657,0.28667883211678724,0.6045620437956187
1896,79,0.464365411436539,0.3292747559274787,0.551450488145042,0.6707259101839957,0.584475141211346,0.7661540182316422,0.7488131616282896,0.6429990177889365,0.8342355123867754,0.4390967153284657,0.28667883211678724,0.6045620437956187
1897,80,0.42991631799162455,0.283584379358426,0.554156206415611,0.6634556232872884,0.5594429841731483,0.7360046977238384,0.7457846775073698,0.6425843064498551,0.8411546436756566,0.44583713503649514,0.21432481751824833,0.6770072992700715
1898,80,0.42991631799162455,0.283584379358426,0.554156206415611,0.6634556232872884,0.5594429841731483,0.7360046977238384,0.7457846775073698,0.6425843064498551,0.8411546436756566,0.44583713503649514,0.21432481751824833,0.6770072992700715
1899,80,0.42991631799162455,0.283584379358426,0.554156206415611,0.6634556232872884,0.5594429841731483,0.7360046977238384,0.7457846775073698,0.6425843064498551,0.8411546436756566,0.44583713503649514,0.21432481751824833,0.6770072992700715
1900,80,0.42991631799162455,0.283584379358426,0.554156206415611,0.6634556232872884,0.5594429841731483,0.7360046977238384,0.7457846775073698,0.6425843064498551,0.8411546436756566,0.44583713503649514,0.21432481751824833,0.6770072992700715
1901,80,0.42991631799162455,0.283584379358426,0.554156206415611,0.6634556232872884,0.5594429841731483,0.7360046977238384,0.7457846775073698,0.6425843064498551,0.8411546436756566,0.44583713503649514,0.21432481751824833,0.6770072992700715
1902,80,0.42991631799162455,0.283584379358426,0.554156206415611,0.6634556232872884,0.5594429841731483,0.7360046977238384,0.7457846775073698,0.6425843064498551,0.8411546436756566,0.44583713503649514,0.21432481751824833,0.6770072992700715
1903,80,0.42991631799162455,0.283584379358426,0.554156206415611,0.6634556232872884,0.5594429841731483,0.7360046977238384,0.7457846775073698,0.6425843064498551,0.8411546436756566,0.44583713503649514,0.21432481751824833,0.6770072992700715
1904,80,0.42991631799162455,0.283584379358426,0.554156206415611,0.6634556232872884,0.5594429841731483,0.7360046977238384,0.7457846775073698,0.6425843064498551,0.8411546436756566,0.44583713503649514,0.21432481751824833,0.6770072992700715
1905,80,0.42991631799162455,0.283584379358426,0.554156206415611,0.6634556232872884,0.5594429841731483,0.7360046977238384,0.7457846775073698,0.6425843064498551,0.8411546436756566,0.44583713503649514,0.21432481751824833,0.6770072992700715
1906,80,0.42991631799162455,0.283584379358426,0.554156206415611,0.6634556232872884,0.5594429841731483,0.7360046977238384,0.7457846775073698,0.6425843064498551,0.8411546436756566,0.44583713503649514,0.21432481751824833,0.6770072992700715
1907,80,0.42991631799162455,0.283584379358426,0.554156206415611,0.6634556232872884,0.5594429841731483,0.7360046977238384,0.7457846775073698,0.6425843064498551,0.8411546436756566,0.44583713503649514,0.21432481751824833,0.6770072992700715
1908,80,0.42991631799162455,0.283584379358426,0.554156206415611,0.6634556232872884,0.5594429841731483,0.7360046977238384,0.7457846775073698,0.6425843064498551,0.8411546436756566,0.44583713503649514,0.21432481751824833,0.6770072992700715
1909,80,0.42991631799162455,0.283584379358426,0.554156206415611,0.6634556232872884,0.5594429841731483,0.7360046977238384,0.7457846775073698,0.6425843064498551,0.8411546436756566,0.44583713503649514,0.21432481751824833,0.6770072992700715
1910,80,0.42991631799162455,0.283584379358426,0.554156206415611,0.6634556232872884,0.5594429841731483,0.7360046977238384,0.7457846775073698,0.6425843064498551,0.8411546436756566,0.44583713503649514,0.21432481751824833,0.6770072992700715
1911,80,0.42991631799162455,0.283584379358426,0.554156206415611,0.6634556232872884,0.5594429841731483,0.7360046977238384,0.7457846775073698,0.6425843064498551,0.8411546436756566,0.44583713503649514,0.21432481751824833,0.6770072992700715
1912,80,0.42991631799162455,0.283584379358426,0.554156206415611,0.6634556232872884,0.5594429841731483,0.7360046977238384,0.7457846775073698,0.6425843064498551,0.8411546436756566,0.44583713503649514,0.21432481751824833,0.6770072992700715
1913,80,0.42991631799162455,0.283584379358426,0.554156206415611,0.6634556232872884,0.5594429841731483,0.7360046977238384,0.7457846775073698,0.6425843064498551,0.8411546436756566,0.44583713503649514,0.21432481751824833,0.6770072992700715
1914,80,0.42991631799162455,0.283584379358426,0.554156206415611,0.6634556232872884,0.5594429841731483,0.7360046977238384,0.7457846775073698,0.6425843064498551,0.8411546436756566,0.44583713503649514,0.21432481751824833,0.6770072992700715
1915,80,0.42991631799162455,0.283584379358426,0.554156206415611,0.6634556232872884,0.5594429841731483,0.7360046977238384,0.7457846775073698,0.6425843064498551,0.8411546436756566,0.44583713503649514,0.21432481751824833,0.6770072992700715
1916,80,0.42991631799162455,0.283584379358426,0.554156206415611,0.6634556232872884,0.5594429841731483,0.7360046977238384,0.7457846775073698,0.6425843064498551,0.8411546436756566,0.44583713503649514,0.21432481751824833,0.6770072992700715
1917,80,0.42991631799162455,0.283584379358426,0.554156206415611,0.6634556232872884,0.5594429841731483,0.7360046977238384,0.7457846775073698,0.6425843064498551,0.8411546436756566,0.44583713503649514,0.21432481751824833,0.6770072992700715
1918,80,0.42991631799162455,0.283584379358426,0.554156206415611,0.6634556232872884,0.5594429841731483,0.7360046977238384,0.7457846775073698,0.6425843064498551,0.8411546436756566,0.44583713503649514,0.21432481751824833,0.6770072992700715
1919,80,0.42991631799162455,0.283584379358426,0.554156206415611,0.6634556232872884,0.5594429841731483,0.7360046977238384,0.7457846775073698,0.6425843064498551,0.8411546436756566,0.44583713503649514,0.21432481751824833,0.6770072992700715
1920,80,0.42991631799162455,0.283584379358426,0.554156206415611,0.6634556232872884,0.5594429841731483,0.7360046977238384,0.7457846775073698,0.6425843064498551,0.8411546436756566,0.44583713503649514,0.21432481751824833,0.6770072992700715
1921,81,0.4465829846582885,0.3640446304044559,0.5669595536959392,0.6691739835579673,0.5437727196465552,0.7520328840668832,0.745361781076066,0.6438502673796791,0.8270435446906027,0.4512317518248157,0.2325729927007288,0.6148722627737204
1922,81,0.4465829846582885,0.3640446304044559,0.5669595536959392,0.6691739835579673,0.5437727196465552,0.7520328840668832,0.745361781076066,0.6438502673796791,0.8270435446906027,0.4512317518248157,0.2325729927007288,0.6148722627737204
1923,81,0.4465829846582885,0.3640446304044559,0.5669595536959392,0.6691739835579673,0.5437727196465552,0.7520328840668832,0.745361781076066,0.6438502673796791,0.8270435446906027,0.4512317518248157,0.2325729927007288,0.6148722627737204
1924,81,0.4465829846582885,0.3640446304044559,0.5669595536959392,0.6691739835579673,0.5437727196465552,0.7520328840668832,0.745361781076066,0.6438502673796791,0.8270435446906027,0.4512317518248157,0.2325729927007288,0.6148722627737204
1925,81,0.4465829846582885,0.3640446304044559,0.5669595536959392,0.6691739835579673,0.5437727196465552,0.7520328840668832,0.745361781076066,0.6438502673796791,0.8270435446906027,0.4512317518248157,0.2325729927007288,0.6148722627737204
1926,81,0.4465829846582885,0.3640446304044559,0.5669595536959392,0.6691739835579673,0.5437727196465552,0.7520328840668832,0.745361781076066,0.6438502673796791,0.8270435446906027,0.4512317518248157,0.2325729927007288,0.6148722627737204
1927,81,0.4465829846582885,0.3640446304044559,0.5669595536959392,0.6691739835579673,0.5437727196465552,0.7520328840668832,0.745361781076066,0.6438502673796791,0.8270435446906027,0.4512317518248157,0.2325729927007288,0.6148722627737204
1928,81,0.4465829846582885,0.3640446304044559,0.5669595536959392,0.6691739835579673,0.5437727196465552,0.7520328840668832,0.745361781076066,0.6438502673796791,0.8270435446906027,0.4512317518248157,0.2325729927007288,0.6148722627737204
1929,81,0.4465829846582885,0.3640446304044559,0.5669595536959392,0.6691739835579673,0.5437727196465552,0.7520328840668832,0.745361781076066,0.6438502673796791,0.8270435446906027,0.4512317518248157,0.2325729927007288,0.6148722627737204
1930,81,0.4465829846582885,0.3640446304044559,0.5669595536959392,0.6691739835579673,0.5437727196465552,0.7520328840668832,0.745361781076066,0.6438502673796791,0.8270435446906027,0.4512317518248157,0.2325729927007288,0.6148722627737204
1931,81,0.4465829846582885,0.3640446304044559,0.5669595536959392,0.6691739835579673,0.5437727196465552,0.7520328840668832,0.745361781076066,0.6438502673796791,0.8270435446906027,0.4512317518248157,0.2325729927007288,0.6148722627737204
1932,81,0.4465829846582885,0.3640446304044559,0.5669595536959392,0.6691739835579673,0.5437727196465552,0.7520328840668832,0.745361781076066,0.6438502673796791,0.8270435446906027,0.4512317518248157,0.2325729927007288,0.6148722627737204
1933,81,0.4465829846582885,0.3640446304044559,0.5669595536959392,0.6691739835579673,0.5437727196465552,0.7520328840668832,0.745361781076066,0.6438502673796791,0.8270435446906027,0.4512317518248157,0.2325729927007288,0.6148722627737204
1934,81,0.4465829846582885,0.3640446304044559,0.5669595536959392,0.6691739835579673,0.5437727196465552,0.7520328840668832,0.745361781076066,0.6438502673796791,0.8270435446906027,0.4512317518248157,0.2325729927007288,0.6148722627737204
1935,81,0.4465829846582885,0.3640446304044559,0.5669595536959392,0.6691739835579673,0.5437727196465552,0.7520328840668832,0.745361781076066,0.6438502673796791,0.8270435446906027,0.4512317518248157,0.2325729927007288,0.6148722627737204
1936,81,0.4465829846582885,0.3640446304044559,0.5669595536959392,0.6691739835579673,0.5437727196465552,0.7520328840668832,0.745361781076066,0.6438502673796791,0.8270435446906027,0.4512317518248157,0.2325729927007288,0.6148722627737204
1937,81,0.4465829846582885,0.3640446304044559,0.5669595536959392,0.6691739835579673,0.5437727196465552,0.7520328840668832,0.745361781076066,0.6438502673796791,0.8270435446906027,0.4512317518248157,0.2325729927007288,0.6148722627737204
1938,81,0.4465829846582885,0.3640446304044559,0.5669595536959392,0.6691739835579673,0.5437727196465552,0.7520328840668832,0.745361781076066,0.6438502673796791,0.8270435446906027,0.4512317518248157,0.2325729927007288,0.6148722627737204
1939,81,0.4465829846582885,0.3640446304044559,0.5669595536959392,0.6691739835579673,0.5437727196465552,0.7520328840668832,0.745361781076066,0.6438502673796791,0.8270435446906027,0.4512317518248157,0.2325729927007288,0.6148722627737204
1940,81,0.4465829846582885,0.3640446304044559,0.5669595536959392,0.6691739835579673,0.5437727196465552,0.7520328840668832,0.745361781076066,0.6438502673796791,0.8270435446906027,0.4512317518248157,0.2325729927007288,0.6148722627737204
1941,81,0.4465829846582885,0.3640446304044559,0.5669595536959392,0.6691739835579673,0.5437727196465552,0.7520328840668832,0.745361781076066,0.6438502673796791,0.8270435446906027,0.4512317518248157,0.2325729927007288,0.6148722627737204
1942,81,0.4465829846582885,0.3640446304044559,0.5669595536959392,0.6691739835579673,0.5437727196465552,0.7520328840668832,0.745361781076066,0.6438502673796791,0.8270435446906027,0.4512317518248157,0.2325729927007288,0.6148722627737204
1943,81,0.4465829846582885,0.3640446304044559,0.5669595536959392,0.6691739835579673,0.5437727196465552,0.7520328840668832,0.745361781076066,0.6438502673796791,0.8270435446906027,0.4512317518248157,0.2325729927007288,0.6148722627737204
1944,81,0.4465829846582885,0.3640446304044559,0.5669595536959392,0.6691739835579673,0.5437727196465552,0.7520328840668832,0.745361781076066,0.6438502673796791,0.8270435446906027,0.4512317518248157,0.2325729927007288,0.6148722627737204
1945,82,0.4868200836819998,0.35635983263597526,0.6119944211994266,0.6685727867568954,0.5639505620491093,0.7470052010513981,0.7753874276983526,0.7040379788278927,0.852559205500382,0.44785583941605656,0.23211678832116558,0.6553284671532825
1946,82,0.4868200836819998,0.35635983263597526,0.6119944211994266,0.6685727867568954,0.5639505620491093,0.7470052010513981,0.7753874276983526,0.7040379788278927,0.852559205500382,0.44785583941605656,0.23211678832116558,0.6553284671532825
1947,82,0.4868200836819998,0.35635983263597526,0.6119944211994266,0.6685727867568954,0.5639505620491093,0.7470052010513981,0.7753874276983526,0.7040379788278927,0.852559205500382,0.44785583941605656,0.23211678832116558,0.6553284671532825
1948,82,0.4868200836819998,0.35635983263597526,0.6119944211994266,0.6685727867568954,0.5639505620491093,0.7470052010513981,0.7753874276983526,0.7040379788278927,0.852559205500382,0.44785583941605656,0.23211678832116558,0.6553284671532825
1949,82,0.4868200836819998,0.35635983263597526,0.6119944211994266,0.6685727867568954,0.5639505620491093,0.7470052010513981,0.7753874276983526,0.7040379788278927,0.852559205500382,0.44785583941605656,0.23211678832116558,0.6553284671532825
1950,82,0.4868200836819998,0.35635983263597526,0.6119944211994266,0.6685727867568954,0.5639505620491093,0.7470052010513981,0.7753874276983526,0.7040379788278927,0.852559205500382,0.44785583941605656,0.23211678832116558,0.6553284671532825
1951,82,0.4868200836819998,0.35635983263597526,0.6119944211994266,0.6685727867568954,0.5639505620491093,0.7470052010513981,0.7753874276983526,0.7040379788278927,0.852559205500382,0.44785583941605656,0.23211678832116558,0.6553284671532825
1952,82,0.4868200836819998,0.35635983263597526,0.6119944211994266,0.6685727867568954,0.5639505620491093,0.7470052010513981,0.7753874276983526,0.7040379788278927,0.852559205500382,0.44785583941605656,0.23211678832116558,0.6553284671532825
1953,82,0.4868200836819998,0.35635983263597526,0.6119944211994266,0.6685727867568954,0.5639505620491093,0.7470052010513981,0.7753874276983526,0.7040379788278927,0.852559205500382,0.44785583941605656,0.23211678832116558,0.6553284671532825
1954,82,0.4868200836819998,0.35635983263597526,0.6119944211994266,0.6685727867568954,0.5639505620491093,0.7470052010513981,0.7753874276983526,0.7040379788278927,0.852559205500382,0.44785583941605656,0.23211678832116558,0.6553284671532825
1955,82,0.4868200836819998,0.35635983263597526,0.6119944211994266,0.6685727867568954,0.5639505620491093,0.7470052010513981,0.7753874276983526,0.7040379788278927,0.852559205500382,0.44785583941605656,0.23211678832116558,0.6553284671532825
1956,82,0.4868200836819998,0.35635983263597526,0.6119944211994266,0.6685727867568954,0.5639505620491093,0.7470052010513981,0.7753874276983526,0.7040379788278927,0.852559205500382,0.44785583941605656,0.23211678832116558,0.6553284671532825
1957,82,0.4868200836819998,0.35635983263597526,0.6119944211994266,0.6685727867568954,0.5639505620491093,0.7470052010513981,0.7753874276983526,0.7040379788278927,0.852559205500382,0.44785583941605656,0.23211678832116558,0.6553284671532825
1958,82,0.4868200836819998,0.35635983263597526,0.6119944211994266,0.6685727867568954,0.5639505620491093,0.7470052010513981,0.7753874276983526,0.7040379788278927,0.852559205500382,0.44785583941605656,0.23211678832116558,0.6553284671532825
1959,82,0.4868200836819998,0.35635983263597526,0.6119944211994266,0.6685727867568954,0.5639505620491093,0.7470052010513981,0.7753874276983526,0.7040379788278927,0.852559205500382,0.44785583941605656,0.23211678832116558,0.6553284671532825
1960,82,0.4868200836819998,0.35635983263597526,0.6119944211994266,0.6685727867568954,0.5639505620491093,0.7470052010513981,0.7753874276983526,0.7040379788278927,0.852559205500382,0.44785583941605656,0.23211678832116558,0.6553284671532825
1961,82,0.4868200836819998,0.35635983263597526,0.6119944211994266,0.6685727867568954,0.5639505620491093,0.7470052010513981,0.7753874276983526,0.7040379788278927,0.852559205500382,0.44785583941605656,0.23211678832116558,0.6553284671532825
1962,82,0.4868200836819998,0.35635983263597526,0.6119944211994266,0.6685727867568954,0.5639505620491093,0.7470052010513981,0.7753874276983526,0.7040379788278927,0.852559205500382,0.44785583941605656,0.23211678832116558,0.6553284671532825
1963,82,0.4868200836819998,0.35635983263597526,0.6119944211994266,0.6685727867568954,0.5639505620491093,0.7470052010513981,0.7753874276983526,0.7040379788278927,0.852559205500382,0.44785583941605656,0.23211678832116558,0.6553284671532825
1964,82,0.4868200836819998,0.35635983263597526,0.6119944211994266,0.6685727867568954,0.5639505620491093,0.7470052010513981,0.7753874276983526,0.7040379788278927,0.852559205500382,0.44785583941605656,0.23211678832116558,0.6553284671532825
1965,82,0.4868200836819998,0.35635983263597526,0.6119944211994266,0.6685727867568954,0.5639505620491093,0.7470052010513981,0.7753874276983526,0.7040379788278927,0.852559205500382,0.44785583941605656,0.23211678832116558,0.6553284671532825
1966,82,0.4868200836819998,0.35635983263597526,0.6119944211994266,0.6685727867568954,0.5639505620491093,0.7470052010513981,0.7753874276983526,0.7040379788278927,0.852559205500382,0.44785583941605656,0.23211678832116558,0.6553284671532825
1967,82,0.4868200836819998,0.35635983263597526,0.6119944211994266,0.6685727867568954,0.5639505620491093,0.7470052010513981,0.7753874276983526,0.7040379788278927,0.852559205500382,0.44785583941605656,0.23211678832116558,0.6553284671532825
1968,82,0.4868200836819998,0.35635983263597526,0.6119944211994266,0.6685727867568954,0.5639505620491093,0.7470052010513981,0.7753874276983526,0.7040379788278927,0.852559205500382,0.44785583941605656,0.23211678832116558,0.6553284671532825
1969,83,0.5504532775453139,0.49242677824266823,0.6249790794979005,0.6780451317040432,0.59005089200828,0.7466416867065568,0.7882107388409931,0.7327840226999932,0.8605696824184264,0.4585994525547441,0.21322992700729823,0.6407846715328468
1970,83,0.5504532775453139,0.49242677824266823,0.6249790794979005,0.6780451317040432,0.59005089200828,0.7466416867065568,0.7882107388409931,0.7327840226999932,0.8605696824184264,0.4585994525547441,0.21322992700729823,0.6407846715328468
1971,83,0.5504532775453139,0.49242677824266823,0.6249790794979005,0.6780451317040432,0.59005089200828,0.7466416867065568,0.7882107388409931,0.7327840226999932,0.8605696824184264,0.4585994525547441,0.21322992700729823,0.6407846715328468
1972,83,0.5504532775453139,0.49242677824266823,0.6249790794979005,0.6780451317040432,0.59005089200828,0.7466416867065568,0.7882107388409931,0.7327840226999932,0.8605696824184264,0.4585994525547441,0.21322992700729823,0.6407846715328468
1973,83,0.5504532775453139,0.49242677824266823,0.6249790794979005,0.6780451317040432,0.59005089200828,0.7466416867065568,0.7882107388409931,0.7327840226999932,0.8605696824184264,0.4585994525547441,0.21322992700729823,0.6407846715328468
1974,83,0.5504532775453139,0.49242677824266823,0.6249790794979005,0.6780451317040432,0.59005089200828,0.7466416867065568,0.7882107388409931,0.7327840226999932,0.8605696824184264,0.4585994525547441,0.21322992700729823,0.6407846715328468
1975,83,0.5504532775453139,0.49242677824266823,0.6249790794979005,0.6780451317040432,0.59005089200828,0.7466416867065568,0.7882107388409931,0.7327840226999932,0.8605696824184264,0.4585994525547441,0.21322992700729823,0.6407846715328468
1976,83,0.5504532775453139,0.49242677824266823,0.6249790794979005,0.6780451317040432,0.59005089200828,0.7466416867065568,0.7882107388409931,0.7327840226999932,0.8605696824184264,0.4585994525547441,0.21322992700729823,0.6407846715328468
1977,83,0.5504532775453139,0.49242677824266823,0.6249790794979005,0.6780451317040432,0.59005089200828,0.7466416867065568,0.7882107388409931,0.7327840226999932,0.8605696824184264,0.4585994525547441,0.21322992700729823,0.6407846715328468
1978,83,0.5504532775453139,0.49242677824266823,0.6249790794979005,0.6780451317040432,0.59005089200828,0.7466416867065568,0.7882107388409931,0.7327840226999932,0.8605696824184264,0.4585994525547441,0.21322992700729823,0.6407846715328468
1979,83,0.5504532775453139,0.49242677824266823,0.6249790794979005,0.6780451317040432,0.59005089200828,0.7466416867065568,0.7882107388409931,0.7327840226999932,0.8605696824184264,0.4585994525547441,0.21322992700729823,0.6407846715328468
1980,83,0.5504532775453139,0.49242677824266823,0.6249790794979005,0.6780451317040432,0.59005089200828,0.7466416867065568,0.7882107388409931,0.7327840226999932,0.8605696824184264,0.4585994525547441,0.21322992700729823,0.6407846715328468
1981,83,0.5504532775453139,0.49242677824266823,0.6249790794979005,0.6780451317040432,0.59005089200828,0.7466416867065568,0.7882107388409931,0.7327840226999932,0.8605696824184264,0.4585994525547441,0.21322992700729823,0.6407846715328468
1982,83,0.5504532775453139,0.49242677824266823,0.6249790794979005,0.6780451317040432,0.59005089200828,0.7466416867065568,0.7882107388409931,0.7327840226999932,0.8605696824184264,0.4585994525547441,0.21322992700729823,0.6407846715328468
1983,83,0.5504532775453139,0.49242677824266823,0.6249790794979005,0.6780451317040432,0.59005089200828,0.7466416867065568,0.7882107388409931,0.7327840226999932,0.8605696824184264,0.4585994525547441,0.21322992700729823,0.6407846715328468
1984,83,0.5504532775453139,0.49242677824266823,0.6249790794979005,0.6780451317040432,0.59005089200828,0.7466416867065568,0.7882107388409931,0.7327840226999932,0.8605696824184264,0.4585994525547441,0.21322992700729823,0.6407846715328468
1985,83,0.5504532775453139,0.49242677824266823,0.6249790794979005,0.6780451317040432,0.59005089200828,0.7466416867065568,0.7882107388409931,0.7327840226999932,0.8605696824184264,0.4585994525547441,0.21322992700729823,0.6407846715328468
1986,83,0.5504532775453139,0.49242677824266823,0.6249790794979005,0.6780451317040432,0.59005089200828,0.7466416867065568,0.7882107388409931,0.7327840226999932,0.8605696824184264,0.4585994525547441,0.21322992700729823,0.6407846715328468
1987,83,0.5504532775453139,0.49242677824266823,0.6249790794979005,0.6780451317040432,0.59005089200828,0.7466416867065568,0.7882107388409931,0.7327840226999932,0.8605696824184264,0.4585994525547441,0.21322992700729823,0.6407846715328468
1988,83,0.5504532775453139,0.49242677824266823,0.6249790794979005,0.6780451317040432,0.59005089200828,0.7466416867065568,0.7882107388409931,0.7327840226999932,0.8605696824184264,0.4585994525547441,0.21322992700729823,0.6407846715328468
1989,83,0.5504532775453139,0.49242677824266823,0.6249790794979005,0.6780451317040432,0.59005089200828,0.7466416867065568,0.7882107388409931,0.7327840226999932,0.8605696824184264,0.4585994525547441,0.21322992700729823,0.6407846715328468
1990,83,0.5504532775453139,0.49242677824266823,0.6249790794979005,0.6780451317040432,0.59005089200828,0.7466416867065568,0.7882107388409931,0.7327840226999932,0.8605696824184264,0.4585994525547441,0.21322992700729823,0.6407846715328468
1991,83,0.5504532775453139,0.49242677824266823,0.6249790794979005,0.6780451317040432,0.59005089200828,0.7466416867065568,0.7882107388409931,0.7327840226999932,0.8605696824184264,0.4585994525547441,0.21322992700729823,0.6407846715328468
1992,83,0.5504532775453139,0.49242677824266823,0.6249790794979005,0.6780451317040432,0.59005089200828,0.7466416867065568,0.7882107388409931,0.7327840226999932,0.8605696824184264,0.4585994525547441,0.21322992700729823,0.6407846715328468
1993,84,0.5049337517433639,0.3911436541143587,0.6167364016736272,0.6839522398076161,0.60064873329232,0.751199597337954,0.7462757830404891,0.6961038961038959,0.7964967805303971,0.477760036496349,0.20848540145985306,0.7055656934306566
1994,84,0.5049337517433639,0.3911436541143587,0.6167364016736272,0.6839522398076161,0.60064873329232,0.751199597337954,0.7462757830404891,0.6961038961038959,0.7964967805303971,0.477760036496349,0.20848540145985306,0.7055656934306566
1995,84,0.5049337517433639,0.3911436541143587,0.6167364016736272,0.6839522398076161,0.60064873329232,0.751199597337954,0.7462757830404891,0.6961038961038959,0.7964967805303971,0.477760036496349,0.20848540145985306,0.7055656934306566
1996,84,0.5049337517433639,0.3911436541143587,0.6167364016736272,0.6839522398076161,0.60064873329232,0.751199597337954,0.7462757830404891,0.6961038961038959,0.7964967805303971,0.477760036496349,0.20848540145985306,0.7055656934306566
1997,84,0.5049337517433639,0.3911436541143587,0.6167364016736272,0.6839522398076161,0.60064873329232,0.751199597337954,0.7462757830404891,0.6961038961038959,0.7964967805303971,0.477760036496349,0.20848540145985306,0.7055656934306566
1998,84,0.5049337517433639,0.3911436541143587,0.6167364016736272,0.6839522398076161,0.60064873329232,0.751199597337954,0.7462757830404891,0.6961038961038959,0.7964967805303971,0.477760036496349,0.20848540145985306,0.7055656934306566
1999,84,0.5049337517433639,0.3911436541143587,0.6167364016736272,0.6839522398076161,0.60064873329232,0.751199597337954,0.7462757830404891,0.6961038961038959,0.7964967805303971,0.477760036496349,0.20848540145985306,0.7055656934306566
2000,84,0.5049337517433639,0.3911436541143587,0.6167364016736272,0.6839522398076161,0.60064873329232,0.751199597337954,0.7462757830404891,0.6961038961038959,0.7964967805303971,0.477760036496349,0.20848540145985306,0.7055656934306566
2001,84,0.5049337517433639,0.3911436541143587,0.6167364016736272,0.6839522398076161,0.60064873329232,0.751199597337954,0.7462757830404891,0.6961038961038959,0.7964967805303971,0.477760036496349,0.20848540145985306,0.7055656934306566
2002,84,0.5049337517433639,0.3911436541143587,0.6167364016736272,0.6839522398076161,0.60064873329232,0.751199597337954,0.7462757830404891,0.6961038961038959,0.7964967805303971,0.477760036496349,0.20848540145985306,0.7055656934306566
2003,84,0.5049337517433639,0.3911436541143587,0.6167364016736272,0.6839522398076161,0.60064873329232,0.751199597337954,0.7462757830404891,0.6961038961038959,0.7964967805303971,0.477760036496349,0.20848540145985306,0.7055656934306566
2004,84,0.5049337517433639,0.3911436541143587,0.6167364016736272,0.6839522398076161,0.60064873329232,0.751199597337954,0.7462757830404891,0.6961038961038959,0.7964967805303971,0.477760036496349,0.20848540145985306,0.7055656934306566
2005,84,0.5049337517433639,0.3911436541143587,0.6167364016736272,0.6839522398076161,0.60064873329232,0.751199597337954,0.7462757830404891,0.6961038961038959,0.7964967805303971,0.477760036496349,0.20848540145985306,0.7055656934306566
2006,84,0.5049337517433639,0.3911436541143587,0.6167364016736272,0.6839522398076161,0.60064873329232,0.751199597337954,0.7462757830404891,0.6961038961038959,0.7964967805303971,0.477760036496349,0.20848540145985306,0.7055656934306566
2007,84,0.5049337517433639,0.3911436541143587,0.6167364016736272,0.6839522398076161,0.60064873329232,0.751199597337954,0.7462757830404891,0.6961038961038959,0.7964967805303971,0.477760036496349,0.20848540145985306,0.7055656934306566
2008,84,0.5049337517433639,0.3911436541143587,0.6167364016736272,0.6839522398076161,0.60064873329232,0.751199597337954,0.7462757830404891,0.6961038961038959,0.7964967805303971,0.477760036496349,0.20848540145985306,0.7055656934306566
2009,84,0.5049337517433639,0.3911436541143587,0.6167364016736272,0.6839522398076161,0.60064873329232,0.751199597337954,0.7462757830404891,0.6961038961038959,0.7964967805303971,0.477760036496349,0.20848540145985306,0.7055656934306566
2010,84,0.5049337517433639,0.3911436541143587,0.6167364016736272,0.6839522398076161,0.60064873329232,0.751199597337954,0.7462757830404891,0.6961038961038959,0.7964967805303971,0.477760036496349,0.20848540145985306,0.7055656934306566
2011,84,0.5049337517433639,0.3911436541143587,0.6167364016736272,0.6839522398076161,0.60064873329232,0.751199597337954,0.7462757830404891,0.6961038961038959,0.7964967805303971,0.477760036496349,0.20848540145985306,0.7055656934306566
2012,84,0.5049337517433639,0.3911436541143587,0.6167364016736272,0.6839522398076161,0.60064873329232,0.751199597337954,0.7462757830404891,0.6961038961038959,0.7964967805303971,0.477760036496349,0.20848540145985306,0.7055656934306566
2013,84,0.5049337517433639,0.3911436541143587,0.6167364016736272,0.6839522398076161,0.60064873329232,0.751199597337954,0.7462757830404891,0.6961038961038959,0.7964967805303971,0.477760036496349,0.20848540145985306,0.7055656934306566
2014,84,0.5049337517433639,0.3911436541143587,0.6167364016736272,0.6839522398076161,0.60064873329232,0.751199597337954,0.7462757830404891,0.6961038961038959,0.7964967805303971,0.477760036496349,0.20848540145985306,0.7055656934306566
2015,84,0.5049337517433639,0.3911436541143587,0.6167364016736272,0.6839522398076161,0.60064873329232,0.751199597337954,0.7462757830404891,0.6961038961038959,0.7964967805303971,0.477760036496349,0.20848540145985306,0.7055656934306566
2016,84,0.5049337517433639,0.3911436541143587,0.6167364016736272,0.6839522398076161,0.60064873329232,0.751199597337954,0.7462757830404891,0.6961038961038959,0.7964967805303971,0.477760036496349,0.20848540145985306,0.7055656934306566
2017,85,0.4844490934449013,0.34521617852160774,0.6593026499302524,0.68126083552374,0.5615401823164227,0.7660869078910565,0.7531649023245679,0.6842955363963761,0.8132489359380137,0.4905337591240866,0.20474452554744485,0.7758211678832119
2018,85,0.4844490934449013,0.34521617852160774,0.6593026499302524,0.68126083552374,0.5615401823164227,0.7660869078910565,0.7531649023245679,0.6842955363963761,0.8132489359380137,0.4905337591240866,0.20474452554744485,0.7758211678832119
2019,85,0.4844490934449013,0.34521617852160774,0.6593026499302524,0.68126083552374,0.5615401823164227,0.7660869078910565,0.7531649023245679,0.6842955363963761,0.8132489359380137,0.4905337591240866,0.20474452554744485,0.7758211678832119
2020,85,0.4844490934449013,0.34521617852160774,0.6593026499302524,0.68126083552374,0.5615401823164227,0.7660869078910565,0.7531649023245679,0.6842955363963761,0.8132489359380137,0.4905337591240866,0.20474452554744485,0.7758211678832119
2021,85,0.4844490934449013,0.34521617852160774,0.6593026499302524,0.68126083552374,0.5615401823164227,0.7660869078910565,0.7531649023245679,0.6842955363963761,0.8132489359380137,0.4905337591240866,0.20474452554744485,0.7758211678832119
2022,85,0.4844490934449013,0.34521617852160774,0.6593026499302524,0.68126083552374,0.5615401823164227,0.7660869078910565,0.7531649023245679,0.6842955363963761,0.8132489359380137,0.4905337591240866,0.20474452554744485,0.7758211678832119
2023,85,0.4844490934449013,0.34521617852160774,0.6593026499302524,0.68126083552374,0.5615401823164227,0.7660869078910565,0.7531649023245679,0.6842955363963761,0.8132489359380137,0.4905337591240866,0.20474452554744485,0.7758211678832119
2024,85,0.4844490934449013,0.34521617852160774,0.6593026499302524,0.68126083552374,0.5615401823164227,0.7660869078910565,0.7531649023245679,0.6842955363963761,0.8132489359380137,0.4905337591240866,0.20474452554744485,0.7758211678832119
2025,85,0.4844490934449013,0.34521617852160774,0.6593026499302524,0.68126083552374,0.5615401823164227,0.7660869078910565,0.7531649023245679,0.6842955363963761,0.8132489359380137,0.4905337591240866,0.20474452554744485,0.7758211678832119
2026,85,0.4844490934449013,0.34521617852160774,0.6593026499302524,0.68126083552374,0.5615401823164227,0.7660869078910565,0.7531649023245679,0.6842955363963761,0.8132489359380137,0.4905337591240866,0.20474452554744485,0.7758211678832119
2027,85,0.4844490934449013,0.34521617852160774,0.6593026499302524,0.68126083552374,0.5615401823164227,0.7660869078910565,0.7531649023245679,0.6842955363963761,0.8132489359380137,0.4905337591240866,0.20474452554744485,0.7758211678832119
2028,85,0.4844490934449013,0.34521617852160774,0.6593026499302524,0.68126083552374,0.5615401823164227,0.7660869078910565,0.7531649023245679,0.6842955363963761,0.8132489359380137,0.4905337591240866,0.20474452554744485,0.7758211678832119
2029,85,0.4844490934449013,0.34521617852160774,0.6593026499302524,0.68126083552374,0.5615401823164227,0.7660869078910565,0.7531649023245679,0.6842955363963761,0.8132489359380137,0.4905337591240866,0.20474452554744485,0.7758211678832119
2030,85,0.4844490934449013,0.34521617852160774,0.6593026499302524,0.68126083552374,0.5615401823164227,0.7660869078910565,0.7531649023245679,0.6842955363963761,0.8132489359380137,0.4905337591240866,0.20474452554744485,0.7758211678832119
2031,85,0.4844490934449013,0.34521617852160774,0.6593026499302524,0.68126083552374,0.5615401823164227,0.7660869078910565,0.7531649023245679,0.6842955363963761,0.8132489359380137,0.4905337591240866,0.20474452554744485,0.7758211678832119
2032,85,0.4844490934449013,0.34521617852160774,0.6593026499302524,0.68126083552374,0.5615401823164227,0.7660869078910565,0.7531649023245679,0.6842955363963761,0.8132489359380137,0.4905337591240866,0.20474452554744485,0.7758211678832119
2033,85,0.4844490934449013,0.34521617852160774,0.6593026499302524,0.68126083552374,0.5615401823164227,0.7660869078910565,0.7531649023245679,0.6842955363963761,0.8132489359380137,0.4905337591240866,0.20474452554744485,0.7758211678832119
2034,85,0.4844490934449013,0.34521617852160774,0.6593026499302524,0.68126083552374,0.5615401823164227,0.7660869078910565,0.7531649023245679,0.6842955363963761,0.8132489359380137,0.4905337591240866,0.20474452554744485,0.7758211678832119
2035,85,0.4844490934449013,0.34521617852160774,0.6593026499302524,0.68126083552374,0.5615401823164227,0.7660869078910565,0.7531649023245679,0.6842955363963761,0.8132489359380137,0.4905337591240866,0.20474452554744485,0.7758211678832119
2036,85,0.4844490934449013,0.34521617852160774,0.6593026499302524,0.68126083552374,0.5615401823164227,0.7660869078910565,0.7531649023245679,0.6842955363963761,0.8132489359380137,0.4905337591240866,0.20474452554744485,0.7758211678832119
2037,85,0.4844490934449013,0.34521617852160774,0.6593026499302524,0.68126083552374,0.5615401823164227,0.7660869078910565,0.7531649023245679,0.6842955363963761,0.8132489359380137,0.4905337591240866,0.20474452554744485,0.7758211678832119
2038,85,0.4844490934449013,0.34521617852160774,0.6593026499302524,0.68126083552374,0.5615401823164227,0.7660869078910565,0.7531649023245679,0.6842955363963761,0.8132489359380137,0.4905337591240866,0.20474452554744485,0.7758211678832119
2039,85,0.4844490934449013,0.34521617852160774,0.6593026499302524,0.68126083552374,0.5615401823164227,0.7660869078910565,0.7531649023245679,0.6842955363963761,0.8132489359380137,0.4905337591240866,0.20474452554744485,0.7758211678832119
2040,85,0.4844490934449013,0.34521617852160774,0.6593026499302524,0.68126083552374,0.5615401823164227,0.7660869078910565,0.7531649023245679,0.6842955363963761,0.8132489359380137,0.4905337591240866,0.20474452554744485,0.7758211678832119
2041,86,0.46548117154810953,0.3212831241283098,0.6133472803347189,0.6825191544097109,0.5848274704994161,0.7699066047760184,0.7943359161846573,0.6841318345520051,0.8632653061224496,0.42666514598540006,0.21614963503649565,0.714233576642334
2042,86,0.46548117154810953,0.3212831241283098,0.6133472803347189,0.6825191544097109,0.5848274704994161,0.7699066047760184,0.7943359161846573,0.6841318345520051,0.8632653061224496,0.42666514598540006,0.21614963503649565,0.714233576642334
2043,86,0.46548117154810953,0.3212831241283098,0.6133472803347189,0.6825191544097109,0.5848274704994161,0.7699066047760184,0.7943359161846573,0.6841318345520051,0.8632653061224496,0.42666514598540006,0.21614963503649565,0.714233576642334
2044,86,0.46548117154810953,0.3212831241283098,0.6133472803347189,0.6825191544097109,0.5848274704994161,0.7699066047760184,0.7943359161846573,0.6841318345520051,0.8632653061224496,0.42666514598540006,0.21614963503649565,0.714233576642334
2045,86,0.46548117154810953,0.3212831241283098,0.6133472803347189,0.6825191544097109,0.5848274704994161,0.7699066047760184,0.7943359161846573,0.6841318345520051,0.8632653061224496,0.42666514598540006,0.21614963503649565,0.714233576642334
2046,86,0.46548117154810953,0.3212831241283098,0.6133472803347189,0.6825191544097109,0.5848274704994161,0.7699066047760184,0.7943359161846573,0.6841318345520051,0.8632653061224496,0.42666514598540006,0.21614963503649565,0.714233576642334
2047,86,0.46548117154810953,0.3212831241283098,0.6133472803347189,0.6825191544097109,0.5848274704994161,0.7699066047760184,0.7943359161846573,0.6841318345520051,0.8632653061224496,0.42666514598540006,0.21614963503649565,0.714233576642334
2048,86,0.46548117154810953,0.3212831241283098,0.6133472803347189,0.6825191544097109,0.5848274704994161,0.7699066047760184,0.7943359161846573,0.6841318345520051,0.8632653061224496,0.42666514598540006,0.21614963503649565,0.714233576642334
2049,86,0.46548117154810953,0.3212831241283098,0.6133472803347189,0.6825191544097109,0.5848274704994161,0.7699066047760184,0.7943359161846573,0.6841318345520051,0.8632653061224496,0.42666514598540006,0.21614963503649565,0.714233576642334
2050,86,0.46548117154810953,0.3212831241283098,0.6133472803347189,0.6825191544097109,0.5848274704994161,0.7699066047760184,0.7943359161846573,0.6841318345520051,0.8632653061224496,0.42666514598540006,0.21614963503649565,0.714233576642334
2051,86,0.46548117154810953,0.3212831241283098,0.6133472803347189,0.6825191544097109,0.5848274704994161,0.7699066047760184,0.7943359161846573,0.6841318345520051,0.8632653061224496,0.42666514598540006,0.21614963503649565,0.714233576642334
2052,86,0.46548117154810953,0.3212831241283098,0.6133472803347189,0.6825191544097109,0.5848274704994161,0.7699066047760184,0.7943359161846573,0.6841318345520051,0.8632653061224496,0.42666514598540006,0.21614963503649565,0.714233576642334
2053,86,0.46548117154810953,0.3212831241283098,0.6133472803347189,0.6825191544097109,0.5848274704994161,0.7699066047760184,0.7943359161846573,0.6841318345520051,0.8632653061224496,0.42666514598540006,0.21614963503649565,0.714233576642334
2054,86,0.46548117154810953,0.3212831241283098,0.6133472803347189,0.6825191544097109,0.5848274704994161,0.7699066047760184,0.7943359161846573,0.6841318345520051,0.8632653061224496,0.42666514598540006,0.21614963503649565,0.714233576642334
2055,86,0.46548117154810953,0.3212831241283098,0.6133472803347189,0.6825191544097109,0.5848274704994161,0.7699066047760184,0.7943359161846573,0.6841318345520051,0.8632653061224496,0.42666514598540006,0.21614963503649565,0.714233576642334
2056,86,0.46548117154810953,0.3212831241283098,0.6133472803347189,0.6825191544097109,0.5848274704994161,0.7699066047760184,0.7943359161846573,0.6841318345520051,0.8632653061224496,0.42666514598540006,0.21614963503649565,0.714233576642334
2057,86,0.46548117154810953,0.3212831241283098,0.6133472803347189,0.6825191544097109,0.5848274704994161,0.7699066047760184,0.7943359161846573,0.6841318345520051,0.8632653061224496,0.42666514598540006,0.21614963503649565,0.714233576642334
2058,86,0.46548117154810953,0.3212831241283098,0.6133472803347189,0.6825191544097109,0.5848274704994161,0.7699066047760184,0.7943359161846573,0.6841318345520051,0.8632653061224496,0.42666514598540006,0.21614963503649565,0.714233576642334
2059,86,0.46548117154810953,0.3212831241283098,0.6133472803347189,0.6825191544097109,0.5848274704994161,0.7699066047760184,0.7943359161846573,0.6841318345520051,0.8632653061224496,0.42666514598540006,0.21614963503649565,0.714233576642334
2060,86,0.46548117154810953,0.3212831241283098,0.6133472803347189,0.6825191544097109,0.5848274704994161,0.7699066047760184,0.7943359161846573,0.6841318345520051,0.8632653061224496,0.42666514598540006,0.21614963503649565,0.714233576642334
2061,86,0.46548117154810953,0.3212831241283098,0.6133472803347189,0.6825191544097109,0.5848274704994161,0.7699066047760184,0.7943359161846573,0.6841318345520051,0.8632653061224496,0.42666514598540006,0.21614963503649565,0.714233576642334
2062,86,0.46548117154810953,0.3212831241283098,0.6133472803347189,0.6825191544097109,0.5848274704994161,0.7699066047760184,0.7943359161846573,0.6841318345520051,0.8632653061224496,0.42666514598540006,0.21614963503649565,0.714233576642334
2063,86,0.46548117154810953,0.3212831241283098,0.6133472803347189,0.6825191544097109,0.5848274704994161,0.7699066047760184,0.7943359161846573,0.6841318345520051,0.8632653061224496,0.42666514598540006,0.21614963503649565,0.714233576642334
2064,86,0.46548117154810953,0.3212831241283098,0.6133472803347189,0.6825191544097109,0.5848274704994161,0.7699066047760184,0.7943359161846573,0.6841318345520051,0.8632653061224496,0.42666514598540006,0.21614963503649565,0.714233576642334
2065,87,0.45699093444908634,0.36928870292886556,0.57380753138074,0.6669229908841796,0.5985850903193345,0.7419495553939918,0.764173851358728,0.6848739495798369,0.8493179089817737,0.45301094890510885,0.23284671532846613,0.6702554744525557
2066,87,0.45699093444908634,0.36928870292886556,0.57380753138074,0.6669229908841796,0.5985850903193345,0.7419495553939918,0.764173851358728,0.6848739495798369,0.8493179089817737,0.45301094890510885,0.23284671532846613,0.6702554744525557
2067,87,0.45699093444908634,0.36928870292886556,0.57380753138074,0.6669229908841796,0.5985850903193345,0.7419495553939918,0.764173851358728,0.6848739495798369,0.8493179089817737,0.45301094890510885,0.23284671532846613,0.6702554744525557
2068,87,0.45699093444908634,0.36928870292886556,0.57380753138074,0.6669229908841796,0.5985850903193345,0.7419495553939918,0.764173851358728,0.6848739495798369,0.8493179089817737,0.45301094890510885,0.23284671532846613,0.6702554744525557
2069,87,0.45699093444908634,0.36928870292886556,0.57380753138074,0.6669229908841796,0.5985850903193345,0.7419495553939918,0.764173851358728,0.6848739495798369,0.8493179089817737,0.45301094890510885,0.23284671532846613,0.6702554744525557
2070,87,0.45699093444908634,0.36928870292886556,0.57380753138074,0.6669229908841796,0.5985850903193345,0.7419495553939918,0.764173851358728,0.6848739495798369,0.8493179089817737,0.45301094890510885,0.23284671532846613,0.6702554744525557
2071,87,0.45699093444908634,0.36928870292886556,0.57380753138074,0.6669229908841796,0.5985850903193345,0.7419495553939918,0.764173851358728,0.6848739495798369,0.8493179089817737,0.45301094890510885,0.23284671532846613,0.6702554744525557
2072,87,0.45699093444908634,0.36928870292886556,0.57380753138074,0.6669229908841796,0.5985850903193345,0.7419495553939918,0.764173851358728,0.6848739495798369,0.8493179089817737,0.45301094890510885,0.23284671532846613,0.6702554744525557
2073,87,0.45699093444908634,0.36928870292886556,0.57380753138074,0.6669229908841796,0.5985850903193345,0.7419495553939918,0.764173851358728,0.6848739495798369,0.8493179089817737,0.45301094890510885,0.23284671532846613,0.6702554744525557
2074,87,0.45699093444908634,0.36928870292886556,0.57380753138074,0.6669229908841796,0.5985850903193345,0.7419495553939918,0.764173851358728,0.6848739495798369,0.8493179089817737,0.45301094890510885,0.23284671532846613,0.6702554744525557
2075,87,0.45699093444908634,0.36928870292886556,0.57380753138074,0.6669229908841796,0.5985850903193345,0.7419495553939918,0.764173851358728,0.6848739495798369,0.8493179089817737,0.45301094890510885,0.23284671532846613,0.6702554744525557
2076,87,0.45699093444908634,0.36928870292886556,0.57380753138074,0.6669229908841796,0.5985850903193345,0.7419495553939918,0.764173851358728,0.6848739495798369,0.8493179089817737,0.45301094890510885,0.23284671532846613,0.6702554744525557
2077,87,0.45699093444908634,0.36928870292886556,0.57380753138074,0.6669229908841796,0.5985850903193345,0.7419495553939918,0.764173851358728,0.6848739495798369,0.8493179089817737,0.45301094890510885,0.23284671532846613,0.6702554744525557
2078,87,0.45699093444908634,0.36928870292886556,0.57380753138074,0.6669229908841796,0.5985850903193345,0.7419495553939918,0.764173851358728,0.6848739495798369,0.8493179089817737,0.45301094890510885,0.23284671532846613,0.6702554744525557
2079,87,0.45699093444908634,0.36928870292886556,0.57380753138074,0.6669229908841796,0.5985850903193345,0.7419495553939918,0.764173851358728,0.6848739495798369,0.8493179089817737,0.45301094890510885,0.23284671532846613,0.6702554744525557
2080,87,0.45699093444908634,0.36928870292886556,0.57380753138074,0.6669229908841796,0.5985850903193345,0.7419495553939918,0.764173851358728,0.6848739495798369,0.8493179089817737,0.45301094890510885,0.23284671532846613,0.6702554744525557
2081,87,0.45699093444908634,0.36928870292886556,0.57380753138074,0.6669229908841796,0.5985850903193345,0.7419495553939918,0.764173851358728,0.6848739495798369,0.8493179089817737,0.45301094890510885,0.23284671532846613,0.6702554744525557
2082,87,0.45699093444908634,0.36928870292886556,0.57380753138074,0.6669229908841796,0.5985850903193345,0.7419495553939918,0.764173851358728,0.6848739495798369,0.8493179089817737,0.45301094890510885,0.23284671532846613,0.6702554744525557
2083,87,0.45699093444908634,0.36928870292886556,0.57380753138074,0.6669229908841796,0.5985850903193345,0.7419495553939918,0.764173851358728,0.6848739495798369,0.8493179089817737,0.45301094890510885,0.23284671532846613,0.6702554744525557
2084,87,0.45699093444908634,0.36928870292886556,0.57380753138074,0.6669229908841796,0.5985850903193345,0.7419495553939918,0.764173851358728,0.6848739495798369,0.8493179089817737,0.45301094890510885,0.23284671532846613,0.6702554744525557
2085,87,0.45699093444908634,0.36928870292886556,0.57380753138074,0.6669229908841796,0.5985850903193345,0.7419495553939918,0.764173851358728,0.6848739495798369,0.8493179089817737,0.45301094890510885,0.23284671532846613,0.6702554744525557
2086,87,0.45699093444908634,0.36928870292886556,0.57380753138074,0.6669229908841796,0.5985850903193345,0.7419495553939918,0.764173851358728,0.6848739495798369,0.8493179089817737,0.45301094890510885,0.23284671532846613,0.6702554744525557
2087,87,0.45699093444908634,0.36928870292886556,0.57380753138074,0.6669229908841796,0.5985850903193345,0.7419495553939918,0.764173851358728,0.6848739495798369,0.8493179089817737,0.45301094890510885,0.23284671532846613,0.6702554744525557
2088,87,0.45699093444908634,0.36928870292886556,0.57380753138074,0.6669229908841796,0.5985850903193345,0.7419495553939918,0.764173851358728,0.6848739495798369,0.8493179089817737,0.45301094890510885,0.23284671532846613,0.6702554744525557
2089,88,0.4330892608089165,0.3039609483960817,0.6180892608089124,0.6513757619819929,0.5805435937587433,0.7477657849113613,0.7318700207355695,0.6484448324784466,0.8177889337553189,0.4750228102189773,0.2552007299270073,0.7028284671532831
2090,88,0.4330892608089165,0.3039609483960817,0.6180892608089124,0.6513757619819929,0.5805435937587433,0.7477657849113613,0.7318700207355695,0.6484448324784466,0.8177889337553189,0.4750228102189773,0.2552007299270073,0.7028284671532831
2091,88,0.4330892608089165,0.3039609483960817,0.6180892608089124,0.6513757619819929,0.5805435937587433,0.7477657849113613,0.7318700207355695,0.6484448324784466,0.8177889337553189,0.4750228102189773,0.2552007299270073,0.7028284671532831
2092,88,0.4330892608089165,0.3039609483960817,0.6180892608089124,0.6513757619819929,0.5805435937587433,0.7477657849113613,0.7318700207355695,0.6484448324784466,0.8177889337553189,0.4750228102189773,0.2552007299270073,0.7028284671532831
2093,88,0.4330892608089165,0.3039609483960817,0.6180892608089124,0.6513757619819929,0.5805435937587433,0.7477657849113613,0.7318700207355695,0.6484448324784466,0.8177889337553189,0.4750228102189773,0.2552007299270073,0.7028284671532831
2094,88,0.4330892608089165,0.3039609483960817,0.6180892608089124,0.6513757619819929,0.5805435937587433,0.7477657849113613,0.7318700207355695,0.6484448324784466,0.8177889337553189,0.4750228102189773,0.2552007299270073,0.7028284671532831
2095,88,0.4330892608089165,0.3039609483960817,0.6180892608089124,0.6513757619819929,0.5805435937587433,0.7477657849113613,0.7318700207355695,0.6484448324784466,0.8177889337553189,0.4750228102189773,0.2552007299270073,0.7028284671532831
2096,88,0.4330892608089165,0.3039609483960817,0.6180892608089124,0.6513757619819929,0.5805435937587433,0.7477657849113613,0.7318700207355695,0.6484448324784466,0.8177889337553189,0.4750228102189773,0.2552007299270073,0.7028284671532831
2097,88,0.4330892608089165,0.3039609483960817,0.6180892608089124,0.6513757619819929,0.5805435937587433,0.7477657849113613,0.7318700207355695,0.6484448324784466,0.8177889337553189,0.4750228102189773,0.2552007299270073,0.7028284671532831
2098,88,0.4330892608089165,0.3039609483960817,0.6180892608089124,0.6513757619819929,0.5805435937587433,0.7477657849113613,0.7318700207355695,0.6484448324784466,0.8177889337553189,0.4750228102189773,0.2552007299270073,0.7028284671532831
2099,88,0.4330892608089165,0.3039609483960817,0.6180892608089124,0.6513757619819929,0.5805435937587433,0.7477657849113613,0.7318700207355695,0.6484448324784466,0.8177889337553189,0.4750228102189773,0.2552007299270073,0.7028284671532831
2100,88,0.4330892608089165,0.3039609483960817,0.6180892608089124,0.6513757619819929,0.5805435937587433,0.7477657849113613,0.7318700207355695,0.6484448324784466,0.8177889337553189,0.4750228102189773,0.2552007299270073,0.7028284671532831
2101,88,0.4330892608089165,0.3039609483960817,0.6180892608089124,0.6513757619819929,0.5805435937587433,0.7477657849113613,0.7318700207355695,0.6484448324784466,0.8177889337553189,0.4750228102189773,0.2552007299270073,0.7028284671532831
2102,88,0.4330892608089165,0.3039609483960817,0.6180892608089124,0.6513757619819929,0.5805435937587433,0.7477657849113613,0.7318700207355695,0.6484448324784466,0.8177889337553189,0.4750228102189773,0.2552007299270073,0.7028284671532831
2103,88,0.4330892608089165,0.3039609483960817,0.6180892608089124,0.6513757619819929,0.5805435937587433,0.7477657849113613,0.7318700207355695,0.6484448324784466,0.8177889337553189,0.4750228102189773,0.2552007299270073,0.7028284671532831
2104,88,0.4330892608089165,0.3039609483960817,0.6180892608089124,0.6513757619819929,0.5805435937587433,0.7477657849113613,0.7318700207355695,0.6484448324784466,0.8177889337553189,0.4750228102189773,0.2552007299270073,0.7028284671532831
2105,88,0.4330892608089165,0.3039609483960817,0.6180892608089124,0.6513757619819929,0.5805435937587433,0.7477657849113613,0.7318700207355695,0.6484448324784466,0.8177889337553189,0.4750228102189773,0.2552007299270073,0.7028284671532831
2106,88,0.4330892608089165,0.3039609483960817,0.6180892608089124,0.6513757619819929,0.5805435937587433,0.7477657849113613,0.7318700207355695,0.6484448324784466,0.8177889337553189,0.4750228102189773,0.2552007299270073,0.7028284671532831
2107,88,0.4330892608089165,0.3039609483960817,0.6180892608089124,0.6513757619819929,0.5805435937587433,0.7477657849113613,0.7318700207355695,0.6484448324784466,0.8177889337553189,0.4750228102189773,0.2552007299270073,0.7028284671532831
2108,88,0.4330892608089165,0.3039609483960817,0.6180892608089124,0.6513757619819929,0.5805435937587433,0.7477657849113613,0.7318700207355695,0.6484448324784466,0.8177889337553189,0.4750228102189773,0.2552007299270073,0.7028284671532831
2109,88,0.4330892608089165,0.3039609483960817,0.6180892608089124,0.6513757619819929,0.5805435937587433,0.7477657849113613,0.7318700207355695,0.6484448324784466,0.8177889337553189,0.4750228102189773,0.2552007299270073,0.7028284671532831
2110,88,0.4330892608089165,0.3039609483960817,0.6180892608089124,0.6513757619819929,0.5805435937587433,0.7477657849113613,0.7318700207355695,0.6484448324784466,0.8177889337553189,0.4750228102189773,0.2552007299270073,0.7028284671532831
2111,88,0.4330892608089165,0.3039609483960817,0.6180892608089124,0.6513757619819929,0.5805435937587433,0.7477657849113613,0.7318700207355695,0.6484448324784466,0.8177889337553189,0.4750228102189773,0.2552007299270073,0.7028284671532831
2112,88,0.4330892608089165,0.3039609483960817,0.6180892608089124,0.6513757619819929,0.5805435937587433,0.7477657849113613,0.7318700207355695,0.6484448324784466,0.8177889337553189,0.4750228102189773,0.2552007299270073,0.7028284671532831
2113,89,0.4514644351464323,0.22895397489538,0.6134867503486603,0.6500195738493382,0.5855824618309946,0.7315977853587619,0.7585807050092797,0.653825166430213,0.8402706537160327,0.42027828467153117,0.2867700729926986,0.6020985401459835
2114,89,0.4514644351464323,0.22895397489538,0.6134867503486603,0.6500195738493382,0.5855824618309946,0.7315977853587619,0.7585807050092797,0.653825166430213,0.8402706537160327,0.42027828467153117,0.2867700729926986,0.6020985401459835
2115,89,0.4514644351464323,0.22895397489538,0.6134867503486603,0.6500195738493382,0.5855824618309946,0.7315977853587619,0.7585807050092797,0.653825166430213,0.8402706537160327,0.42027828467153117,0.2867700729926986,0.6020985401459835
2116,89,0.4514644351464323,0.22895397489538,0.6134867503486603,0.6500195738493382,0.5855824618309946,0.7315977853587619,0.7585807050092797,0.653825166430213,0.8402706537160327,0.42027828467153117,0.2867700729926986,0.6020985401459835
2117,89,0.4514644351464323,0.22895397489538,0.6134867503486603,0.6500195738493382,0.5855824618309946,0.7315977853587619,0.7585807050092797,0.653825166430213,0.8402706537160327,0.42027828467153117,0.2867700729926986,0.6020985401459835
2118,89,0.4514644351464323,0.22895397489538,0.6134867503486603,0.6500195738493382,0.5855824618309946,0.7315977853587619,0.7585807050092797,0.653825166430213,0.8402706537160327,0.42027828467153117,0.2867700729926986,0.6020985401459835
2119,89,0.4514644351464323,0.22895397489538,0.6134867503486603,0.6500195738493382,0.5855824618309946,0.7315977853587619,0.7585807050092797,0.653825166430213,0.8402706537160327,0.42027828467153117,0.2867700729926986,0.6020985401459835
2120,89,0.4514644351464323,0.22895397489538,0.6134867503486603,0.6500195738493382,0.5855824618309946,0.7315977853587619,0.7585807050092797,0.653825166430213,0.8402706537160327,0.42027828467153117,0.2867700729926986,0.6020985401459835
2121,89,0.4514644351464323,0.22895397489538,0.6134867503486603,0.6500195738493382,0.5855824618309946,0.7315977853587619,0.7585807050092797,0.653825166430213,0.8402706537160327,0.42027828467153117,0.2867700729926986,0.6020985401459835
2122,89,0.4514644351464323,0.22895397489538,0.6134867503486603,0.6500195738493382,0.5855824618309946,0.7315977853587619,0.7585807050092797,0.653825166430213,0.8402706537160327,0.42027828467153117,0.2867700729926986,0.6020985401459835
2123,89,0.4514644351464323,0.22895397489538,0.6134867503486603,0.6500195738493382,0.5855824618309946,0.7315977853587619,0.7585807050092797,0.653825166430213,0.8402706537160327,0.42027828467153117,0.2867700729926986,0.6020985401459835
2124,89,0.4514644351464323,0.22895397489538,0.6134867503486603,0.6500195738493382,0.5855824618309946,0.7315977853587619,0.7585807050092797,0.653825166430213,0.8402706537160327,0.42027828467153117,0.2867700729926986,0.6020985401459835
2125,89,0.4514644351464323,0.22895397489538,0.6134867503486603,0.6500195738493382,0.5855824618309946,0.7315977853587619,0.7585807050092797,0.653825166430213,0.8402706537160327,0.42027828467153117,0.2867700729926986,0.6020985401459835
2126,89,0.4514644351464323,0.22895397489538,0.6134867503486603,0.6500195738493382,0.5855824618309946,0.7315977853587619,0.7585807050092797,0.653825166430213,0.8402706537160327,0.42027828467153117,0.2867700729926986,0.6020985401459835
2127,89,0.4514644351464323,0.22895397489538,0.6134867503486603,0.6500195738493382,0.5855824618309946,0.7315977853587619,0.7585807050092797,0.653825166430213,0.8402706537160327,0.42027828467153117,0.2867700729926986,0.6020985401459835
2128,89,0.4514644351464323,0.22895397489538,0.6134867503486603,0.6500195738493382,0.5855824618309946,0.7315977853587619,0.7585807050092797,0.653825166430213,0.8402706537160327,0.42027828467153117,0.2867700729926986,0.6020985401459835
2129,89,0.4514644351464323,0.22895397489538,0.6134867503486603,0.6500195738493382,0.5855824618309946,0.7315977853587619,0.7585807050092797,0.653825166430213,0.8402706537160327,0.42027828467153117,0.2867700729926986,0.6020985401459835
2130,89,0.4514644351464323,0.22895397489538,0.6134867503486603,0.6500195738493382,0.5855824618309946,0.7315977853587619,0.7585807050092797,0.653825166430213,0.8402706537160327,0.42027828467153117,0.2867700729926986,0.6020985401459835
2131,89,0.4514644351464323,0.22895397489538,0.6134867503486603,0.6500195738493382,0.5855824618309946,0.7315977853587619,0.7585807050092797,0.653825166430213,0.8402706537160327,0.42027828467153117,0.2867700729926986,0.6020985401459835
2132,89,0.4514644351464323,0.22895397489538,0.6134867503486603,0.6500195738493382,0.5855824618309946,0.7315977853587619,0.7585807050092797,0.653825166430213,0.8402706537160327,0.42027828467153117,0.2867700729926986,0.6020985401459835
2133,89,0.4514644351464323,0.22895397489538,0.6134867503486603,0.6500195738493382,0.5855824618309946,0.7315977853587619,0.7585807050092797,0.653825166430213,0.8402706537160327,0.42027828467153117,0.2867700729926986,0.6020985401459835
2134,89,0.4514644351464323,0.22895397489538,0.6134867503486603,0.6500195738493382,0.5855824618309946,0.7315977853587619,0.7585807050092797,0.653825166430213,0.8402706537160327,0.42027828467153117,0.2867700729926986,0.6020985401459835
2135,89,0.4514644351464323,0.22895397489538,0.6134867503486603,0.6500195738493382,0.5855824618309946,0.7315977853587619,0.7585807050092797,0.653825166430213,0.8402706537160327,0.42027828467153117,0.2867700729926986,0.6020985401459835
2136,89,0.4514644351464323,0.22895397489538,0.6134867503486603,0.6500195738493382,0.5855824618309946,0.7315977853587619,0.7585807050092797,0.653825166430213,0.8402706537160327,0.42027828467153117,0.2867700729926986,0.6020985401459835
2137,90,0.4298465829846485,0.2262203626220284,0.5517433751743368,0.637135786589119,0.5793915329120317,0.7270119120854531,0.8003110335043129,0.7147113390810915,0.881981883662555,0.41537408759123906,0.2393248175182457,0.605748175182482
2138,90,0.4298465829846485,0.2262203626220284,0.5517433751743368,0.637135786589119,0.5793915329120317,0.7270119120854531,0.8003110335043129,0.7147113390810915,0.881981883662555,0.41537408759123906,0.2393248175182457,0.605748175182482
2139,90,0.4298465829846485,0.2262203626220284,0.5517433751743368,0.637135786589119,0.5793915329120317,0.7270119120854531,0.8003110335043129,0.7147113390810915,0.881981883662555,0.41537408759123906,0.2393248175182457,0.605748175182482
2140,90,0.4298465829846485,0.2262203626220284,0.5517433751743368,0.637135786589119,0.5793915329120317,0.7270119120854531,0.8003110335043129,0.7147113390810915,0.881981883662555,0.41537408759123906,0.2393248175182457,0.605748175182482
2141,90,0.4298465829846485,0.2262203626220284,0.5517433751743368,0.637135786589119,0.5793915329120317,0.7270119120854531,0.8003110335043129,0.7147113390810915,0.881981883662555,0.41537408759123906,0.2393248175182457,0.605748175182482
2142,90,0.4298465829846485,0.2262203626220284,0.5517433751743368,0.637135786589119,0.5793915329120317,0.7270119120854531,0.8003110335043129,0.7147113390810915,0.881981883662555,0.41537408759123906,0.2393248175182457,0.605748175182482
2143,90,0.4298465829846485,0.2262203626220284,0.5517433751743368,0.637135786589119,0.5793915329120317,0.7270119120854531,0.8003110335043129,0.7147113390810915,0.881981883662555,0.41537408759123906,0.2393248175182457,0.605748175182482
2144,90,0.4298465829846485,0.2262203626220284,0.5517433751743368,0.637135786589119,0.5793915329120317,0.7270119120854531,0.8003110335043129,0.7147113390810915,0.881981883662555,0.41537408759123906,0.2393248175182457,0.605748175182482
2145,90,0.4298465829846485,0.2262203626220284,0.5517433751743368,0.637135786589119,0.5793915329120317,0.7270119120854531,0.8003110335043129,0.7147113390810915,0.881981883662555,0.41537408759123906,0.2393248175182457,0.605748175182482
2146,90,0.4298465829846485,0.2262203626220284,0.5517433751743368,0.637135786589119,0.5793915329120317,0.7270119120854531,0.8003110335043129,0.7147113390810915,0.881981883662555,0.41537408759123906,0.2393248175182457,0.605748175182482
2147,90,0.4298465829846485,0.2262203626220284,0.5517433751743368,0.637135786589119,0.5793915329120317,0.7270119120854531,0.8003110335043129,0.7147113390810915,0.881981883662555,0.41537408759123906,0.2393248175182457,0.605748175182482
2148,90,0.4298465829846485,0.2262203626220284,0.5517433751743368,0.637135786589119,0.5793915329120317,0.7270119120854531,0.8003110335043129,0.7147113390810915,0.881981883662555,0.41537408759123906,0.2393248175182457,0.605748175182482
2149,90,0.4298465829846485,0.2262203626220284,0.5517433751743368,0.637135786589119,0.5793915329120317,0.7270119120854531,0.8003110335043129,0.7147113390810915,0.881981883662555,0.41537408759123906,0.2393248175182457,0.605748175182482
2150,90,0.4298465829846485,0.2262203626220284,0.5517433751743368,0.637135786589119,0.5793915329120317,0.7270119120854531,0.8003110335043129,0.7147113390810915,0.881981883662555,0.41537408759123906,0.2393248175182457,0.605748175182482
2151,90,0.4298465829846485,0.2262203626220284,0.5517433751743368,0.637135786589119,0.5793915329120317,0.7270119120854531,0.8003110335043129,0.7147113390810915,0.881981883662555,0.41537408759123906,0.2393248175182457,0.605748175182482
2152,90,0.4298465829846485,0.2262203626220284,0.5517433751743368,0.637135786589119,0.5793915329120317,0.7270119120854531,0.8003110335043129,0.7147113390810915,0.881981883662555,0.41537408759123906,0.2393248175182457,0.605748175182482
2153,90,0.4298465829846485,0.2262203626220284,0.5517433751743368,0.637135786589119,0.5793915329120317,0.7270119120854531,0.8003110335043129,0.7147113390810915,0.881981883662555,0.41537408759123906,0.2393248175182457,0.605748175182482
2154,90,0.4298465829846485,0.2262203626220284,0.5517433751743368,0.637135786589119,0.5793915329120317,0.7270119120854531,0.8003110335043129,0.7147113390810915,0.881981883662555,0.41537408759123906,0.2393248175182457,0.605748175182482
2155,90,0.4298465829846485,0.2262203626220284,0.5517433751743368,0.637135786589119,0.5793915329120317,0.7270119120854531,0.8003110335043129,0.7147113390810915,0.881981883662555,0.41537408759123906,0.2393248175182457,0.605748175182482
2156,90,0.4298465829846485,0.2262203626220284,0.5517433751743368,0.637135786589119,0.5793915329120317,0.7270119120854531,0.8003110335043129,0.7147113390810915,0.881981883662555,0.41537408759123906,0.2393248175182457,0.605748175182482
2157,90,0.4298465829846485,0.2262203626220284,0.5517433751743368,0.637135786589119,0.5793915329120317,0.7270119120854531,0.8003110335043129,0.7147113390810915,0.881981883662555,0.41537408759123906,0.2393248175182457,0.605748175182482
2158,90,0.4298465829846485,0.2262203626220284,0.5517433751743368,0.637135786589119,0.5793915329120317,0.7270119120854531,0.8003110335043129,0.7147113390810915,0.881981883662555,0.41537408759123906,0.2393248175182457,0.605748175182482
2159,90,0.4298465829846485,0.2262203626220284,0.5517433751743368,0.637135786589119,0.5793915329120317,0.7270119120854531,0.8003110335043129,0.7147113390810915,0.881981883662555,0.41537408759123906,0.2393248175182457,0.605748175182482
2160,90,0.4298465829846485,0.2262203626220284,0.5517433751743368,0.637135786589119,0.5793915329120317,0.7270119120854531,0.8003110335043129,0.7147113390810915,0.881981883662555,0.41537408759123906,0.2393248175182457,0.605748175182482
